pdf_url,source_page,link_text,host,unit,campus
https://iuh.edu.vn/Resource/Upload2/files/2021/07/qd966_2021.pdf,https://camnang.iuh.edu.vn/tam-nhin.php,"Trích từ Quyết định số 966/QĐ-ĐHCN ngày 20/7/2021 của Hiệu trưởng Trường Đại học Công nghiệp Thành phố Hồ Chí Minh về việc ban hành Tầm nhìn, Sứ mạng, Mục tiêu, Giá trị cốt lõi, Phương châm hoạt động,",camnang.iuh.edu.vn,Cẩm nang người học,HCM
https://iuh.edu.vn/Resource/Upload2/files/2025/08/QuyTrinhNhapHocTongThe.pdf,https://camnang.iuh.edu.vn/tin-tuc.php,,camnang.iuh.edu.vn,Cẩm nang người học,HCM
http://ce.iuh.edu.vn/Upload/Files/202107_prox_autocad.pdf,https://ce.iuh.edu.vn/news.html@detail@325@107@Cong-ty-TNHH-PROXCAD-tuyen-dung,http://ce.iuh.edu.vn/Upload/Files/202107_prox_autocad.pdf,ce.iuh.edu.vn,Khoa Kỹ thuật Xây dựng,HCM
http://ce.iuh.edu.vn/Upload/Files/hodoco.pdf,https://ce.iuh.edu.vn/news.html@detail@325@106@Cty-TNHH-Xay-dung-Hoang-Dong-tuyen-dung,http://ce.iuh.edu.vn/Upload/Files/hodoco.pdf,ce.iuh.edu.vn,Khoa Kỹ thuật Xây dựng,HCM
http://ce.iuh.edu.vn/Upload/Files/tb89.pdf,https://ce.iuh.edu.vn/news.html@detail@363@31@Chinh-sach-hoc-bong-khuyen-khich-hoc-tap-va-ho-tro-hoc-phi-[Nam-hoc-2021-2022],http://ce.iuh.edu.vn/Upload/Files/tb89.pdf,ce.iuh.edu.vn,Khoa Kỹ thuật Xây dựng,HCM
http://ce.iuh.edu.vn/Upload/Files/thong-bao-ve-viec-nghi-hoc-nhan-ngay-nha-giao-viet-nam-20_11.pdf,"https://ce.iuh.edu.vn/news.html@detail@363@38@Thong-bao-v-v-nghi-hoc-nhan-ngay-Nha-giao-Viet-Nam-20-11,-Tet-Duong-lich-va-Tet-Nguyen-dan-Nham-Dan-nam-2022",http://ce.iuh.edu.vn/Upload/Files/thong-bao-ve-viec-nghi-hoc-nhan-ngay-nha-giao-viet-nam-20_11.pdf,ce.iuh.edu.vn,Khoa Kỹ thuật Xây dựng,HCM
"http://ce.iuh.edu.vn/Upload/Files/thong-bao-ve-viec-nghi-tet-duong-lich,-tet-nguyen-dan-nham-dan-nam-2022.pdf","https://ce.iuh.edu.vn/news.html@detail@363@38@Thong-bao-v-v-nghi-hoc-nhan-ngay-Nha-giao-Viet-Nam-20-11,-Tet-Duong-lich-va-Tet-Nguyen-dan-Nham-Dan-nam-2022","http://ce.iuh.edu.vn/Upload/Files/thong-bao-ve-viec-nghi-tet-duong-lich,-tet-nguyen-dan-nham-dan-nam-2022.pdf",ce.iuh.edu.vn,Khoa Kỹ thuật Xây dựng,HCM
https://ce.iuh.edu.vn/upload/files/001.pdf,"https://ce.iuh.edu.vn/news.html@detail@397@191@Chuyen-de-hoc-tap-va-lam-theo-tu-tuong,-dao-duc-Ho-Chi-Minh-nam-2025",Download file,ce.iuh.edu.vn,Khoa Kỹ thuật Xây dựng,HCM
https://ce.iuh.edu.vn/upload/files/01%20qd-2788_da%20bo%20sung%20phu%20luc.pdf,https://ce.iuh.edu.vn/bieumau.html@266@Van-phong-dien-tu,,ce.iuh.edu.vn,Khoa Kỹ thuật Xây dựng,HCM
https://ce.iuh.edu.vn/upload/files/01_Quy%20che%CC%82%CC%81%20co%CC%82ng%20ta%CC%81c%20sinh%20vie%CC%82n%20-%20na%CC%86m%202023%20-%20New.pdf,https://ce.iuh.edu.vn/news.html@detail@363@145@Mot-so-quy-dinh-quan-trong-danh-cho-Sinh-vien-IUH,Quy chế công tác sinh viên,ce.iuh.edu.vn,Khoa Kỹ thuật Xây dựng,HCM
https://ce.iuh.edu.vn/upload/files/02_1_Quy%20dinh%202017_%20da%CC%81nh%20gia%CC%81%20ke%CC%82%CC%81t%20qua%CC%89%20re%CC%80n%20luye%CC%A3%CC%82n%20%202023%20-%20New.pdf,https://ce.iuh.edu.vn/news.html@detail@363@145@Mot-so-quy-dinh-quan-trong-danh-cho-Sinh-vien-IUH,Quy định đánh giá kết quả rèn luyện đối với sinh viên,ce.iuh.edu.vn,Khoa Kỹ thuật Xây dựng,HCM
https://ce.iuh.edu.vn/upload/files/03_1_QD_2019%20no%CC%A3%CC%82i%20quy%20ho%CC%A3c%20du%CC%9Bo%CC%9B%CC%80ng%20na%CC%86m%202023%20-%20New.pdf,https://ce.iuh.edu.vn/news.html@detail@363@145@Mot-so-quy-dinh-quan-trong-danh-cho-Sinh-vien-IUH,Nội quy học đường,ce.iuh.edu.vn,Khoa Kỹ thuật Xây dựng,HCM
https://ce.iuh.edu.vn/upload/files/03_Don-xin-chuyen-diem.pdf,https://ce.iuh.edu.vn/bieumau.html@266@Van-phong-dien-tu,,ce.iuh.edu.vn,Khoa Kỹ thuật Xây dựng,HCM
https://ce.iuh.edu.vn/upload/files/04_1_QD%202020%20-%20Quy%20ta%CC%86%CC%81c%20u%CC%9B%CC%81ng%20xu%CC%9B%CC%89%20cu%CC%89a%20ngu%CC%9Bo%CC%9B%CC%80i%20ho%CC%A3c%20na%CC%86m%202023%20-%20New.pdf,https://ce.iuh.edu.vn/news.html@detail@363@145@Mot-so-quy-dinh-quan-trong-danh-cho-Sinh-vien-IUH,Quy tắc ứng xử của người học,ce.iuh.edu.vn,Khoa Kỹ thuật Xây dựng,HCM
https://ce.iuh.edu.vn/upload/files/08_Don%20xin%20chuyen%20truong.pdf,https://ce.iuh.edu.vn/bieumau.html@266@Van-phong-dien-tu,,ce.iuh.edu.vn,Khoa Kỹ thuật Xây dựng,HCM
https://ce.iuh.edu.vn/upload/files/08_Don-xin-thoi-hoc.pdf,https://ce.iuh.edu.vn/bieumau.html@266@Van-phong-dien-tu,,ce.iuh.edu.vn,Khoa Kỹ thuật Xây dựng,HCM
https://ce.iuh.edu.vn/upload/files/14_MAU%20de%20nghi%20cham%20phuc%20khao%20diem%20mon%20hoc.pdf,https://ce.iuh.edu.vn/bieumau.html@266@Van-phong-dien-tu,,ce.iuh.edu.vn,Khoa Kỹ thuật Xây dựng,HCM
https://ce.iuh.edu.vn/upload/files/20260825_Quy%20d%E1%BB%8Bnh%20v%E1%BB%81%20Di%E1%BB%83m%20ren%20luy%E1%BB%87n.pdf,https://ce.iuh.edu.vn/news.html@detail@363@295@Quy-di%CC%A3nh-die%CC%89m-re%CC%80n-luye%CC%A3n-nam-ho%CC%A3c-2026-2027,Download file,ce.iuh.edu.vn,Khoa Kỹ thuật Xây dựng,HCM
https://ce.iuh.edu.vn/upload/files/2026_%20PDT%2017a_Don%20de%20nghi%20xet%20TN%20dung%20han%20(co%20hinh_6_2026)(2).pdf,https://ce.iuh.edu.vn/bieumau.html@266@Van-phong-dien-tu,,ce.iuh.edu.vn,Khoa Kỹ thuật Xây dựng,HCM
https://ce.iuh.edu.vn/upload/files/2026_%20PDT%2017b_Don%20de%20nghi%20xet%20TN%20qua%20han%20(co%20hinh_6_2026).pdf,https://ce.iuh.edu.vn/bieumau.html@266@Van-phong-dien-tu,,ce.iuh.edu.vn,Khoa Kỹ thuật Xây dựng,HCM
https://ce.iuh.edu.vn/upload/files/2026_%20PDT%2017b_Don%20de%20nghi%20xet%20TN%20qua%20han%20(web_6_2026).pdf,https://ce.iuh.edu.vn/bieumau.html@266@Van-phong-dien-tu,,ce.iuh.edu.vn,Khoa Kỹ thuật Xây dựng,HCM
https://ce.iuh.edu.vn/upload/files/57_signed.pdf,https://ce.iuh.edu.vn/news.html@detail@397@197@Quy-III-%E2%80%93-Luat-Thanh-nien-,Download file,ce.iuh.edu.vn,Khoa Kỹ thuật Xây dựng,HCM
https://ce.iuh.edu.vn/upload/files/78_signed.pdf,https://ce.iuh.edu.vn/news.html@detail@397@198@Quy-IV-%E2%80%93-Luat-Nghia-vu-quan-su-,Download file,ce.iuh.edu.vn,Khoa Kỹ thuật Xây dựng,HCM
https://ce.iuh.edu.vn/upload/files/BAO%20CAO%20TRUNG%20THU%202024.pdf,https://ce.iuh.edu.vn/news.html@detail@396@146@Bao-cao-ket-qua-thuc-hien-chuong-trinh-tinh-nguyen-Trang-vang-se-chia-nam-2024,Download file,ce.iuh.edu.vn,Khoa Kỹ thuật Xây dựng,HCM
https://ce.iuh.edu.vn/upload/files/CHUONG%20TRINH%20H%E1%BB%98I%20TR%E1%BA%A0I%20NH%E1%BA%ACP%20MON%20vaf%20tro%20choi.pdf,https://ce.iuh.edu.vn/news.html@detail@363@145@Mot-so-quy-dinh-quan-trong-danh-cho-Sinh-vien-IUH,Chương trình Nhập môn ngành xây dựng 2024,ce.iuh.edu.vn,Khoa Kỹ thuật Xây dựng,HCM
https://ce.iuh.edu.vn/upload/files/CTkhung_KTXD_2024.pdf,https://ce.iuh.edu.vn/category.html@383@Chuong-trinh-khung,Download file,ce.iuh.edu.vn,Khoa Kỹ thuật Xây dựng,HCM
https://ce.iuh.edu.vn/upload/files/CTkhung_QLXD_2024.pdf,https://ce.iuh.edu.vn/category.html@390@Chuong-trinh-khung,Download file,ce.iuh.edu.vn,Khoa Kỹ thuật Xây dựng,HCM
https://ce.iuh.edu.vn/upload/files/CTkhung_XDCD_2024.pdf,https://ce.iuh.edu.vn/category.html@386@Chuong-trinh-khung,Download file,ce.iuh.edu.vn,Khoa Kỹ thuật Xây dựng,HCM
https://ce.iuh.edu.vn/upload/files/D%E1%BB%B1%20an%20Hasu%20Career.pdf,https://ce.iuh.edu.vn/news.html@detail@363@151@Du-an-Hasu-Career,Download file,ce.iuh.edu.vn,Khoa Kỹ thuật Xây dựng,HCM
https://ce.iuh.edu.vn/upload/files/Di%E1%BB%83m%20danh%20T%E1%BA%ADp%20hu%E1%BA%A5n%20ngay%2026_9_2024.pdf,https://ce.iuh.edu.vn/news.html@detail@393@147@Danh-sach-diem-danh-can-bo-duoc-trieu-tap-tham-du-tap-huan-vao-thang-9-nam-2024-theo-thong-bao,Download file,ce.iuh.edu.vn,Khoa Kỹ thuật Xây dựng,HCM
https://ce.iuh.edu.vn/upload/files/Don%20xin%20chuy%E1%BB%83n%20nganh.pdf,https://ce.iuh.edu.vn/bieumau.html@p=1,,ce.iuh.edu.vn,Khoa Kỹ thuật Xây dựng,HCM
https://ce.iuh.edu.vn/upload/files/Don%20xin%20ngh%E1%BB%89%20h%E1%BB%8Dc%20t%E1%BA%A1m%20th%E1%BB%9Di.pdf,https://ce.iuh.edu.vn/bieumau.html@p=1,,ce.iuh.edu.vn,Khoa Kỹ thuật Xây dựng,HCM
https://ce.iuh.edu.vn/upload/files/Don%20xin%20nh%E1%BA%ADp%20h%E1%BB%8Dc%20tr%E1%BB%9F%20l%E1%BA%A1i.pdf,https://ce.iuh.edu.vn/bieumau.html@266@Van-phong-dien-tu,,ce.iuh.edu.vn,Khoa Kỹ thuật Xây dựng,HCM
https://ce.iuh.edu.vn/upload/files/H%E1%BB%93%20so%20m%E1%BB%9Di%20tai%20tr%E1%BB%A3.pdf,https://ce.iuh.edu.vn/news.html@detail@363@178@Thong-cao-bao-chi-va-Ho-so-moi-tai-tro-cuoc-thi-ve-Ky-thuat-xay-dung-bang-phan-mem-AutoCad-2026,Download file,ce.iuh.edu.vn,Khoa Kỹ thuật Xây dựng,HCM
https://ce.iuh.edu.vn/upload/files/H%E1%BB%93%20so%20tai%20tr%E1%BB%A3%20(1)-da%20g%E1%BB%99p.pdf,https://ce.iuh.edu.vn/news.html@detail@363@177@Thong-cao-bao-chi-va-Ho-so-moi-tai-tro-Hoi-thi-kien-truc-tre-mua-thu-VI-nam-2026,Download file,ce.iuh.edu.vn,Khoa Kỹ thuật Xây dựng,HCM
https://ce.iuh.edu.vn/upload/files/K%E1%BB%B9%20su%20xay%20d%E1%BB%B1ng%20Vinh%20Cong%20-%20Nam%20-%203%20nam.pdf,https://ce.iuh.edu.vn/news.html@detail@363@149@Tuyen-dung-don-hang-ky-su-xay-dung-tai-Dai-Loan-2024,Download file,ce.iuh.edu.vn,Khoa Kỹ thuật Xây dựng,HCM
https://ce.iuh.edu.vn/upload/files/KLTN_2026_2027_HK1_GVHD_chinhthuc(1).pdf,https://ce.iuh.edu.vn/news.html@detail@363@293@Danh-sach-de-tai-Khoa-luan-tot-nghiep-Hoc-ky-I-nam-hoc-2026-2027,Download file,ce.iuh.edu.vn,Khoa Kỹ thuật Xây dựng,HCM
https://ce.iuh.edu.vn/upload/files/Thong-bao-chuong-trinh-TTS-Dai-Loan.pdf,https://ce.iuh.edu.vn/news.html@detail@380@150@Tuyen-dung-sinh-vien-di-thuc-tap-co-huong-luong-tai-Dai-Loan,Download file,ce.iuh.edu.vn,Khoa Kỹ thuật Xây dựng,HCM
https://ce.iuh.edu.vn/upload/files/Toan%20van%20Nghi%20quyet%20Dai%20hoi%20XIV%20cua%20Dang.pdf,https://ce.iuh.edu.vn/news.html@detail@397@193@Nghi-Quyet-Dai-Hoi-Dang-Lan-Thu-XIV-Nhiem-Ky-2026-2031,Download file,ce.iuh.edu.vn,Khoa Kỹ thuật Xây dựng,HCM
https://ce.iuh.edu.vn/upload/files/danh%20sach%20ra%20hoi%20dong.pdf,https://ce.iuh.edu.vn/news.html@detail@272@152@Thong-bao-thong-tin-ve-Hoi-dong-bao-ve-do-an-tot-nghiep-thang-12-nam-2024,Download file,ce.iuh.edu.vn,Khoa Kỹ thuật Xây dựng,HCM
https://ce.iuh.edu.vn/upload/files/dsachbvDATNCDHK12526.pdf,https://ce.iuh.edu.vn/news.html@detail@363@176@Thong-bao-thong-tin-ve-Hoi-dong-bao-ve-do-an-tot-nghiep-nganh-Ky-thuat-xay-dung-Cong-trinh-giao-thong-Hoc-ki-1-nam-hoc-2025-2026,Download file,ce.iuh.edu.vn,Khoa Kỹ thuật Xây dựng,HCM
https://ce.iuh.edu.vn/upload/files/dsachbvDATNHK2NH2526.pdf,"https://ce.iuh.edu.vn/news.html@detail@363@175@Thong-bao-thong-tin-ve-Hoi-dong-bao-ve-do-an-tot-nghiep-Nganh-Ky-thuat-xay-dung-Hoc-ki-1,-nam-hoc-2025-2026",Download file,ce.iuh.edu.vn,Khoa Kỹ thuật Xây dựng,HCM
https://ce.iuh.edu.vn/upload/files/h%E1%BB%93%20so%20m%E1%BB%9Di%20tai%20tr%E1%BB%A3(1).pdf,https://ce.iuh.edu.vn/news.html@detail@395@168@Thong-cao-bao-chi-va-Ho-so-moi-tai-tro-Hoi-thi-kien-truc-tre-mua-thu-V-nam-2025,Download file,ce.iuh.edu.vn,Khoa Kỹ thuật Xây dựng,HCM
https://ce.iuh.edu.vn/upload/files/k%E1%BA%BF%20ho%E1%BA%A1ch%20KTT.pdf,https://ce.iuh.edu.vn/news.html@detail@395@168@Thong-cao-bao-chi-va-Ho-so-moi-tai-tro-Hoi-thi-kien-truc-tre-mua-thu-V-nam-2025,kehoachktt25,ce.iuh.edu.vn,Khoa Kỹ thuật Xây dựng,HCM
https://ce.iuh.edu.vn/upload/files/kehoach-gddh-2026-20260821014905-e.pdf,https://ce.iuh.edu.vn/news.html@detail@363@294@To-chuc-nhap-hoc-cho-sinh-vien-Khoa-22-va-Tuan-sinh-hoat-cong-dan-sinh-vien-nam-hoc-2026-2027-Khoa-Ky-thuat-Xay-dung,Download file,ce.iuh.edu.vn,Khoa Kỹ thuật Xây dựng,HCM
https://ce.iuh.edu.vn/upload/files/luat125-2025.pdf,https://ce.iuh.edu.vn/news.html@detail@397@195@Quy-I-%E2%80%93-Luat-Giao-duc-Dai-hoc-,Download file,ce.iuh.edu.vn,Khoa Kỹ thuật Xây dựng,HCM
https://ce.iuh.edu.vn/upload/files/luat135-2025.pdf,https://ce.iuh.edu.vn/news.html@detail@397@196@Quy-II-%E2%80%93-Luat-Xay-dung-,Download file,ce.iuh.edu.vn,Khoa Kỹ thuật Xây dựng,HCM
https://ce.iuh.edu.vn/upload/files/noi%20dung%20sinh%20hoat%20thang%2010-da%20g%E1%BB%99p.pdf,https://ce.iuh.edu.vn/news.html@detail@393@148@[TB]-Thong-bao-noi-dung-sinh-hoat-lop-thang-10-nam-2024,Download file,ce.iuh.edu.vn,Khoa Kỹ thuật Xây dựng,HCM
https://csm.iuh.edu.vn/upload/files/huongdan/huongdansudungemail26082024.pdf,https://ce.iuh.edu.vn/news.html@detail@363@145@Mot-so-quy-dinh-quan-trong-danh-cho-Sinh-vien-IUH,Hướng dẫn đăng ký và sử dụng email IUH cho sinh viên,ce.iuh.edu.vn,Khoa Kỹ thuật Xây dựng,HCM
https://csm.iuh.edu.vn/upload/files/HD_K21_LambaisathachTA.pdf,https://csm.iuh.edu.vn/vi/quy-dinh-huong-dan/huong-dan-tan-sinh-vien-khoa-21-lam-bai-thi-ky-thi-sat-hach-tieng-anh-dau-vao-tren-he-thong,Download file,csm.iuh.edu.vn,Trung tâm Quản trị Hệ thống,HCM
https://csm.iuh.edu.vn/upload/files/TB865_LuutruEmailIUH.pdf,https://csm.iuh.edu.vn/vi/thong-bao/thong-bao-ve-viec-luu-tru-du-lieu-tren-he-thong-thu-dien-tu-cua-nha-truong-doi-voi-sinh-vien-va-hoc-viec-thuoc-truong,Download file,csm.iuh.edu.vn,Trung tâm Quản trị Hệ thống,HCM
https://csm.iuh.edu.vn/upload/files/huongdan/1440_quydinhvequanlyvasudunghethongthudientu.pdf,https://csm.iuh.edu.vn/vi/quy-dinh-huong-dan/quy-dinh-ve-viec-quan-ly-va-su-dung-he-thong-thu-dien-tu,Download file,csm.iuh.edu.vn,Trung tâm Quản trị Hệ thống,HCM
https://csm.iuh.edu.vn/upload/files/huongdan/4_HuongDanCaiDat_Office365.pdf,https://csm.iuh.edu.vn/vi/quy-dinh-huong-dan/huong-dan-cai-dat-bo-office-365,Download file,csm.iuh.edu.vn,Trung tâm Quản trị Hệ thống,HCM
https://csm.iuh.edu.vn/upload/files/huongdan/GV_HuongDanGiangVienSuDungMSTeams.pdf,https://csm.iuh.edu.vn/vi/quy-dinh-huong-dan/huong-dan-giang-vien-su-dung-ms-teams,Download file,csm.iuh.edu.vn,Trung tâm Quản trị Hệ thống,HCM
https://csm.iuh.edu.vn/upload/files/huongdan/GV_Huongdangiangvienkhoiphucmatkhaucongthongtin020323.pdf,https://csm.iuh.edu.vn/vi/quy-dinh-huong-dan/huong-dan-giang-vien-khoi-phuc-mat-khau-tren-cac-cong-thong-tin,Download file,csm.iuh.edu.vn,Trung tâm Quản trị Hệ thống,HCM
https://csm.iuh.edu.vn/upload/files/huongdan/HD_Dang_ky_di_nu%E1%BB%9Bc_ngoai_V1_1.pdf,https://csm.iuh.edu.vn/vi/quy-dinh-huong-dan/huong-dan-su-dung-chuc-nang-dang-ky-di-nuoc-ngoai-tren-cong-smia,Download file,csm.iuh.edu.vn,Trung tâm Quản trị Hệ thống,HCM
https://csm.iuh.edu.vn/upload/files/huongdan/HD_SVK20_ThisathachTA.pdf,https://csm.iuh.edu.vn/vi/quy-dinh-huong-dan/huong-dan-tan-sinh-vien-khoa-20-lam-bai-thi-ky-thi-sat-hach-tieng-anh-dau-vao-tren-he-thong,Download file,csm.iuh.edu.vn,Trung tâm Quản trị Hệ thống,HCM
https://csm.iuh.edu.vn/upload/files/huongdan/HuongDanTruyCapWiFiIUH21062026.pdf,https://csm.iuh.edu.vn/vi/quy-dinh-huong-dan/huong-dan-truy-cap-va-su-dung-wifi-tai-iuh,Download file,csm.iuh.edu.vn,Trung tâm Quản trị Hệ thống,HCM
https://csm.iuh.edu.vn/upload/files/huongdan/Huong_dan_ky_so_LLKH_SMIA_V1_1.pdf,https://csm.iuh.edu.vn/vi/quy-dinh-huong-dan/huong-dan-xin-ly-lich-khoa-hoc-file-chu-ky-so,Download file,csm.iuh.edu.vn,Trung tâm Quản trị Hệ thống,HCM
https://csm.iuh.edu.vn/upload/files/huongdan/Huongdankhoiph%E1%BB%A5cmatkhautaikhoamemailIUH_130421.pdf,https://csm.iuh.edu.vn/vi/quy-dinh-huong-dan/huong-dan-khoi-phuc-mat-khau-tai-khoan-email-iuh,Download file,csm.iuh.edu.vn,Trung tâm Quản trị Hệ thống,HCM
https://csm.iuh.edu.vn/upload/files/huongdan/SV_HuongDanSinhVienSuDungMSTeam300521.pdf,https://csm.iuh.edu.vn/vi/quy-dinh-huong-dan/huong-dan-su-dung-ms-teams-cho-sinh-vien-iuh,Download file,csm.iuh.edu.vn,Trung tâm Quản trị Hệ thống,HCM
https://csm.iuh.edu.vn/upload/files/huongdan/SV_Huongdansinhvienkhoiphucmatkhaucongthongtin020323.pdf,https://csm.iuh.edu.vn/vi/quy-dinh-huong-dan/huong-dan-khoi-phuc-mat-khau-cong-thong-tin-sinh-vien,Download file,csm.iuh.edu.vn,Trung tâm Quản trị Hệ thống,HCM
https://csm.iuh.edu.vn/upload/files/huongdan/SV_MotSoLoiThuongGapKhiThiTrucTuyen091121.pdf,https://csm.iuh.edu.vn/vi/thong-bao/mot-so-loi-thuong-gap-trong-qua-trinh-thi-trac-nghiem-truc-tuyen,Download file,csm.iuh.edu.vn,Trung tâm Quản trị Hệ thống,HCM
https://csm.iuh.edu.vn/upload/files/huongdan/SV_huongdansvk17tracuuthamgiakythi_0411.pdf,https://csm.iuh.edu.vn/vi/quy-dinh-huong-dan/huong-dan-tan-sinh-vien-k17-tra-cuu-tham-gia-ky-thi-sat-hach-tieng-anh,Download file,csm.iuh.edu.vn,Trung tâm Quản trị Hệ thống,HCM
https://csm.iuh.edu.vn/upload/files/huongdan/SV_taofilepdfvanopbaitaplms_310521.pdf,https://csm.iuh.edu.vn/vi/quy-dinh-huong-dan/huong-dan-tao-file-pdf-voi-microsoft-lens-va-nop-bai-tap-len-lms,Download file,csm.iuh.edu.vn,Trung tâm Quản trị Hệ thống,HCM
https://csm.iuh.edu.vn/upload/files/huongdan/TaiLieuHuongDanSuDungTaiKhoanKySo_V1_7.pdf,https://csm.iuh.edu.vn/vi/quy-dinh-huong-dan/huong-dan-dang-ky-va-su-dung-chu-ky-so-duoc-cap-boi-ban-co-yeu-chinh-phu,Download file,csm.iuh.edu.vn,Trung tâm Quản trị Hệ thống,HCM
https://csm.iuh.edu.vn/upload/files/huongdan/huongdanK22thitructuyentienganhdauvao.pdf,https://csm.iuh.edu.vn/vi/quy-dinh-huong-dan/huong-dan-tan-sinh-vien-khoa-22-lam-bai-thi-ky-thi-sat-hach-tieng-anh-dau-vao-tren-he-thong,Download file,csm.iuh.edu.vn,Trung tâm Quản trị Hệ thống,HCM
https://csm.iuh.edu.vn/upload/files/huongdan/huongdansudungemail20122024.pdf,https://csm.iuh.edu.vn/vi/quy-dinh-huong-dan/huong-dan-dang-ky-va-su-dung-email-iuh-cho-sinh-vien,Download file,csm.iuh.edu.vn,Trung tâm Quản trị Hệ thống,HCM
https://csm.iuh.edu.vn/upload/files/huongdan/sv_huongdankhoiphucmatkhaulms.pdf,https://csm.iuh.edu.vn/vi/quy-dinh-huong-dan/huong-dan-khoi-phuc-mat-khau-he-thong-hoc-tap-truc-tuyen-lms,Download file,csm.iuh.edu.vn,Trung tâm Quản trị Hệ thống,HCM
https://csm.iuh.edu.vn/upload/files/huongdan/sv_huongdankhoiphucmkemailiuh.pdf,https://csm.iuh.edu.vn/vi/quy-dinh-huong-dan/huong-dan-khoi-phuc-mat-khau-email-iuh,Download file,csm.iuh.edu.vn,Trung tâm Quản trị Hệ thống,HCM
https://csm.iuh.edu.vn/upload/files/huongdancongcunenpdfcuctot.pdf,https://csm.iuh.edu.vn/vi/quy-dinh-huong-dan/huong-dan-cong-cu-nen-file-pdf-cuc-tot,Download file,csm.iuh.edu.vn,Trung tâm Quản trị Hệ thống,HCM
https://csm.iuh.edu.vn/upload/files/thongbao/SV_QuyDinhThiTrucTuyenXepLop(HK1_2021-2022).pdf,https://csm.iuh.edu.vn/vi/thong-bao/quy-dinh-thi-truc-tuyen-danh-cho-sinh-vien-thi-tieng-anh-xep-lop-cua-khoa-ngoai-ngu,Download file,csm.iuh.edu.vn,Trung tâm Quản trị Hệ thống,HCM
https://ctsv.iuh.edu.vn/upload/files/0_%20QUY%E1%BB%80N%20L%E1%BB%A2I%20B%E1%BA%A2O%20HI%E1%BB%82M%20S%E1%BB%A8C%20KH%E1%BB%8EE%20SINH%20VIEN(1).pdf,https://ctsv.iuh.edu.vn/news.html@detail@165@598@Quyen-loi-bao-hiem-suc-khoe-sinh-vien-,Download file,ctsv.iuh.edu.vn,Phòng Công tác chính trị và Hỗ trợ sinh viên,HCM
https://ctsv.iuh.edu.vn/upload/files/1_%20Quy%20t%E1%BA%AFc%20b%E1%BA%A3o%20hi%E1%BB%83m%20s%E1%BB%A9c%20kh%E1%BB%8Fe%20sinh%20vien_1_7_2025.pdf,https://ctsv.iuh.edu.vn/news.html@detail@165@599@Quy-tac-bao-hiem-suc-khoe-sinh-vien,Download file,ctsv.iuh.edu.vn,Phòng Công tác chính trị và Hỗ trợ sinh viên,HCM
https://ctsv.iuh.edu.vn/upload/files/Tamnhinsumang(1).pdf,"https://ctsv.iuh.edu.vn/news.html@detail@165@570@Tam-nhin,-Su-mang,-Muc-tieu,-Gia-tri-cot-loi-,-Phuong-cham-hanh-dong,-Triet-ly-giao-duc,-Chinh-sach-chat-luong-cua-Truong-Dai-hoc-Cong-nghiep-Thanh-pho-Ho-Chi-Minh",Download file,ctsv.iuh.edu.vn,Phòng Công tác chính trị và Hỗ trợ sinh viên,HCM
https://ctsv.iuh.edu.vn/upload/files/Tamnhinsumang.pdf,"https://ctsv.iuh.edu.vn/news.html@detail@165@570@Tam-nhin,-Su-mang,-Muc-tieu,-Gia-tri-cot-loi-,-Phuong-cham-hanh-dong,-Triet-ly-giao-duc,-Chinh-sach-chat-luong-cua-Truong-Dai-hoc-Cong-nghiep-Thanh-pho-Ho-Chi-Minh","ầm nhìn, Sứ mạng, Mục tiêu, Giá trị cốt lõi, Phương châm hành động, Triết lý giáo dục, Chính sách chất lượng của Trường Đại học Công nghiệp Thành phố Hồ Chí Minh",ctsv.iuh.edu.vn,Phòng Công tác chính trị và Hỗ trợ sinh viên,HCM
https://ctsv.iuh.edu.vn/upload/files/nam%202025-2026/K%E1%BA%BF%20ho%E1%BA%A1ch%20phong%20ch%E1%BB%91ng%20kh%E1%BB%A7ng%20b%E1%BB%91%20nam%202025.pdf,https://ctsv.iuh.edu.vn/news.html@detail@150@603@Ke-hoach-phong-chong-khung-bo,/upload/files/nam%202025-2026/K%E1%BA%BF%20ho%E1%BA%A1ch%20phong%20ch%E1%BB%91ng%20kh%E1%BB%A7ng%20b%E1%BB%91%20nam%202025.pdf,ctsv.iuh.edu.vn,Phòng Công tác chính trị và Hỗ trợ sinh viên,HCM
https://ctsv.iuh.edu.vn/upload/files/nam%202025-2026/K%E1%BA%BF%20ho%E1%BA%A1ch%20th%E1%BB%B1c%20hi%E1%BB%87n%20nam%20h%E1%BB%8Dc%202025_2026%20d%E1%BB%91i%20v%E1%BB%9Bi%20cong%20tac%20sinh%20vien.pdf,https://ctsv.iuh.edu.vn/news.html@detail@150@604@Ke-hoach-thuc-hien-nam-hoc-2025_2026-doi-voi-cong-tac-sinh-vien,/upload/files/nam%202025-2026/K%E1%BA%BF%20ho%E1%BA%A1ch%20th%E1%BB%B1c%20hi%E1%BB%87n%20nam%20h%E1%BB%8Dc%202025_2026%20d%E1%BB%91i%20v%E1%BB%9Bi%20cong%20tac%20sinh%20vien.pdf,ctsv.iuh.edu.vn,Phòng Công tác chính trị và Hỗ trợ sinh viên,HCM
https://ctsv.iuh.edu.vn/upload/files/nam%202025-2026/Thong%20bao%20v%E1%BB%81%20vi%E1%BB%87c%20gia%20h%E1%BA%A1n%20n%E1%BB%99p%20h%E1%BB%8Dc%20phi_SV%20%E1%BA%A3nh%20hu%E1%BB%9Fng%20vung%20lu.pdf,https://ctsv.iuh.edu.vn/news.html@detail@150@605@Thong-bao-ve-viec-gia-han-nop-hoc-phi-hoc-ky-II-nam-hoc-2025-2026-,/upload/files/nam%202025-2026/Thong%20bao%20v%E1%BB%81%20vi%E1%BB%87c%20gia%20h%E1%BA%A1n%20n%E1%BB%99p%20h%E1%BB%8Dc%20phi_SV%20%E1%BA%A3nh%20hu%E1%BB%9Fng%20vung%20lu.pdf,ctsv.iuh.edu.vn,Phòng Công tác chính trị và Hỗ trợ sinh viên,HCM
https://ctsv.iuh.edu.vn/upload/files/nam%202025-2026/Thong%20bao%20ve%20viec%20tang%20cuong%20cac%20hoat%20dong%20phoi%20hop%20va%20dam%20bao%20an%20toan%20sinh%20vien%20trong%20dip%20he%20nam%202026.pdf,https://ctsv.iuh.edu.vn/news.html@detail@150@607@Thong-bao-ve-viec-tang-cuong-cac-hoat-dong-phoi-hop-va-dam-bao-an-toan-sinh-vien-trong-dip-he-nam-2026,Download file,ctsv.iuh.edu.vn,Phòng Công tác chính trị và Hỗ trợ sinh viên,HCM
https://ctsv.iuh.edu.vn/upload/files/nam%202025-2026/Thong_bao_82-2026_Ngh%E1%BB%89%20L%E1%BB%85%20Gi%E1%BB%97%20T%E1%BB%95%20Hung%20Vuong%20va%2030-4%20va%2001-05.pdf,"https://ctsv.iuh.edu.vn/news.html@detail@150@606@Thong-bao-ve-viec-nghi-le-Gio-To-Hung-Vuong-(10-3-am-lich),-ngay-Chien-thang-30-4-va-ngay-Quoc-te-lao-dong-01-5-nam-2026",Download file,ctsv.iuh.edu.vn,Phòng Công tác chính trị và Hỗ trợ sinh viên,HCM
https://ctsv.iuh.edu.vn/upload/files/nam%202026-2027/26_Thu%20ngo%20Quy%20h%E1%BB%8Dc%20b%E1%BB%95ng%20VAS(1).pdf,https://ctsv.iuh.edu.vn/news.html@detail@150@612@Hoc-bong-VAS-nam-hoc-2026-2027-Ho-tro-hoc-phi-cho-sinh-vien-vuot-kho,Download file,ctsv.iuh.edu.vn,Phòng Công tác chính trị và Hỗ trợ sinh viên,HCM
https://ctsv.iuh.edu.vn/upload/files/nam%202026-2027/Hu%E1%BB%9Bng%20d%E1%BA%ABn%20h%E1%BB%8Dc%20phi%20nam%20h%E1%BB%8Dc%202026-2027%20final.pdf,"https://ctsv.iuh.edu.vn/news.html@detail@150@609@Huong-dan-ve-viec-thuc-hien-chinh-sach-mien,-giam-hoc-phi-ho-tro-chi-phi-hoc-tap",Download file,ctsv.iuh.edu.vn,Phòng Công tác chính trị và Hỗ trợ sinh viên,HCM
https://ctsv.iuh.edu.vn/upload/files/nam%202026-2027/THONG%20BAO%20VE%20VIEC%20CAP%20NHAT%20THONG%20TIN%20CA%20NHAN%20SINH%20VIEN.pdf,https://ctsv.iuh.edu.vn/news.html@detail@150@610@THONG-BAO-VE-VIEC-CAP-NHAT-THONG-TIN-CA-NHAN-SINH-VIEN,Download file,ctsv.iuh.edu.vn,Phòng Công tác chính trị và Hỗ trợ sinh viên,HCM
https://ctsv.iuh.edu.vn/upload/files/nam%202026-2027/Thong%20bao_sinh%20vien%20Khoa%2022%20tham%20gia%20BHYT.pdf,https://ctsv.iuh.edu.vn/news.html@detail@150@613@Thong-bao-tham-gia-bao-hiem-y-te-bat-buoc-doi-voi-sinh-vien-khoa-22-(thang-10-12-2026),/upload/files/nam%202026-2027/Thong%20bao_sinh%20vien%20Khoa%2022%20tham%20gia%20BHYT.pdf,ctsv.iuh.edu.vn,Phòng Công tác chính trị và Hỗ trợ sinh viên,HCM
http://faet.iuh.edu.vn/wp-content/uploads/2018/11/QD-2566-22-11-2018-chi-tien-hoc-bong-hieu-hoc-nam-2018.pdf,https://faet.iuh.edu.vn/news.html@detail@365@455@Thong-bao-chi-tien-hoc-bong-sinh-vien-vuot-kho-hieu-hoc-nam-2018,QD 2566 22-11-2018 chi tien hoc bong hieu hoc nam 2018,faet.iuh.edu.vn,Khoa Công nghệ Động lực,HCM
http://faet.iuh.edu.vn/wp-content/uploads/2018/12/TUYEN-DUNG-2019-DIEU-CHINH.pdf,https://faet.iuh.edu.vn/news.html@detail@325@535@Cong-ty-co-phan-O-to-An-Suong-tuyen-dung-nhan-su,TUYEN DUNG 2019 DIEU CHINH,faet.iuh.edu.vn,Khoa Công nghệ Động lực,HCM
http://faet.iuh.edu.vn/wp-content/uploads/2019/03/06-03-2019_11.31.28kh-toa-dam-doi-thoai.pdf,https://faet.iuh.edu.vn/news.html@detail@365@456@Ke-hoach-Toa-dam-Doi-thoai-giua-lanh-dao-nha-truong-va-sinh-vien,[06-03-2019_11.31.28]kh-toa-dam-doi-thoai,faet.iuh.edu.vn,Khoa Công nghệ Động lực,HCM
http://faet.iuh.edu.vn/wp-content/uploads/2019/03/20190307.pdf,https://faet.iuh.edu.vn/news.html@detail@325@538@Cong-ty-CP-Van-tai-Da-Phuong-Thuc-Vietranstimex-tuyen-dung,20190307,faet.iuh.edu.vn,Khoa Công nghệ Động lực,HCM
http://faet.iuh.edu.vn/wp-content/uploads/2019/03/FORM-TUYEN-DUNG-CONG-TAC-VIEN-SINH-VIEN.pdf,https://faet.iuh.edu.vn/news.html@detail@325@536@CONG-TY-TNHH-MTV-DAU-TU-VINAB2B-TUYEN-DUNG,FORM TUYEN DUNG CONG TAC VIEN-SINH VIEN,faet.iuh.edu.vn,Khoa Công nghệ Động lực,HCM
http://faet.iuh.edu.vn/wp-content/uploads/2019/03/Ke-hoach-dao-tao-2018_2022.pdf,https://faet.iuh.edu.vn/news.html@detail@211@452@Ke-hoach-dao-tao-he-Dai-hoc-chinh-quy-nien-khoa-2018_2022,Ke hoach dao tao 2018_2022,faet.iuh.edu.vn,Khoa Công nghệ Động lực,HCM
http://faet.iuh.edu.vn/wp-content/uploads/2019/03/TUYEN-DUNG-CONG-TAC-VIEN-SINH-VIEN.pdf,https://faet.iuh.edu.vn/news.html@detail@325@536@CONG-TY-TNHH-MTV-DAU-TU-VINAB2B-TUYEN-DUNG,TUYEN DUNG CONG TAC VIEN-SINH VIEN,faet.iuh.edu.vn,Khoa Công nghệ Động lực,HCM
http://faet.iuh.edu.vn/wp-content/uploads/2019/04/04-04-2019_16.31.23chuongtrinhhocbongnusv_2019.pdf,https://faet.iuh.edu.vn/news.html@detail@365@461@Thong-bao-chuong-trinh-hoc-bong-nu-sinh-ky-thuat-nam-2019,[04-04-2019_16.31.23]chuongtrinhhocbongnusv_2019,faet.iuh.edu.vn,Khoa Công nghệ Động lực,HCM
http://faet.iuh.edu.vn/wp-content/uploads/2019/04/Chi-hoc-bong-HK1-2018-2019.pdf,https://faet.iuh.edu.vn/news.html@detail@365@460@Thong-bao-ve-viec-nhan-tien-hoc-bong-Hoc-ky-1-nam-hoc-2018-2019,Chi hoc bong HK1 2018-2019,faet.iuh.edu.vn,Khoa Công nghệ Động lực,HCM
http://faet.iuh.edu.vn/wp-content/uploads/2019/05/tb34_tuyen_sinh_dai_hoc_he_chinh_quy_nam_2019.pdf,https://faet.iuh.edu.vn/news.html@detail@400@441@Thong-bao-tuyen-sinh-dai-hoc-he-chinh-quy-nam-2019,tb34_tuyen_sinh_dai_hoc_he_chinh_quy_nam_2019,faet.iuh.edu.vn,Khoa Công nghệ Động lực,HCM
http://faet.iuh.edu.vn/wp-content/uploads/2019/10/FILE_tuyen-dung-cty-mekong-xanh.pdf,https://faet.iuh.edu.vn/news.html@detail@325@541@Chi-nhanh-Cong-ty-CPTM-Me-kong-xanh-tai-Binh-Duong-tuyen-dung,FILE_tuyen dung cty mekong xanh,faet.iuh.edu.vn,Khoa Công nghệ Động lực,HCM
http://faet.iuh.edu.vn/wp-content/uploads/2020/05/ke_hoach_ngay_hoi_tuyen_dung_2020.pdf,"https://faet.iuh.edu.vn/news.html@detail@324@521@Ke-hoach-to-chuc-Ngay-hoi-tuyen-dung,-viec-lam-nam-2020",ke_hoach_ngay_hoi_tuyen_dung_2020,faet.iuh.edu.vn,Khoa Công nghệ Động lực,HCM
http://faet.iuh.edu.vn/wp-content/uploads/2020/07/TB-dong-hoc-phi-HK1_2020.pdf,"https://faet.iuh.edu.vn/news.html@detail@363@351@Thong-bao-ve-viec-dang-ky-hoc-phan-va-dong-hoc-phi-hoc-ky-I,-nam-2020-2021",TB dong hoc phi HK1_2020,faet.iuh.edu.vn,Khoa Công nghệ Động lực,HCM
http://faet.iuh.edu.vn/wp-content/uploads/2020/07/quy-dinh-gio-hoc-va-thi-HK1_2020.pdf,https://faet.iuh.edu.vn/news.html@detail@363@352@Thong-bao-gio-hoc-va-gio-thi-ap-dung-cho-hoc-ky-1-nam-hoc-2020-2021,quy dinh gio hoc va thi HK1_2020,faet.iuh.edu.vn,Khoa Công nghệ Động lực,HCM
http://faet.iuh.edu.vn/wp-content/uploads/2020/08/TN-08.2020.pdf,https://faet.iuh.edu.vn/news.html@detail@363@356@Thong-bao-danh-sach-sinh-vien-duoc-tot-nghiep-dot-xet-thang-8-2020,TN 08.2020,faet.iuh.edu.vn,Khoa Công nghệ Động lực,HCM
http://faet.iuh.edu.vn/wp-content/uploads/2020/08/tb-95.pdf,https://faet.iuh.edu.vn/news.html@detail@363@357@Thong-bao-ve-viec-thuc-hien-ke-hoach-xet-cong-nhan-tot-nghiep-vao-thang-10-nam-2020,tb-95,faet.iuh.edu.vn,Khoa Công nghệ Động lực,HCM
http://faet.iuh.edu.vn/wp-content/uploads/2020/10/03-lich-kham-suc-khoe-2020.pdf,https://faet.iuh.edu.vn/news.html@detail@365@471@Thong-bao-lich-kham-suc-khoe-dau-nam-hoc-cho-sinh-vien-lop-DHOT16-moi-nhap-hoc-2020,03-lich-kham-suc-khoe-2020,faet.iuh.edu.vn,Khoa Công nghệ Động lực,HCM
http://faet.iuh.edu.vn/wp-content/uploads/2020/10/ke-hoach-hoc-mon-gdqp-an-nam-hoc-2020-2021.pdf,"https://faet.iuh.edu.vn/news.html@detail@365@472@Thong-bao-ke-hoach,-lich-hoc-mon-GDQP&AN-lop-DHOT-khoa-16-hoc-ky-1-nam-hoc-2020-2021",ke-hoach-hoc-mon-gdqp-an-nam-hoc-2020-2021,faet.iuh.edu.vn,Khoa Công nghệ Động lực,HCM
http://faet.iuh.edu.vn/wp-content/uploads/2020/10/ke-hoach-kham-suc-khoe-nam-2020.pdf,https://faet.iuh.edu.vn/news.html@detail@365@471@Thong-bao-lich-kham-suc-khoe-dau-nam-hoc-cho-sinh-vien-lop-DHOT16-moi-nhap-hoc-2020,ke-hoach-kham-suc-khoe-nam-2020,faet.iuh.edu.vn,Khoa Công nghệ Động lực,HCM
http://faet.iuh.edu.vn/wp-content/uploads/2020/10/lich-hoc-gdqp-an-hk1-nam-hoc-2020-2021.pdf,"https://faet.iuh.edu.vn/news.html@detail@365@472@Thong-bao-ke-hoach,-lich-hoc-mon-GDQP&AN-lop-DHOT-khoa-16-hoc-ky-1-nam-hoc-2020-2021",lich-hoc-gdqp-an-hk1-nam-hoc-2020-2021,faet.iuh.edu.vn,Khoa Công nghệ Động lực,HCM
http://faet.iuh.edu.vn/wp-content/uploads/2021/03/tin-tuyen-dung-bosch-20210316041859-e.pdf,https://faet.iuh.edu.vn/news.html@detail@325@545@Cong-ty-Bosch-Viet-nam-tuyen-dung-nhan-su,tin-tuyen-dung-bosch-20210316041859-e,faet.iuh.edu.vn,Khoa Công nghệ Động lực,HCM
http://faet.iuh.edu.vn/wp-content/uploads/2021/03/tin-tuyen-dung-vietranstimex-20210316041903-e.pdf,https://faet.iuh.edu.vn/news.html@detail@325@544@Cong-ty-van-tai-Vietranstimex-tuyen-dung-nhan-su,tin-tuyen-dung-vietranstimex-20210316041903-e,faet.iuh.edu.vn,Khoa Công nghệ Động lực,HCM
http://faet.iuh.edu.vn/wp-content/uploads/2021/08/iuh-netalink-chuong-trinh-viet-cv-va-chinh-phuc-nha-tuyen-dung.pdf,https://faet.iuh.edu.vn/news.html@detail@324@525@Hoi-thao-%E2%80%9C-Ky-nang-viet-CV-va-chinh-phuc-nha-tuyen-dung%E2%80%9D,iuh-netalink-chuong-trinh-viet-cv-va-chinh-phuc-nha-tuyen-dung,faet.iuh.edu.vn,Khoa Công nghệ Động lực,HCM
http://tqa.iuh.edu.vn/wp-content/uploads/2018/02/M%E1%BA%ABu-%C4%91%C6%A1n-ph%C3%BAc-kh%E1%BA%A3o.pdf,https://faet.iuh.edu.vn/news.html@detail@271@578@Quy-dinh-phuc-khao,http://tqa.iuh.edu.vn/wp-content/uploads/2018/02/M%E1%BA%ABu-%C4%91%C6%A1n-ph%C3%BAc-kh%E1%BA%A3o.pdf,faet.iuh.edu.vn,Khoa Công nghệ Động lực,HCM
https://faet.iuh.edu.vn/upload/files/16_09_%20THACO%20AUTO%20TAI%20BUS%20TP_%20HCM%20THONG%20BAO%20TUYEN%20DUNG%20%20_%20DH%20Cong%20Nghi%E1%BB%87p.pdf,https://faet.iuh.edu.vn/news.html@detail@324@571@Cong-ty-Thaco-Auto-Tai-Bus-TPHCM-tuyen-dung-nhan-su,Download file,faet.iuh.edu.vn,Khoa Công nghệ Động lực,HCM
https://faet.iuh.edu.vn/upload/files/202411211138.pdf,https://faet.iuh.edu.vn/news.html@detail@217@595@Thong-bao-cap-hoc-bong-khuyen-khich-hoc-tap-trinh-do-thac-si-cho-sinh-vien-tot-nghiep-dot-thang-10-nam-2024,Download file,faet.iuh.edu.vn,Khoa Công nghệ Động lực,HCM
https://faet.iuh.edu.vn/upload/files/2024_08_01-TB-888-Tuyen-sinh-thac-si-2024-2-chung.pdf,https://faet.iuh.edu.vn/news.html@detail@401@566@Thong-bao-tuyen-sinh-dao-tao-trinh-do-Thac-si-nam-2024-%E2%80%93-Dot-2,Download file,faet.iuh.edu.vn,Khoa Công nghệ Động lực,HCM
https://faet.iuh.edu.vn/upload/files/20250507-FAET-THONG%20BAO%20B%E1%BA%A2O%20V%E1%BB%86%20D%E1%BB%80%20CUONG-DHOT17%20(1).pdf,https://faet.iuh.edu.vn/news.html@detail@394@624@Thong-bao-v-v-Bao-ve-de-cuong-khoa-luan-tot-nghiep-2024-2025,Download file,faet.iuh.edu.vn,Khoa Công nghệ Động lực,HCM
https://faet.iuh.edu.vn/upload/files/Cao%20h%E1%BB%8Dc%20(Th.S)/202511300938.pdf,https://faet.iuh.edu.vn/news.html@detail@363@653@Quyet-dinh-v-v-cong-nhan-thi-sinh-trung-tuyen-ky-thi-tuyen-sinh-dao-tao-trinh-do-thac-si-nam-2025-dot-2,Download file,faet.iuh.edu.vn,Khoa Công nghệ Động lực,HCM
https://faet.iuh.edu.vn/upload/files/Cao%20h%E1%BB%8Dc%20(Th.S)/202512111055.pdf,https://faet.iuh.edu.vn/news.html@detail@401@656@Quyet-dinh-cong-nhan-tot-nghiep-va-cap-bang-Thac-si-dot-thang-11-nam-2025,Download file,faet.iuh.edu.vn,Khoa Công nghệ Động lực,HCM
https://faet.iuh.edu.vn/upload/files/Cao%20h%E1%BB%8Dc%20(Th.S)/202512251112.pdf,https://faet.iuh.edu.vn/news.html@detail@363@660@Quyet-dinh-v-v-cong-nhan-hoc-vien-nhap-hoc-ky-thi-tuyen-sinh-dao-tao-trinh-do-thac-si-dot-2-nam-2025,Download file,faet.iuh.edu.vn,Khoa Công nghệ Động lực,HCM
https://faet.iuh.edu.vn/upload/files/Khoa%20lu%E1%BA%ADn%20t%E1%BB%91t%20nghiep/20241205-FAET-F2-THONG-BAO-B%E1%BA%A2O-V%E1%BB%86-KHOA-LU%E1%BA%ACN-DHOT16.pdf,https://faet.iuh.edu.vn/news.html@detail@363@600@Thong-bao-v-v-ke-hoach-to-chuc-danh-gia-khoa-luan-tot-nghiep-he-Dai-hoc-khoa-16-nam-2024,Download file,faet.iuh.edu.vn,Khoa Công nghệ Động lực,HCM
https://faet.iuh.edu.vn/upload/files/Khoa%20lu%E1%BA%ADn%20t%E1%BB%91t%20nghiep/20241207-FAET-2425-Thong%20bao%20Dang%20ki%20KLTN%20(DHOT17).pdf,https://faet.iuh.edu.vn/news.html@detail@363@601@Thong-bao-v-v-dang-ky-khoa-luan-tot-nghiep-nam-hoc-2024-2025,Download file,faet.iuh.edu.vn,Khoa Công nghệ Động lực,HCM
https://faet.iuh.edu.vn/upload/files/Khoa%20lu%E1%BA%ADn%20t%E1%BB%91t%20nghiep/Danh%20sach%20HD%20khoa%20lu%E1%BA%ADn%20TN%20d%E1%BB%A3t%201%202025_2026.pdf,https://faet.iuh.edu.vn/news.html@detail@363@659@Thong-bao-danh-sach-hoi-dong-bao-ve-khoa-luan-tot-nghiep-dot-1-2025_2025,Download file,faet.iuh.edu.vn,Khoa Công nghệ Động lực,HCM
https://faet.iuh.edu.vn/upload/files/Khoa%20lu%E1%BA%ADn%20t%E1%BB%91t%20nghiep/KL2_0c-F2526-Thong%20bao%20dang%20ki%20KLTN-v2.pdf,https://faet.iuh.edu.vn/news.html@detail@363@650@Thong-bao-v-v-dang-ky-khoa-luan-tot-nghiep-nam-hoc-2025-2026,Download file,faet.iuh.edu.vn,Khoa Công nghệ Động lực,HCM
https://faet.iuh.edu.vn/upload/files/Khoa%20lu%E1%BA%ADn%20t%E1%BB%91t%20nghiep/kl70a-f2425-k17-thong-bao-ve-kltn-20251227102420-e.pdf,https://faet.iuh.edu.vn/news.html@detail@363@658@Thong-bao-V-v-bao-ve-khoa-luan-tot-nghiep-dot-1-nam-hoc-2025-2026,Download file,faet.iuh.edu.vn,Khoa Công nghệ Động lực,HCM
https://faet.iuh.edu.vn/upload/files/Nghien%20c%E1%BB%A9u%20khoa%20h%E1%BB%8Dc%20sinh%20vien/Quytrinh_Hoatdong_NCKH_SV_IUH_09-10-2017.pdf,https://faet.iuh.edu.vn/bieumau.html@266@Bieu-mau,,faet.iuh.edu.vn,Khoa Công nghệ Động lực,HCM
https://faet.iuh.edu.vn/upload/files/PHU%20M%E1%BB%B8%20FORD_TUY%E1%BB%82N%20D%E1%BB%A4NG_NHAN%20VIEN%20KINH%20DOANH.pdf,https://faet.iuh.edu.vn/news.html@detail@324@586@Cong-ty-co-phan-Ford-Phu-My-tuyen-dung-Nhan-vien-kinh-doanh,Download file,faet.iuh.edu.vn,Khoa Công nghệ Động lực,HCM
https://faet.iuh.edu.vn/upload/files/QuyTrinhHocVu.pdf,https://faet.iuh.edu.vn/news.html@detail@271@579@Quy-trinh-giai-quyet-hoc-vu,Download file,faet.iuh.edu.vn,Khoa Công nghệ Động lực,HCM
https://faet.iuh.edu.vn/upload/files/QuyTrinhNhapHocTongThe.pdf,"https://faet.iuh.edu.vn/news.html@detail@394@564@Huong-dan-Quy-trinh-nhap-hoc-truc-tuyen-cho-Tan-sinh-vien-khoa-20,-nam-hoc-2024-2025",Download file,faet.iuh.edu.vn,Khoa Công nghệ Động lực,HCM
https://faet.iuh.edu.vn/upload/files/T%E1%BB%91t%20nghi%E1%BB%87p/202604171540.pdf,https://faet.iuh.edu.vn/news.html@detail@217@672@Quyet-dinh-cong-nhan-tot-nghiep-va-cap-bang-Thac-si-dot-thang-04-nam-2026,Download file,faet.iuh.edu.vn,Khoa Công nghệ Động lực,HCM
https://faet.iuh.edu.vn/upload/files/T%E1%BB%91t%20nghi%E1%BB%87p/KL2_2a-F2526-Thong%20bao%20cac%20d%E1%BB%81%20tai%20KLTN%20dang%20th%E1%BB%B1c%20hi%E1%BB%87n.pdf,https://faet.iuh.edu.vn/news.html@detail@363@664@Danh-sach-de-tai-Khoa-luan-tot-nghiep-dang-thuc-hien-2025-2026,Download file,faet.iuh.edu.vn,Khoa Công nghệ Động lực,HCM
https://faet.iuh.edu.vn/upload/files/T%E1%BB%91t%20nghi%E1%BB%87p/KL4_0b-2526k18-Thong%20bao%20b%E1%BA%A3o%20v%E1%BB%87%20d%E1%BB%81%20cuong%20(K18).pdf,https://faet.iuh.edu.vn/news.html@detail@363@674@Thong-bao-V-v-to-chuc-bao-ve-De-cuong-Khoa-luan-tot-nghiep-nam-hoc-2025-2026,Download file,faet.iuh.edu.vn,Khoa Công nghệ Động lực,HCM
https://faet.iuh.edu.vn/upload/files/T%E1%BB%91t%20nghi%E1%BB%87p/TB-1829-2025.pdf,https://faet.iuh.edu.vn/news.html@detail@211@657@Thong-bao-ke-hoach-xet-cong-nhan-tot-nghiep-bac-dai-hoc-dot-thang-3-nam-2026,Download file,faet.iuh.edu.vn,Khoa Công nghệ Động lực,HCM
https://faet.iuh.edu.vn/upload/files/T%E1%BB%91t%20nghi%E1%BB%87p/Thong_bao_c%E1%BA%ADp_nh%E1%BA%ADt_d%E1%BB%81_tai_l%E1%BA%A7n_2_va_k%E1%BA%BF_ho%E1%BA%A1ch_ph%E1%BA%A3n_bi%E1%BB%87n_(DHOT17).pdf,https://faet.iuh.edu.vn/news.html@detail@363@655@Thong-bao-v-v-cap-nhat-de-tai-va-Phan-bien-khoa-luan-tot-nghiep-dot-1-nam-hoc-2025-2026,Download file,faet.iuh.edu.vn,Khoa Công nghệ Động lực,HCM
https://faet.iuh.edu.vn/upload/files/T%E1%BB%91t%20nghi%E1%BB%87p/Thong_bao_xet_t%E1%BB%91t_nghi%E1%BB%87p_thang_10-2026.pdf,https://faet.iuh.edu.vn/news.html@detail@363@699@Thong-bao-ke-hoach-xet-cong-nhan-tot-nghiep-bac-dai-hoc-dot-thang-10-nam-2026,Download file,faet.iuh.edu.vn,Khoa Công nghệ Động lực,HCM
https://faet.iuh.edu.vn/upload/files/T%E1%BB%91t%20nghi%E1%BB%87p/k17-vhvl-thong-bao-bao-ve-hd-kltn-dot-2-hk3-2025-2026.pdf,https://faet.iuh.edu.vn/news.html@detail@363@690@Thong-bao-v-v-bao-ve-khoa-luan-tot-nghiep-dot-2-nam-hoc-2025-2026,Download file,faet.iuh.edu.vn,Khoa Công nghệ Động lực,HCM
https://faet.iuh.edu.vn/upload/files/TB-KSuTam-Viet-Oto-Hyogo.pdf,"https://faet.iuh.edu.vn/news.html@detail@363@611@Thong-bao-v-v-tuyen-Ky-su-di-lam-viec-tai-Nhat-Ban_Sua-chua-bao-duong-o-to,-than-vo-o-to-va-quan-ly-dao-tao-(Phong-van-thang-04-nam-2025)",Download file,faet.iuh.edu.vn,Khoa Công nghệ Động lực,HCM
https://faet.iuh.edu.vn/upload/files/TB-thuc-tap-huong-luong-NB-osaka.pdf,https://faet.iuh.edu.vn/news.html@detail@363@590@Thong-bao-tien-cu-sinh-vien-di-thuc-tap-co-huong-luong-tai-OSAKA_Nhat-Ban,Download file,faet.iuh.edu.vn,Khoa Công nghệ Động lực,HCM
https://faet.iuh.edu.vn/upload/files/TB_M%E1%BB%9F%20LHP%20D2_HK2_24_25.pdf,https://faet.iuh.edu.vn/news.html@detail@363@591@Thong-bao-v-v-mo-lop-hoc-phan-(hoc-lai)-dot-2-o-hoc-ky-2-nam-hoc-2024-2025,Download file,faet.iuh.edu.vn,Khoa Công nghệ Động lực,HCM
https://faet.iuh.edu.vn/upload/files/TB_TTDN_HK1_26_27.pdf,https://faet.iuh.edu.vn/news.html@detail@363@695@Thong-bao-v-v-trien-khai-Thuc-tap-Doanh-nghiep-cho-sinh-vien-o-HK1-2026-2027,Download file,faet.iuh.edu.vn,Khoa Công nghệ Động lực,HCM
https://faet.iuh.edu.vn/upload/files/Th%E1%BB%B1c%20t%E1%BA%ADp%20t%E1%BB%91t%20nghi%E1%BB%87p/Quy_trinh_thuc_hien_thuc_tap_DN_2025_he_DH.pdf,https://faet.iuh.edu.vn/bieumau.html@266@Bieu-mau,,faet.iuh.edu.vn,Khoa Công nghệ Động lực,HCM
https://faet.iuh.edu.vn/upload/files/Thong%20bao%20m%E1%BB%9F%20l%E1%BB%9Bp%20HP%20(h%E1%BB%8Dc%20l%E1%BA%A1i)%20HK1%2026-27.pdf,https://faet.iuh.edu.vn/news.html@detail@363@694@Thong-bao-V-v-mo-cac-lop-hoc-phan-(hoc-lai)-o-hoc-ky-1-nam-hoc-2026-2027,Download file,faet.iuh.edu.vn,Khoa Công nghệ Động lực,HCM
https://faet.iuh.edu.vn/upload/files/Tuyen-Daikyo-thang-6_7.pdf,"https://faet.iuh.edu.vn/news.html@detail@363@597@Thong-bao-tien-cu-sinh-vien-di-thuc-tap-co-huong-luong-tai-Nhat-Ban-thang-6,-7-va-8-nam-2025",Download file,faet.iuh.edu.vn,Khoa Công nghệ Động lực,HCM
https://faet.iuh.edu.vn/upload/files/qd-danh-gia-diem-ren-luyen-2026.pdf,https://faet.iuh.edu.vn/news.html@detail@363@696@Quy-dinh-danh-gia-ket-qua-ren-luyen-doi-voi-sinh-vien-Truong-Dai-hoc-Cong-nghiep-TP.HCM.,Download file,faet.iuh.edu.vn,Khoa Công nghệ Động lực,HCM
https://faet.iuh.edu.vn/upload/files/tb-1593-2024-20241016092634-e.pdf,https://faet.iuh.edu.vn/news.html@detail@363@587@Thong-bao-ve-viec-dang-ky-tham-du-be-giang-va-phat-bang-tot-nghiep-dot-2-(thang-11)-nam-2024-(ngay-29-11-2024),Download file,faet.iuh.edu.vn,Khoa Công nghệ Động lực,HCM
https://faet.iuh.edu.vn/upload/files/tb-1622-2024-20241203051253-e.pdf,https://faet.iuh.edu.vn/news.html@detail@363@599@Thong-bao-ke-hoach-xet-cong-nhan-tot-nghiep-dot-thang-02-nam-2025,Download file,faet.iuh.edu.vn,Khoa Công nghệ Động lực,HCM
https://faet.iuh.edu.vn/upload/files/tb-855-20240529031437-e(1).pdf,https://faet.iuh.edu.vn/news.html@detail@363@562@Thong-bao-v-v-to-chuc-le-Be-giang-va-phat-bang-Tot-nghiep-nam-2024,Download file,faet.iuh.edu.vn,Khoa Công nghệ Động lực,HCM
https://faet.iuh.edu.vn/upload/files/tb876.pdf,https://faet.iuh.edu.vn/news.html@detail@400@565@Thong-bao-v-v-cong-bo-diem-du-dieu-kien-trung-tuyen-bac-Dai-hoc-he-Chinh-quy-nam-2024-bang-phuong-thuc-xet-tuyen-su-dung-ket-qua-hoc-tap-THPT-va-Uu-tien-xet-tuyen,Download file,faet.iuh.edu.vn,Khoa Công nghệ Động lực,HCM
https://ipe.iuh.edu.vn/uploads/2025/03/PL1-1.pdf,https://faet.iuh.edu.vn/news.html@detail@401@610@Thong-bao-tuyen-sinh-dao-tao-trinh-do-Thac-si-nam-2025-%E2%80%93-Dot-1,Phụ lục 1),faet.iuh.edu.vn,Khoa Công nghệ Động lực,HCM
https://ipe.iuh.edu.vn/uploads/2025/03/PL2-1.pdf,https://faet.iuh.edu.vn/news.html@detail@401@610@Thong-bao-tuyen-sinh-dao-tao-trinh-do-Thac-si-nam-2025-%E2%80%93-Dot-1,Phụ lục 2,faet.iuh.edu.vn,Khoa Công nghệ Động lực,HCM
https://iuh.edu.vn/Resource/Upload2/files/2023/08/01_Quy%20che%CC%82%CC%81%20co%CC%82ng%20ta%CC%81c%20sinh%20vie%CC%82n%20-%20na%CC%86m%202023%20-%20New.pdf,https://faet.iuh.edu.vn/news.html@detail@271@584@Cac-van-ban-danh-cho-Tan-sinh-vien-K20-nam-2024,Xem tại đây,faet.iuh.edu.vn,Khoa Công nghệ Động lực,HCM
https://iuh.edu.vn/Resource/Upload2/files/2023/08/02_1_Quy%20dinh%202017_%20%C4%91a%CC%81nh%20gia%CC%81%20ke%CC%82%CC%81t%20qua%CC%89%20re%CC%80n%20luye%CC%A3%CC%82n%20%202023%20-%20New.pdf,https://faet.iuh.edu.vn/news.html@detail@271@584@Cac-van-ban-danh-cho-Tan-sinh-vien-K20-nam-2024,Xem tại đây,faet.iuh.edu.vn,Khoa Công nghệ Động lực,HCM
https://iuh.edu.vn/Resource/Upload2/files/2023/08/03_1_Q%C4%90_2019%20no%CC%A3%CC%82i%20quy%20ho%CC%A3c%20%C4%91u%CC%9Bo%CC%9B%CC%80ng%20na%CC%86m%202023%20-%20New.pdf,https://faet.iuh.edu.vn/news.html@detail@271@584@Cac-van-ban-danh-cho-Tan-sinh-vien-K20-nam-2024,Xem tại đây,faet.iuh.edu.vn,Khoa Công nghệ Động lực,HCM
https://iuh.edu.vn/Resource/Upload2/files/2023/08/04_1_Q%C4%90%202020%20-%20Quy%20ta%CC%86%CC%81c%20u%CC%9B%CC%81ng%20xu%CC%9B%CC%89%20cu%CC%89a%20ngu%CC%9Bo%CC%9B%CC%80i%20ho%CC%A3c%20na%CC%86m%202023%20-%20New.pdf,https://faet.iuh.edu.vn/news.html@detail@271@584@Cac-van-ban-danh-cho-Tan-sinh-vien-K20-nam-2024,Xem tại đây,faet.iuh.edu.vn,Khoa Công nghệ Động lực,HCM
https://iuh.edu.vn/Resource/Upload2/files/2023/08/07-Ta%CC%82%CC%80m%20nhi%CC%80n%20-%20su%CC%9B%CC%81%20ma%CC%A3ng%20-%20%20mu%CC%A3c%20tie%CC%82u%20-%20chie%CC%82%CC%81n%20lu%CC%9Bo%CC%9B%CC%A3c%20-%20Q%C4%90%20966_2021.pdf,https://faet.iuh.edu.vn/news.html@detail@271@584@Cac-van-ban-danh-cho-Tan-sinh-vien-K20-nam-2024,Xem tại đây,faet.iuh.edu.vn,Khoa Công nghệ Động lực,HCM
https://iuh.edu.vn/Resource/Upload2/files/2024/08/KH-34-2024.pdf,https://faet.iuh.edu.vn/news.html@detail@271@584@Cac-van-ban-danh-cho-Tan-sinh-vien-K20-nam-2024,Xem tại đây,faet.iuh.edu.vn,Khoa Công nghệ Động lực,HCM
https://iuh.edu.vn/Resource/Upload2/files/2024/08/hd0124_dhcn%20-%20Huong%20dan%20MGHP2024-2025.pdf,https://faet.iuh.edu.vn/news.html@detail@271@584@Cac-van-ban-danh-cho-Tan-sinh-vien-K20-nam-2024,Xem tại đây,faet.iuh.edu.vn,Khoa Công nghệ Động lực,HCM
https://pdt.iuh.edu.vn/wp-content/uploads/2019/07/Canh-bao-ket-qua-hoc-tap-va-buoc-thoi-hoc.pdf,https://faet.iuh.edu.vn/news.html@detail@271@580@To-chuc-dao-tao,xem tại tây,faet.iuh.edu.vn,Khoa Công nghệ Động lực,HCM
https://pdt.iuh.edu.vn/wp-content/uploads/2019/07/Chuyen-truong.pdf,https://faet.iuh.edu.vn/news.html@detail@271@580@To-chuc-dao-tao,xem tại đây,faet.iuh.edu.vn,Khoa Công nghệ Động lực,HCM
https://pdt.iuh.edu.vn/wp-content/uploads/2019/07/Dang-ky-nhap-hoc.pdf,https://faet.iuh.edu.vn/news.html@detail@271@580@To-chuc-dao-tao,xem tại đây,faet.iuh.edu.vn,Khoa Công nghệ Động lực,HCM
https://pdt.iuh.edu.vn/wp-content/uploads/2019/07/Dang-ky-va-rut-bot-hoc-phan.pdf,https://faet.iuh.edu.vn/news.html@detail@271@580@To-chuc-dao-tao,xem tại đây,faet.iuh.edu.vn,Khoa Công nghệ Động lực,HCM
https://pdt.iuh.edu.vn/wp-content/uploads/2019/07/Hoc-cung-luc-2-chuong-trinh-dao-tao.pdf,https://faet.iuh.edu.vn/news.html@detail@271@580@To-chuc-dao-tao,xem tại đây,faet.iuh.edu.vn,Khoa Công nghệ Động lực,HCM
https://pdt.iuh.edu.vn/wp-content/uploads/2019/07/Tam-ngung-hoc_bao-luu.pdf,https://faet.iuh.edu.vn/news.html@detail@271@580@To-chuc-dao-tao,xem tại đây,faet.iuh.edu.vn,Khoa Công nghệ Động lực,HCM
https://pdt.iuh.edu.vn/wp-content/uploads/2019/07/To-chuc-lop-hoc.pdf,https://faet.iuh.edu.vn/news.html@detail@271@580@To-chuc-dao-tao,xem tại đây,faet.iuh.edu.vn,Khoa Công nghệ Động lực,HCM
https://pdt.iuh.edu.vn/wp-content/uploads/2019/07/Xep-hang-nam-dao-tao-va-hoc-luc.pdf,https://faet.iuh.edu.vn/news.html@detail@271@580@To-chuc-dao-tao,xem tại đây,faet.iuh.edu.vn,Khoa Công nghệ Động lực,HCM
http://fba.iuh.edu.vn/wp-content/uploads/2020/01/THONG-BAO_PHIEU-DANG-KY_MAU.pdf,https://fba.iuh.edu.vn/thong-bao/thong-bao-hoi-nghi-sinh-vien-nghien-cuu-khoa-hoc-cap-khoa-nam-2020/,Tải về và Xem,fba.iuh.edu.vn,Khoa Quản trị Kinh doanh,HCM
http://fba.iuh.edu.vn/wp-content/uploads/2021/09/Timeline.pdf,https://fba.iuh.edu.vn/thong-bao/12475/,Tải về và Xem,fba.iuh.edu.vn,Khoa Quản trị Kinh doanh,HCM
http://iuh.edu.vn/Resource/Upload2/files/2015/08/IUH_Quy_che_dao_tao_ThS_2015.pdf,https://fba.iuh.edu.vn/qui-che-quy-dinh/qui-che-quy-dinh/,Xem chi tiết,fba.iuh.edu.vn,Khoa Quản trị Kinh doanh,HCM
https://fba.iuh.edu.vn/wp-content/uploads/2020/06/GIAY-CHUNG-NHAN-DAT-CHUAN-AUN-154_3-1.pdf,https://fba.iuh.edu.vn/tin-tuc-su-kien/khoa-quan-tri-kinh-doanh-dao-tao-nganh-quan-tri-kinh-doanh-theo-chuan-aun-qa/,Tải về và Xem,fba.iuh.edu.vn,Khoa Quản trị Kinh doanh,HCM
https://fba.iuh.edu.vn/wp-content/uploads/2022/11/DH-Mar.pdf,https://fba.iuh.edu.vn/doi-ngu-giang-vien-co-huu-cua-khoa-quan-tri-kinh-doanh-bo-tri-dam-nhan-dieu-kien-duy-tri-nganh-dao-tao-trinh-do-dai-hoc-nganh-marketing/,Tải về và Xem,fba.iuh.edu.vn,Khoa Quản trị Kinh doanh,HCM
https://fba.iuh.edu.vn/wp-content/uploads/2022/11/DH-QTKD.pdf,https://fba.iuh.edu.vn/doi-ngu-giang-vien-co-huu-cua-khoa-quan-tri-kinh-doanh-bo-tri-dam-nhan-dieu-kien-duy-tri-nganh-dao-tao-trinh-do-dai-hoc/,Tải về và Xem,fba.iuh.edu.vn,Khoa Quản trị Kinh doanh,HCM
https://fba.iuh.edu.vn/wp-content/uploads/2022/11/TS.-QTKD.pdf,https://fba.iuh.edu.vn/doi-ngu-giang-vien-co-huu-cua-khoa-quan-tri-kinh-doanh-bo-tri-dam-nhan-dieu-kien-duy-tri-nganh-dao-tao-trinh-do-tien-si-quan-tri-kinh-doanh/,Tải về và Xem,fba.iuh.edu.vn,Khoa Quản trị Kinh doanh,HCM
https://fba.iuh.edu.vn/wp-content/uploads/2022/11/ThS-QTKD.pdf,https://fba.iuh.edu.vn/doi-ngu-giang-vien-co-huu-cua-khoa-quan-tri-kinh-doanh-bo-tri-dam-nhan-dieu-kien-duy-tri-nganh-dao-tao-trinh-do-thac-si-quan-tri-kinh-doanh/,Tải về và Xem,fba.iuh.edu.vn,Khoa Quản trị Kinh doanh,HCM
https://fba.iuh.edu.vn/wp-content/uploads/2024/01/TB-tuyen-dung-NVKD-2024.pdf,https://fba.iuh.edu.vn/thong-bao/cong-ty-co-phan-dau-tu-cong-nghe-sach-biosacotec-tuyen-dung/,Tải về và Xem,fba.iuh.edu.vn,Khoa Quản trị Kinh doanh,HCM
https://fba.iuh.edu.vn/wp-content/uploads/2024/02/2024-Thong-bao-Tuyen-sinh-Tien-si-Dot-1.pdf,https://fba.iuh.edu.vn/thong-bao/thong-bao-tuyen-sinh-dao-tao-trinh-do-tien-si-nam-2024-dot-1/,Tải về và Xem,fba.iuh.edu.vn,Khoa Quản trị Kinh doanh,HCM
https://fba.iuh.edu.vn/wp-content/uploads/2024/08/TTS-NHAN-SU.pdf,https://fba.iuh.edu.vn/ket-noi-doanh-nghiep/cong-ty-cp-tu-van-chat-luong-phuong-nam-tuyen-dung-thuc-tap-sinh/,Tải về và Xem,fba.iuh.edu.vn,Khoa Quản trị Kinh doanh,HCM
https://fba.iuh.edu.vn/wp-content/uploads/2024/09/10.don_xin_cap_giay_hoc_het_ct.pdf,https://fba.iuh.edu.vn/quy-trinh-thu-tuc/bieu-mau-hoc-vu/,Tải về,fba.iuh.edu.vn,Khoa Quản trị Kinh doanh,HCM
https://fba.iuh.edu.vn/wp-content/uploads/2024/09/1_-Don-xin-dang-ky-hoc-phan.pdf,https://fba.iuh.edu.vn/quy-trinh-thu-tuc/bieu-mau-hoc-vu/,Tải về,fba.iuh.edu.vn,Khoa Quản trị Kinh doanh,HCM
https://fba.iuh.edu.vn/wp-content/uploads/2024/09/2_-Don-xin-hoc-ghep.pdf,https://fba.iuh.edu.vn/quy-trinh-thu-tuc/bieu-mau-hoc-vu/,Tải về,fba.iuh.edu.vn,Khoa Quản trị Kinh doanh,HCM
https://fba.iuh.edu.vn/wp-content/uploads/2024/09/3_-Don-xin-mo-lop-hoc-phan.pdf,https://fba.iuh.edu.vn/quy-trinh-thu-tuc/bieu-mau-hoc-vu/,Tải về,fba.iuh.edu.vn,Khoa Quản trị Kinh doanh,HCM
https://fba.iuh.edu.vn/wp-content/uploads/2024/09/4_-Don-xin-huy-bot-hoc-phan-vua-dang-ky.pdf,https://fba.iuh.edu.vn/quy-trinh-thu-tuc/bieu-mau-hoc-vu/,Tải về,fba.iuh.edu.vn,Khoa Quản trị Kinh doanh,HCM
https://fba.iuh.edu.vn/wp-content/uploads/2024/09/5_-Don-xin-huy-mon-diem-F.pdf,https://fba.iuh.edu.vn/quy-trinh-thu-tuc/bieu-mau-hoc-vu/,Tải về,fba.iuh.edu.vn,Khoa Quản trị Kinh doanh,HCM
https://fba.iuh.edu.vn/wp-content/uploads/2024/09/6_-Don-xin-nhap-diem-F.pdf,https://fba.iuh.edu.vn/quy-trinh-thu-tuc/bieu-mau-hoc-vu/,Tải về,fba.iuh.edu.vn,Khoa Quản trị Kinh doanh,HCM
https://fba.iuh.edu.vn/wp-content/uploads/2024/09/7_-Don-xin-huy-mon-tu-chon-da-hoc.pdf,https://fba.iuh.edu.vn/quy-trinh-thu-tuc/bieu-mau-hoc-vu/,Tải về,fba.iuh.edu.vn,Khoa Quản trị Kinh doanh,HCM
https://fba.iuh.edu.vn/wp-content/uploads/2024/09/8_-Don-xin-chuyen-lich-thi.pdf,https://fba.iuh.edu.vn/quy-trinh-thu-tuc/bieu-mau-hoc-vu/,Tải về,fba.iuh.edu.vn,Khoa Quản trị Kinh doanh,HCM
https://fba.iuh.edu.vn/wp-content/uploads/2024/09/Ban-mo-ta-CTDT-THS-QTKD-2022-NC.pdf,https://fba.iuh.edu.vn/ban-mo-ta-ctdt-vi-thac-si-qtkd/ban-mo-ta-ctdt-thac-si-quan-tri-kinh-doanh-2022/,Tải về và Xem,fba.iuh.edu.vn,Khoa Quản trị Kinh doanh,HCM
https://fba.iuh.edu.vn/wp-content/uploads/2024/09/CHUONG-TRINH-KHUNG-THS-QTKD-2019-.pdf,https://fba.iuh.edu.vn/chuong-trinh-khung-vi-thac-si-qtkd/khung-chuong-trinh-thac-si-2019/,Tải về và Xem,fba.iuh.edu.vn,Khoa Quản trị Kinh doanh,HCM
https://fba.iuh.edu.vn/wp-content/uploads/2024/09/CHUONG-TRINH-KHUNG-THS-QTKD-2022.pdf,https://fba.iuh.edu.vn/chuong-trinh-khung-vi-thac-si-qtkd/khung-chuong-trinh-thac-si-2022-dinh-huong-nghien-cuu/,Tải về và Xem,fba.iuh.edu.vn,Khoa Quản trị Kinh doanh,HCM
https://fba.iuh.edu.vn/wp-content/uploads/2024/09/DON-XIN-CHAM-PHUC-KHAO-MON-HOC.pdf,https://fba.iuh.edu.vn/quy-trinh-thu-tuc/bieu-mau-hoc-vu/,Tải về,fba.iuh.edu.vn,Khoa Quản trị Kinh doanh,HCM
https://fba.iuh.edu.vn/wp-content/uploads/2024/09/KHUNG-CHUONG-TRINH-THS-UNG-DUNG.pdf,https://fba.iuh.edu.vn/chuong-trinh-khung-vi-thac-si-qtkd/khung-chuong-trinh-thac-si-2019-2/,Tải về và Xem,fba.iuh.edu.vn,Khoa Quản trị Kinh doanh,HCM
https://fba.iuh.edu.vn/wp-content/uploads/2024/09/Khung-chuong-trinh-D-MAR.pdf,https://fba.iuh.edu.vn/chuong-trinh-khung-vi/chuong-trinh-dao-tao-marketing-2/,Tải về và Xem,fba.iuh.edu.vn,Khoa Quản trị Kinh doanh,HCM
https://fba.iuh.edu.vn/wp-content/uploads/2024/09/Khung-chuong-trinh-MAR.pdf,https://fba.iuh.edu.vn/chuong-trinh-khung-vi/chuong-trinh-dao-tao-marketing/,Tải về và Xem,fba.iuh.edu.vn,Khoa Quản trị Kinh doanh,HCM
https://fba.iuh.edu.vn/wp-content/uploads/2024/09/Khung-chuong-trinh-NNL.pdf,https://fba.iuh.edu.vn/chuong-trinh-khung/chuong-trinh-dao-tao-marketing-2-2-2-2/,Tải về và Xem,fba.iuh.edu.vn,Khoa Quản trị Kinh doanh,HCM
https://fba.iuh.edu.vn/wp-content/uploads/2024/09/Khung-chuong-trinh-QTKD.pdf,https://fba.iuh.edu.vn/chuong-trinh-khung/chuong-trinh-dao-tao-marketing-2-2/,Tải về và Xem,fba.iuh.edu.vn,Khoa Quản trị Kinh doanh,HCM
https://fba.iuh.edu.vn/wp-content/uploads/2024/09/Khung-chuong-trinh-SCM.pdf,https://fba.iuh.edu.vn/chuong-trinh-khung/chuong-trinh-dao-tao-marketing-2-2-2/,Tải về và Xem,fba.iuh.edu.vn,Khoa Quản trị Kinh doanh,HCM
https://fba.iuh.edu.vn/wp-content/uploads/2024/09/MAU-01.-Don-xin-xet-tot-nghiep-He-tin-chi.pdf,https://fba.iuh.edu.vn/quy-trinh-thu-tuc/bieu-mau-hoc-vu/,Tải về,fba.iuh.edu.vn,Khoa Quản trị Kinh doanh,HCM
https://fba.iuh.edu.vn/wp-content/uploads/2024/09/MAU-02.-Don-xin-XTN_TH-qua-thoi-han-hoc-tap.pdf,https://fba.iuh.edu.vn/quy-trinh-thu-tuc/bieu-mau-hoc-vu/,Tải về,fba.iuh.edu.vn,Khoa Quản trị Kinh doanh,HCM
https://fba.iuh.edu.vn/wp-content/uploads/2024/09/MAU-03.-Ban-cam-ket-CC-TH-NN.pdf,https://fba.iuh.edu.vn/quy-trinh-thu-tuc/bieu-mau-hoc-vu/,Tải về,fba.iuh.edu.vn,Khoa Quản trị Kinh doanh,HCM
https://fba.iuh.edu.vn/wp-content/uploads/2024/09/Rubric_KLTN-R1.pdf,https://fba.iuh.edu.vn/danh-gia-sinh-vien/rubrics-danh-gia-noi-dung-kltn/,Tải về và Xem,fba.iuh.edu.vn,Khoa Quản trị Kinh doanh,HCM
https://fba.iuh.edu.vn/wp-content/uploads/2024/09/Rubric_KLTN-R2a.pdf,https://fba.iuh.edu.vn/danh-gia-sinh-vien/rubrics-danh-gia-noi-dung-kltn-2/,Tải về và Xem,fba.iuh.edu.vn,Khoa Quản trị Kinh doanh,HCM
https://fba.iuh.edu.vn/wp-content/uploads/2024/09/Rubric_KLTN-R3.pdf,https://fba.iuh.edu.vn/danh-gia-sinh-vien/rubrics-danh-gia-noi-dung-kltn-2-2/,Tải về và Xem,fba.iuh.edu.vn,Khoa Quản trị Kinh doanh,HCM
https://fba.iuh.edu.vn/wp-content/uploads/2024/09/lich-thi-HK1-23.24.pdf,https://fba.iuh.edu.vn/dao-tao/hoat-dong-dao-tao/,Tải về và Xem,fba.iuh.edu.vn,Khoa Quản trị Kinh doanh,HCM
https://fba.iuh.edu.vn/wp-content/uploads/2024/10/01-Chuan-dau-ra_09_09.pdf,https://fba.iuh.edu.vn/chuan-dau-ra-vi-thac-si-qtkd/muc-tieu-va-chuan-dau-ra-thac-si-2022-huong-nghien-cuu/,Tải về và Xem,fba.iuh.edu.vn,Khoa Quản trị Kinh doanh,HCM
https://fba.iuh.edu.vn/wp-content/uploads/2024/11/01-De-cuong-ThS.pdf,https://fba.iuh.edu.vn/thac-si-qtkd-de-cuong-ctdt/ctdt-thac-si-quan-tri-kinh-doanh-2022/,Tải về và Xem,fba.iuh.edu.vn,Khoa Quản trị Kinh doanh,HCM
https://fba.iuh.edu.vn/wp-content/uploads/2024/11/Ban-mo-ta-CTDT-THS-QTKD-2019-1.pdf,https://fba.iuh.edu.vn/ban-mo-ta-ctdt-vi-thac-si-qtkd/ban-mo-ta-ctdt-thac-si-quan-tri-kinh-doanh-2019/,Tải về và Xem,fba.iuh.edu.vn,Khoa Quản trị Kinh doanh,HCM
https://fba.iuh.edu.vn/wp-content/uploads/2024/11/de_cuong_chuong_trinh_dao_tao_thac_si_2019-1.pdf,https://fba.iuh.edu.vn/thac-si-qtkd-de-cuong-ctdt/ctdt-thac-si-quan-tri-kinh-doanh-2019/,Tải về và Xem,fba.iuh.edu.vn,Khoa Quản trị Kinh doanh,HCM
https://fba.iuh.edu.vn/wp-content/uploads/2024/12/BAIC-Opt2-1.pdf,https://fba.iuh.edu.vn/thong-bao/hoi-nghi-khoa-hoc-quoc-te-baic-2025/,Tải về và Xem,fba.iuh.edu.vn,Khoa Quản trị Kinh doanh,HCM
https://fba.iuh.edu.vn/wp-content/uploads/2025/01/02-Chuan-dau-ra-UD_09_09_2024.pdf,https://fba.iuh.edu.vn/chuan-dau-ra-vi-thac-si-qtkd/muc-tieu-va-chuan-dau-ra-thac-si-2022-huong-ung-dung/,Tải về và Xem,fba.iuh.edu.vn,Khoa Quản trị Kinh doanh,HCM
https://fba.iuh.edu.vn/wp-content/uploads/2025/01/Ban-mo-ta-CTDT-THS-QTKD-2022-UD.pdf,https://fba.iuh.edu.vn/ban-mo-ta-ctdt-vi-thac-si-qtkd/ban-mo-ta-ctdt-thac-si-quan-tri-kinh-doanh-2022-dinh-huong-ung-dung/,Tải về và Xem,fba.iuh.edu.vn,Khoa Quản trị Kinh doanh,HCM
https://fba.iuh.edu.vn/wp-content/uploads/2025/01/QD-2196-Quyet-diinh-ban-hanh-CTDT-Bac-dai-hoc-dai-tra.pdf,https://fba.iuh.edu.vn/cu-nhan-mar-de-cuong-ctdt/quyet-dinh-ban-hanh-ctdt-dai-hoc-chinh-quy-chuong-trinh-dai-tra-nam-2024/,Tải về và Xem,fba.iuh.edu.vn,Khoa Quản trị Kinh doanh,HCM
https://fba.iuh.edu.vn/wp-content/uploads/2025/04/571-GCN-P33-CNHCM-CT-MARKETING.pdf,https://fba.iuh.edu.vn/vi/,,fba.iuh.edu.vn,Khoa Quản trị Kinh doanh,HCM
https://fba.iuh.edu.vn/wp-content/uploads/2025/04/572-GCN-P33-CNHCM-CT-QTKD.pdf,https://fba.iuh.edu.vn/vi/,,fba.iuh.edu.vn,Khoa Quản trị Kinh doanh,HCM
https://fba.iuh.edu.vn/wp-content/uploads/2025/04/576-GCN-P33-CNHCM-CT-ThS-QTKD.pdf,https://fba.iuh.edu.vn/vi/,,fba.iuh.edu.vn,Khoa Quản trị Kinh doanh,HCM
https://fba.iuh.edu.vn/wp-content/uploads/2026/08/The-Blue-Ocean-JD-Market-Research-Innovation-Training-Trainee-2026.pdf,https://fba.iuh.edu.vn/viec-lam/market-research-innovation-training-trainee/,Open in new tab,fba.iuh.edu.vn,Khoa Quản trị Kinh doanh,HCM
https://ipe.iuh.edu.vn/uploads/2016/03/IUH.-QD-hoc-bong-2023.pdf,https://fba.iuh.edu.vn/qui-che-quy-dinh/qui-che-quy-dinh/,Xem chi tiết,fba.iuh.edu.vn,Khoa Quản trị Kinh doanh,HCM
https://ipe.iuh.edu.vn/uploads/2016/03/QD1000_19.8.2020_Quy-dinh-chinh-sach-hoc-bong-khuyen-khich-hoc-tap-thac-si.pdf,https://fba.iuh.edu.vn/qui-che-quy-dinh/qui-che-quy-dinh/,Xem chi tiết,fba.iuh.edu.vn,Khoa Quản trị Kinh doanh,HCM
https://ipe.iuh.edu.vn/uploads/2016/03/Quy-che-hoc-vu-dao-tao-thac-si-Cap-nhat-2016-Dang-Web.pdf,https://fba.iuh.edu.vn/qui-che-quy-dinh/qui-che-quy-dinh/,Xem chi tiết,fba.iuh.edu.vn,Khoa Quản trị Kinh doanh,HCM
https://ipe.iuh.edu.vn/uploads/2016/03/Quy-che-tien-si-IUH-2017-Final2-1.pdf,https://fba.iuh.edu.vn/qui-che-quy-dinh/qui-che-quy-dinh/,Xem chi tiết,fba.iuh.edu.vn,Khoa Quản trị Kinh doanh,HCM
https://ipe.iuh.edu.vn/uploads/2016/03/Quy-che-tuyen-sinh-va-dao-tao-Thac-si-IUH-2021-Final2-1.pdf,https://fba.iuh.edu.vn/qui-che-quy-dinh/qui-che-quy-dinh/,Xem chi tiết,fba.iuh.edu.vn,Khoa Quản trị Kinh doanh,HCM
https://ipe.iuh.edu.vn/uploads/2016/03/Quy-che-tuyen-sinh-va-dao-tao-Tien-si-IUH-2021-Final2-1.pdf,https://fba.iuh.edu.vn/qui-che-quy-dinh/qui-che-quy-dinh/,Xem chi tiết,fba.iuh.edu.vn,Khoa Quản trị Kinh doanh,HCM
https://ipe.iuh.edu.vn/uploads/2016/03/Quy-dinh-quan-ly-va-to-chuc-dao-tao-Trinh-do-Thac-si-2017-Final.pdf,https://fba.iuh.edu.vn/qui-che-quy-dinh/qui-che-quy-dinh/,Xem chi tiết,fba.iuh.edu.vn,Khoa Quản trị Kinh doanh,HCM
https://ipe.iuh.edu.vn/uploads/2016/03/Quy-dinh-ve-viec-huong-dan-luan-van-SDH-Dang-Web-1.pdf,https://fba.iuh.edu.vn/qui-che-quy-dinh/qui-che-quy-dinh/,Xem chi tiết,fba.iuh.edu.vn,Khoa Quản trị Kinh doanh,HCM
https://ipe.iuh.edu.vn/uploads/2016/03/Quy-trinh-to-chuc-danh-gia-LVThS-IUH-2016-Dang-Web.pdf,https://fba.iuh.edu.vn/qui-che-quy-dinh/qui-che-quy-dinh/,Xem chi tiết,fba.iuh.edu.vn,Khoa Quản trị Kinh doanh,HCM
https://ipe.iuh.edu.vn/uploads/2023/10/Quy-che-tuyen-sinh-va-dao-tao-Thac-si-2023.pdf,https://fba.iuh.edu.vn/qui-che-quy-dinh/qui-che-quy-dinh/,Xem chi tiết,fba.iuh.edu.vn,Khoa Quản trị Kinh doanh,HCM
https://ipe.iuh.edu.vn/uploads/2023/10/Quy-che-tuyen-sinh-va-dao-tao-Tien-si-2023.pdf,https://fba.iuh.edu.vn/qui-che-quy-dinh/qui-che-quy-dinh/,Xem chi tiết,fba.iuh.edu.vn,Khoa Quản trị Kinh doanh,HCM
https://ipe.iuh.edu.vn/uploads/2025/02/PL-2-tien-si.pdf,https://fba.iuh.edu.vn/tin-moi/thong-bao-tuyen-sinh-dao-tao-trinh-do-tien-si-nam-2025-dot-1/,Chi tiết tại Phụ lục 2,fba.iuh.edu.vn,Khoa Quản trị Kinh doanh,HCM
https://ipe.iuh.edu.vn/uploads/2025/02/PL-3-tien-si-1.pdf,https://fba.iuh.edu.vn/tin-moi/thong-bao-tuyen-sinh-dao-tao-trinh-do-tien-si-nam-2025-dot-1/,Chi tiết tại Phụ lục 3,fba.iuh.edu.vn,Khoa Quản trị Kinh doanh,HCM
https://ipe.iuh.edu.vn/uploads/2025/03/PL1.pdf,https://fba.iuh.edu.vn/tin-moi/thong-bao-tuyen-sinh-dao-tao-trinh-do-tien-si-nam-2025-dot-1/,Phụ lục 1,fba.iuh.edu.vn,Khoa Quản trị Kinh doanh,HCM
https://ipe.iuh.edu.vn/uploads/2025/10/PL1-2.pdf,https://fba.iuh.edu.vn/thong-bao/thong-bao-tuyen-sinh-dao-tao-trinh-do-tien-si-nam-2025-dot-2/,Phụ lục 1,fba.iuh.edu.vn,Khoa Quản trị Kinh doanh,HCM
https://ipe.iuh.edu.vn/uploads/2025/10/PL2.pdf,https://fba.iuh.edu.vn/thong-bao/thong-bao-tuyen-sinh-dao-tao-trinh-do-tien-si-nam-2025-dot-2/,Phụ lục 2,fba.iuh.edu.vn,Khoa Quản trị Kinh doanh,HCM
https://ipe.iuh.edu.vn/uploads/2025/10/PL3.pdf,https://fba.iuh.edu.vn/thong-bao/thong-bao-tuyen-sinh-dao-tao-trinh-do-tien-si-nam-2025-dot-2/,Phụ lục 3,fba.iuh.edu.vn,Khoa Quản trị Kinh doanh,HCM
https://ipe.iuh.edu.vn/uploads/2026/08/PL1-1.pdf,https://fba.iuh.edu.vn/thong-bao/thong-bao-tuyen-sinh-dao-tao-trinh-do-thac-si-nam-2026-dot-2/,Phụ lục 1,fba.iuh.edu.vn,Khoa Quản trị Kinh doanh,HCM
https://ipe.iuh.edu.vn/uploads/2026/08/PL2.pdf,https://fba.iuh.edu.vn/thong-bao/thong-bao-tuyen-sinh-dao-tao-trinh-do-thac-si-nam-2026-dot-2/,Phụ lục 2,fba.iuh.edu.vn,Khoa Quản trị Kinh doanh,HCM
https://ipe.iuh.edu.vn/uploads/2026/08/ts1.pdf,https://fba.iuh.edu.vn/thong-bao/thong-bao-tuyen-sinh-dao-tao-trinh-do-tien-si-nam-2026-dot-2/,Phụ lục 1,fba.iuh.edu.vn,Khoa Quản trị Kinh doanh,HCM
https://ipe.iuh.edu.vn/uploads/2026/08/ts2.pdf,https://fba.iuh.edu.vn/thong-bao/thong-bao-tuyen-sinh-dao-tao-trinh-do-tien-si-nam-2026-dot-2/,Phụ lục 2,fba.iuh.edu.vn,Khoa Quản trị Kinh doanh,HCM
https://ipe.iuh.edu.vn/uploads/2026/08/ts3.pdf,https://fba.iuh.edu.vn/thong-bao/thong-bao-tuyen-sinh-dao-tao-trinh-do-tien-si-nam-2026-dot-2/,Phụ lục 3,fba.iuh.edu.vn,Khoa Quản trị Kinh doanh,HCM
https://fce.iuh.edu.vn/wp-content/uploads/2017/02/ke_hoach_hoi_thao.pdf,https://fce.iuh.edu.vn/thong-bao/ke-hoach-hoi-thao-toan-truong/,Tải về và Xem,fce.iuh.edu.vn,Khoa Công nghệ Hóa học,HCM
https://fce.iuh.edu.vn/wp-content/uploads/2017/03/tb_18.pdf,https://fce.iuh.edu.vn/doan-the/thong-bao-ve-thu-thap-thong-tin-cuu-sinh-vien/,Tải về và Xem,fce.iuh.edu.vn,Khoa Công nghệ Hóa học,HCM
https://fce.iuh.edu.vn/wp-content/uploads/2017/04/Seminar-XRD_26_1_2016-full.pdf,https://fce.iuh.edu.vn/department/seminar-xrd-analytical-technique/,Seminar XRD_26_1_2016 full,fce.iuh.edu.vn,Khoa Công nghệ Hóa học,HCM
https://fce.iuh.edu.vn/wp-content/uploads/2018/04/program_specification_chemical_engineering_Eh.pdf,https://fce.iuh.edu.vn/enterprise-linkages/programme-specification/,Tải về và Xem,fce.iuh.edu.vn,Khoa Công nghệ Hóa học,HCM
https://fce.iuh.edu.vn/wp-content/uploads/2018/05/19-01-2018_16.06.30thong_bao_bao_cao_thuc_tap_dhpt10a.pdf,https://fce.iuh.edu.vn/department/announcement-about-internship-report-for-class-dhpt10a/,Tải về và Xem,fce.iuh.edu.vn,Khoa Công nghệ Hóa học,HCM
https://fce.iuh.edu.vn/wp-content/uploads/2018/05/AGENDA_CONFERENCE_IUH_2016_HOA.pdf,https://fce.iuh.edu.vn/department/green-chemical-technology-conference-schedule-august-22-2016/,Tải về và Xem,fce.iuh.edu.vn,Khoa Công nghệ Hóa học,HCM
https://fce.iuh.edu.vn/wp-content/uploads/2018/05/CHUONG-TRINH-BUOI-GIAO-LUU.pdf,https://fce.iuh.edu.vn/enterprise-linkages/announcement-of-professional-seminars-on-analytical-chemstry/,Tải về và Xem,fce.iuh.edu.vn,Khoa Công nghệ Hóa học,HCM
https://fce.iuh.edu.vn/wp-content/uploads/2018/05/Final-exam.pdf,https://fce.iuh.edu.vn/department/final-exam-organic-chemistry-course-2104419-dhho-11-examination-day-1-6-2017/,Tải về và Xem,fce.iuh.edu.vn,Khoa Công nghệ Hóa học,HCM
https://fce.iuh.edu.vn/wp-content/uploads/2018/05/KHDU_BOMON_COSO_HK2_2015_2016.pdf,https://fce.iuh.edu.vn/department/observation-class-schedule-2016-2017-academic-year/,Tải về và Xem,fce.iuh.edu.vn,Khoa Công nghệ Hóa học,HCM
https://fce.iuh.edu.vn/wp-content/uploads/2018/05/Marking-plan-final-exam.pdf,https://fce.iuh.edu.vn/department/exam-and-marking-plan-solution/,Tải về và Xem,fce.iuh.edu.vn,Khoa Công nghệ Hóa học,HCM
https://fce.iuh.edu.vn/wp-content/uploads/2018/05/Marking-plan-mild-term-1.pdf,https://fce.iuh.edu.vn/department/marking-plan-of-mild-term-exam-solution-organic-chemistry-course-2104419-dhho-11-examination-day-1-6-2017/,Tải về và Xem,fce.iuh.edu.vn,Khoa Công nghệ Hóa học,HCM
https://fce.iuh.edu.vn/wp-content/uploads/2018/05/THIETBI.pdf,https://fce.iuh.edu.vn/department/facilities/,Tải về và Xem,fce.iuh.edu.vn,Khoa Công nghệ Hóa học,HCM
https://fce.iuh.edu.vn/wp-content/uploads/2018/05/TỔNG-HỢP-ĐĂNG-TUYỂN.pdf,https://fce.iuh.edu.vn/employments/employment-information/,Tải về và Xem,fce.iuh.edu.vn,Khoa Công nghệ Hóa học,HCM
https://fce.iuh.edu.vn/wp-content/uploads/2018/05/danh-sach_hoi_dong_thuc_tap_dh_pt_10-SV-1.pdf,https://fce.iuh.edu.vn/department/department-of-analytical-chemistry-list-of-internship-committee-for-class-dhpt10a/,Tải về và Xem,fce.iuh.edu.vn,Khoa Công nghệ Hóa học,HCM
https://fce.iuh.edu.vn/wp-content/uploads/2018/05/huong_dan_bao_cao_tom_tat-DATN.pdf,https://fce.iuh.edu.vn/bieu-mau/huong-dan-viet-bao-cao-tom-tat-do-an-tot-nghiep/,Tải về và Xem,fce.iuh.edu.vn,Khoa Công nghệ Hóa học,HCM
https://fce.iuh.edu.vn/wp-content/uploads/2018/05/poster_doan_vandat.pdf,https://fce.iuh.edu.vn/department/lecturer-of-basic-chemistry-department-presented-poster-at-iuh-2016-international-conference/,Tải về và Xem,fce.iuh.edu.vn,Khoa Công nghệ Hóa học,HCM
https://fce.iuh.edu.vn/wp-content/uploads/2018/05/quyet-dinh-phan_cong_hoi_dong_thuc_tap_dh_pt_10-SV-1.pdf,https://fce.iuh.edu.vn/department/department-of-analytical-chemistry-decision-on-internship-committee-for-class-dhpt10a/,Tải về và Xem,fce.iuh.edu.vn,Khoa Công nghệ Hóa học,HCM
https://fce.iuh.edu.vn/wp-content/uploads/2018/05/tuyen_dung_-_huhtamaki.pdf,https://fce.iuh.edu.vn/bieu-mau/tuyen-dung-tu-cong-ty-tnhh-huhtamaki-viet-nam-2/,Tải về và Xem,fce.iuh.edu.vn,Khoa Công nghệ Hóa học,HCM
https://fce.iuh.edu.vn/wp-content/uploads/2019/01/Thong_bao_tuyen_sinh_trinh_do_thac_si_nam_2019_dot_1.pdf,https://fce.iuh.edu.vn/tin-tuc-su-kien/thong-bao-tuyen-sinh-dao-tao-trinh-do-thac-sy-nam-hoc-2019/,Tải về và Xem,fce.iuh.edu.vn,Khoa Công nghệ Hóa học,HCM
https://fce.iuh.edu.vn/wp-content/uploads/2019/02/Thong-bao-tuyen-sinh-tien-si-2019.pdf,https://fce.iuh.edu.vn/tuyen-sinh/thong-bao-tuyen-sinh-dao-tao-trinh-do-tien-si-nam-2019/,Tải về và Xem,fce.iuh.edu.vn,Khoa Công nghệ Hóa học,HCM
https://fce.iuh.edu.vn/wp-content/uploads/2019/03/Call-for-conference.pdf,https://fce.iuh.edu.vn/aun-qa-en/announcement-of-2019-symposia-conference-chemistry-and-application/,Tải về và Xem,fce.iuh.edu.vn,Khoa Công nghệ Hóa học,HCM
https://fce.iuh.edu.vn/wp-content/uploads/2019/03/Conferrence_program_2019_newest_vn.pdf,https://fce.iuh.edu.vn/tin-tuc-su-kien/chuong-trinh-hoi-nghi-hoa-hoc-ung-dung-nganh-hoa-du-kien/,Tải về và Xem,fce.iuh.edu.vn,Khoa Công nghệ Hóa học,HCM
https://fce.iuh.edu.vn/wp-content/uploads/2019/03/International_exchange_students_ENGLISH_2019.pdf,https://fce.iuh.edu.vn/tin-tuc-su-kien/danh-sach-sinh-vien-khoa-cong-nghe-hoa-hoc-dang-ky-di-trao-doi-sinh-vien-2019-tinh-den-ngay-13-03-2019/,Tải về và Xem,fce.iuh.edu.vn,Khoa Công nghệ Hóa học,HCM
https://fce.iuh.edu.vn/wp-content/uploads/2019/05/CODE_A-.pdf,https://fce.iuh.edu.vn/bieu-mau/danh-sach-poster-tinh-den-16g-ngay-07-05-2019/,CODE_A ;,fce.iuh.edu.vn,Khoa Công nghệ Hóa học,HCM
https://fce.iuh.edu.vn/wp-content/uploads/2019/05/CODE_B.pdf,https://fce.iuh.edu.vn/bieu-mau/danh-sach-poster-tinh-den-16g-ngay-07-05-2019/,CODE_B ;,fce.iuh.edu.vn,Khoa Công nghệ Hóa học,HCM
https://fce.iuh.edu.vn/wp-content/uploads/2019/05/CODE_C.pdf,https://fce.iuh.edu.vn/bieu-mau/danh-sach-poster-tinh-den-16g-ngay-07-05-2019/,CODE_C ;,fce.iuh.edu.vn,Khoa Công nghệ Hóa học,HCM
https://fce.iuh.edu.vn/wp-content/uploads/2019/05/CODE_D.pdf,https://fce.iuh.edu.vn/bieu-mau/danh-sach-poster-tinh-den-16g-ngay-07-05-2019/,CODE_D ;,fce.iuh.edu.vn,Khoa Công nghệ Hóa học,HCM
https://fce.iuh.edu.vn/wp-content/uploads/2019/05/CODE_E.pdf,https://fce.iuh.edu.vn/bieu-mau/danh-sach-poster-tinh-den-16g-ngay-07-05-2019/,CODE_E,fce.iuh.edu.vn,Khoa Công nghệ Hóa học,HCM
https://fce.iuh.edu.vn/wp-content/uploads/2019/05/POSTER_SAMPLE_A1.pdf,https://fce.iuh.edu.vn/bieu-mau/danh-sach-poster-tinh-den-16g-ngay-07-05-2019/,POSTER_SAMPLE_A1,fce.iuh.edu.vn,Khoa Công nghệ Hóa học,HCM
https://fce.iuh.edu.vn/wp-content/uploads/2019/05/PROGRAM_CAC_27052019.pdf,https://fce.iuh.edu.vn/bieu-mau/danh-sach-poster-tinh-den-16g-ngay-07-05-2019/,Tải về và Xem,fce.iuh.edu.vn,Khoa Công nghệ Hóa học,HCM
https://fce.iuh.edu.vn/wp-content/uploads/2019/10/14-10-2019_08.19.42thong_bao_chuong_trinh_hoc_bong.pdf,https://fce.iuh.edu.vn/hoc-vu/chuong-trinh-hoc-bong-gieo-hat-giong-tuong-lai/,Tải về và Xem,fce.iuh.edu.vn,Khoa Công nghệ Hóa học,HCM
https://fce.iuh.edu.vn/wp-content/uploads/2020/01/Thong_bao_01-hoi_thao-20_newest.pdf,https://fce.iuh.edu.vn/ket-noi-doanh-nghiep/hoi-thao-quoc-te-ve-hoa-hoc-ung-dung-nam-2020-fce-iuh/,Tải về và Xem,fce.iuh.edu.vn,Khoa Công nghệ Hóa học,HCM
https://fce.iuh.edu.vn/wp-content/uploads/2020/03/Thong_bao_02_06032020-1.pdf,https://fce.iuh.edu.vn/ket-noi-doanh-nghiep/thong-bao-so-2-hoi-thao-quoc-te-lan-thu-4-khoa-cong-nghe-hoa-hoc/,Tải về và Xem,fce.iuh.edu.vn,Khoa Công nghệ Hóa học,HCM
https://fce.iuh.edu.vn/wp-content/uploads/2020/03/call_for_conference_2020-poster-1.pdf,https://fce.iuh.edu.vn/ket-noi-doanh-nghiep/thong-bao-so-2-hoi-thao-quoc-te-lan-thu-4-khoa-cong-nghe-hoa-hoc/,call_for_conference_2020 poster,fce.iuh.edu.vn,Khoa Công nghệ Hóa học,HCM
https://fce.iuh.edu.vn/wp-content/uploads/2020/05/international-program-2020-02072020.pdf,https://fce.iuh.edu.vn/ket-noi-doanh-nghiep/thong-bao-so-3-hoi-thao-hoa-hoc-va-ung-dung-2020/,Tải về và Xem,fce.iuh.edu.vn,Khoa Công nghệ Hóa học,HCM
https://fce.iuh.edu.vn/wp-content/uploads/2020/07/PROGRAM_INTERNATIONAL_2020.pdf,https://fce.iuh.edu.vn/thong-bao/chuong-trinh-hoi-thao-quoc-te-nam-2020-chinh-thuc-cua-khoa-cong-nghe-hoa-hoc-dai-hoc-con-nghiep-thanh-pho-ho-chi-minh/,Tải về và Xem,fce.iuh.edu.vn,Khoa Công nghệ Hóa học,HCM
https://fce.iuh.edu.vn/wp-content/uploads/2020/08/tb_65-gio-hoc-moi-tu-2020.2021.pdf,https://fce.iuh.edu.vn/hoc-vu/quy-dinh-ve-gio-hoc-va-gio-thi-cua-truong-ke-tu-nam-hoc-2020-2021/,Tải về và Xem,fce.iuh.edu.vn,Khoa Công nghệ Hóa học,HCM
https://fce.iuh.edu.vn/wp-content/uploads/2020/11/thong-bao-xet-cap-hoc-bong-vuot-kho-hieu-hoc-nam-2020.pdf,https://fce.iuh.edu.vn/hoc-vu/thong-bao-nhan-ho-so-xin-xet-cap-hoc-bong-vuot-kho-2020/,Tải về và Xem,fce.iuh.edu.vn,Khoa Công nghệ Hóa học,HCM
https://fce.iuh.edu.vn/wp-content/uploads/2021/07/DANHSACH_SEMINAR_HOAPHANTICH_17072021.pdf,https://fce.iuh.edu.vn/thong-bao/hoi-thao-gop-y-chuyen-mon-cho-hoc-vien-cao-hoc-hoa-phan-tich-va-cnhh/,Tải về và Xem,fce.iuh.edu.vn,Khoa Công nghệ Hóa học,HCM
https://fce.iuh.edu.vn/wp-content/uploads/2021/08/01.-Abstract-book._HOA-SINH-TP-MTR-EDITED.pdf,https://fce.iuh.edu.vn/doan-the/tong-ket-hoi-thao-khoa-hoc-tre-lan-3-2021-cua-khoa-cong-nghe-hoa-hoc/,Tải về và Xem,fce.iuh.edu.vn,Khoa Công nghệ Hóa học,HCM
https://fce.iuh.edu.vn/wp-content/uploads/2022/03/KE-HOACH-SEMINAR_HK2_2022_25032022.pdf,https://fce.iuh.edu.vn/thong-bao/ke-hoach-hoi-thao-cap-khoa-cong-nghe-hoa-hoc-tu-thang-03-05-2022/,Tải về và Xem,fce.iuh.edu.vn,Khoa Công nghệ Hóa học,HCM
https://fce.iuh.edu.vn/wp-content/uploads/2022/03/KE-HOẠCH-DỤ-GIỜ-KHOA-CNHH_HK2_2021_2022_revised.pdf,https://fce.iuh.edu.vn/thong-bao/ke-hoach-du-gio-hoc-ky-2-nam-hoc-2021-2022/,Tải về và Xem,fce.iuh.edu.vn,Khoa Công nghệ Hóa học,HCM
https://fce.iuh.edu.vn/wp-content/uploads/2022/04/formdangkygiangdaytienganh_FCE_19042022.pdf,https://fce.iuh.edu.vn/thong-bao/danh-sach-gv-fce-va-nuoc-ngoai-giang-day-co-ho-tro-tieng-anh-va-hoan-toan-tieng-anh-tu-2022/,Tải về và Xem,fce.iuh.edu.vn,Khoa Công nghệ Hóa học,HCM
https://fce.iuh.edu.vn/wp-content/uploads/2022/05/Thong_bao_01_10052022-2.pdf,https://fce.iuh.edu.vn/thong-bao/hoi-thao-quoc-te-hoa-hoc-va-ung-dung-2022-caa-fce-2022/,Tải về và Xem,fce.iuh.edu.vn,Khoa Công nghệ Hóa học,HCM
https://fce.iuh.edu.vn/wp-content/uploads/2022/06/CAA-2022-KTKVO-SZ6.pdf,https://fce.iuh.edu.vn/thong-bao/chuong-trinh-hoi-thao-quoc-te-hoa-hoc-ung-dung-nganh-hoa-14-15-07-2022/,Tải về và Xem,fce.iuh.edu.vn,Khoa Công nghệ Hóa học,HCM
https://fce.iuh.edu.vn/wp-content/uploads/2022/10/3.7.2022_Thong-bao-thuc-tap-_K15.pdf,https://fce.iuh.edu.vn/ket-noi-doanh-nghiep/thong-bao-v-v-thuc-tap-doanh-nghiep-cac-lop-khoa-15-tu-20-7-31-8-2022/,3.7.2022_Thong bao thuc tap _K15,fce.iuh.edu.vn,Khoa Công nghệ Hóa học,HCM
https://fce.iuh.edu.vn/wp-content/uploads/2022/11/Chuong-trinh-Thac-si_HPT_Ung-dung_2022_Cong-khai.pdf,https://fce.iuh.edu.vn/dao-tao/chuong-trinh-nganh-hoa-phan-tich-trinh-do-thac-si/,Tải về và Xem,fce.iuh.edu.vn,Khoa Công nghệ Hóa học,HCM
https://fce.iuh.edu.vn/wp-content/uploads/2022/11/Chuong-trinh-Thac-si_KTHH_Ung-dung_2022_Cong-khai.pdf,https://fce.iuh.edu.vn/dao-tao/chuong-trinh-nganh-ky-thuat-hoa-hoc-trinh-do-thac-si/,Tải về và Xem,fce.iuh.edu.vn,Khoa Công nghệ Hóa học,HCM
https://fce.iuh.edu.vn/wp-content/uploads/2022/11/Chuong-trinh-Tien-si_KTHH_2022_Cong-khai.pdf,https://fce.iuh.edu.vn/dao-tao/chuong-trinh-nganh-ky-thuat-hoa-hoc-trinh-do-tien-si/,Tải về và Xem,fce.iuh.edu.vn,Khoa Công nghệ Hóa học,HCM
https://fce.iuh.edu.vn/wp-content/uploads/2022/11/Chuong-trinh-dao-tao_Ky-thuat-Hoa-phan-tich_DHCQ_2022_Cong-khai.pdf,https://fce.iuh.edu.vn/dao-tao/chuong-trinh-dao-tao-nganh-hoa-phan-tich-he-dai-hoc/,Tải về và Xem,fce.iuh.edu.vn,Khoa Công nghệ Hóa học,HCM
https://fce.iuh.edu.vn/wp-content/uploads/2023/02/QD-275_22.02.2023_Cap-hoc-bong-cho-03-hv-co-bai-bao-QT.pdf,https://fce.iuh.edu.vn/hoc-vu/qd-trao-hoc-bong-toan-khoa-cho-hoc-vien-cao-hoc-co-thanh-tich-nckh/,Tải về và Xem,fce.iuh.edu.vn,Khoa Công nghệ Hóa học,HCM
https://fce.iuh.edu.vn/wp-content/uploads/2023/04/AGENDA_23_4_23.pdf,https://fce.iuh.edu.vn/ket-noi-doanh-nghiep/hoi-thao-gioi-thieu-vi-tri-viec-lam-va-co-hoi-nghe-nghiep-cho-nganh-cong-nghe-loc-hoa-dau/,Tải về và Xem,fce.iuh.edu.vn,Khoa Công nghệ Hóa học,HCM
https://fce.iuh.edu.vn/wp-content/uploads/2023/04/tb55.pdf,https://fce.iuh.edu.vn/hoc-vu/thong-bao-v-v-ho-tro-chi-phi-hoc-tap-hoc-ky-ii-nam-hoc-2022-2023/,Tải về và Xem,fce.iuh.edu.vn,Khoa Công nghệ Hóa học,HCM
https://fce.iuh.edu.vn/wp-content/uploads/2023/04/thong-bao-65-20230428121251-e.pdf,https://fce.iuh.edu.vn/hoc-vu/thong-bao-dang-ky-de-tai-cap-truong-nam-2023/,Tải về và Xem,fce.iuh.edu.vn,Khoa Công nghệ Hóa học,HCM
https://fce.iuh.edu.vn/wp-content/uploads/2023/05/TB-69_Si-quan-du-bi-2023.pdf,https://fce.iuh.edu.vn/tin-tuc-su-kien/tuyen-si-quan-du-bi-danh-cho-nam-sinh-vien-khoa-hoa-nam-2023/,Tải về và Xem,fce.iuh.edu.vn,Khoa Công nghệ Hóa học,HCM
https://fce.iuh.edu.vn/wp-content/uploads/2023/06/2023_BIEU-MAU_KhoaluanTN_TTDN_KTCM.pdf,https://fce.iuh.edu.vn/hoc-vu/quy-dinh-ve-trinh-bay-cuon-bao-cao-khoa-luan-thuc-tap-va-kien-tap-ap-dung-tu-2023/,Tải về và Xem,fce.iuh.edu.vn,Khoa Công nghệ Hóa học,HCM
https://fce.iuh.edu.vn/wp-content/uploads/2023/06/Chuong-trinh-dao-tao_Cong-nghe-Ky-thuat-Hoa-hoc_DHCQ_2022_Cong-khai_new.pdf,https://fce.iuh.edu.vn/dao-tao/chuong-trinh-dao-tao-nganh-cong-nghe-ky-thuat-hoa-hoc-he-dai-hoc/,Chuong-trinh-dao-tao_Cong-nghe-Ky-thuat-Hoa-hoc_DHCQ_2022_Cong-khai_new,fce.iuh.edu.vn,Khoa Công nghệ Hóa học,HCM
https://fce.iuh.edu.vn/wp-content/uploads/2023/08/03.-Conference-with-TUT-and-FCE-05092023_final_web.pdf,https://fce.iuh.edu.vn/nghien-cuu/fces-international-conference-2023/,Tải về và Xem,fce.iuh.edu.vn,Khoa Công nghệ Hóa học,HCM
https://fce.iuh.edu.vn/wp-content/uploads/2023/09/CE-Information-of-academic-staff-website.pdf,https://fce.iuh.edu.vn/gioi-thieu/list-of-ce-academic-staff/,Tải về và Xem,fce.iuh.edu.vn,Khoa Công nghệ Hóa học,HCM
https://fce.iuh.edu.vn/wp-content/uploads/2023/09/FYP-to-manuscript-desktop.pdf,https://fce.iuh.edu.vn/aun-qa-en/international-seminar-tips-tricks-of-publication-in-high-impact-journal-application-of-software-apps/,Tải về và Xem,fce.iuh.edu.vn,Khoa Công nghệ Hóa học,HCM
https://fce.iuh.edu.vn/wp-content/uploads/2023/10/15_DS-GVCN-Khoa-Cong-nghe-Hoa.pdf,https://fce.iuh.edu.vn/gioi-thieu/danh-sach-gvcn-nam-hoc-2023-2024/,Tải về và Xem,fce.iuh.edu.vn,Khoa Công nghệ Hóa học,HCM
https://fce.iuh.edu.vn/wp-content/uploads/2023/10/POSTER-ELO_CLO.pdf,https://fce.iuh.edu.vn/academic/programme-educational-objectives-and-programme-learning-outcomes/,Tải về và Xem,fce.iuh.edu.vn,Khoa Công nghệ Hóa học,HCM
https://fce.iuh.edu.vn/wp-content/uploads/2023/10/Poster_Cretion_01_Vietnamese.pdf,https://fce.iuh.edu.vn/hoc-vu/muc-tieu-va-chuan-dau-ra-cua-ctdt-dai-hoc-nganh-cong-nghe-ky-thuat-hoa-hoc/,Tải về và Xem,fce.iuh.edu.vn,Khoa Công nghệ Hóa học,HCM
https://fce.iuh.edu.vn/wp-content/uploads/2023/10/Programme-specification-2022.pdf,https://fce.iuh.edu.vn/academic/programme-specification-2022/,Tải về và Xem,fce.iuh.edu.vn,Khoa Công nghệ Hóa học,HCM
https://fce.iuh.edu.vn/wp-content/uploads/2023/11/01.-Chuon-trinh-hoi-thao_thailan_nhat_ban_vn_20112023-1.pdf,https://fce.iuh.edu.vn/enterprise-linkages/international-conference-between-faculty-of-chemical-engineering-iuh-and-thamasat-univeristy/,01.International conference of FCE on 16 November 2023 from 13.00 to 17.30,fce.iuh.edu.vn,Khoa Công nghệ Hóa học,HCM
https://fce.iuh.edu.vn/wp-content/uploads/2023/11/20231201_Hoi-thao-Ung-dung-tinh-dau.pdf,https://fce.iuh.edu.vn/tin-tuc-su-kien/hoi-thao-ung-dung-tinh-dau-tu-cay-huong-thao-lam-dong-trong-san-xuat-cac-san-pham-cham-soc-ca-nhan-khoa-cong-nghe-hoa-hoc/,20231201_Hoi-thao-Ung-dung-tinh-dau,fce.iuh.edu.vn,Khoa Công nghệ Hóa học,HCM
https://fce.iuh.edu.vn/wp-content/uploads/2023/11/Cyclobenzoins-Bridging-the-Extrinsic-and-Intrinsic-Porosity-Prof-Ognjen-S-Miljanic.pdf,https://fce.iuh.edu.vn/tin-tuc-su-kien/semiar-vat-lieu-y-sinh-va-pin-nhien-lieu/,Tải về và Xem,fce.iuh.edu.vn,Khoa Công nghệ Hóa học,HCM
https://fce.iuh.edu.vn/wp-content/uploads/2023/11/TB-1740-2023-thoi-han-hoc-tap.pdf,https://fce.iuh.edu.vn/hoc-vu/thoi-han-hoc-tap-tai-truong-tb-so-1740-2023/,Tải về và Xem,fce.iuh.edu.vn,Khoa Công nghệ Hóa học,HCM
https://fce.iuh.edu.vn/wp-content/uploads/2024/02/Programme-specification-MCE-for-Candidates-2022.pdf,https://fce.iuh.edu.vn/academic/programme-specification-in-master-of-chemical-engineering-2022-for-candidates/,Tải về và Xem,fce.iuh.edu.vn,Khoa Công nghệ Hóa học,HCM
https://fce.iuh.edu.vn/wp-content/uploads/2024/02/Programme-specification-MCE-for-Employers-2022.pdf,https://fce.iuh.edu.vn/academic/programme-specification-in-master-of-chemical-engineering-2022-for-employers-and-alumni/,Tải về và Xem,fce.iuh.edu.vn,Khoa Công nghệ Hóa học,HCM
https://fce.iuh.edu.vn/wp-content/uploads/2024/02/Programme-specification-Master-CE-2022-VN.pdf,https://fce.iuh.edu.vn/dao-tao/ban-mo-ta-chuong-trinh-dao-tao-thac-si-nganh-ky-thuat-hoa-hoc-2022/,Tải về và Xem,fce.iuh.edu.vn,Khoa Công nghệ Hóa học,HCM
https://fce.iuh.edu.vn/wp-content/uploads/2024/02/Programme-specification-Master-CE-2022.pdf,https://fce.iuh.edu.vn/enterprise-linkages/programme-specification-in-master-of-chemical-engineering-2022/,Tải về và Xem,fce.iuh.edu.vn,Khoa Công nghệ Hóa học,HCM
https://fce.iuh.edu.vn/wp-content/uploads/2024/04/Lich-thi-HK2_Thong-bao.pdf,https://fce.iuh.edu.vn/hoc-vu/lich-thi-cuoi-hk2-2023-2024/,Tải về và Xem,fce.iuh.edu.vn,Khoa Công nghệ Hóa học,HCM
https://fce.iuh.edu.vn/wp-content/uploads/2024/04/thong-bao-hoc-bong-cong-ty-tnhh-sailun-viet-nam.pdf,https://fce.iuh.edu.vn/hoc-vu/tb-nop-ho-so-xet-hoc-bong-cua-cong-ty-sailun-viet-nam/,Tải về và Xem,fce.iuh.edu.vn,Khoa Công nghệ Hóa học,HCM
https://fce.iuh.edu.vn/wp-content/uploads/2024/05/03.-Agneda_FCE_IUH_HUE_moi-thay-doi-.pdf,https://fce.iuh.edu.vn/nghien-cuu/hoi-thao-khoa-hock-khoa-cong-nghe-hoa-hoc-dai-hoc-khoa-hoc-hue/,Tải về và Xem,fce.iuh.edu.vn,Khoa Công nghệ Hóa học,HCM
https://fce.iuh.edu.vn/wp-content/uploads/2024/05/Agenda-15052024_phamcy-1.pdf,https://fce.iuh.edu.vn/dao-tao/hoi-thao-quoc-te-nganh-duoc/,Agenda-15052024_phamcy-1,fce.iuh.edu.vn,Khoa Công nghệ Hóa học,HCM
https://fce.iuh.edu.vn/wp-content/uploads/2024/05/Agenda_duoc_trang.pdf,https://fce.iuh.edu.vn/dao-tao/hoi-thao-quoc-te-nganh-duoc/,Agenda_duoc_trang,fce.iuh.edu.vn,Khoa Công nghệ Hóa học,HCM
https://fce.iuh.edu.vn/wp-content/uploads/2024/05/List-publication-2020-da-gop.pdf,https://fce.iuh.edu.vn/news-events/list-of-publication-papers-of-fce-from-2020-to-2024/,Tải về và Xem,fce.iuh.edu.vn,Khoa Công nghệ Hóa học,HCM
https://fce.iuh.edu.vn/wp-content/uploads/2024/05/Prizes-of-FCE-and-lectuers_outstanding-in-research-from-2022-to-2023.pdf,https://fce.iuh.edu.vn/news-events/lists-of-prize-about-outstanding-research-of-fce/,Tải về và Xem,fce.iuh.edu.vn,Khoa Công nghệ Hóa học,HCM
https://fce.iuh.edu.vn/wp-content/uploads/2024/05/a.-Danh-muc-ke-khai-khen-thuong-tap-the-khoa_baibaouytin.pdf,https://fce.iuh.edu.vn/enterprise-linkages/lists-of-publication-papers-of-fce-and-basic-chemistry-devision-in-2024/,Tải về và Xem,fce.iuh.edu.vn,Khoa Công nghệ Hóa học,HCM
https://fce.iuh.edu.vn/wp-content/uploads/2024/05/list-of-student_award.pdf,https://fce.iuh.edu.vn/aun-qa-en/master-students-got-full-scholarship-from-publication-papers-and-full-tuition-fee/,Tải về và Xem,fce.iuh.edu.vn,Khoa Công nghệ Hóa học,HCM
https://fce.iuh.edu.vn/wp-content/uploads/2024/08/DS-dang-ky-chuyen-nganh-Phan-tich-Hoa-duoc_2024.pdf,https://fce.iuh.edu.vn/hoc-vu/danh-sach-dang-ky-chuyen-nganh-2024/,Tải về và Xem,fce.iuh.edu.vn,Khoa Công nghệ Hóa học,HCM
https://fce.iuh.edu.vn/wp-content/uploads/2025/05/02.-Chuon-trinh_seminar_12052025-1.pdf,https://fce.iuh.edu.vn/nghien-cuu/bao-cao-seminar-cua-gs-miljanic-ognjen-s/,Tải về và Xem,fce.iuh.edu.vn,Khoa Công nghệ Hóa học,HCM
https://fce.iuh.edu.vn/wp-content/uploads/2025/05/Application-Form-for-Mobility-Inbound-2025.pdf,https://fce.iuh.edu.vn/hoc-vu/chuong-trinh-trao-doi-sinh-vien-hoc-ky-mua-thu-nam-2025-dai-hoc-pahang-malaysia/,Tải về và Xem,fce.iuh.edu.vn,Khoa Công nghệ Hóa học,HCM
https://fce.iuh.edu.vn/wp-content/uploads/2025/05/FCE-Conference-Announcement_10-9-2025.pdf,https://fce.iuh.edu.vn/educational-affairs/conference-announcement-2/,Tải về và Xem,fce.iuh.edu.vn,Khoa Công nghệ Hóa học,HCM
https://fce.iuh.edu.vn/wp-content/uploads/2025/05/Thong-bao-che-do-uu-dai-cho-Sinh-vien-hoc-Cao-hoc.pdf,https://fce.iuh.edu.vn/tin-tuc-su-kien/thong-baove-che-do-uu-dai-cho-sinh-vien-du-kien-hoc-chuong-trinh-dao-tao-thac-si/,Tải về và Xem,fce.iuh.edu.vn,Khoa Công nghệ Hóa học,HCM
https://fce.iuh.edu.vn/wp-content/uploads/2025/06/Chuong-trinh_Hoi-thao_main.pdf,https://fce.iuh.edu.vn/tin-tuc-su-kien/hoi-thao-khoa-hoc-cap-quoc-gia-lan-thu-xi-hoa-vo-co-phan-bon-dat-hiem-phan-tich/,Tải về và Xem,fce.iuh.edu.vn,Khoa Công nghệ Hóa học,HCM
https://fce.iuh.edu.vn/wp-content/uploads/2025/06/Ke-hoach-Hoi-thao-Quoc-gia-khoa-CNHH-17.7.2025.pdf,https://fce.iuh.edu.vn/tin-tuc-su-kien/hoi-thao-khoa-hoc-cap-quoc-gia-lan-thu-xi-hoa-vo-co-phan-bon-dat-hiem-phan-tich/,Ke-hoach-Hoi-thao-Quoc-gia-khoa-CNHH-17.7.2025,fce.iuh.edu.vn,Khoa Công nghệ Hóa học,HCM
https://fce.iuh.edu.vn/wp-content/uploads/2025/08/2025-tb-879-Le-tot-nghiep-11.2025.pdf,https://fce.iuh.edu.vn/hoc-vu/ke-hoach-to-chuc-le-tot-nghiep-nam-2025/,Tải về và Xem,fce.iuh.edu.vn,Khoa Công nghệ Hóa học,HCM
https://fce.iuh.edu.vn/wp-content/uploads/2025/08/Thong-bao-tuyen-thuc-tap-sinh-2025.pdf,https://fce.iuh.edu.vn/viec-lam-tuyen-dung/cong-ty-cp-phan-bon-dau-khi-ca-mau-tuyen-thuc-tap-sinh/,Tải về và Xem,fce.iuh.edu.vn,Khoa Công nghệ Hóa học,HCM
https://fce.iuh.edu.vn/wp-content/uploads/2025/08/Tuyen-Dung-DH.pdf,https://fce.iuh.edu.vn/viec-lam-tuyen-dung/tuyen-dung-tu-cong-ty-moi-truong-duong-huynh/,Tải về và Xem,fce.iuh.edu.vn,Khoa Công nghệ Hóa học,HCM
https://fce.iuh.edu.vn/wp-content/uploads/2025/08/tb-1581-2024-ve-viec-hoc-tieng-anh.pdf,https://fce.iuh.edu.vn/hoc-vu/quy-dinh-v-vhoc-tieng-anh-va-nop-chung-chi-ngoai-ngu-cho-tan-sinh-vien-tu-k20-tro-ve-sau/,Tải về và Xem,fce.iuh.edu.vn,Khoa Công nghệ Hóa học,HCM
https://fce.iuh.edu.vn/wp-content/uploads/2025/08/tb_3_nop_khoa_luan_truoc_han.pdf,https://fce.iuh.edu.vn/hoc-vu/thong-bao-ve-viec-nop-khoa-luan-tn-truoc-han-hk1-2025-2026/,Tải về và Xem,fce.iuh.edu.vn,Khoa Công nghệ Hóa học,HCM
https://fce.iuh.edu.vn/wp-content/uploads/2025/08/thong-bao-tuyen-dung-nhan-vien-phoi-trộn.pdf,https://fce.iuh.edu.vn/viec-lam-tuyen-dung/cong-ty-tnhh-mtv-giai-phap-nong-nghiep-tien-tien-long-an-tuyen-dung/,Tải về và Xem,fce.iuh.edu.vn,Khoa Công nghệ Hóa học,HCM
https://fce.iuh.edu.vn/wp-content/uploads/2025/09/Hoi-dong_bao-ve-som-KLTN_2025-2026.pdf,https://fce.iuh.edu.vn/hoc-vu/thong-bao-hoi-dong-cham-kltn-sv-xin-bao-ve-som-trong-hk1-2025-2026/,Tải về và Xem,fce.iuh.edu.vn,Khoa Công nghệ Hóa học,HCM
https://fce.iuh.edu.vn/wp-content/uploads/2025/09/TB-870-2025-Thoi-han-hoc-tap-2025.pdf,https://fce.iuh.edu.vn/hoc-vu/thong-bao-thoi-han-hoc-tap-tai-truong-qd-870-ngay-26-8-2025/,Tải về và Xem,fce.iuh.edu.vn,Khoa Công nghệ Hóa học,HCM
https://fce.iuh.edu.vn/wp-content/uploads/2025/10/21.10.25-Tuyen-dung-DH.pdf,https://fce.iuh.edu.vn/viec-lam-tuyen-dung/cong-ty-tnhh-moi-truong-duong-huynh-tuyen-dung/,Tải về và Xem,fce.iuh.edu.vn,Khoa Công nghệ Hóa học,HCM
https://fce.iuh.edu.vn/wp-content/uploads/2025/10/Final_Thong-bao_nop-bao-cao-GK_khoaluan_K17.pdf,https://fce.iuh.edu.vn/hoc-vu/bm-cong-nghe-hoa-hoc-thong-bao-nop-bao-cao-giua-ky-kltn-2025-2026/,Tải về và Xem,fce.iuh.edu.vn,Khoa Công nghệ Hóa học,HCM
https://fce.iuh.edu.vn/wp-content/uploads/2025/10/KLTN_Thong-bao-BM-Hoa-dau_GK.pdf,https://fce.iuh.edu.vn/hoc-vu/bm-cong-nghe-hoa-dau-thong-bao-nop-bao-cao-giua-ky-kltn-2025-2026/,Tải về và Xem,fce.iuh.edu.vn,Khoa Công nghệ Hóa học,HCM
https://fce.iuh.edu.vn/wp-content/uploads/2025/10/KLTN_Thong-bao_GK-_BM-PT.pdf,https://fce.iuh.edu.vn/hoc-vu/bm-phan-tich-thong-bao-ve-viec-bao-cao-giua-ky-kltn-2025-2026/,Tải về và Xem,fce.iuh.edu.vn,Khoa Công nghệ Hóa học,HCM
https://fce.iuh.edu.vn/wp-content/uploads/2025/12/2026_Le-bao-ve-luan-van-Tot-nghiep.pdf,https://fce.iuh.edu.vn/hoc-vu/mau-bang-ron-phong-hoi-dong-bao-cao-khoa-luan-tot-nghiep-2025-2026/,Tải về và Xem,fce.iuh.edu.vn,Khoa Công nghệ Hóa học,HCM
https://fce.iuh.edu.vn/wp-content/uploads/2025/12/Tuyen-Dung-Duong-Huynh.pdf,https://fce.iuh.edu.vn/viec-lam-tuyen-dung/cong-ty-tnhh-moi-truong-duong-huynh-tuyen-dung-2/,Tải về và Xem,fce.iuh.edu.vn,Khoa Công nghệ Hóa học,HCM
https://fce.iuh.edu.vn/wp-content/uploads/2025/12/tb-1829-2025-20251209031436-e.pdf,https://fce.iuh.edu.vn/hoc-vu/thong-bao-nhan-ho-so-xin-xet-tot-nghiep-dot-thang-3-2026/,Tải về và Xem,fce.iuh.edu.vn,Khoa Công nghệ Hóa học,HCM
https://fce.iuh.edu.vn/wp-content/uploads/2026/01/NISSEI_JD-Quan-ly-san-xuat.pdf,https://fce.iuh.edu.vn/viec-lam-tuyen-dung/cong-ty-nissei-tuyen-dung-quan-ly-san-xuat/,NISSEI_JD-Quan-ly-san-xuat,fce.iuh.edu.vn,Khoa Công nghệ Hóa học,HCM
https://fce.iuh.edu.vn/wp-content/uploads/2026/04/Thong-bao-83-XTN.pdf,https://fce.iuh.edu.vn/hoc-vu/thong-bao-nhan-ho-so-xin-xet-tot-nghiep-dot-7-2026/,Thong-bao-83-XTN,fce.iuh.edu.vn,Khoa Công nghệ Hóa học,HCM
https://fce.iuh.edu.vn/wp-content/uploads/2026/06/NISSEI_JD-Nhan-vien-phong-quan-ly-chat-luong.pdf,https://fce.iuh.edu.vn/viec-lam-tuyen-dung/tin-tuyen-dung-tu-cong-ty-nissei/,NISSEI_JD-Nhan-vien-phong-quan-ly-chat-luong,fce.iuh.edu.vn,Khoa Công nghệ Hóa học,HCM
https://fce.iuh.edu.vn/wp-content/uploads/2026/07/Thu-ngo-moi-tai-tro.pdf,https://fce.iuh.edu.vn/tin-tuc-su-kien/hoi-nghi-khoa-hoc-ky-thuat-phan-tich-hoa-ly-va-sinh-hoctoan-quoc-lan-thu-xii/,Thu-ngo-moi-tai-tro,fce.iuh.edu.vn,Khoa Công nghệ Hóa học,HCM
https://fce.iuh.edu.vn/wp-content/uploads/2026/08/Lich-hoc-khoa-22-Khoa-CNHH.pdf,https://fce.iuh.edu.vn/hoc-vu/thoi-khoa-bieu-hk1-2026-2027-cua-tan-sinh-vien-khoa-22-khoa-cong-nghe-hoa-hoc/,Lich-hoc-khoa-22-Khoa-CNHH,fce.iuh.edu.vn,Khoa Công nghệ Hóa học,HCM
https://fce.iuh.edu.vn/wp-content/uploads/2026/08/THONG-BAO-TUYEN-DUNG.pdf,https://fce.iuh.edu.vn/viec-lam-tuyen-dung/cong-ty-tnhh-cong-nghe-univ-lac-phat-tuyen-dung/,THONG-BAO-TUYEN-DUNG,fce.iuh.edu.vn,Khoa Công nghệ Hóa học,HCM
https://fce.iuh.edu.vn/wp-content/uploads/2026/08/qd-2489-2026-QD-Danh-gia-diem-ren-luyen.pdf,https://fce.iuh.edu.vn/hoc-vu/quy-dinh-danh-gia-ket-qua-ren-luyen-doi-voi-sinh-vien-truong-dai-hoc-cong-nghiep-tp-hcm/,qd-2489-2026-QD-Danh-gia-diem-ren-luyen,fce.iuh.edu.vn,Khoa Công nghệ Hóa học,HCM
https://fce.iuh.edu.vn/wp-content/uploads/2026/08/tb-996-2026-xet-TN-thang-10.pdf,https://fce.iuh.edu.vn/hoc-vu/thong-bao-nhan-ho-so-xin-xet-tot-nghiep-dot-thang-10-2026/,tb-996-2026-xet-TN-thang-10,fce.iuh.edu.vn,Khoa Công nghệ Hóa học,HCM
https://fce.iuh.edu.vn/wp-content/uploads/2026/09/1A.Ban-ke-hoach-1.pdf,https://fce.iuh.edu.vn/tin-tuc-su-kien/hoi-nghi-khoa-hoc-ky-thuat-phan-tich-hoa-ly-va-sinh-hoctoan-quoc-lan-thu-xii/,1A.Ban-ke-hoach-1,fce.iuh.edu.vn,Khoa Công nghệ Hóa học,HCM
https://fce.iuh.edu.vn/wp-content/uploads/2026/09/1B.Quyetdinbh-thanhlap.pdf,https://fce.iuh.edu.vn/tin-tuc-su-kien/hoi-nghi-khoa-hoc-ky-thuat-phan-tich-hoa-ly-va-sinh-hoctoan-quoc-lan-thu-xii/,1B.Quyetdinbh-thanhlap,fce.iuh.edu.vn,Khoa Công nghệ Hóa học,HCM
https://fce.iuh.edu.vn/wp-content/uploads/2026/09/1C.Thong-bao-so-1-Hoi-nghi-Phan-tich-Hoa-Ly-Sinh-2026.pdf,https://fce.iuh.edu.vn/tin-tuc-su-kien/hoi-nghi-khoa-hoc-ky-thuat-phan-tich-hoa-ly-va-sinh-hoctoan-quoc-lan-thu-xii/,1C.Thong-bao-so-1-Hoi-nghi-Phan-tich-Hoa-Ly-Sinh-2026,fce.iuh.edu.vn,Khoa Công nghệ Hóa học,HCM
https://fce.iuh.edu.vn/wp-content/uploads/2026/09/4.Minhc-hung_TCHN-resized-pdfresizer.com_.pdf,https://fce.iuh.edu.vn/tin-tuc-su-kien/hoi-nghi-khoa-hoc-ky-thuat-phan-tich-hoa-ly-va-sinh-hoctoan-quoc-lan-thu-xii/,4.Minhc-hung_TCHN-resized-pdfresizer.com_,fce.iuh.edu.vn,Khoa Công nghệ Hóa học,HCM
https://fce.iuh.edu.vn/wp-content/uploads/2026/09/Chinh-thuc_phan-cong-GVHD-KLTN-2026-2027.pdf,https://fce.iuh.edu.vn/hoc-vu/danh-sach-chinh-thuc-phan-cong-de-tai-khoa-luan-tot-nghiep-nam-hoc-2026-2027/,Chinh-thuc_phan-cong-GVHD-KLTN-2026-2027,fce.iuh.edu.vn,Khoa Công nghệ Hóa học,HCM
https://fce.iuh.edu.vn/wp-content/uploads/2026/09/Hoi-dong-danh-gia-KLTN-2026-2027_BV-som.pdf,https://fce.iuh.edu.vn/hoc-vu/lich-hoi-dong-danh-gia-kltn-2026-2027-danh-cho-sv-xin-bao-ve-som/,Hoi-dong-danh-gia-KLTN-2026-2027_BV-som,fce.iuh.edu.vn,Khoa Công nghệ Hóa học,HCM
https://fce.iuh.edu.vn/wp-content/uploads/2026/09/SV-dang-ky-mon-tu-chon-HK2.pdf,https://fce.iuh.edu.vn/hoc-vu/ho-tro-sv-dang-ky-mon-tu-chon-hk2-2026-2027/,SV-dang-ky-mon-tu-chon-HK2,fce.iuh.edu.vn,Khoa Công nghệ Hóa học,HCM
https://media.iuh.edu.vn//Media/1_eOffice_IUH/EOffice/ThongBao/202512/Documents/quy-dinh-khoa-luan-tot-nghiep-thuc-tap-doanh-nghiep-iuh-20251215031732-e.pdf,https://fce.iuh.edu.vn/hoc-vu/quy-dinh-to-chuc-thuc-hien-hoc-phan-thuc-tap-doanh-nghiep-khoa-luan-tot-nghiep-tu-nam-hoc-2026-2027-tro-ve-sau/,https://media.iuh.edu.vn//Media/1_eOffice_IUH/EOffice/ThongBao/202512/Documents/quy-dinh-khoa-luan-tot-nghiep-thuc-tap-doanh-nghiep-iuh-20251215031732-e.pdf,fce.iuh.edu.vn,Khoa Công nghệ Hóa học,HCM
https://fct.iuh.edu.vn/upload/01031018/files/CHUONG%201%20KHAI%20QUAT%20CHUNG%20V%E1%BB%80%20GT.pdf,https://fct.iuh.edu.vn/giangvien@lethihuong,Download,fct.iuh.edu.vn,Khoa Thương mại - Du lịch,HCM
https://fct.iuh.edu.vn/upload/01031018/files/Check%20List%20Tieu%20chu%E1%BA%A9n%20chuyen%20c%E1%BA%A7n%20tich%20c%E1%BB%B1c%20mon%20h%E1%BB%8Dc%202021-2022.pdf,https://fct.iuh.edu.vn/giangvien@lethihuong,Download,fct.iuh.edu.vn,Khoa Thương mại - Du lịch,HCM
https://fct.iuh.edu.vn/upload/01031018/files/GIAO%20TRINH%20KNGT-TS%20LE%20TH%E1%BB%8A%20HUONG.pdf,https://fct.iuh.edu.vn/giangvien@lethihuong,Download,fct.iuh.edu.vn,Khoa Thương mại - Du lịch,HCM
https://fct.iuh.edu.vn/upload/01031018/files/chuong%207%20y%20chi%2C%20hanh%20d%E1%BB%99ng%20y%20chi.pdf,https://fct.iuh.edu.vn/giangvien@lethihuong,Download,fct.iuh.edu.vn,Khoa Thương mại - Du lịch,HCM
https://fct.iuh.edu.vn/upload/01031021/files/TAI%20LI%E1%BB%86U%20H%E1%BB%8CC%20T%E1%BA%ACP%20VA%20THAM%20KH%E1%BA%A2O%20H%E1%BB%8CC%20PH%E1%BA%A6N%20QTDL.pdf,https://fct.iuh.edu.vn/giangvien@tatuongvi,Download,fct.iuh.edu.vn,Khoa Thương mại - Du lịch,HCM
https://fct.iuh.edu.vn/upload/01031022/files/KE%20HOACH%20%20KLTN%20K17%20HK2%202024_2025.pdf,"https://fct.iuh.edu.vn/news.html@detail@271@1116@Ke-hoach-trien-khai-thuc-hien-KLTN_-Danh-sach-ten-de-tai-cung-GVHD-Khoa-luan-TN-cua-sinh-vien-nganh-QTDVDL&LH-K17A,B-da-dang-ky-",Download file,fct.iuh.edu.vn,Khoa Thương mại - Du lịch,HCM
https://fct.iuh.edu.vn/upload/01126014/files/TAI%20LI%E1%BB%86U%20H%E1%BB%8CC%20T%E1%BA%ACP%20VA%20THAM%20KH%E1%BA%A2O%20H%E1%BB%8CC%20PH%E1%BA%A6N%20QTDL.pdf,https://fct.iuh.edu.vn/giangvien@nguyenanhloi,Download,fct.iuh.edu.vn,Khoa Thương mại - Du lịch,HCM
https://fct.iuh.edu.vn/upload/01140030/files/%20KE%CC%82%CC%81%20HOA%CC%A3CH%20PHA%CC%82N%20CO%CC%82NG%20KHOA%CC%81%20LUA%CC%A3%CC%82N%20K17_QTKS_HK2(24-25).pdf,"https://fct.iuh.edu.vn/news.html@detail@271@1117@KE-HOACH-KHOA-LUAN-KHOA-17,-HOC-KY-2-NAM-HOC-2024-2025",Download file,fct.iuh.edu.vn,Khoa Thương mại - Du lịch,HCM
https://fct.iuh.edu.vn/upload/01920006/files/K%E1%BA%BF%20ho%E1%BA%A1ch%2034%20KLTN%20(g%E1%BB%ADi%20sv).pdf,https://fct.iuh.edu.vn/news.html@detail@271@1198@Ke-hoach-Bao-ve-khoa-luan-nganh-Kinh-doanh-quoc-te-HK1.2025-2026,Download file,fct.iuh.edu.vn,Khoa Thương mại - Du lịch,HCM
https://fct.iuh.edu.vn/upload/0199900064/files/Turban_E_King_D_Lee_J_K_Liang_T_P_and_Tu.pdf,https://fct.iuh.edu.vn/giangvien@nguyenthiphuonggiang,Download,fct.iuh.edu.vn,Khoa Thương mại - Du lịch,HCM
https://fct.iuh.edu.vn/upload/files/(420300288909)%20-%20TTDN1_DHTMDT16_HE_2122.pdf,"https://fct.iuh.edu.vn/news.html@detail@309@645@Thong-bao-ve-bao-cao-ket-qua-Thuc-tap-doanh-nghiep-1,-hoc-ki-he,-2021-2022",Download file,fct.iuh.edu.vn,Khoa Thương mại - Du lịch,HCM
https://fct.iuh.edu.vn/upload/files/08_2022_Mobifone_BANG%20TIN%20TUYEN%20DUNG.pdf,https://fct.iuh.edu.vn/category.html@312@Lien-ket-doanh-nghiep,Download file,fct.iuh.edu.vn,Khoa Thương mại - Du lịch,HCM
https://fct.iuh.edu.vn/upload/files/2022/09.2022/Don%20xin%20chuy%E1%BB%83n%20nganh.pdf,https://fct.iuh.edu.vn/bieumau.html@266@Bieu-mau,,fct.iuh.edu.vn,Khoa Thương mại - Du lịch,HCM
https://fct.iuh.edu.vn/upload/files/2022/09.2022/Don%20xin%20ngh%E1%BB%89%20h%E1%BB%8Dc%20t%E1%BA%A1m%20th%E1%BB%9Di.pdf,https://fct.iuh.edu.vn/bieumau.html@266@Bieu-mau,,fct.iuh.edu.vn,Khoa Thương mại - Du lịch,HCM
https://fct.iuh.edu.vn/upload/files/2022/09.2022/Don%20xin%20nh%E1%BA%ADp%20h%E1%BB%8Dc%20tr%E1%BB%9F%20l%E1%BA%A1i.pdf,https://fct.iuh.edu.vn/bieumau.html@266@Bieu-mau,,fct.iuh.edu.vn,Khoa Thương mại - Du lịch,HCM
https://fct.iuh.edu.vn/upload/files/2022/1410_QD_DHCN_11_06_2018.pdf,https://fct.iuh.edu.vn/news.html@detail@295@700@Chuong-trinh-dao-tao-nganh-Quan-tri-Dich-vu-du-lich-va-lu-hanh,Download file,fct.iuh.edu.vn,Khoa Thương mại - Du lịch,HCM
https://fct.iuh.edu.vn/upload/files/2022/723_QD-BGDDT_25_02_2013.pdf,https://fct.iuh.edu.vn/category.html@222@Thuong-mai-dien-tu,Download file,fct.iuh.edu.vn,Khoa Thương mại - Du lịch,HCM
https://fct.iuh.edu.vn/upload/files/2022/Ke%20hoach%20chuyen%20de%20HON%20NHAN.pdf,https://fct.iuh.edu.vn/news.html@detail@256@731@Hoi-thao-Phong-tuc-hon-nhan-truyen-thong-Viet-Nam,Download file,fct.iuh.edu.vn,Khoa Thương mại - Du lịch,HCM
https://fct.iuh.edu.vn/upload/files/2022/Nganh%20Kinh%20doanh%20Quoc%20te.pdf,https://fct.iuh.edu.vn/category.html@213@Kinh-doanh-Quoc-te,Download file,fct.iuh.edu.vn,Khoa Thương mại - Du lịch,HCM
https://fct.iuh.edu.vn/upload/files/2024/2024_08_01-TB-888-Tuyen-sinh-thac-si-2024-2-chung%20ccccccc(1).pdf,https://fct.iuh.edu.vn/news.html@detail@344@1049@Thong-bao-tuyen-sinh-dao-tao-trinh-do-Thac-si-nam-2024-%E2%80%93-Dot-2,Download file,fct.iuh.edu.vn,Khoa Thương mại - Du lịch,HCM
https://fct.iuh.edu.vn/upload/files/2024/KH08_HTSV.pdf,https://fct.iuh.edu.vn/news.html@detail@256@953@HOI-THAO-SINH-VIEN-NGHIEN-CUU-KHOA-HOC-CAP-KHOA-NAM-2024-(FCTSRC2024),Download file,fct.iuh.edu.vn,Khoa Thương mại - Du lịch,HCM
https://fct.iuh.edu.vn/upload/files/2024/KH10_HTGV.pdf,https://fct.iuh.edu.vn/news.html@detail@256@952@HOI-THAO-GIANG-VIEN-NGHIEN-CUU-KHOA-HOC-CAP-KHOA-NAM-2024-(FCTLRC2024),Download file,fct.iuh.edu.vn,Khoa Thương mại - Du lịch,HCM
https://fct.iuh.edu.vn/upload/files/2024/KH26_Dang%20ky%20va%20Hu%E1%BB%9Bng%20d%E1%BA%ABn%20KLTN_HK2(24-25)(1).pdf,https://fct.iuh.edu.vn/news.html@detail@264@1093@Ke-hoach-dang-ky-va-huong-dan-Khoa-luan-tot-nghiep-HK2(24-25),Download file,fct.iuh.edu.vn,Khoa Thương mại - Du lịch,HCM
https://fct.iuh.edu.vn/upload/files/2024/QT%20Th%E1%BB%A7%20t%E1%BB%A5c%20nh%E1%BA%ADp%20h%E1%BB%8Dc%20tr%E1%BB%B1c%20tuy%E1%BA%BFn%202024-2025.pdf,https://fct.iuh.edu.vn/news.html@detail@264@1037@Quy-trinh-lam-thu-tuc-nhap-hoc-truc-tuyen-nam-hoc-2024-2025,Download file,fct.iuh.edu.vn,Khoa Thương mại - Du lịch,HCM
https://fct.iuh.edu.vn/upload/files/2024/TB05_Thong%20bao%20BB%20xuat%20sac%2015052024.pdf,https://fct.iuh.edu.vn/news.html@detail@256@976@Ket-qua-hoi-thao-nghien-cuu-khoa-hoc-cua-Khoa-Thuong-mai-%E2%80%93-Du-lich-(FCTSRC2024-va-FCTLRC2024),Download file,fct.iuh.edu.vn,Khoa Thương mại - Du lịch,HCM
https://fct.iuh.edu.vn/upload/files/2025/CTDT_Khung%20QTKS_K20.pdf,https://fct.iuh.edu.vn/category.html@244@Quan-tri-khach-san,Download file,fct.iuh.edu.vn,Khoa Thương mại - Du lịch,HCM
https://fct.iuh.edu.vn/upload/files/2025/CTDT_QTDVDLLH_TCTA_K20.pdf,https://fct.iuh.edu.vn/category.html@295@Quan-tri-Dich-vu-Du-lich-&-Lu-hanh,Download file,fct.iuh.edu.vn,Khoa Thương mại - Du lịch,HCM
https://fct.iuh.edu.vn/upload/files/2025/CTDT_QTNHDVAU_K20L3.pdf,https://fct.iuh.edu.vn/category.html@294@QT-nha-hang-va-Dich-vu-an-uong,Download file,fct.iuh.edu.vn,Khoa Thương mại - Du lịch,HCM
https://fct.iuh.edu.vn/upload/files/2026/DIEU%20KIEN%20TOT%20NGHIEP%202022%20-%202026.pdf,https://fct.iuh.edu.vn/news.html@detail@355@1243@Dieu-kien-tot-nghiep-2022-2026,Download file,fct.iuh.edu.vn,Khoa Thương mại - Du lịch,HCM
https://fct.iuh.edu.vn/upload/files/2026/IUH%20Student%20Handbook%20-%202021.pdf,https://fct.iuh.edu.vn/news.html@detail@358@1235@SO-TAY-SINH-VIEN-2021,Download file,fct.iuh.edu.vn,Khoa Thương mại - Du lịch,HCM
https://fct.iuh.edu.vn/upload/files/2026/IUH%20Student%20Handbook%20-%202024(1).pdf,https://fct.iuh.edu.vn/news.html@detail@358@1237@SO-TAY-SINH-VIEN-2024,Download file,fct.iuh.edu.vn,Khoa Thương mại - Du lịch,HCM
https://fct.iuh.edu.vn/upload/files/2026/IUH%20Student%20Handbook%20-%202024.pdf,https://fct.iuh.edu.vn/news.html@detail@358@1236@SO-TAY-SINH-VIEN-2022,Download file,fct.iuh.edu.vn,Khoa Thương mại - Du lịch,HCM
https://fct.iuh.edu.vn/upload/files/2026/KH%20Khoa%20lu%E1%BA%ADn%20t%E1%BB%91t%20nghi%E1%BB%87p_HK1_26-27.pdf,"https://fct.iuh.edu.vn/news.html@detail@264@1257@Thong-bao-Ke-hoach-Khoa-luan-tot-nghiep-Hoc-ky-I,-nam-hoc-2026-2027",Download file,fct.iuh.edu.vn,Khoa Thương mại - Du lịch,HCM
https://fct.iuh.edu.vn/upload/files/2026/KH%20Th%E1%BB%B1c%20t%E1%BA%ADp%20doanh%20nghi%E1%BB%87p_HK1_26-27.pdf,"https://fct.iuh.edu.vn/news.html@detail@264@1256@Thong-bao-Ke-hoach-Thuc-tap-doanh-nghiep-Hoc-ky-I,-nam-hoc-2026-2027",Download file,fct.iuh.edu.vn,Khoa Thương mại - Du lịch,HCM
https://fct.iuh.edu.vn/upload/files/2026/PLO_ELO_Phase1_2021-2024_Vietnamese(1).pdf,https://fct.iuh.edu.vn/news.html@detail@353@1224@CHUAN-DAU-RA-CHUONG-TRINH-DAO-TAO-2021-%E2%80%93-2024,Download file,fct.iuh.edu.vn,Khoa Thương mại - Du lịch,HCM
https://fct.iuh.edu.vn/upload/files/2026/PLO_ELO_Phase2_2024-2027_Vietnamese.pdf,https://fct.iuh.edu.vn/news.html@detail@353@1225@CHUAN-DAU-RA-CHUONG-TRINH-DAO-TAO-2024-%E2%80%93-2027,Download file,fct.iuh.edu.vn,Khoa Thương mại - Du lịch,HCM
https://fct.iuh.edu.vn/upload/files/2026/Progamme%20Specification%202020.pdf,https://fct.iuh.edu.vn/news.html@detail@356@1233@BANG-MO-TA-CHUONG-TRINH-DAO-TAO-2020,Download file,fct.iuh.edu.vn,Khoa Thương mại - Du lịch,HCM
https://fct.iuh.edu.vn/upload/files/2026/Programme_Specification_2024.pdf,https://fct.iuh.edu.vn/news.html@detail@356@1234@BANG-MO-TA-CHUONG-TRINH-DAO-TAO-2024,Download file,fct.iuh.edu.vn,Khoa Thương mại - Du lịch,HCM
https://fct.iuh.edu.vn/upload/files/2026/ctk17.pdf,https://fct.iuh.edu.vn/news.html@detail@354@1226@CHUONG-TRINH-DAO-TAO-2021-2022,Download file,fct.iuh.edu.vn,Khoa Thương mại - Du lịch,HCM
https://fct.iuh.edu.vn/upload/files/2026/ctk18(1).pdf,https://fct.iuh.edu.vn/news.html@detail@354@1227@CHUONG-TRINH-DAO-TAO-2022-2023,Download file,fct.iuh.edu.vn,Khoa Thương mại - Du lịch,HCM
https://fct.iuh.edu.vn/upload/files/2026/ctk19.pdf,https://fct.iuh.edu.vn/news.html@detail@354@1228@CHUONG-TRINH-DAO-TAO-2023-2024,Download file,fct.iuh.edu.vn,Khoa Thương mại - Du lịch,HCM
https://fct.iuh.edu.vn/upload/files/2026/ctk20-TA.pdf,https://fct.iuh.edu.vn/news.html@detail@354@1231@CHUONG-TRINH-DAO-TAO-TCTA-2024-2025,Download file,fct.iuh.edu.vn,Khoa Thương mại - Du lịch,HCM
https://fct.iuh.edu.vn/upload/files/2026/ctk20.pdf,https://fct.iuh.edu.vn/news.html@detail@354@1229@CHUONG-TRINH-DAO-TAO-2024-2025,Download file,fct.iuh.edu.vn,Khoa Thương mại - Du lịch,HCM
https://fct.iuh.edu.vn/upload/files/2026/ctk21-TA.pdf,https://fct.iuh.edu.vn/news.html@detail@354@1232@CHUONG-TRINH-DAO-TAO-TCTA-2025-2026,Download file,fct.iuh.edu.vn,Khoa Thương mại - Du lịch,HCM
https://fct.iuh.edu.vn/upload/files/2026/ctk21.pdf,https://fct.iuh.edu.vn/news.html@detail@354@1230@CHUONG-TRINH-DAO-TAO-2025-2026,Download file,fct.iuh.edu.vn,Khoa Thương mại - Du lịch,HCM
https://fct.iuh.edu.vn/upload/files/BMDLNHKS_K%E1%BA%BE%20HO%E1%BA%A0CH%20KLTN_GVHD_QTDL%20-QTNH-QTKS_K18_HK2-2025-2026(1).pdf,https://fct.iuh.edu.vn/news.html@detail@321@1210@BMDLNHKS_KE-HOACH_NOI-DUNG_GVHD_KLTN_K18_HK2-2025-2026,Download file,fct.iuh.edu.vn,Khoa Thương mại - Du lịch,HCM
https://fct.iuh.edu.vn/upload/files/BMDLNHKS_Ke%20hoach%20TTDN2_QTDL_QTKS_QTNH_HK2%2025-26.pdf,https://fct.iuh.edu.vn/news.html@detail@321@1209@KE-HOACH_NOI-DUNG_GVHD_TTDN2_K18-BMDLNHKS_HK2-2025-2026,Download file,fct.iuh.edu.vn,Khoa Thương mại - Du lịch,HCM
https://fct.iuh.edu.vn/upload/files/Gui%20sinh%20vien_Kh%20hoi%20dong_TMDT(1).pdf,https://fct.iuh.edu.vn/news.html@detail@309@1029@Danh-sach-bao-ve-khoa-luan-tot-nghiep-nganh-TMDT-HK2-(2023-2024),Download file,fct.iuh.edu.vn,Khoa Thương mại - Du lịch,HCM
https://fct.iuh.edu.vn/upload/files/K%E1%BA%BF%20ho%E1%BA%A1ch%20B%E1%BA%A3o%20v%E1%BB%87%20%20KLTN%20KDQT%20HK2(23-24).pdf,https://fct.iuh.edu.vn/news.html@detail@305@1026@Ke-hoach-bao-ve-khoa-luan-nganh-Kinh-doanh-Quoc-te-Hk2.2023-2024,Download file,fct.iuh.edu.vn,Khoa Thương mại - Du lịch,HCM
https://fct.iuh.edu.vn/upload/files/K%E1%BA%BF%20ho%E1%BA%A1ch%20xet%20cong%20nh%E1%BA%ADn%20t%E1%BB%91t%20nghi%E1%BB%87p%20d%E1%BB%A3t%20thang%2010%20nam%202025.pdf,https://fct.iuh.edu.vn/news.html@detail@264@1164@THONG-BAO-KE-HOACH-XET-TOT-NGHIEP-DOT-THANG-10.2025,Download file,fct.iuh.edu.vn,Khoa Thương mại - Du lịch,HCM
https://fct.iuh.edu.vn/upload/files/K25_KLTN%20KDQT%20(1).pdf,https://fct.iuh.edu.vn/news.html@detail@305@1088@Ke-hoach-bao-ve-khoa-luan-nganh-Kinh-doanh-Quoc-te-HK1.2024-2025,Download file,fct.iuh.edu.vn,Khoa Thương mại - Du lịch,HCM
https://fct.iuh.edu.vn/upload/files/KH29_HD%20KLTN%20KDQT_2_24-25.pdf,https://fct.iuh.edu.vn/news.html@detail@305@1146@Ke-hoach-bao-ve-khoa-luan-nganh-Kinh-doanh-Quoc-te-Hk2.2024-2025,Download file,fct.iuh.edu.vn,Khoa Thương mại - Du lịch,HCM
https://fct.iuh.edu.vn/upload/files/KH32_Khoa%20lu%E1%BA%ADn%20t%E1%BB%91t%20nghi%E1%BB%87p_1_25-26-da%20g%E1%BB%99p.pdf,https://fct.iuh.edu.vn/news.html@detail@264@1166@KE-HOACH-TRIEN-KHAI-KHOA-LUAN-TOT-NGHIEP-VA-THUC-TAP-DOANH-NGHIEP-2-NAM-HOC-2025-2026,Download file,fct.iuh.edu.vn,Khoa Thương mại - Du lịch,HCM
https://fct.iuh.edu.vn/upload/files/KH38_Th%E1%BB%B1c%20t%E1%BA%ADp%20doanh%20nghi%E1%BB%87p_2_25-26.pdf,"https://fct.iuh.edu.vn/news.html@detail@264@1207@THONG-BAO-KE-HOACH-THUC-TAP-DN1,-THUC-TAP-DN2",Download file,fct.iuh.edu.vn,Khoa Thương mại - Du lịch,HCM
https://fct.iuh.edu.vn/upload/files/KH_KLTN_2_24-25.pdf,https://fct.iuh.edu.vn/news.html@detail@305@1129@Ke-hoach-trien-khai-khoa-luan-nganh-Kinh-doanh-Quoc-te-HK2.2024,Download file,fct.iuh.edu.vn,Khoa Thương mại - Du lịch,HCM
https://fct.iuh.edu.vn/upload/files/Ke%20hoach%20TTDN1_DHDLNHKS_K19%2C20_HK2%2025-26.pdf,https://fct.iuh.edu.vn/news.html@detail@321@1208@BMDLNHKS_Thong-bao-TTDN1_Hoc-ky-2-nam-hoc-2025-2026,Download file,fct.iuh.edu.vn,Khoa Thương mại - Du lịch,HCM
https://fct.iuh.edu.vn/upload/files/Khoa%20lu%E1%BA%ADn%20t%E1%BB%91t%20nghi%E1%BB%87p%20KDQT%20HK%202%202025-296.pdf,"https://fct.iuh.edu.vn/news.html@detail@305@1250@-HOI-DONG-DANH-GIA-KHOA-LUAN-TOT-NGHIEP-HE-DAI-HOC-NGANH-KINH-DOANH-QUOC-TE-HOC-KY-2,-NAM-HOC-2025-2026",Download file,fct.iuh.edu.vn,Khoa Thương mại - Du lịch,HCM
https://fct.iuh.edu.vn/upload/files/Moi%20KH37_KhoaLuanTotNghiep_2_25-26%20m%E1%BB%9Bi.pdf,https://fct.iuh.edu.vn/news.html@detail@264@1206@THONG-BAO-KE-HOACH-KHOA-LUAN-TOT-NGHIEP-HK2-NAM-HOC-2025-2026,Download file,fct.iuh.edu.vn,Khoa Thương mại - Du lịch,HCM
https://fct.iuh.edu.vn/upload/files/Pages%20from%20KH30_HD%20KLTN%20TMDT_2_24-25(1).pdf,https://fct.iuh.edu.vn/news.html@detail@309@1149@Thong-bao-Hoi-dong-Khoa-luan-tot-nghiep-HK2-(2024-2025),Download file,fct.iuh.edu.vn,Khoa Thương mại - Du lịch,HCM
https://fct.iuh.edu.vn/upload/files/QDthanh%20l%E1%BA%ADp%20HD%20KDQT5_2023.pdf,https://fct.iuh.edu.vn/news.html@detail@305@877@Quyet-dinh-thanh-lap-Hoi-dong-bao-ve-KLTN-nganh-Kinh-doanh-Quoc-te-Dai-hoc-15,Download file,fct.iuh.edu.vn,Khoa Thương mại - Du lịch,HCM
https://fct.iuh.edu.vn/upload/files/TCBC%20-%20Cu%E1%BB%99c%20thi%20_Edtech%20Startup%20Qu%E1%BB%91c%20gia%202022.pdf,https://fct.iuh.edu.vn/news.html@detail@342@668@THONG-CAO-BAO-CHI-CUOC-THI-NATIONAL-EDTECH-STARTUP-2022%E2%80%9D,Download file,fct.iuh.edu.vn,Khoa Thương mại - Du lịch,HCM
https://fct.iuh.edu.vn/upload/files/TTDN1%20HK%20He%202025-2026_Danh%20sach%20phan%20cong%20GVHD%20TTDN1%20HK%20He%202025-2026%20(1).pdf,https://fct.iuh.edu.vn/news.html@detail@305@1253@Thong-bao-phan-cong-giang-vien-huong-dan-Thuc-tap-Doanh-nghiep-1-HK3-nam-hoc-2025-2026,Download file,fct.iuh.edu.vn,Khoa Thương mại - Du lịch,HCM
https://fct.iuh.edu.vn/upload/files/TTDN2%20HK%20He%202025-2026_Danh%20sach%20phan%20cong%20GVHD%20TTDN1%20HK%20He%202025-2026.pdf,https://fct.iuh.edu.vn/news.html@detail@305@1254@Thong-bao-phan-cong-giang-vien-huong-dan-Thuc-tap-Doanh-nghiep-2-HK3-nam-hoc-2025-2026,Download file,fct.iuh.edu.vn,Khoa Thương mại - Du lịch,HCM
https://fct.iuh.edu.vn/upload/files/TTDN2%20HK1_2026-2027.pdf,https://fct.iuh.edu.vn/news.html@detail@305@1259@Thong-bao-phan-cong-giang-vien-huong-dan-Thuc-tap-Doanh-nghiep-2-HK1-nam-hoc-2026-2027,Download file,fct.iuh.edu.vn,Khoa Thương mại - Du lịch,HCM
https://fct.iuh.edu.vn/upload/files/Thong%20bao%20trien%20khai%20ke%20hoach%20KLTN%20HK1%202025_2026.pdf,https://fct.iuh.edu.vn/news.html@detail@309@1168@Ke-hoach-dang-ky-va-huong-dan-khoa-luan-tot-nghiep-dot-HK1-nam-hoc-2025-2026,Download file,fct.iuh.edu.vn,Khoa Thương mại - Du lịch,HCM
https://fct.iuh.edu.vn/upload/files/Thong%20bao%20trien%20khai%20ke%20hoach_danh%20sach%20HD%20KLTN%20HK2%202024_2025.pdf,https://fct.iuh.edu.vn/news.html@detail@309@1131@Ke-hoach-trien-khai-khoa-luan-tot-nghiep-dot-HK-2-nam-hoc-2024-2025,Download file,fct.iuh.edu.vn,Khoa Thương mại - Du lịch,HCM
https://fct.iuh.edu.vn/upload/files/Thong%20bao%20ve%20viec%20chao%20tour%20Mien%20Tay%20-%20KTMDL.pdf,"https://fct.iuh.edu.vn/news.html@detail@321@1220@Thong-bao-kinh-moi-Quy-Doanh-nghiep-lu-hanh-chao-Tour-Thuc-tap-mien-Tay-bac-dao-tao-he-Dai-hoc-chinh-quy-chuyen-nganh-QTDVDL&LH-khoa-20,-Hoc-ky-2-nam-hoc-2025-2026",Download file,fct.iuh.edu.vn,Khoa Thương mại - Du lịch,HCM
https://fct.iuh.edu.vn/upload/files/Thong%20bao%20ve%20viec%20chao%20tour%20Nhan%20thuc%20K21%20-%20KTMDL(1).pdf,https://fct.iuh.edu.vn/category.html@321@Thong-bao,Download file,fct.iuh.edu.vn,Khoa Thương mại - Du lịch,HCM
https://fct.iuh.edu.vn/upload/files/_HD%20KLTN_TMDT_3_1_2025.pdf,https://fct.iuh.edu.vn/news.html@detail@309@1092@Danh-sach-bao-ve-khoa-luan-tot-nghiep-nganh-TMDT-HK1-(2024-2025),Download file,fct.iuh.edu.vn,Khoa Thương mại - Du lịch,HCM
https://fct.iuh.edu.vn/upload/files/danh%20sach%20phong%20va%20HD%20KLTN-QTKS.pdf,https://fct.iuh.edu.vn/news.html@detail@321@1197@THONG-BAO-KE-HOACH-HOI-DONG-DANH-GIA-KHOA-LUAN-TOT-NGHIEP-DOT-1-NAM-HOC-2025-2026-CHUYEN-NGANH-QUAN-TRI-KHACH-SAN-HOC-KY-1-(2025-2026),Download file,fct.iuh.edu.vn,Khoa Thương mại - Du lịch,HCM
https://fct.iuh.edu.vn/upload/files/tb-764-2025(1).pdf,"https://fct.iuh.edu.vn/news.html@detail@264@1142@Thong-bao-mo-lop-he,-nam-hoc-2024-2025",Download file,fct.iuh.edu.vn,Khoa Thương mại - Du lịch,HCM
https://feet.iuh.edu.vn/upload/01038027/files/Bai%201_Gioi%20thieu%20tong%20quan%20thiet%20bi%20thuc%20hanh.pdf,https://feet.iuh.edu.vn/giangvien@bocminhhung,Download,feet.iuh.edu.vn,Khoa Công nghệ Điện,HCM
https://feet.iuh.edu.vn/upload/01038027/files/Bai%201_Gioi%20thieu%20tong%20quan%20thiet%20bi%20thuc%20hanh_Mitsubishi.pdf,https://feet.iuh.edu.vn/giangvien@bocminhhung,Download,feet.iuh.edu.vn,Khoa Công nghệ Điện,HCM
https://feet.iuh.edu.vn/upload/01038027/files/Bai%202_Lap%20trinh%20ung%20dung%20Relay.pdf,https://feet.iuh.edu.vn/giangvien@bocminhhung,Download,feet.iuh.edu.vn,Khoa Công nghệ Điện,HCM
https://feet.iuh.edu.vn/upload/01038027/files/Bai%202_Lap%20trinh%20ung%20dung%20Relay_Mitsubishi.pdf,https://feet.iuh.edu.vn/giangvien@bocminhhung,Download,feet.iuh.edu.vn,Khoa Công nghệ Điện,HCM
https://feet.iuh.edu.vn/upload/01038027/files/Bai%203%20L%E1%BA%ADp%20trinh%20%E1%BB%A9ng%20d%E1%BB%A5ng%20l%E1%BB%87nh%20Timer_Mitsubishi.pdf,https://feet.iuh.edu.vn/giangvien@bocminhhung,Download,feet.iuh.edu.vn,Khoa Công nghệ Điện,HCM
https://feet.iuh.edu.vn/upload/01038027/files/Bai%203%20L%E1%BA%ADp%20trinh%20%E1%BB%A9ng%20d%E1%BB%A5ng%20l%E1%BB%87nh%20Timer_SV.pdf,https://feet.iuh.edu.vn/giangvien@bocminhhung,Download,feet.iuh.edu.vn,Khoa Công nghệ Điện,HCM
https://feet.iuh.edu.vn/upload/01038027/files/Bai%204%20Lap%20trinh%20ung%20dung%20lenh%20Counter_Mitsubishi.pdf,https://feet.iuh.edu.vn/giangvien@bocminhhung,Download,feet.iuh.edu.vn,Khoa Công nghệ Điện,HCM
https://feet.iuh.edu.vn/upload/01038027/files/Bai%204%20Lap%20trinh%20ung%20dung%20lenh%20Counter_SV.pdf,https://feet.iuh.edu.vn/giangvien@bocminhhung,Download,feet.iuh.edu.vn,Khoa Công nghệ Điện,HCM
https://feet.iuh.edu.vn/upload/01038027/files/Bai%205%20Lap%20trinh%20ung%20dung%20nhom%20lenh%20dieu%20khien%20va%20lenh%20toan%20hoc_Mitsubishi.pdf,https://feet.iuh.edu.vn/giangvien@bocminhhung,Download,feet.iuh.edu.vn,Khoa Công nghệ Điện,HCM
https://feet.iuh.edu.vn/upload/01038027/files/Bai%205%20Lap%20trinh%20ung%20dung%20nhom%20lenh%20dieu%20khien.pdf,https://feet.iuh.edu.vn/giangvien@bocminhhung,Download,feet.iuh.edu.vn,Khoa Công nghệ Điện,HCM
https://feet.iuh.edu.vn/upload/01038027/files/Bai%206%20Lap%20trinh%20ung%20dung%20nhom%20l%E1%BB%87nh%20AD%2C%20DA_Mitsubishi.pdf,https://feet.iuh.edu.vn/giangvien@bocminhhung,Download,feet.iuh.edu.vn,Khoa Công nghệ Điện,HCM
https://feet.iuh.edu.vn/upload/01038027/files/Bai%206%20Lap%20trinh%20ung%20dung%20nhom%20lenh%20lenh%20toan%20hoc_SV.pdf,https://feet.iuh.edu.vn/giangvien@bocminhhung,Download,feet.iuh.edu.vn,Khoa Công nghệ Điện,HCM
https://feet.iuh.edu.vn/upload/01038027/files/Bai%207%20Lap%20trinh%20HMI%20GOT2000%20-%20PLC%20-%20Mitsubishi.pdf,https://feet.iuh.edu.vn/giangvien@bocminhhung,Download,feet.iuh.edu.vn,Khoa Công nghệ Điện,HCM
https://feet.iuh.edu.vn/upload/01038027/files/Bai%207%20Lap%20trinh%20ung%20dung%20nhom%20l%E1%BB%87nh%20AD%2C%20DA.pdf,https://feet.iuh.edu.vn/giangvien@bocminhhung,Download,feet.iuh.edu.vn,Khoa Công nghệ Điện,HCM
https://feet.iuh.edu.vn/upload/01038027/files/Bai%208%20Lap%20trinh%20di%E1%BB%81u%20khi%E1%BB%83n%20tuong%20t%E1%BB%B1%20.pdf,https://feet.iuh.edu.vn/giangvien@bocminhhung,Download,feet.iuh.edu.vn,Khoa Công nghệ Điện,HCM
https://feet.iuh.edu.vn/upload/01038027/files/Chuong%201%20T%E1%BB%95ng%20quan%20v%E1%BB%81%20b%E1%BB%99%20di%E1%BB%81u%20khi%E1%BB%83n%20logic%20_sinh%20vien.pdf,https://feet.iuh.edu.vn/giangvien@bocminhhung,Download,feet.iuh.edu.vn,Khoa Công nghệ Điện,HCM
https://feet.iuh.edu.vn/upload/01038027/files/Chuong%202%20C%E1%BA%A5u%20truc%20va%20ch%E1%BB%A9c%20nang%20cac%20thanh%20ph%E1%BA%A7n%20trong%20PLC_sinh%20vien.pdf,https://feet.iuh.edu.vn/giangvien@bocminhhung,Download,feet.iuh.edu.vn,Khoa Công nghệ Điện,HCM
https://feet.iuh.edu.vn/upload/01038027/files/Chuong%203%20H%E1%BB%87%20Th%E1%BB%91ng%20vao%20ra%20tuong%20t%E1%BB%B1_sinh%20vien.pdf,https://feet.iuh.edu.vn/giangvien@bocminhhung,Download,feet.iuh.edu.vn,Khoa Công nghệ Điện,HCM
https://feet.iuh.edu.vn/upload/01038027/files/Chuong%204%20Ngon%20ng%E1%BB%AF%20l%E1%BA%ADp%20trinh%20PLC_sinh%20vien.pdf,https://feet.iuh.edu.vn/giangvien@bocminhhung,Download,feet.iuh.edu.vn,Khoa Công nghệ Điện,HCM
https://feet.iuh.edu.vn/upload/files/1_%20Bachelor%20of%20Engineering%20in%20Automation%20and%20Control%20Engineering%20Technology%20.pdf,"https://feet.iuh.edu.vn/news.html@detail@348@1043@Chuong-trinh-bac-dai-hoc,-nganh-CNKT-Dieu-khien-va-tu-dong-hoa,-nam-2023,-AUN-QA",Giấy chứng nhận,feet.iuh.edu.vn,Khoa Công nghệ Điện,HCM
https://feet.iuh.edu.vn/upload/files/2016%20CDR.pdf,https://feet.iuh.edu.vn/news.html@detail@217@767@Chuong-trinh-dao-tao-Thac-si-Ky-thuat-Dien-nam-2016-,Download,feet.iuh.edu.vn,Khoa Công nghệ Điện,HCM
https://feet.iuh.edu.vn/upload/files/2016%20CT%20DT.pdf,https://feet.iuh.edu.vn/news.html@detail@217@767@Chuong-trinh-dao-tao-Thac-si-Ky-thuat-Dien-nam-2016-,Download,feet.iuh.edu.vn,Khoa Công nghệ Điện,HCM
https://feet.iuh.edu.vn/upload/files/2016%20TD%20DT.pdf,https://feet.iuh.edu.vn/news.html@detail@217@767@Chuong-trinh-dao-tao-Thac-si-Ky-thuat-Dien-nam-2016-,Download,feet.iuh.edu.vn,Khoa Công nghệ Điện,HCM
https://feet.iuh.edu.vn/upload/files/2019%20CDR.pdf,https://feet.iuh.edu.vn/news.html@detail@217@766@Chuong-trinh-dao-tao-Thac-si-Ky-thuat-Dien-nam-2019,Download,feet.iuh.edu.vn,Khoa Công nghệ Điện,HCM
https://feet.iuh.edu.vn/upload/files/2019%20CTK.pdf,https://feet.iuh.edu.vn/news.html@detail@217@766@Chuong-trinh-dao-tao-Thac-si-Ky-thuat-Dien-nam-2019,Download,feet.iuh.edu.vn,Khoa Công nghệ Điện,HCM
https://feet.iuh.edu.vn/upload/files/2019%20KH%20DT.pdf,https://feet.iuh.edu.vn/news.html@detail@217@766@Chuong-trinh-dao-tao-Thac-si-Ky-thuat-Dien-nam-2019,Download,feet.iuh.edu.vn,Khoa Công nghệ Điện,HCM
https://feet.iuh.edu.vn/upload/files/2022%20NC%20CDR.pdf,https://feet.iuh.edu.vn/news.html@detail@217@1060@Chuong-trinh-dao-tao-Thac-si-Ky-thuat-Dien-nam-2022-,Download,feet.iuh.edu.vn,Khoa Công nghệ Điện,HCM
https://feet.iuh.edu.vn/upload/files/2022%20NC%20CTD.pdf,https://feet.iuh.edu.vn/news.html@detail@217@1060@Chuong-trinh-dao-tao-Thac-si-Ky-thuat-Dien-nam-2022-,Download,feet.iuh.edu.vn,Khoa Công nghệ Điện,HCM
https://feet.iuh.edu.vn/upload/files/2022%20NC%20KH%20DT.pdf,https://feet.iuh.edu.vn/news.html@detail@217@1060@Chuong-trinh-dao-tao-Thac-si-Ky-thuat-Dien-nam-2022-,Download,feet.iuh.edu.vn,Khoa Công nghệ Điện,HCM
https://feet.iuh.edu.vn/upload/files/2022%20UD%20CDR.pdf,https://feet.iuh.edu.vn/news.html@detail@217@1060@Chuong-trinh-dao-tao-Thac-si-Ky-thuat-Dien-nam-2022-,Download,feet.iuh.edu.vn,Khoa Công nghệ Điện,HCM
https://feet.iuh.edu.vn/upload/files/2022%20UD%20CTK.pdf,https://feet.iuh.edu.vn/news.html@detail@217@1060@Chuong-trinh-dao-tao-Thac-si-Ky-thuat-Dien-nam-2022-,Download,feet.iuh.edu.vn,Khoa Công nghệ Điện,HCM
https://feet.iuh.edu.vn/upload/files/2022%20UD%20KH%20DT.pdf,https://feet.iuh.edu.vn/news.html@detail@217@1060@Chuong-trinh-dao-tao-Thac-si-Ky-thuat-Dien-nam-2022-,Download,feet.iuh.edu.vn,Khoa Công nghệ Điện,HCM
https://feet.iuh.edu.vn/upload/files/2022/09.2022/Don%20xin%20ngh%E1%BB%89%20h%E1%BB%8Dc%20t%E1%BA%A1m%20th%E1%BB%9Di.pdf,https://feet.iuh.edu.vn/bieumau.html@266@Bieu-mau-sinh-vien,,feet.iuh.edu.vn,Khoa Công nghệ Điện,HCM
https://feet.iuh.edu.vn/upload/files/2022/09.2022/Don%20xin%20nh%E1%BA%ADp%20h%E1%BB%8Dc%20tr%E1%BB%9F%20l%E1%BA%A1i.pdf,https://feet.iuh.edu.vn/bieumau.html@266@Bieu-mau-sinh-vien,,feet.iuh.edu.vn,Khoa Công nghệ Điện,HCM
https://feet.iuh.edu.vn/upload/files/2022/11/chuandaoraktdien2017.pdf,https://feet.iuh.edu.vn/news.html@detail@211@771@Chuong-trinh-dao-tao-nganh-cong-nghe-ky-thuat-Dien-Dien-tu-nam-2017,Download,feet.iuh.edu.vn,Khoa Công nghệ Điện,HCM
https://feet.iuh.edu.vn/upload/files/2022/11/chuandauratdh2016.pdf,https://feet.iuh.edu.vn/news.html@detail@211@772@Chuong-trinh-dao-tao-nganh-cong-nghe-ky-thuat-dieu-khien-va%CC%80-tu%CC%A3-do%CC%A3ng-ho%CC%81a-nam-2016,Download,feet.iuh.edu.vn,Khoa Công nghệ Điện,HCM
https://feet.iuh.edu.vn/upload/files/2022/11/ctkktdien2017.pdf,https://feet.iuh.edu.vn/news.html@detail@211@771@Chuong-trinh-dao-tao-nganh-cong-nghe-ky-thuat-Dien-Dien-tu-nam-2017,Download,feet.iuh.edu.vn,Khoa Công nghệ Điện,HCM
https://feet.iuh.edu.vn/upload/files/2022/11/ctktdh2016.pdf,https://feet.iuh.edu.vn/news.html@detail@211@772@Chuong-trinh-dao-tao-nganh-cong-nghe-ky-thuat-dieu-khien-va%CC%80-tu%CC%A3-do%CC%A3ng-ho%CC%81a-nam-2016,Download,feet.iuh.edu.vn,Khoa Công nghệ Điện,HCM
https://feet.iuh.edu.vn/upload/files/2022/11/khdaotaoktdien2017.pdf,https://feet.iuh.edu.vn/news.html@detail@211@771@Chuong-trinh-dao-tao-nganh-cong-nghe-ky-thuat-Dien-Dien-tu-nam-2017,Download,feet.iuh.edu.vn,Khoa Công nghệ Điện,HCM
https://feet.iuh.edu.vn/upload/files/2022/11/tiendodaotaotdh2016.pdf,https://feet.iuh.edu.vn/news.html@detail@211@772@Chuong-trinh-dao-tao-nganh-cong-nghe-ky-thuat-dieu-khien-va%CC%80-tu%CC%A3-do%CC%A3ng-ho%CC%81a-nam-2016,Download,feet.iuh.edu.vn,Khoa Công nghệ Điện,HCM
https://feet.iuh.edu.vn/upload/files/2022/11/tomtatmhtdh2016.pdf,https://feet.iuh.edu.vn/news.html@detail@211@772@Chuong-trinh-dao-tao-nganh-cong-nghe-ky-thuat-dieu-khien-va%CC%80-tu%CC%A3-do%CC%A3ng-ho%CC%81a-nam-2016,Download,feet.iuh.edu.vn,Khoa Công nghệ Điện,HCM
https://feet.iuh.edu.vn/upload/files/2022/11/tomtatmonhocktdien2017.pdf,https://feet.iuh.edu.vn/news.html@detail@211@771@Chuong-trinh-dao-tao-nganh-cong-nghe-ky-thuat-Dien-Dien-tu-nam-2017,Download,feet.iuh.edu.vn,Khoa Công nghệ Điện,HCM
https://feet.iuh.edu.vn/upload/files/2023%20TS%20CDR.pdf,https://feet.iuh.edu.vn/news.html@detail@365@1061@Chuong-trinh-dao-tao-Tien-si-Ky-thuat-Dien-nam-2023,Download,feet.iuh.edu.vn,Khoa Công nghệ Điện,HCM
https://feet.iuh.edu.vn/upload/files/2023%20TS%20CTK.pdf,https://feet.iuh.edu.vn/news.html@detail@365@1061@Chuong-trinh-dao-tao-Tien-si-Ky-thuat-Dien-nam-2023,Download,feet.iuh.edu.vn,Khoa Công nghệ Điện,HCM
https://feet.iuh.edu.vn/upload/files/2023%20TS%20KH%20-%20GD.pdf,https://feet.iuh.edu.vn/news.html@detail@365@1061@Chuong-trinh-dao-tao-Tien-si-Ky-thuat-Dien-nam-2023,Download,feet.iuh.edu.vn,Khoa Công nghệ Điện,HCM
https://feet.iuh.edu.vn/upload/files/2023_07_12-QD-2852-Trung-tuyen-NCS-2023-2.pdf,https://feet.iuh.edu.vn/news.html@detail@366@1202@Tuyen-sinh-dao-tao-trinh-do-tien-si-nam-2023-,Kết quả trúng tuyển 2023 - Đợt 2,feet.iuh.edu.vn,Khoa Công nghệ Điện,HCM
https://feet.iuh.edu.vn/upload/files/2024%2006%2014%20QD%201416%20Trung%20tuyen%20ThS%202024-1-trang.pdf,https://feet.iuh.edu.vn/news.html@detail@359@1197@Tuyen-sinh-dao-tao-trinh-do-thac-si-nam-2024-,Kết quả trúng tuyển 2024 - Đợt 1,feet.iuh.edu.vn,Khoa Công nghệ Điện,HCM
https://feet.iuh.edu.vn/upload/files/2024_12_13%20QD%203573%20Trung%20tuyen%20ThS%202024%20-1%20KTD.pdf,https://feet.iuh.edu.vn/news.html@detail@359@1197@Tuyen-sinh-dao-tao-trinh-do-thac-si-nam-2024-,Kết quả trúng tuyển 2024 - Đợt 2,feet.iuh.edu.vn,Khoa Công nghệ Điện,HCM
https://feet.iuh.edu.vn/upload/files/2025%20NC%20CDR(1).pdf,https://feet.iuh.edu.vn/news.html@detail@217@1560@-Chuong-trinh-dao-tao-Thac-si-Ky-thuat-Dieu-khien-va-Tu-dong-hoa-nam-2025,Download,feet.iuh.edu.vn,Khoa Công nghệ Điện,HCM
https://feet.iuh.edu.vn/upload/files/2025%20NC%20CDR.pdf,https://feet.iuh.edu.vn/news.html@detail@217@1364@Chuong-trinh-dao-tao-Thac-si-Ky-thuat-Dien-nam-2025,Download,feet.iuh.edu.vn,Khoa Công nghệ Điện,HCM
https://feet.iuh.edu.vn/upload/files/2025%20NC%20CTD(1).pdf,https://feet.iuh.edu.vn/news.html@detail@217@1560@-Chuong-trinh-dao-tao-Thac-si-Ky-thuat-Dieu-khien-va-Tu-dong-hoa-nam-2025,Download,feet.iuh.edu.vn,Khoa Công nghệ Điện,HCM
https://feet.iuh.edu.vn/upload/files/2025%20NC%20CTD.pdf,https://feet.iuh.edu.vn/news.html@detail@217@1364@Chuong-trinh-dao-tao-Thac-si-Ky-thuat-Dien-nam-2025,Download,feet.iuh.edu.vn,Khoa Công nghệ Điện,HCM
https://feet.iuh.edu.vn/upload/files/2025%20NC%20KH%20DT(1).pdf,https://feet.iuh.edu.vn/news.html@detail@217@1560@-Chuong-trinh-dao-tao-Thac-si-Ky-thuat-Dieu-khien-va-Tu-dong-hoa-nam-2025,Download,feet.iuh.edu.vn,Khoa Công nghệ Điện,HCM
https://feet.iuh.edu.vn/upload/files/2025%20NC%20KH%20DT.pdf,https://feet.iuh.edu.vn/news.html@detail@217@1364@Chuong-trinh-dao-tao-Thac-si-Ky-thuat-Dien-nam-2025,Download,feet.iuh.edu.vn,Khoa Công nghệ Điện,HCM
https://feet.iuh.edu.vn/upload/files/2025%20UD%20CDR(1).pdf,https://feet.iuh.edu.vn/news.html@detail@217@1560@-Chuong-trinh-dao-tao-Thac-si-Ky-thuat-Dieu-khien-va-Tu-dong-hoa-nam-2025,Download,feet.iuh.edu.vn,Khoa Công nghệ Điện,HCM
https://feet.iuh.edu.vn/upload/files/2025%20UD%20CDR.pdf,https://feet.iuh.edu.vn/news.html@detail@217@1364@Chuong-trinh-dao-tao-Thac-si-Ky-thuat-Dien-nam-2025,Download,feet.iuh.edu.vn,Khoa Công nghệ Điện,HCM
https://feet.iuh.edu.vn/upload/files/2025%20UD%20CTD.pdf,https://feet.iuh.edu.vn/news.html@detail@217@1560@-Chuong-trinh-dao-tao-Thac-si-Ky-thuat-Dieu-khien-va-Tu-dong-hoa-nam-2025,Download,feet.iuh.edu.vn,Khoa Công nghệ Điện,HCM
https://feet.iuh.edu.vn/upload/files/2025%20UD%20CTK.pdf,https://feet.iuh.edu.vn/news.html@detail@217@1364@Chuong-trinh-dao-tao-Thac-si-Ky-thuat-Dien-nam-2025,Download,feet.iuh.edu.vn,Khoa Công nghệ Điện,HCM
https://feet.iuh.edu.vn/upload/files/2025%20UD%20KH%20DT(1).pdf,https://feet.iuh.edu.vn/news.html@detail@217@1560@-Chuong-trinh-dao-tao-Thac-si-Ky-thuat-Dieu-khien-va-Tu-dong-hoa-nam-2025,Download,feet.iuh.edu.vn,Khoa Công nghệ Điện,HCM
https://feet.iuh.edu.vn/upload/files/2025%20UD%20KH%20DT.pdf,https://feet.iuh.edu.vn/news.html@detail@217@1364@Chuong-trinh-dao-tao-Thac-si-Ky-thuat-Dien-nam-2025,Download,feet.iuh.edu.vn,Khoa Công nghệ Điện,HCM
https://feet.iuh.edu.vn/upload/files/2025%20_06%20_%2016%20QD%201608%20Trung%20Tuy%E1%BB%83n%20ThS%2025-1.pdf,https://feet.iuh.edu.vn/news.html@detail@359@1301@-Tuyen-sinh-dao-tao-trinh-do-thac-si-nam-2025-,Kết quả trúng tuyển 2025 - Đợt 1,feet.iuh.edu.vn,Khoa Công nghệ Điện,HCM
https://feet.iuh.edu.vn/upload/files/2025_06_16%20QD%201607%20Trung%20tuyen%20NCS%202025-1.pdf,https://feet.iuh.edu.vn/news.html@detail@366@1300@Tuyen-sinh-dao-tao-trinh-do-tien-si-nam-2025,Kết quả trúng tuyển 2025 - Đợt 1,feet.iuh.edu.vn,Khoa Công nghệ Điện,HCM
https://feet.iuh.edu.vn/upload/files/2026_%20PDT%2017a_Don%20de%20nghi%20xet%20TN%20dung%20han%20(co%20hinh_6_2026).pdf,https://feet.iuh.edu.vn/news.html@detail@264@1556@Thong-bao-xet-tot-nghiep-dot-thang-10.2026,tại đây,feet.iuh.edu.vn,Khoa Công nghệ Điện,HCM
https://feet.iuh.edu.vn/upload/files/2026_%20PDT%2017b_Don%20de%20nghi%20xet%20TN%20qua%20han%20(co%20hinh_6_2026).pdf,https://feet.iuh.edu.vn/news.html@detail@264@1556@Thong-bao-xet-tot-nghiep-dot-thang-10.2026,tại đây,feet.iuh.edu.vn,Khoa Công nghệ Điện,HCM
https://feet.iuh.edu.vn/upload/files/30072026085256.pdf,https://feet.iuh.edu.vn/news.html@detail@297@1542@Tong-cong-ty-Lap-may-Viet-Nam-CTCP-(LILAMA)-Tuyen-dung-nhan-luc-dot-4-2026,Download file,feet.iuh.edu.vn,Khoa Công nghệ Điện,HCM
https://feet.iuh.edu.vn/upload/files/Cach%20so%E1%BA%A1n%20file%20PowerPoint%20ti%E1%BA%BFng%20Anh%20gi%E1%BA%A3ng%20d%E1%BA%A1y%20c%E1%BA%A5p%20d%E1%BB%99%201%20cho%20mon%20M%E1%BA%A1ch%20Di%E1%BB%87n.pdf,https://feet.iuh.edu.vn/news.html@detail@312@995@Thong-bao-V-v-to-chuc-Hoi-thao-Cach-soan-file-PowerPoint-tieng-Anh-giang-day-cap-do-1-cho-mon-Mach-Dien-05-05-2023,Download file,feet.iuh.edu.vn,Khoa Công nghệ Điện,HCM
https://feet.iuh.edu.vn/upload/files/Cach%20vi%E1%BA%BFt%20m%E1%BB%99t%20bai%20bao%20khoa%20h%E1%BB%8Dc(1).pdf,https://feet.iuh.edu.vn/news.html@detail@312@991@Thong-bao-V-v-to-chuc-Hoi-thao-Cach-viet-mot-bai-bao-khoa-hoc-20-04-2023,Download file,feet.iuh.edu.vn,Khoa Công nghệ Điện,HCM
https://feet.iuh.edu.vn/upload/files/Chu%E1%BA%A9n%20d%E1%BA%A7u%20ra(5).pdf,https://feet.iuh.edu.vn/news.html@detail@211@902@Chuong-trinh-dao-tao-cong-nghe-ky-thuat-Dien-Dien-tu-nam-2022,Download,feet.iuh.edu.vn,Khoa Công nghệ Điện,HCM
https://feet.iuh.edu.vn/upload/files/Chu%E1%BA%A9n%20d%E1%BA%A7u%20ra(6).pdf,https://feet.iuh.edu.vn/news.html@detail@211@902@Chuong-trinh-dao-tao-cong-nghe-ky-thuat-Dien-Dien-tu-nam-2022,Download,feet.iuh.edu.vn,Khoa Công nghệ Điện,HCM
https://feet.iuh.edu.vn/upload/files/Chuan%20dau%20ra(2).pdf,https://feet.iuh.edu.vn/news.html@detail@211@901@Chuong-trinh-dao-tao-Dai-hoc-nganh-cong-nghe-ky-thuat-dieu-khien-va%CC%80-tu%CC%A3-do%CC%A3ng-ho%CC%81a-nam-2022,Download,feet.iuh.edu.vn,Khoa Công nghệ Điện,HCM
https://feet.iuh.edu.vn/upload/files/Chuong%20trinh%20khung(1).docx.pdf,https://feet.iuh.edu.vn/news.html@detail@211@902@Chuong-trinh-dao-tao-cong-nghe-ky-thuat-Dien-Dien-tu-nam-2022,Download,feet.iuh.edu.vn,Khoa Công nghệ Điện,HCM
https://feet.iuh.edu.vn/upload/files/Chuong%20trinh%20khung(2).pdf,https://feet.iuh.edu.vn/news.html@detail@211@901@Chuong-trinh-dao-tao-Dai-hoc-nganh-cong-nghe-ky-thuat-dieu-khien-va%CC%80-tu%CC%A3-do%CC%A3ng-ho%CC%81a-nam-2022,Download,feet.iuh.edu.vn,Khoa Công nghệ Điện,HCM
https://feet.iuh.edu.vn/upload/files/Chuong%20trinh%20khung.docx.pdf,https://feet.iuh.edu.vn/news.html@detail@211@902@Chuong-trinh-dao-tao-cong-nghe-ky-thuat-Dien-Dien-tu-nam-2022,Download,feet.iuh.edu.vn,Khoa Công nghệ Điện,HCM
https://feet.iuh.edu.vn/upload/files/Conference%20agenda%20-%20ICATSD%202026.pdf,https://feet.iuh.edu.vn/news.html@detail@371@1573@CONFERENCE-AGENDA-THE-3rd-INTERNATIONAL-CONFERENCE-ON-ADVANCED-TECHNOLOGY-AND-SUSTAINABLE-DEVELOPMENT-%E2%80%93-2026-(ICATSD2026),Download file,feet.iuh.edu.vn,Khoa Công nghệ Điện,HCM
https://feet.iuh.edu.vn/upload/files/DANH%20SACH%20KHOA%20LU%E1%BA%ACN%20T%E1%BB%90T%20NGHI%E1%BB%86P%20HK1%20NAM%20H%E1%BB%8CC%202026-2027%20KTD%20%26%20NLTT.pdf,https://feet.iuh.edu.vn/news.html@detail@264@1559@Thong-bao-kiem-tra-giua-tien-do-KLTN-DH-khoa-18-va-cac-lop-hoc-lai-KLTN-HK1-Nam-hoc-2026-2027,xem tại đây.,feet.iuh.edu.vn,Khoa Công nghệ Điện,HCM
https://feet.iuh.edu.vn/upload/files/DANH%20SACH%20KHOA%20LU%E1%BA%ACN%20T%E1%BB%90T%20NGHI%E1%BB%86P%20HK1%20NAM%20H%E1%BB%8CC%202026-207_DKTD%20%26%20ROBOT.pdf,https://feet.iuh.edu.vn/news.html@detail@264@1559@Thong-bao-kiem-tra-giua-tien-do-KLTN-DH-khoa-18-va-cac-lop-hoc-lai-KLTN-HK1-Nam-hoc-2026-2027,xem tại đây.,feet.iuh.edu.vn,Khoa Công nghệ Điện,HCM
https://feet.iuh.edu.vn/upload/files/Danh%20sach%20sinh%20vien%20th%E1%BB%B1c%20t%E1%BA%ADp%20t%E1%BA%A1i%20cong%20ty_d%E1%BB%A3t%201.pdf,"https://feet.iuh.edu.vn/news.html@detail@264@1551@TB-Danh-sach-sinh-vien-thuc-tap-tai-cong-ty_dot-1,-HK1-nam-hoc-2026_2027",Download file,feet.iuh.edu.vn,Khoa Công nghệ Điện,HCM
https://feet.iuh.edu.vn/upload/files/Gi%E1%BA%A3i%20phap%20nang%20cao%20ch%E1%BA%A5t%20lu%E1%BB%A3ng%20gi%E1%BA%A3ng%20d%E1%BA%A1y%20mon%20M%E1%BA%A1ch%20di%E1%BB%87n.pdf,https://feet.iuh.edu.vn/news.html@detail@312@992@Thong-bao-V-v-to-chuc-Hoi-thao-Giai-phap-nang-cao-chat-luong-giang-day-mon-Mach-dien-30-03-2023,Download file,feet.iuh.edu.vn,Khoa Công nghệ Điện,HCM
https://feet.iuh.edu.vn/upload/files/Gi%E1%BA%A3i%20phap%20nang%20cao%20hi%E1%BB%87u%20qu%E1%BA%A3%20gi%E1%BA%A3ng%20d%E1%BA%A1y%20mon%20Tru%E1%BB%9Dng%20di%E1%BB%87n%20t%E1%BB%AB.pdf,https://feet.iuh.edu.vn/news.html@detail@312@994@Thong-bao-V-v-to-chuc-Hoi-thao-Giai-phap-nang-cao-hieu-qua-giang-day-mon-Truong-dien-tu-27-04-2023,Download file,feet.iuh.edu.vn,Khoa Công nghệ Điện,HCM
https://feet.iuh.edu.vn/upload/files/JD%20Sales%20Engineer%20SACS.pdf,https://feet.iuh.edu.vn/news.html@detail@297@1507@CONG-TY-CO-PHAN-TU-DONG-HOA-STAGRO-MIEN-NAM-TUYEN-LINH-CHIEN-SALE-TU-DONG-HOA,Download file,feet.iuh.edu.vn,Khoa Công nghệ Điện,HCM
https://feet.iuh.edu.vn/upload/files/K9AR%20CHUONG%20TRINH%20DA%CC%80O%20TA%CC%A3O.pdf,https://feet.iuh.edu.vn/news.html@detail@365@1536@Chuong-trinh-dao-tao-Tien-si-Ky-thuat-Dien-nam-2025,Download,feet.iuh.edu.vn,Khoa Công nghệ Điện,HCM
https://feet.iuh.edu.vn/upload/files/Ke%20hoach.pdf,https://feet.iuh.edu.vn/news.html@detail@313@972@Ke-hoach-to-chuc-Seminar-Giai-phap-nang-cao-chat-luong-giang-day-mon-hoc-Thiet-ke-cung-cap-dien,Download file,feet.iuh.edu.vn,Khoa Công nghệ Điện,HCM
https://feet.iuh.edu.vn/upload/files/M%E1%BB%99t%20s%E1%BB%91%20bi%E1%BB%87n%20phap%20d%E1%BA%A1y%20h%E1%BB%8Dc%20hu%E1%BB%9Bng%20t%E1%BB%9Bi%20chu%E1%BA%A9n%20d%E1%BA%A7u%20ra%20cho%20SV.pdf,https://feet.iuh.edu.vn/news.html@detail@312@993@Thong-bao-V-v-to-chuc-Hoi-thao-Mot-so-bien-phap-day-hoc-huong-toi-chuan-dau-ra-cho-SV-nganh-cong-nghe-Dien-voi-mong-muon-dap-ung-nhu-cau-nha-tuyen-dung-06-04-2023,Download file,feet.iuh.edu.vn,Khoa Công nghệ Điện,HCM
https://feet.iuh.edu.vn/upload/files/TB%20tuy%E1%BB%83n%20d%E1%BB%A5ng%20k%E1%BB%B9%20su%20CK%20-%20DCT3.pdf,"https://feet.iuh.edu.vn/news.html@detail@297@1554@Cong-ty-co-phan-Lilama18-tuyen-dung-ky-su-dien,-tu-dong-hoa-(-lam-viec-tai-Can-Tho-)",Download file,feet.iuh.edu.vn,Khoa Công nghệ Điện,HCM
https://feet.iuh.edu.vn/upload/files/THONG%20BAO%20DAO%20T%E1%BA%A0O%20SI%20QUAN%20D%E1%BB%B0%20B%E1%BB%8A%202022.pdf,https://feet.iuh.edu.vn/news.html@detail@356@915@THONG-BAO-DAO-TAO-SI-QUAN-DU-BI-2022,Download file,feet.iuh.edu.vn,Khoa Công nghệ Điện,HCM
https://feet.iuh.edu.vn/upload/files/THU%20NG%E1%BB%8E%20H%E1%BB%8CC%20B%E1%BB%94NG%20N%E1%BB%AE%20SINH%20K%E1%BB%B8%20THU%E1%BA%ACT.pdf,https://feet.iuh.edu.vn/news.html@detail@356@916@THU-NGO-HOC-BONG-NU-SINH-KY-THUAT,Download file,feet.iuh.edu.vn,Khoa Công nghệ Điện,HCM
https://feet.iuh.edu.vn/upload/files/TS_%20202406270942%20D%E1%BB%A3t%201.pdf,https://feet.iuh.edu.vn/news.html@detail@366@1203@Tuyen-sinh-dao-tao-trinh-do-tien-si-nam-2024,Kết quả trúng tuyển 2024 - Đợt 1,feet.iuh.edu.vn,Khoa Công nghệ Điện,HCM
https://feet.iuh.edu.vn/upload/files/Thong%20bao%20tuyen%20dung%20SCQC%20(Ky%20thuat%20dien%2C%20dien%20tu).pdf,https://feet.iuh.edu.vn/news.html@detail@297@1569@Cong-ty-Co-phan-Kiem-dinh-Xay-dung-Sai-Gon-tuyen-dung,Download file,feet.iuh.edu.vn,Khoa Công nghệ Điện,HCM
https://feet.iuh.edu.vn/upload/files/Thong%20bao%20tuyen%20dung_HISTA%20(1).pdf,https://feet.iuh.edu.vn/news.html@detail@297@1505@CONG-TY-CO-PHAN-HISTA-TUYEN-DUNG,Download file,feet.iuh.edu.vn,Khoa Công nghệ Điện,HCM
https://feet.iuh.edu.vn/upload/files/Thong%20bao_sinh%20vien%20Khoa%2022%20tham%20gia%20BHYT.pdf,https://feet.iuh.edu.vn/category.html@381@Tan-sinh-vien,file đính kèm​,feet.iuh.edu.vn,Khoa Công nghệ Điện,HCM
https://feet.iuh.edu.vn/upload/files/Thu%20ng%E1%BB%8F.pdf,"https://feet.iuh.edu.vn/news.html@detail@297@1558@Cong-ty-Phuong-Hoang-Solar-House-tuyen-dung-ky-su,-sinh-vien-thuc-tap",Download file,feet.iuh.edu.vn,Khoa Công nghệ Điện,HCM
https://feet.iuh.edu.vn/upload/files/Ti%E1%BA%BFn%20d%E1%BB%99%20dao%20t%E1%BA%A1o(1).pdf,https://feet.iuh.edu.vn/news.html@detail@211@901@Chuong-trinh-dao-tao-Dai-hoc-nganh-cong-nghe-ky-thuat-dieu-khien-va%CC%80-tu%CC%A3-do%CC%A3ng-ho%CC%81a-nam-2022,Download,feet.iuh.edu.vn,Khoa Công nghệ Điện,HCM
https://feet.iuh.edu.vn/upload/files/Ti%E1%BA%BFn%20d%E1%BB%99%20dao%20t%E1%BA%A1o(4).pdf,https://feet.iuh.edu.vn/news.html@detail@211@902@Chuong-trinh-dao-tao-cong-nghe-ky-thuat-Dien-Dien-tu-nam-2022,Download,feet.iuh.edu.vn,Khoa Công nghệ Điện,HCM
https://feet.iuh.edu.vn/upload/files/Ti%E1%BA%BFn%20d%E1%BB%99%20dao%20t%E1%BA%A1o(5).pdf,https://feet.iuh.edu.vn/news.html@detail@211@902@Chuong-trinh-dao-tao-cong-nghe-ky-thuat-Dien-Dien-tu-nam-2022,Download,feet.iuh.edu.vn,Khoa Công nghệ Điện,HCM
https://feet.iuh.edu.vn/upload/files/Ti%E1%BA%BFn%20d%E1%BB%99%20dao%20t%E1%BA%A1o.pdf,https://feet.iuh.edu.vn/news.html@detail@211@901@Chuong-trinh-dao-tao-Dai-hoc-nganh-cong-nghe-ky-thuat-dieu-khien-va%CC%80-tu%CC%A3-do%CC%A3ng-ho%CC%81a-nam-2022,​,feet.iuh.edu.vn,Khoa Công nghệ Điện,HCM
https://feet.iuh.edu.vn/upload/files/bai-viet-hoi-thao-trau-doi-nhat-ngu-thap-sang-tuong-lai-20230925081056-e%20(1).pdf,https://feet.iuh.edu.vn/news.html@detail@356@1055@Hoi-thao-Trau-doi-Nhat-ngu-Thap-sang-tuong-lai-dang-cho-don-su-tham-gia-cua-cac-ban-sinh-vien-Truong-Dai-hoc-Cong-nghiep-Thanh-Pho-Ho-Chi-Minh,Download file,feet.iuh.edu.vn,Khoa Công nghệ Điện,HCM
https://feet.iuh.edu.vn/upload/files/cap%20PLVB%20VB%20dien%20tu.pdf,https://feet.iuh.edu.vn/news.html@detail@264@1553@Thong-bao-nhan-bang-tot-nghiep-dot-thang-7.2026,tại đây,feet.iuh.edu.vn,Khoa Công nghệ Điện,HCM
https://feet.iuh.edu.vn/upload/files/cap%20nhat%20thong%20tin.pdf,https://feet.iuh.edu.vn/news.html@detail@264@1556@Thong-bao-xet-tot-nghiep-dot-thang-10.2026,file đính kèm,feet.iuh.edu.vn,Khoa Công nghệ Điện,HCM
https://feet.iuh.edu.vn/upload/files/chung%20nhan%20kiem%20ding%20thac%20si.pdf,"https://feet.iuh.edu.vn/news.html@detail@348@950@Chuong-trinh-ba%CC%A3c-tha%CC%A3c-si,-nga%CC%80nh-Ky-thua%CC%A3t-Dien-nam-2022-MOET",Giấy chứng nhân,feet.iuh.edu.vn,Khoa Công nghệ Điện,HCM
https://feet.iuh.edu.vn/upload/files/hoc%20bong.pdf,https://feet.iuh.edu.vn/news.html@detail@356@945@Chuong-trinh-hoc-bong-Thac-si-Cong-nghiep-Quoc-te-DH-Su-pham-Quoc-lap-Cao-Hung,Download file,feet.iuh.edu.vn,Khoa Công nghệ Điện,HCM
https://feet.iuh.edu.vn/upload/files/kh-52-2026-20260717042154-e.pdf,https://feet.iuh.edu.vn/news.html@detail@371@1540@Ke-hoach-to-chuc-Giai-thuong-sinh-vien-nghien-cuu-khoa-hoc-Eureka-cap-Truong-nam-2026.,xem tại đây,feet.iuh.edu.vn,Khoa Công nghệ Điện,HCM
https://feet.iuh.edu.vn/upload/files/mau%20qua%20han.pdf,https://feet.iuh.edu.vn/news.html@detail@264@1556@Thong-bao-xet-tot-nghiep-dot-thang-10.2026,,feet.iuh.edu.vn,Khoa Công nghệ Điện,HCM
https://feet.iuh.edu.vn/upload/files/thong%20bao%20cuoc%20thi%20tiet%20kiem%20nang%20luong.pdf,https://feet.iuh.edu.vn/news.html@detail@351@1383@Thong-bao-Khuyen-khich-sinh-vien-tham-gia-Cuoc-thi-Tim-hieu-kien-thuc-ve-su-dung-nang-luong-tiet-kiem-va-hieu-qua-nam-2025%E2%80%9D,Download file,feet.iuh.edu.vn,Khoa Công nghệ Điện,HCM
https://feet.iuh.edu.vn/upload/files/tieng%20anh%20khoa%2020.pdf,"https://feet.iuh.edu.vn/category.html@383@Quy-che,-quy-dinh-va-cac-thong-tin-lien-quan",file đính kèm,feet.iuh.edu.vn,Khoa Công nghệ Điện,HCM
https://itc.iuh.edu.vn/upload/files/2_%20DS_CacDonViCap_ChungChi%20NN-TH(1).pdf?fbclid=IwY2xjawMwTz5leHRuA2FlbQIxMABicmlkETFJRTVmOU9EV3Q3WEpTQmtXAR5NbnaUiiVHPTmfC7o2nNaPoUIrBQpq6tlk6vwtawhf7aL7wKdmlT6ywbR6fA_aem_dXx6ooBQuP_qfw09vaNSGg,"https://feet.iuh.edu.vn/category.html@383@Quy-che,-quy-dinh-va-cac-thong-tin-lien-quan",Link,feet.iuh.edu.vn,Khoa Công nghệ Điện,HCM
http://pdt.iuh.edu.vn/wp-content/uploads/2021/10/MAU-02.-Don-xin-XTN_TH-qua-thoi-han-hoc-tap.pdf,https://fet.iuh.edu.vn/bieumau.html@266@Bieu-mau-sinh-vien,,fet.iuh.edu.vn,Khoa Công nghệ Điện tử,HCM
https://fet.iuh.edu.vn/Tuyen%20sinh%20Thac%20si%20-%20Dot%201.pdf,https://fet.iuh.edu.vn/news.html@detail@273@774@Tuyen-sinh-Thac-si-Ky-thuat-dien-tu-nam-2026-Dot-1,Download file,fet.iuh.edu.vn,Khoa Công nghệ Điện tử,HCM
https://fet.iuh.edu.vn/upload/01280010/files/Baigiang_Cosokythuattudong_HMNgoc.pdf,https://fet.iuh.edu.vn/giangvien@huynhminhngoc,Download,fet.iuh.edu.vn,Khoa Công nghệ Điện tử,HCM
https://fet.iuh.edu.vn/upload/01280010/files/TKB_12_1_2021_HMNgoc.pdf,https://fet.iuh.edu.vn/giangvien@huynhminhngoc,Download,fet.iuh.edu.vn,Khoa Công nghệ Điện tử,HCM
https://fet.iuh.edu.vn/upload/01280010/files/TKB_24_08_2021.pdf,https://fet.iuh.edu.vn/giangvien@huynhminhngoc,Download,fet.iuh.edu.vn,Khoa Công nghệ Điện tử,HCM
https://fet.iuh.edu.vn/upload/01280010/files/TKB_27_8_2020.pdf,https://fet.iuh.edu.vn/giangvien@huynhminhngoc,Download,fet.iuh.edu.vn,Khoa Công nghệ Điện tử,HCM
https://fet.iuh.edu.vn/upload/01280010/files/TKB_28_7_2018.pdf,https://fet.iuh.edu.vn/giangvien@huynhminhngoc,Download,fet.iuh.edu.vn,Khoa Công nghệ Điện tử,HCM
https://fet.iuh.edu.vn/upload/01280010/files/TKB_Hk2_2018_2019.pdf,https://fet.iuh.edu.vn/giangvien@huynhminhngoc,Download,fet.iuh.edu.vn,Khoa Công nghệ Điện tử,HCM
https://fet.iuh.edu.vn/upload/01280010/files/Tkb_hk2_HuynhMinhNgoc_KDT.pdf,https://fet.iuh.edu.vn/giangvien@huynhminhngoc,Download,fet.iuh.edu.vn,Khoa Công nghệ Điện tử,HCM
https://fet.iuh.edu.vn/upload/01280010/files/lichtruc_tiepsinhvien.pdf,https://fet.iuh.edu.vn/giangvien@huynhminhngoc,Download,fet.iuh.edu.vn,Khoa Công nghệ Điện tử,HCM
https://fet.iuh.edu.vn/upload/01280010/files/tkb_26_12_2019.pdf,https://fet.iuh.edu.vn/giangvien@huynhminhngoc,Download,fet.iuh.edu.vn,Khoa Công nghệ Điện tử,HCM
https://fet.iuh.edu.vn/upload/01280010/files/tkb_hk1_2019_2020.pdf,https://fet.iuh.edu.vn/giangvien@huynhminhngoc,Download,fet.iuh.edu.vn,Khoa Công nghệ Điện tử,HCM
https://fet.iuh.edu.vn/upload/01380023/files/12_dc_He_thong_TT_quang.pdf,https://fet.iuh.edu.vn/giangvien@nguyenhoangviet,Download,fet.iuh.edu.vn,Khoa Công nghệ Điện tử,HCM
https://fet.iuh.edu.vn/upload/0199900059/files/Slide%20Bai%20giang%20LKDT%202021.pdf,https://fet.iuh.edu.vn/giangvien@luuthevinh,Download,fet.iuh.edu.vn,Khoa Công nghệ Điện tử,HCM
https://fet.iuh.edu.vn/upload/06690045/files/07-slide-02-cong-tac-chu-nhiem-nh-2020-2021-20201224052130-e.pdf,https://fet.iuh.edu.vn/giangvien@tranquyhuu,Download,fet.iuh.edu.vn,Khoa Công nghệ Điện tử,HCM
https://fet.iuh.edu.vn/upload/06690045/files/CHUONG-1_GIOI-THIEU.pdf,https://fet.iuh.edu.vn/giangvien@tranquyhuu,Download,fet.iuh.edu.vn,Khoa Công nghệ Điện tử,HCM
https://fet.iuh.edu.vn/upload/files/06_%20PL%204-huong-nghien-cuu-tien-si-2025-1-Dien%20tu(2).pdf,https://fet.iuh.edu.vn/category.html@313@Tien-si,ở đây.,fet.iuh.edu.vn,Khoa Công nghệ Điện tử,HCM
https://fet.iuh.edu.vn/upload/files/2020/1_%20YearBook%202020%20Reduced.pdf,https://fet.iuh.edu.vn/news.html@detail@211@427@Dai-hoc-%E2%80%93-Cong-nghe-ky-thuat-dien-tu-vien-thong-(Chuyen-nganh-Ky-thuat-vien-thong),2020,fet.iuh.edu.vn,Khoa Công nghệ Điện tử,HCM
https://fet.iuh.edu.vn/upload/files/2020/CTK-DTVT-2020-Web.pdf,https://fet.iuh.edu.vn/news.html@detail@211@427@Dai-hoc-%E2%80%93-Cong-nghe-ky-thuat-dien-tu-vien-thong-(Chuyen-nganh-Ky-thuat-vien-thong),2020,fet.iuh.edu.vn,Khoa Công nghệ Điện tử,HCM
https://fet.iuh.edu.vn/upload/files/2020/Chuong%20trinh%20khung%20k15.pdf,https://fet.iuh.edu.vn/news.html@detail@211@427@Dai-hoc-%E2%80%93-Cong-nghe-ky-thuat-dien-tu-vien-thong-(Chuyen-nganh-Ky-thuat-vien-thong),2018,fet.iuh.edu.vn,Khoa Công nghệ Điện tử,HCM
https://fet.iuh.edu.vn/upload/files/2021/02/BMMT%20tong%20hop%20huong%20dan%20TTDN.pdf,https://fet.iuh.edu.vn/news.html@detail@299@560@Danh-sach-giang-vien-huong-dan-SV-thuc-tap-doanh-nghiep-lop-DTMT14A-va-13AHL,/upload/files/2021/02/BMMT%20tong%20hop%20huong%20dan%20TTDN.pdf,fet.iuh.edu.vn,Khoa Công nghệ Điện tử,HCM
https://fet.iuh.edu.vn/upload/files/2021/02/CNKTMA2022CLC_CTKhung.pdf,https://fet.iuh.edu.vn/category.html@296@Gioi-thieu,Chương trình đào tạo năm 2022 hệ Chất lượng Cao,fet.iuh.edu.vn,Khoa Công nghệ Điện tử,HCM
https://fet.iuh.edu.vn/upload/files/2021/02/CNKTMA2022_CTKhung.pdf,https://fet.iuh.edu.vn/category.html@296@Gioi-thieu,Chương trình đào tạo năm 2022 hệ Đại trà,fet.iuh.edu.vn,Khoa Công nghệ Điện tử,HCM
https://fet.iuh.edu.vn/upload/files/2021/02/CTK_Lien%20thong%20DH_CD_CNKTMT_2020.pdf,https://fet.iuh.edu.vn/news.html@detail@222@417@Lien-thong-nganh-Cong-nghe-ky-thuat-may-tinh,Chương trình khung đào tạo xem tại đây.,fet.iuh.edu.vn,Khoa Công nghệ Điện tử,HCM
https://fet.iuh.edu.vn/upload/files/2021/02/Khung%20chuong%20trinh_cnktmt_2016.pdf,https://fet.iuh.edu.vn/category.html@296@Gioi-thieu,Chương trình đào tạo năm 2016,fet.iuh.edu.vn,Khoa Công nghệ Điện tử,HCM
https://fet.iuh.edu.vn/upload/files/2021/02/Khung%20chuong%20trinh_cnktmt_2018(1).pdf,https://fet.iuh.edu.vn/category.html@296@Gioi-thieu,Chương trình đào tạo năm 2018,fet.iuh.edu.vn,Khoa Công nghệ Điện tử,HCM
https://fet.iuh.edu.vn/upload/files/2021/02/Khung%20chuong%20trinh_cnktmt_2020.pdf,https://fet.iuh.edu.vn/category.html@296@Gioi-thieu,Chương trình đào tạo năm 2020,fet.iuh.edu.vn,Khoa Công nghệ Điện tử,HCM
https://fet.iuh.edu.vn/upload/files/2021/02/bmmt-tong-hoppl1a-dtmt14a-va-hl-20210921040457-e.pdf,https://fet.iuh.edu.vn/news.html@detail@299@556@BMMT-thong-bao-thuc-hien-de-tai-KLTN-cho-DTMT14A-va-Hoc-lai,/upload/files/2021/02/bmmt-tong-hoppl1a-dtmt14a-va-hl-20210921040457-e.pdf,fet.iuh.edu.vn,Khoa Công nghệ Điện tử,HCM
https://fet.iuh.edu.vn/upload/files/2021/02/dtcs-de-tai-kltn-coso.pdf,https://fet.iuh.edu.vn/news.html@detail@299@556@BMMT-thong-bao-thuc-hien-de-tai-KLTN-cho-DTMT14A-va-Hoc-lai,/upload/files/2021/02/dtcs-de-tai-kltn-coso.pdf,fet.iuh.edu.vn,Khoa Công nghệ Điện tử,HCM
https://fet.iuh.edu.vn/upload/files/2022-qd-1327-ban-hanh-bo-chuong-trinh-dao-tao-nam-2022-20220721114127-e(1).pdf,https://fet.iuh.edu.vn/news.html@detail@211@392@Dai-hoc-%E2%80%93-IoT-va-Tri-tue-nhan-tao-ung-dung,ở đây,fet.iuh.edu.vn,Khoa Công nghệ Điện tử,HCM
https://fet.iuh.edu.vn/upload/files/2022-qd-1327-ban-hanh-bo-chuong-trinh-dao-tao-nam-2022-20220721114127-e.pdf,https://fet.iuh.edu.vn/news.html@detail@211@427@Dai-hoc-%E2%80%93-Cong-nghe-ky-thuat-dien-tu-vien-thong-(Chuyen-nganh-Ky-thuat-vien-thong),ở đây,fet.iuh.edu.vn,Khoa Công nghệ Điện tử,HCM
https://fet.iuh.edu.vn/upload/files/2022/2_%20YearBook%202022%20Reduced.pdf,https://fet.iuh.edu.vn/news.html@detail@211@427@Dai-hoc-%E2%80%93-Cong-nghe-ky-thuat-dien-tu-vien-thong-(Chuyen-nganh-Ky-thuat-vien-thong),2022,fet.iuh.edu.vn,Khoa Công nghệ Điện tử,HCM
https://fet.iuh.edu.vn/upload/files/2022/CKT-DTVT-2022-Web.pdf,https://fet.iuh.edu.vn/news.html@detail@211@427@Dai-hoc-%E2%80%93-Cong-nghe-ky-thuat-dien-tu-vien-thong-(Chuyen-nganh-Ky-thuat-vien-thong),2022,fet.iuh.edu.vn,Khoa Công nghệ Điện tử,HCM
https://fet.iuh.edu.vn/upload/files/2022/CTK-DTCN-2022-Web.pdf,https://fet.iuh.edu.vn/news.html@detail@211@910@Dai-hoc-%E2%80%93-Cong-nghe-ky-thuat-dien-tu-vien-thong-(Chuyen-nganh-Dien-tu-cong-nghiep),2022,fet.iuh.edu.vn,Khoa Công nghệ Điện tử,HCM
https://fet.iuh.edu.vn/upload/files/2022/QD4.pdf,https://fet.iuh.edu.vn/news.html@detail@292@716@BMVT-thong-bao-lich-bao-ve-KLTN-thuc-hien-o-hoc-ky-2-nam-hoc-2022-2023,Download file,fet.iuh.edu.vn,Khoa Công nghệ Điện tử,HCM
https://fet.iuh.edu.vn/upload/files/2022/b_%20FET_Student_Handbook_2021.pdf,https://fet.iuh.edu.vn/news.html@detail@211@427@Dai-hoc-%E2%80%93-Cong-nghe-ky-thuat-dien-tu-vien-thong-(Chuyen-nganh-Ky-thuat-vien-thong),2021,fet.iuh.edu.vn,Khoa Công nghệ Điện tử,HCM
https://fet.iuh.edu.vn/upload/files/2023-dot-1-2023_08_01-TB-942-Tuyen-sinh-Ths-CS1.pdf,https://fet.iuh.edu.vn/news.html@detail@273@731@Tuyen-sinh-thac-si-Ky-thuat-dien-tu-nam-2023-dot-2,Download file,fet.iuh.edu.vn,Khoa Công nghệ Điện tử,HCM
https://fet.iuh.edu.vn/upload/files/2023/FET_Student_Handbook_2023.pdf,https://fet.iuh.edu.vn/news.html@detail@211@427@Dai-hoc-%E2%80%93-Cong-nghe-ky-thuat-dien-tu-vien-thong-(Chuyen-nganh-Ky-thuat-vien-thong),2023,fet.iuh.edu.vn,Khoa Công nghệ Điện tử,HCM
https://fet.iuh.edu.vn/upload/files/2023/ScanKeHoachTTDN_R.pdf,https://fet.iuh.edu.vn/news.html@detail@292@799@BMVT-thong-bao-ve-ke-hoach-thuc-tap-K16,Download file,fet.iuh.edu.vn,Khoa Công nghệ Điện tử,HCM
https://fet.iuh.edu.vn/upload/files/2023_08_10-tb-948-Tuyen-sinh-Tien-si-nam-2023-2(1).pdf,https://fet.iuh.edu.vn/news.html@detail@273@730@Tuyen-sinh-tien-si-Ky-thuat-dien-tu-nam-2023-%E2%80%93-Dot-2,Download file,fet.iuh.edu.vn,Khoa Công nghệ Điện tử,HCM
https://fet.iuh.edu.vn/upload/files/2023_08_10-tb-948-Tuyen-sinh-Tien-si-nam-2023-2.pdf,https://fet.iuh.edu.vn/news.html@detail@273@730@Tuyen-sinh-tien-si-Ky-thuat-dien-tu-nam-2023-%E2%80%93-Dot-2,file đính kèm.,fet.iuh.edu.vn,Khoa Công nghệ Điện tử,HCM
https://fet.iuh.edu.vn/upload/files/2024/CTK_lienthong_DTVT20AVL.pdf,https://fet.iuh.edu.vn/news.html@detail@222@424@Lien-thong-nganh-Cong-nghe-Ky-thuat-Dien-tu-vien-thong,Sinh viên Download tại đây,fet.iuh.edu.vn,Khoa Công nghệ Điện tử,HCM
https://fet.iuh.edu.vn/upload/files/2024/FET_Student_Handbook_2024.pdf,https://fet.iuh.edu.vn/news.html@detail@211@427@Dai-hoc-%E2%80%93-Cong-nghe-ky-thuat-dien-tu-vien-thong-(Chuyen-nganh-Ky-thuat-vien-thong),2024,fet.iuh.edu.vn,Khoa Công nghệ Điện tử,HCM
https://fet.iuh.edu.vn/upload/files/2025/FET_Student_Handbook_2025.pdf,https://fet.iuh.edu.vn/news.html@detail@211@427@Dai-hoc-%E2%80%93-Cong-nghe-ky-thuat-dien-tu-vien-thong-(Chuyen-nganh-Ky-thuat-vien-thong),2025,fet.iuh.edu.vn,Khoa Công nghệ Điện tử,HCM
https://fet.iuh.edu.vn/upload/files/2026/2026%20CoE_CCU%20International%20Internship%20Program-Research%20Topics_2nd%20round_20260204.pdf,https://fet.iuh.edu.vn/news.html@detail@264@921@Thong-tin-hoc-bong-thuc-tap-tai-Dai-Loan-nam-2026,Chi tiết tập tin download tại đây.,fet.iuh.edu.vn,Khoa Công nghệ Điện tử,HCM
https://fet.iuh.edu.vn/upload/files/2026/ISDEA%20%26%20MLCI%202026%20Agenda%20Overview.pdf,https://fet.iuh.edu.vn/news.html@detail@256@935@Hoi-nghi-khoa-hoc-ISDEA-&-MLCI-2026,Download file,fet.iuh.edu.vn,Khoa Công nghệ Điện tử,HCM
https://fet.iuh.edu.vn/upload/files/2026/quy-dinh-khoa-luan-tot-nghiep-thuc-tap-doanh-nghiep-iuh-20251215031732-e.pdf,https://fet.iuh.edu.vn/news.html@detail@264@936@Quy-dinh-so-3920-QD-DHCN-ve-dieu-kien-sinh-vien-dang-ky-TTDN-va-KLTN,"Chi tiết về Quy định trên, sinh viên xem tại đây.",fet.iuh.edu.vn,Khoa Công nghệ Điện tử,HCM
https://fet.iuh.edu.vn/upload/files/5568_QD%20Tiep%20nhan%20SV%20thuc%20tap.PDF,https://fet.iuh.edu.vn/news.html@detail@292@614@Mobifone-nhan-SV-thuc-tap-tot-nghiep-nganh-Dien-tu-vien-thong,Download file,fet.iuh.edu.vn,Khoa Công nghệ Điện tử,HCM
https://fet.iuh.edu.vn/upload/files/DecuongTS_NC3.pdf,"https://fet.iuh.edu.vn/news.html@detail@264@890@Lich-bao-ve-luan-van-thac-si,-cac-chuyen-de-NCS",Lịch đính kèm.,fet.iuh.edu.vn,Khoa Công nghệ Điện tử,HCM
https://fet.iuh.edu.vn/upload/files/Ds%20SV%20TN%20T7_2026.pdf,https://fet.iuh.edu.vn/news.html@detail@264@973@THONG-BAO-VE-VIEC-CAP-BANG-TOT-NGHIEP-DOT-THANG-07-NAM-2026,Download file,fet.iuh.edu.vn,Khoa Công nghệ Điện tử,HCM
https://fet.iuh.edu.vn/upload/files/Ds%20TN%20T3_2026.pdf,https://fet.iuh.edu.vn/news.html@detail@264@929@THONG-BAO-VE-VIEC-CAP-BANG-TOT-NGHIEP-DOT-THANG-03-NAM-2026-,Download file,fet.iuh.edu.vn,Khoa Công nghệ Điện tử,HCM
https://fet.iuh.edu.vn/upload/files/Ds%20TN%20T3_7_10_2025.pdf,https://fet.iuh.edu.vn/news.html@detail@264@884@THONG-BAO-VE-VIEC-TO-CHUC-LE-BE-GIANG-VA-PHAT-BANG-TOT-NGHIEP-NAM-2025,Download file,fet.iuh.edu.vn,Khoa Công nghệ Điện tử,HCM
https://fet.iuh.edu.vn/upload/files/GVCN.pdf,"https://fet.iuh.edu.vn/news.html@detail@273@732@Tan-sinh-vien-K20-Thoi-khoa-bieu,-giao-vien-chu-nhiem,-so-tay-SV-Khoa-CN-Dien-tu",/upload/files/GVCN.pdf,fet.iuh.edu.vn,Khoa Công nghệ Điện tử,HCM
https://fet.iuh.edu.vn/upload/files/Hoc%20bong%20Dai%20Loan(1).pdf,"https://fet.iuh.edu.vn/news.html@detail@275@648@Thong-tin-hoc-bong-thac-si-KT-dien-tu-tu-truong-dai-hoc-Su-pham-quoc-lap-Cao-Hung,-Dai-Loan",ở đây.,fet.iuh.edu.vn,Khoa Công nghệ Điện tử,HCM
https://fet.iuh.edu.vn/upload/files/Hoc%20bong%20Dai%20Loan.pdf,"https://fet.iuh.edu.vn/news.html@detail@275@648@Thong-tin-hoc-bong-thac-si-KT-dien-tu-tu-truong-dai-hoc-Su-pham-quoc-lap-Cao-Hung,-Dai-Loan",Download file,fet.iuh.edu.vn,Khoa Công nghệ Điện tử,HCM
https://fet.iuh.edu.vn/upload/files/IoT%20va%20AI.pdf,https://fet.iuh.edu.vn/news.html@detail@211@392@Dai-hoc-%E2%80%93-IoT-va-Tri-tue-nhan-tao-ung-dung,ở đây,fet.iuh.edu.vn,Khoa Công nghệ Điện tử,HCM
https://fet.iuh.edu.vn/upload/files/QD_ThanhLapHoiDong_KLTN.pdf,https://fet.iuh.edu.vn/news.html@detail@292@713@BMVT-thong-bao-lich-bao-ve-Luan-van-tot-nghiep-cho-sinh-vien-da-dang-ky-trong-hoc-ky-I-nam-hoc-2022-2023.,Download file,fet.iuh.edu.vn,Khoa Công nghệ Điện tử,HCM
https://fet.iuh.edu.vn/upload/files/TLTQ.pdf,"https://fet.iuh.edu.vn/news.html@detail@264@890@Lich-bao-ve-luan-van-thac-si,-cac-chuyen-de-NCS",Lịch đính kèm.,fet.iuh.edu.vn,Khoa Công nghệ Điện tử,HCM
https://fet.iuh.edu.vn/upload/files/Ths_CD1_TLTQ_NC2.pdf,"https://fet.iuh.edu.vn/news.html@detail@264@890@Lich-bao-ve-luan-van-thac-si,-cac-chuyen-de-NCS",Lịch đính kèm.,fet.iuh.edu.vn,Khoa Công nghệ Điện tử,HCM
https://fet.iuh.edu.vn/upload/files/Ths_KTDT_huong_NC.pdf,https://fet.iuh.edu.vn/category.html@217@Thac-si,- Bản mô tả Chương trình đào tạo Thạc sĩ hướng nghiên cứu năm 2022,fet.iuh.edu.vn,Khoa Công nghệ Điện tử,HCM
https://fet.iuh.edu.vn/upload/files/Ths_KTDT_huong_UD.pdf,https://fet.iuh.edu.vn/category.html@217@Thac-si,- Bản mô tả Chương trình đào tạo Thạc sĩ hướng ứng dụng năm 2022,fet.iuh.edu.vn,Khoa Công nghệ Điện tử,HCM
https://fet.iuh.edu.vn/upload/files/ctdt%20cong%20nghe%20ky%20thuat%20may%20tinh(1).pdf,https://fet.iuh.edu.vn/category.html@296@Gioi-thieu,Khung chương trình đào tạo chuyên ngành Công nghệ kỹ thuật máy tính hệ Đại trà năm 2024,fet.iuh.edu.vn,Khoa Công nghệ Điện tử,HCM
https://fet.iuh.edu.vn/upload/files/ctdt%20cong%20nghe%20ky%20thuat%20may%20tinh_tcta.pdf,https://fet.iuh.edu.vn/category.html@296@Gioi-thieu,Khung chương trình đào tạo chuyên ngành Công nghệ kỹ thuật máy tính hệ Chất lượng cao năm 202 4,fet.iuh.edu.vn,Khoa Công nghệ Điện tử,HCM
https://fet.iuh.edu.vn/upload/files/ctdt%20ky%20thuat%20thiet%20ke%20vi%20mach.pdf,https://fet.iuh.edu.vn/category.html@296@Gioi-thieu,Khung chương trình đào tạo chuyên ngành Kỹ thuật thiết kế vi mạch hệ Đại trà năm 202 4,fet.iuh.edu.vn,Khoa Công nghệ Điện tử,HCM
https://fet.iuh.edu.vn/upload/files/tb31-2025.pdf,https://fet.iuh.edu.vn/news.html@detail@273@844@Tuyen-sinh-Dao-tao-lien-thong-tu-trinh-do-Cao-dang-len-trinh-do-Dai-hoc-dot-1-nam-2025,Download file,fet.iuh.edu.vn,Khoa Công nghệ Điện tử,HCM
https://fet.iuh.edu.vn/upload/files/web_SAR_2023.pdf,https://fet.iuh.edu.vn/category.html@312@Bao-cao-ket-qua-tu-danh-gia,Download file giới thiệu tại đây,fet.iuh.edu.vn,Khoa Công nghệ Điện tử,HCM
https://iuh.edu.vn/Resource/Upload2/files/2023/08/05_Xu%CC%9B%CC%89%20ly%CC%81%20sinh%20vie%CC%82n%20su%CC%9B%CC%89%20du%CC%A3ng%20chu%CC%9B%CC%81ng%20chi%CC%89%20ngoa%CC%A3i%20ngu%CC%9B%CC%83%20tin%20ho%CC%A3c%20gia%CC%89.pdf,https://fet.iuh.edu.vn/news.html@detail@264@974@THONG-BAO-VE-VIEC-NOP-DON-XET-CONG-NHAN-TOT-NGHIEP-DOT-THANG-10-NAM-2026,tại đây,fet.iuh.edu.vn,Khoa Công nghệ Điện tử,HCM
https://pdt.iuh.edu.vn/Uploads/72c5f485-ba9a-4580-b50b-dc75b40a745a_7.-Ban-cam-ket-CC-TH-NN.pdf,https://fet.iuh.edu.vn/news.html@detail@264@974@THONG-BAO-VE-VIEC-NOP-DON-XET-CONG-NHAN-TOT-NGHIEP-DOT-THANG-10-NAM-2026,tải về,fet.iuh.edu.vn,Khoa Công nghệ Điện tử,HCM
https://pdt.iuh.edu.vn/wp-content/uploads/2021/10/MAU-01.-Don-xin-xet-tot-nghiep-He-tin-chi.pdf,https://fet.iuh.edu.vn/news.html@detail@264@903@THONG-BAO-VE-VIEC-NOP-DON-XET-CONG-NHAN-TOT-NGHIEP-DOT-THANG-3-NAM-2026,tải về,fet.iuh.edu.vn,Khoa Công nghệ Điện tử,HCM
https://pdt.iuh.edu.vn/wp-content/uploads/2021/10/MAU-02.-Don-xin-XTN_TH-qua-thoi-han-hoc-tap.pdf,https://fet.iuh.edu.vn/news.html@detail@264@903@THONG-BAO-VE-VIEC-NOP-DON-XET-CONG-NHAN-TOT-NGHIEP-DOT-THANG-3-NAM-2026,tải về,fet.iuh.edu.vn,Khoa Công nghệ Điện tử,HCM
https://pdt.iuh.edu.vn/wp-content/uploads/2021/10/MAU-03.-Ban-cam-ket-CC-TH-NN.pdf,https://fet.iuh.edu.vn/news.html@detail@264@903@THONG-BAO-VE-VIEC-NOP-DON-XET-CONG-NHAN-TOT-NGHIEP-DOT-THANG-3-NAM-2026,tải về,fet.iuh.edu.vn,Khoa Công nghệ Điện tử,HCM
http://ffl.iuh.edu.vn/Upload/Files/programme-specification-2018.pdf,https://ffl.iuh.edu.vn/news.html@detail@211@202@PROGRAMME-SPECIFICATION,The BEL Programme Specification (updated in 2018) can be downloaded by clicking this link:,ffl.iuh.edu.vn,Khoa Ngoại ngữ,HCM
http://ffl.iuh.edu.vn/Upload/Files/programme_description_2014.pdf,https://ffl.iuh.edu.vn/news.html@detail@211@202@PROGRAMME-SPECIFICATION,The BEL Programme Description (in 2014) can be downloaded by clicking this link:,ffl.iuh.edu.vn,Khoa Ngoại ngữ,HCM
https://ffl.iuh.edu.vn/upload/01026002/files/Speaking%202%20-%20course%20induction.pdf,https://ffl.iuh.edu.vn/giangvien@nguyenthidiemthi,Download,ffl.iuh.edu.vn,Khoa Ngoại ngữ,HCM
https://ffl.iuh.edu.vn/upload/01210023/files/16_%202111443-%20interpretation%201%2025-6-2019%20checked.pdf,https://ffl.iuh.edu.vn/giangvien@nguyendinhluat,Download,ffl.iuh.edu.vn,Khoa Ngoại ngữ,HCM
https://ffl.iuh.edu.vn/upload/01210023/files/22%20Advanced%20Translation%2010-12-2019.pdf,https://ffl.iuh.edu.vn/news.html@detail@203@324@DE-CUONG-CAC-MON-HOC-TRONG-HOC-KI-1-2020-2021,Download file,ffl.iuh.edu.vn,Khoa Ngoại ngữ,HCM
https://ffl.iuh.edu.vn/upload/01210029/files/9-%202111471-%20Reading%202%20-2018.pdf,https://ffl.iuh.edu.vn/giangvien@lethithanhlap,Download,ffl.iuh.edu.vn,Khoa Ngoại ngữ,HCM
https://ffl.iuh.edu.vn/upload/01220023/files/tong-hop-ngu-phap-tieng-anh-on-thi-toeic-moi-nhat-2.pdf,https://ffl.iuh.edu.vn/giangvien@trananhdung,Download,ffl.iuh.edu.vn,Khoa Ngoại ngữ,HCM
https://ffl.iuh.edu.vn/upload/0199900065/files/MASTER%20RUBRIC%20-%20Testing%20%26%20Evaluation.pdf,https://ffl.iuh.edu.vn/giangvien@nguyentruongsa,Download,ffl.iuh.edu.vn,Khoa Ngoại ngữ,HCM
https://ffl.iuh.edu.vn/upload/08760002/files/S%E1%BB%B1%20hoa%20h%E1%BB%A3p%20gi%E1%BB%AFa%20ch%E1%BB%A7%20ng%E1%BB%AF%20va%20d%E1%BB%99ng%20t%E1%BB%AB.pdf,https://ffl.iuh.edu.vn/giangvien@trananhtuan,Download,ffl.iuh.edu.vn,Khoa Ngoại ngữ,HCM
https://ffl.iuh.edu.vn/upload/08760002/files/sach%20tieng%20Anh%20thong%20d%E1%BB%A5ng%20lop%2011%2019_6_2010.pdf,https://ffl.iuh.edu.vn/giangvien@trananhtuan,Download,ffl.iuh.edu.vn,Khoa Ngoại ngữ,HCM
https://ffl.iuh.edu.vn/upload/08760002/files/sach%20tieng%20Anh%20thong%20dung%20lop%2012%2019_6_2010.pdf,https://ffl.iuh.edu.vn/giangvien@trananhtuan,Download,ffl.iuh.edu.vn,Khoa Ngoại ngữ,HCM
https://ffl.iuh.edu.vn/upload/08760002/files/sach%20tieng%20anh%20thong%20dung%20lop%2010%20ngay%2019_6_2010.pdf,https://ffl.iuh.edu.vn/giangvien@trananhtuan,Download,ffl.iuh.edu.vn,Khoa Ngoại ngữ,HCM
https://ffl.iuh.edu.vn/upload/files/05_12_24%20DANH%20SACH%20THI%20B%E1%BB%94%20SUNG%20C%E1%BB%A6A%20HK2%20VA%20HK3%20NAM%202023-2024.pdf,https://ffl.iuh.edu.vn/news.html@detail@264@726@Danh-sach-sinh-vien-thi-bo-sung-cuoi-ky-mon-Tieng-anh-va-Anh-van-CLC-nam-hoc-2023-2024,Download file,ffl.iuh.edu.vn,Khoa Ngoại ngữ,HCM
https://ffl.iuh.edu.vn/upload/files/2020/05/tb42.pdf,https://ffl.iuh.edu.vn/news.html@detail@273@121@Thong-bao-tuyen-sinh-dai-hoc-he-chinh-quy-nam-2020,Download file,ffl.iuh.edu.vn,Khoa Ngoại ngữ,HCM
https://ffl.iuh.edu.vn/upload/files/2020/05/tb_45_new.pdf,https://ffl.iuh.edu.vn/news.html@detail@273@123@Thong-bao-V-v-tuyen-sinh-dai-hoc-van-bang-2-hinh-thuc-vua-lam-vua-hoc-nam-2020,Download file,ffl.iuh.edu.vn,Khoa Ngoại ngữ,HCM
https://ffl.iuh.edu.vn/upload/files/2020/05/tb_46.pdf,https://ffl.iuh.edu.vn/news.html@detail@273@122@Thong-bao-V-v-tuyen-sinh-dao-tao-lien-thong-hinh-thuc-vua-lam-vua-hoc-tu-trinh-do-cao-dang-len-trinh-do-dai-hoc-dot-1-nam-2020,Download file,ffl.iuh.edu.vn,Khoa Ngoại ngữ,HCM
https://ffl.iuh.edu.vn/upload/files/2020/05/tb_57.pdf,"https://ffl.iuh.edu.vn/news.html@detail@273@124@Thong-bao-v-v-tuyen-sinh-dao-tao-lien-thong-hinh-thuc-vua-lam-vua-hoc-tu-trinh-do-cao-dang-len-trinh-do-dai-hoc-dot-1-nam-2020,-lop-dat-tai-Truong-Cao-dang-Cong-Thuong-Thanh-pho-Ho-Chi-Minh",Download file,ffl.iuh.edu.vn,Khoa Ngoại ngữ,HCM
https://ffl.iuh.edu.vn/upload/files/2021/05.2021/THONG%20BAO_LT%20NN%206%20BAC.pdf,https://ffl.iuh.edu.vn/news.html@detail@262@407@Thong-bao-to-chuc-luyen-thi-nang-luc-tieng-Anh-theo-khung-nang-luc-Ngoai-Ngu-6-bac-dung-cho-Viet-Nam,Download file,ffl.iuh.edu.vn,Khoa Ngoại ngữ,HCM
https://ffl.iuh.edu.vn/upload/files/2021/05.2021/THONG%20BAO_THI%20NN%206%20BAC.pdf,https://ffl.iuh.edu.vn/news.html@detail@262@406@Thong-bao-to-chuc-thi-nang-luc-tieng-Anh-theo-khung-nang-luc-Ngoai-Ngu-6-bac-dung-cho-Viet-Nam,Download file,ffl.iuh.edu.vn,Khoa Ngoại ngữ,HCM
https://ffl.iuh.edu.vn/upload/files/2022/Quy%20dinh%20doi%20voi%20thi%20sinh%20du%20thi%20TOEIC.pdf,https://ffl.iuh.edu.vn/news.html@detail@264@748@DANH-SACH-THI-TOEIC-NGAY-04-05-2025,Quy định dành cho thí sinh,ffl.iuh.edu.vn,Khoa Ngoại ngữ,HCM
https://ffl.iuh.edu.vn/upload/files/2022/Quy%20dinh%20vv%20Chung%20minh%20nhan%20dan%20khong%20hop%20le%20(01_7_2019).pdf,https://ffl.iuh.edu.vn/news.html@detail@263@656@THONG-BAO-DANG-KY-THI-TOEIC-DOT-THI-NGAY-13-01-2024,Quy định CMND không hợp lệ,ffl.iuh.edu.vn,Khoa Ngoại ngữ,HCM
https://ffl.iuh.edu.vn/upload/files/2023/08.2023/Bien%20ban%20xet%20tot%20nghiep%20dot%20thang%2007_2023.pdf,https://ffl.iuh.edu.vn/news.html@detail@264@625@Thong-bao-nhan-bang-tot-nghiep-dot-xet-thang-07-nam-2023,bấm xem tại đây.,ffl.iuh.edu.vn,Khoa Ngoại ngữ,HCM
https://ffl.iuh.edu.vn/upload/files/2023/08.2023/Ket%20qua%20phuc%20khao%20HK2_2022_2023.pdf,https://ffl.iuh.edu.vn/news.html@detail@264@627@Ket-qua-phuc-khao-thi-cuoi-ky-2-2022-2023-nganh-Ngon-ngu-Anh,Download file,ffl.iuh.edu.vn,Khoa Ngoại ngữ,HCM
https://ffl.iuh.edu.vn/upload/files/2023/12.2023/01%20apa-6th-edition-20221223112651-e.pdf,https://ffl.iuh.edu.vn/bieumau.html@p=1,,ffl.iuh.edu.vn,Khoa Ngoại ngữ,HCM
https://ffl.iuh.edu.vn/upload/files/2023/200823%20-%20DH%20CONG%20NGHIEP%20-%20AM%20(1).pdf,https://ffl.iuh.edu.vn/news.html@detail@264@626@DANH-SACH-THI-TOEIC-NGAY-20-08-2023,Download file,ffl.iuh.edu.vn,Khoa Ngoại ngữ,HCM
https://ffl.iuh.edu.vn/upload/files/2024/08.2024/Programme%20Specification%202022.pdf,https://ffl.iuh.edu.vn/news.html@detail@211@690@Programme-Specification-2022,Download file,ffl.iuh.edu.vn,Khoa Ngoại ngữ,HCM
https://ffl.iuh.edu.vn/upload/files/2024/10.2024/Bien%20ban%20xet%20tot%20nghiep%20dot%20thang%2010_2024.pdf,https://ffl.iuh.edu.vn/news.html@detail@264@725@Thong-bao-nhan-bang-tot-nghiep-dot-xet-thang-10-nam-2024,bấm xem tại đây.,ffl.iuh.edu.vn,Khoa Ngoại ngữ,HCM
https://ffl.iuh.edu.vn/upload/files/2024/PS%202024%20version.pdf,https://ffl.iuh.edu.vn/news.html@detail@211@691@Programme-Specification-2024,Download file,ffl.iuh.edu.vn,Khoa Ngoại ngữ,HCM
https://ffl.iuh.edu.vn/upload/files/2024/ilovepdf_merged(4).pdf,https://ffl.iuh.edu.vn/news.html@detail@264@723@DANH-SACH-THI-TOEIC-NGAY-27-11-2024,Download file,ffl.iuh.edu.vn,Khoa Ngoại ngữ,HCM
https://ffl.iuh.edu.vn/upload/files/2024/ilovepdf_merged(5).pdf,https://ffl.iuh.edu.vn/news.html@detail@264@727@DANH-SACH-THI-TOEIC-NGAY-20-12-2024,Download file,ffl.iuh.edu.vn,Khoa Ngoại ngữ,HCM
https://ffl.iuh.edu.vn/upload/files/2024/ilovepdf_merged(6).pdf,https://ffl.iuh.edu.vn/news.html@detail@264@728@THONG-BAO-LICH-DANG-KY-THI-TOEIC-TAI-IIG-THANG-01-NAM-2025,tại đây,ffl.iuh.edu.vn,Khoa Ngoại ngữ,HCM
https://ffl.iuh.edu.vn/upload/files/2024/ilovepdf_merged(7).pdf,https://ffl.iuh.edu.vn/news.html@detail@264@733@DANH-SACH-THI-TOEIC-NGAY-16-17-18-20-01-2025,Download file,ffl.iuh.edu.vn,Khoa Ngoại ngữ,HCM
https://ffl.iuh.edu.vn/upload/files/2025/02.2025/Ket%20qua%20phuc%20khao%20HK1_2024_2025%20to%20BPD.pdf,https://ffl.iuh.edu.vn/news.html@detail@264@736@Ket-qua-phuc-khao-diem-thi-cuoi-ky-1-(2024-2025)-nganh-Ngon-ngu-Anh,tải file tại đây.,ffl.iuh.edu.vn,Khoa Ngoại ngữ,HCM
https://ffl.iuh.edu.vn/upload/files/2025/02.2025/Ket%20qua%20phuc%20khao%20HK1_2024_2025%20to%20CSN.pdf,https://ffl.iuh.edu.vn/news.html@detail@264@736@Ket-qua-phuc-khao-diem-thi-cuoi-ky-1-(2024-2025)-nganh-Ngon-ngu-Anh,tải file tại đây.,ffl.iuh.edu.vn,Khoa Ngoại ngữ,HCM
https://ffl.iuh.edu.vn/upload/files/2025/02.2025/Ket%20qua%20phuc%20khao%20HK1_2024_2025%20to%20PPGD.pdf,https://ffl.iuh.edu.vn/news.html@detail@264@736@Ket-qua-phuc-khao-diem-thi-cuoi-ky-1-(2024-2025)-nganh-Ngon-ngu-Anh,tải file tại đây.,ffl.iuh.edu.vn,Khoa Ngoại ngữ,HCM
https://ffl.iuh.edu.vn/upload/files/2025/03.2025/Bien%20ban%20xet%20tot%20nghiep%20dot%20thang%2002_2025.pdf,https://ffl.iuh.edu.vn/news.html@detail@264@738@Thong-bao-nhan-bang-tot-nghiep-dot-xet-thang-02-nam-2025,bấm xem tại đây.,ffl.iuh.edu.vn,Khoa Ngoại ngữ,HCM
https://ffl.iuh.edu.vn/upload/files/2025/03.2025/DS%20THI%20B%E1%BB%94%20SUNG%2027_03.pdf,"https://ffl.iuh.edu.vn/news.html@detail@264@740@DANH-SACH-KIEM-TRA-THUONG-KY,-THI-GIUA-KY-CAC-MON-TIENG-ANH-1,2-VA-ANH-VAN-1,2,3,4-(-BO-SUNG)",,ffl.iuh.edu.vn,Khoa Ngoại ngữ,HCM
https://ffl.iuh.edu.vn/upload/files/2025/03.2025/DS%20THI%20B%E1%BB%94%20SUNG%20MON%20TI%E1%BA%BENG%20ANH%201%20VA%20TI%E1%BA%BENG%20ANH%202.pdf,https://ffl.iuh.edu.vn/news.html@detail@264@745@Danh-sach-sinh-vien-thi-bo-sung-giua-ky-mon-Tieng-Anh-1-va-Tieng-Anh-2,Download file,ffl.iuh.edu.vn,Khoa Ngoại ngữ,HCM
https://ffl.iuh.edu.vn/upload/files/2025/03.2025/DS%20THI%20B%E1%BB%94%20SUNG%20new.pdf,"https://ffl.iuh.edu.vn/news.html@detail@264@740@DANH-SACH-KIEM-TRA-THUONG-KY,-THI-GIUA-KY-CAC-MON-TIENG-ANH-1,2-VA-ANH-VAN-1,2,3,4-(-BO-SUNG)",tại đây,ffl.iuh.edu.vn,Khoa Ngoại ngữ,HCM
https://ffl.iuh.edu.vn/upload/files/2025/04.2025/7_7.pdf,"https://ffl.iuh.edu.vn/news.html@detail@264@751@DANH-SACH-SV-THI-BO-SUNG-CAC-MON-ANH-VAN-CLC-VA-TIENG-ANH-1,2",Download file,ffl.iuh.edu.vn,Khoa Ngoại ngữ,HCM
https://ffl.iuh.edu.vn/upload/files/2025/04.2025/H%E1%BB%99i%20d%E1%BB%93ng%20khoa%20lu%E1%BA%ADn%20h%E1%BB%8Dc%20ky%202-2024-2025.pdf,https://ffl.iuh.edu.vn/news.html@detail@264@746@Hoi-dong-bao-ve-khoa-luan-Hoc-Ky-2-(2024-2025),Download file,ffl.iuh.edu.vn,Khoa Ngoại ngữ,HCM
https://ffl.iuh.edu.vn/upload/files/2025/07.2025/5_8%20DI%E1%BB%82M%20PHUC%20KH%E1%BA%A2O.pdf,https://ffl.iuh.edu.vn/news.html@detail@264@753@Ket-qua-phuc-khao-diem-thi-cuoi-ky-mon-Tieng-anh-1-va-Anh-van-1-Hoc-ky-2-2024-2025,Download file,ffl.iuh.edu.vn,Khoa Ngoại ngữ,HCM
https://ffl.iuh.edu.vn/upload/files/2025/07.2025/KET%20QUA%20PHUC%20KHAO%20DIEM(1).pdf,https://ffl.iuh.edu.vn/news.html@detail@264@754@Ket-qua-phuc-khao-diem-thi-cuoi-ky-mon-Tieng-anh-1-Hoc-ky-3-2024-2025,/upload/files/2025/07.2025/KET%20QUA%20PHUC%20KHAO%20DIEM(1).pdf,ffl.iuh.edu.vn,Khoa Ngoại ngữ,HCM
https://ffl.iuh.edu.vn/upload/files/2025/07.2025/Ket%20qua%20phuc%20khao%20hk2-2024-2025%20to%20PPGD.pdf,https://ffl.iuh.edu.vn/news.html@detail@264@752@Ket-qua-phuc-khao-diem-thi-cuoi-ky-nganh-Ngon-ngu-Anh-Hoc-ky-2-2024-2025,tải file.,ffl.iuh.edu.vn,Khoa Ngoại ngữ,HCM
https://ffl.iuh.edu.vn/upload/files/2025/08.2025/Bien%20ban%20xet%20tot%20nghiep%20dot%20thang%2007_2025.pdf,https://ffl.iuh.edu.vn/news.html@detail@264@755@Thong-bao-nhan-bang-tot-nghiep-dot-xet-thang-07-nam-2025,bấm xem tại đây.,ffl.iuh.edu.vn,Khoa Ngoại ngữ,HCM
https://ffl.iuh.edu.vn/upload/files/2025/09.2025/8_10_25%20DANH%20SACH%20SV%20THI%20BO%20SUNG%20K21.pdf,https://ffl.iuh.edu.vn/news.html@detail@264@762@TB-THI-BO-SUNG-SAT-HACH-TIENG-ANH-DAU-VAO-CHO-SINH-VIEN-K21,Download file,ffl.iuh.edu.vn,Khoa Ngoại ngữ,HCM
https://ffl.iuh.edu.vn/upload/files/2025/09.2025/Ket%20qua%20phuc%20khao%20hk3-2024-2025.pdf,https://ffl.iuh.edu.vn/news.html@detail@264@758@Ket-qua-phuc-khao-cuoi-ky-he-2024-2025-nganh-Ngon-ngu-Anh,Download file,ffl.iuh.edu.vn,Khoa Ngoại ngữ,HCM
https://ffl.iuh.edu.vn/upload/files/2025/11.2025/Bien%20ban%20xet%20tot%20nghiep%20dot%20thang%2010_2025.pdf,https://ffl.iuh.edu.vn/news.html@detail@264@764@Thong-bao-nhan-bang-tot-nghiep-dot-xet-thang-10-nam-2025,bấm xem tại đây.,ffl.iuh.edu.vn,Khoa Ngoại ngữ,HCM
https://ffl.iuh.edu.vn/upload/files/2025/11.2025/HU%E1%BB%9ANG%20D%E1%BA%AAN%20N%E1%BB%98P%20H%E1%BB%92%20SO%20MON%20TH%E1%BB%B0C%20T%E1%BA%ACP%20DOANH%20NGHI%E1%BB%86P%20HK1%2025-26.pdf,https://ffl.iuh.edu.vn/news.html@detail@264@767@Thong-bao-nop-bai-bao-cao-thuc-tap-(-Giang-Day),Download file,ffl.iuh.edu.vn,Khoa Ngoại ngữ,HCM
https://ffl.iuh.edu.vn/upload/files/2025/11.2025/SINH%20VIEN%20D%E1%BB%B0%20L%E1%BB%84%20TRAO%20B%E1%BA%B0NG%20T%E1%BB%90T%20NGHI%E1%BB%86P%20NGAY%2001_12_2025.pdf,https://ffl.iuh.edu.vn/news.html@detail@264@766@Danh-sach-sinh-vien-tham-du-le-tot-nghiep-ngay-01-12-2025,Download file,ffl.iuh.edu.vn,Khoa Ngoại ngữ,HCM
https://ffl.iuh.edu.vn/upload/files/2025/12.2025/19_12%20DANH%20SACH%20SV%20THI%20B%E1%BB%94%20SUNG%20HK1.pdf,"https://ffl.iuh.edu.vn/news.html@detail@264@769@TB-THI-BO-SUNG-CAC-MON-ANH-VAN-1,2,3,4-VA-TIENG-ANH-1,2-HK1-NAM-2025-2026",Download file,ffl.iuh.edu.vn,Khoa Ngoại ngữ,HCM
https://ffl.iuh.edu.vn/upload/files/2025/12.2025/2025-12-17%20(1).pdf,https://ffl.iuh.edu.vn/news.html@detail@264@768@Hoi-dong-khoa-luan-Hoc-ky-1-(2025-2026),tải file.,ffl.iuh.edu.vn,Khoa Ngoại ngữ,HCM
https://ffl.iuh.edu.vn/upload/files/2025/12.2025/4_%20THONG%20BAO%20MUA%20SACH-%20DH%20CONG%20NGHIEP%20TP%20HCM%20-4_2025-%20new.pdf,https://ffl.iuh.edu.vn/news.html@detail@264@770@Thong-bao-ve-viec-mua-sach-hoc-Tieng-Anh,tải file.,ffl.iuh.edu.vn,Khoa Ngoại ngữ,HCM
https://ffl.iuh.edu.vn/upload/files/2025/DM%20CAC%20LO%E1%BA%A0I%20CCNN%20(b%E1%BA%A3n%20full)-2-3.pdf,https://ffl.iuh.edu.vn/news.html@detail@264@750@DANH-MUC-CAC-LOAI-CHUNG-CHI-TIENG-ANH-DUOC-CONG-NHAN-TRONG-TUYEN-SINH-VA-DAO-TAO-TRINH-DO-DAI-HOC-VA-MUC-DIEM-TOI-THIEU,Download file,ffl.iuh.edu.vn,Khoa Ngoại ngữ,HCM
https://ffl.iuh.edu.vn/upload/files/2025/HD%20du%20thi%20TOEIC%20Online.pdf,https://ffl.iuh.edu.vn/news.html@detail@264@748@DANH-SACH-THI-TOEIC-NGAY-04-05-2025,tại đây,ffl.iuh.edu.vn,Khoa Ngoại ngữ,HCM
https://ffl.iuh.edu.vn/upload/files/2025/THONG%20TIN%20CH%E1%BB%A8NG%20CH%E1%BB%88%20NGO%E1%BA%A0I%20NG%E1%BB%AE%20MI%E1%BB%84N%20TI%E1%BA%BENG%20ANH%20D%E1%BA%A6U%20VAO%20(Responses)(2).pdf,https://ffl.iuh.edu.vn/news.html@detail@264@761@Tra-loi-ket-qua-xet-mien-thi-sat-hach-tieng-Anh-dau-vao-cho-sinh-vien-K21-nam-hoc-2025-2026,Download file,ffl.iuh.edu.vn,Khoa Ngoại ngữ,HCM
https://ffl.iuh.edu.vn/upload/files/2025/ilovepdf_merged(1).pdf,https://ffl.iuh.edu.vn/news.html@detail@264@737@DANH-SACH-THI-TOEIC-NGAY-16-17-03-2025,Download file,ffl.iuh.edu.vn,Khoa Ngoại ngữ,HCM
https://ffl.iuh.edu.vn/upload/files/2025/ilovepdf_merged(2).pdf,https://ffl.iuh.edu.vn/news.html@detail@264@747@DANH-SACH-THI-TOEIC-NGAY-27-28-04-2025,Download file,ffl.iuh.edu.vn,Khoa Ngoại ngữ,HCM
https://ffl.iuh.edu.vn/upload/files/2025/ilovepdf_merged(3).pdf,https://ffl.iuh.edu.vn/news.html@detail@264@748@DANH-SACH-THI-TOEIC-NGAY-04-05-2025,Download file,ffl.iuh.edu.vn,Khoa Ngoại ngữ,HCM
https://ffl.iuh.edu.vn/upload/files/2025/ilovepdf_merged.pdf,https://ffl.iuh.edu.vn/news.html@detail@264@739@THONG-BAO-LICH-DANG-KY-THI-TOEIC-TAI-IIG-THANG-04-VA-THANG-5-NAM-2025,tại đây,ffl.iuh.edu.vn,Khoa Ngoại ngữ,HCM
https://ffl.iuh.edu.vn/upload/files/2026/02.2026/Ket%20qua%20phuc%20khao%20hk1-2025-2026%20to%20csn%20va%20bpd.pdf,https://ffl.iuh.edu.vn/news.html@detail@264@772@Ket-qua-phuc-khao-diem-thi-cuoi-ky-nganh-Ngon-ngu-Anh-Hoc-ky-1-2025-2026,Download file,ffl.iuh.edu.vn,Khoa Ngoại ngữ,HCM
https://ffl.iuh.edu.vn/upload/files/2026/03.2026/2026-03-09%20(1).pdf,https://ffl.iuh.edu.vn/news.html@detail@264@773@Quyet-dinh-giao-de-tai-Khoa-luan-Hoc-ky-2-(2025-2026),Download file,ffl.iuh.edu.vn,Khoa Ngoại ngữ,HCM
https://ffl.iuh.edu.vn/upload/files/2026/03.2026/Bien%20ban%20xet%20tot%20nghiep%20dot%20thang%2003_2026.pdf,https://ffl.iuh.edu.vn/news.html@detail@264@774@Thong-bao-nhan-bang-tot-nghiep-dot-xet-thang-03-nam-2026,bấm xem tại đây.,ffl.iuh.edu.vn,Khoa Ngoại ngữ,HCM
https://ffl.iuh.edu.vn/upload/files/2026/03.2026/DANH%20SACH%20THI%20BS%20CAC%20MON%20ANH%20VAN%201%2C2%2C3%2C4%20VA%20TI%E1%BA%BENG%20ANH%201%2C2(2).pdf,"https://ffl.iuh.edu.vn/news.html@detail@264@777@TB-THI-GIUA-KY-BO-SUNG-CAC-MON-ANH-VAN-1,2,3,4-VA-TIENG-ANH-1,2-HK2-NAM-2025-2026",Download file,ffl.iuh.edu.vn,Khoa Ngoại ngữ,HCM
https://ffl.iuh.edu.vn/upload/files/2026/03.2026/Ket%20qua%20phuc%20khao%20hk1_2025_2026%20to%20PPGD.pdf,https://ffl.iuh.edu.vn/news.html@detail@264@772@Ket-qua-phuc-khao-diem-thi-cuoi-ky-nganh-Ngon-ngu-Anh-Hoc-ky-1-2025-2026,tải file.,ffl.iuh.edu.vn,Khoa Ngoại ngữ,HCM
https://ffl.iuh.edu.vn/upload/files/2026/05.2026/03_06%20DANH%20SACH%20SV%20THI%20B%E1%BB%94%20SUNG.pdf,"https://ffl.iuh.edu.vn/news.html@detail@264@781@TB-THI-CUOI-KY-BO-SUNG-CAC-MON-ANH-VAN-1,2,3,4-VA-TIENG-ANH-1,2-HK2-NAM-2025-2026",Download file,ffl.iuh.edu.vn,Khoa Ngoại ngữ,HCM
https://ffl.iuh.edu.vn/upload/files/2026/07.2026/Ket%20qua%20phuc%20khao%20hk2-2025-2026%20to%20csn.pdf,https://ffl.iuh.edu.vn/news.html@detail@264@782@Ket-qua-phuc-khao-mon-Tieng-Viet-thuc-hanh-Hoc-ky-2-(2025-2026),Download file,ffl.iuh.edu.vn,Khoa Ngoại ngữ,HCM
https://ffl.iuh.edu.vn/upload/files/2026/08.2026/Bien%20ban%20xet%20tot%20nghiep%20dot%20thang%2007_2026.pdf,https://ffl.iuh.edu.vn/news.html@detail@264@784@Thong-bao-nhan-bang-tot-nghiep-dot-xet-thang-07-nam-2026,bấm xem tại đây.,ffl.iuh.edu.vn,Khoa Ngoại ngữ,HCM
https://ffl.iuh.edu.vn/upload/files/2026/08.2026/THI%20BO%20SUNG%20AV3%20GK(1).pdf,https://ffl.iuh.edu.vn/news.html@detail@264@786@TB-THI-BO-SUNG-GK-CAC-MON-ANH-VAN-3-HK1-NAM-2026-2027,Download file,ffl.iuh.edu.vn,Khoa Ngoại ngữ,HCM
https://ffl.iuh.edu.vn/upload/files/20_%2010%20DSSV%20THI%20B%E1%BB%94%20SUNG.pdf,"https://ffl.iuh.edu.vn/news.html@detail@264@763@TB-THI-BO-SUNG-CAC-MON-ANH-VAN-1,2,3,4-VA-TIENG-ANH-1,2-HK1-NAM-2025-2026",Download file,ffl.iuh.edu.vn,Khoa Ngoại ngữ,HCM
https://ffl.iuh.edu.vn/upload/files/ilovepdf_merged.pdf,https://ffl.iuh.edu.vn/news.html@detail@264@729@DANH-SACH-THI-TOEIC-NGAY-28-29-12-2024,Download file,ffl.iuh.edu.vn,Khoa Ngoại ngữ,HCM
https://fgd.iuh.edu.vn/wp-content/uploads/2017/07/AO-GOES-VIETNAM-FASHION-COMPETITION-Announcement.pdf,https://fgd.iuh.edu.vn/hop-tac-quoc-te/cuoc-thi-thiet-ke-thoi-trang-cua-dai-su-ao/,Tải về và Xem,fgd.iuh.edu.vn,Khoa Công nghệ May - Thời trang,HCM
https://fgd.iuh.edu.vn/wp-content/uploads/2017/10/huong_dan_xet_hoc_bong_vuot_kho_hieu_hoc_nam_2017.pdf,https://fgd.iuh.edu.vn/thong-bao/thong-bao-xet-cap-hoc-bong-cho-sinh-vien-vuot-kho-hieu-hoc/,Tải về và Xem,fgd.iuh.edu.vn,Khoa Công nghệ May - Thời trang,HCM
https://fgd.iuh.edu.vn/wp-content/uploads/2018/10/Thong_bao_ve_viec_cap_hoc_bong_sinh_vien_vuot_kho_hieu_hoc_nam_2018.pdf,https://fgd.iuh.edu.vn/thong-bao/thong-bao-hoc-bong-hieu-hoc-nam-2018/,Tải về và Xem,fgd.iuh.edu.vn,Khoa Công nghệ May - Thời trang,HCM
https://fgd.iuh.edu.vn/wp-content/uploads/2018/12/huong_dan_bao_cao_thuc_tap_dn_2-_lop_cong_nghe_12-2018-1.pdf,https://fgd.iuh.edu.vn/form-you-may-need/instructions-for-writing-enterprise-internship-reports-2-garment-technology-classes/,huong_dan_bao_cao_thuc_tap_dn_2-_lop_cong_nghe_12-2018,fgd.iuh.edu.vn,Khoa Công nghệ May - Thời trang,HCM
https://fgd.iuh.edu.vn/wp-content/uploads/2018/12/huong_dan_bao_cao_thuc_tap_dn_2-_lop_cong_nghe_12-2018.pdf,https://fgd.iuh.edu.vn/bieu-mau/huong-dan-viet-bao-cao-thuc-tap-doanh-nghiep-2-cac-lop-cong-nghe-may/,Tải về và Xem,fgd.iuh.edu.vn,Khoa Công nghệ May - Thời trang,HCM
https://fgd.iuh.edu.vn/wp-content/uploads/2019/08/2Xuân-Hoa-YSC2019-Poster.pdf,https://fgd.iuh.edu.vn/hoi-nghi-khoa-hoc/hoi-nghi-khoa-hoc-tre-nam-2019-nghien-cuu-va-danh-gia-tiem-nang-cua-la-khom-trong-keo-soi-det-vai/,Tải về và Xem,fgd.iuh.edu.vn,Khoa Công nghệ May - Thời trang,HCM
https://fgd.iuh.edu.vn/wp-content/uploads/2021/03/hoc-bong-hk1-20-21-230321-20210323023235-e1.pdf,https://fgd.iuh.edu.vn/thong-bao/danh-sach-sinh-vien-nhan-hoc-bong-hoc-ky-1-2020-2021/,Tải về và Xem,fgd.iuh.edu.vn,Khoa Công nghệ May - Thời trang,HCM
https://fgd.iuh.edu.vn/wp-content/uploads/2021/04/CV-193-%C4%90H-C%C3%94NG-NGHI%E1%BB%86P.pdf,https://fgd.iuh.edu.vn/chua-duoc-phan-loai-en/mekong-labor-supply-co-ltd-support-garment-technology-internship-candidate-to-japanese/,CV 193 ĐH CÔNG NGHIỆP,fgd.iuh.edu.vn,Khoa Công nghệ May - Thời trang,HCM
https://fgd.iuh.edu.vn/wp-content/uploads/2021/04/cap_hoc_bong_dong_huong_bac_lieu-_nam_hoc_2017-2018.pdf,https://fgd.iuh.edu.vn/notification/announcement-on-scholarships-for-fellow-bac-lieu-in-2017-2018/,cap_hoc_bong_dong_huong_bac_lieu-_nam_hoc_2017-2018,fgd.iuh.edu.vn,Khoa Công nghệ May - Thời trang,HCM
https://fgd.iuh.edu.vn/wp-content/uploads/2021/05/Nghien-cuu-1-nganh-det-may-viet-nam.pdf,https://fgd.iuh.edu.vn/scientific-research/research-documents-on-vietnam-textile-and-garment-industry/,Nghien-cuu-1 nganh-det-may-viet-nam,fgd.iuh.edu.vn,Khoa Công nghệ May - Thời trang,HCM
https://fgd.iuh.edu.vn/wp-content/uploads/2021/05/Nghien-cuu-2-nganh-det-may-viet-nam-.pdf,https://fgd.iuh.edu.vn/scientific-research/research-documents-on-vietnam-textile-and-garment-industry/,Nghien-cuu-2-nganh-det-may-viet-nam –,fgd.iuh.edu.vn,Khoa Công nghệ May - Thời trang,HCM
https://fgd.iuh.edu.vn/wp-content/uploads/2021/06/tb0821-ysc.pdf,https://fgd.iuh.edu.vn/thong-bao/thong-bao-v-v-gia-han-thoi-gian-nop-bai-bao-hoi-nghi-khoa-hoc-tre-lan-3-nam-2021/,Tải về và Xem,fgd.iuh.edu.vn,Khoa Công nghệ May - Thời trang,HCM
https://fgd.iuh.edu.vn/wp-content/uploads/2021/07/Programme-Specification-2021.pdf,https://fgd.iuh.edu.vn/garment-technology-programme/gt-programme-specification/,Tải về và Xem,fgd.iuh.edu.vn,Khoa Công nghệ May - Thời trang,HCM
https://fgd.iuh.edu.vn/wp-content/uploads/2021/07/TCDM_2021.07_phan2.pdf,https://fgd.iuh.edu.vn/thong-bao/tap-chi-det-may-thang-6-2022-2/,TCDM_2021.07_phan2,fgd.iuh.edu.vn,Khoa Công nghệ May - Thời trang,HCM
https://fgd.iuh.edu.vn/wp-content/uploads/2021/07/TCDM_2021.07_v2-Phan-1.pdf,https://fgd.iuh.edu.vn/scientific-conference/journal-of-textile-industry-july-2021/,TCDM_2021.07_v2-Phan 1,fgd.iuh.edu.vn,Khoa Công nghệ May - Thời trang,HCM
https://fgd.iuh.edu.vn/wp-content/uploads/2021/08/18_19-123_1.7m.pdf,https://fgd.iuh.edu.vn/scientific-article/effects-of-dyeing-process-on-the-change-in-color-microstructural-characteristics-and-physico-mechanical-properties-of-hoa-ca-crocodile-skin/,Tải về và Xem,fgd.iuh.edu.vn,Khoa Công nghệ May - Thời trang,HCM
https://fgd.iuh.edu.vn/wp-content/uploads/2021/08/BAI-BAO-DANG-DH-CONG-NGHIEP.pdf,https://fgd.iuh.edu.vn/bai-bao-khoa-hoc/nghien-cuu-su-bien-doi-cau-truc-va-cac-tinh-chat-co-ly-cua-da-ca-sau-hoa-ca-tr%c6%a3oc-va-sau-khi-thuoc-bang-muoi-crom/,Tải về và Xem,fgd.iuh.edu.vn,Khoa Công nghệ May - Thời trang,HCM
https://fgd.iuh.edu.vn/wp-content/uploads/2021/08/CHI-THANH-Student-PO-final.pdf,https://fgd.iuh.edu.vn/thong-bao/student-portfolio/,CHI THANH-Student PO final,fgd.iuh.edu.vn,Khoa Công nghệ May - Thời trang,HCM
https://fgd.iuh.edu.vn/wp-content/uploads/2021/08/GV_Huongdangiangvienkhoiphucmatkhaucongthongtin250521.pdf,https://fgd.iuh.edu.vn/hoc-truc-tuyen/huong-dan-giao-vien-khoi-phuc-mat-khau/,Tải về và Xem,fgd.iuh.edu.vn,Khoa Công nghệ May - Thời trang,HCM
https://fgd.iuh.edu.vn/wp-content/uploads/2021/08/GV_TailieutaphuanElearning_300521_20210530023620.pdf,https://fgd.iuh.edu.vn/hoc-truc-tuyen/tai-lieu-huong-dan-giang-vien-su-dung-he-thong-e-learing/,Tải về và Xem,fgd.iuh.edu.vn,Khoa Công nghệ May - Thời trang,HCM
https://fgd.iuh.edu.vn/wp-content/uploads/2021/08/PO-Trieu-Thi-Trang.pdf,https://fgd.iuh.edu.vn/thong-bao/student-portfolio-3/,PO – Trieu Thi Trang,fgd.iuh.edu.vn,Khoa Công nghệ May - Thời trang,HCM
https://fgd.iuh.edu.vn/wp-content/uploads/2021/08/PO-đã-edit.pdf,https://fgd.iuh.edu.vn/thong-bao/student-portfolio-5/,PO- đã edit,fgd.iuh.edu.vn,Khoa Công nghệ May - Thời trang,HCM
https://fgd.iuh.edu.vn/wp-content/uploads/2021/08/SV_HuongDanSinhVienSuDungMSTeam300521.pdf,https://fgd.iuh.edu.vn/thong-bao/huong-dan-sinh-vien-su-dung-ms-teams/,Tải về và Xem,fgd.iuh.edu.vn,Khoa Công nghệ May - Thời trang,HCM
https://fgd.iuh.edu.vn/wp-content/uploads/2021/08/SV_Huongdansinhvienkhoiphucmatkhaucongthongtin2505.pdf,https://fgd.iuh.edu.vn/hoc-truc-tuyen/huong-dan-sinh-vien-khoi-phuc-mat-khau-cong-thong-tin/,Tải về và Xem,fgd.iuh.edu.vn,Khoa Công nghệ May - Thời trang,HCM
https://fgd.iuh.edu.vn/wp-content/uploads/2021/08/Student_Cúc.pdf,https://fgd.iuh.edu.vn/thong-bao/student-portfolio-7/,Student_Cúc,fgd.iuh.edu.vn,Khoa Công nghệ May - Thời trang,HCM
https://fgd.iuh.edu.vn/wp-content/uploads/2021/08/huong-dan-su-dung-app-Moodle-tren-mobile.pdf,https://fgd.iuh.edu.vn/thong-bao/huong-dan-su-dung-app-moodle-tren-nen-tang-mobile/,Tải về và Xem,fgd.iuh.edu.vn,Khoa Công nghệ May - Thời trang,HCM
https://fgd.iuh.edu.vn/wp-content/uploads/2021/09/1.-Đặc-tả-chương-trình-2021.pdf,https://fgd.iuh.edu.vn/chuong-trinh-cong-nghe-may/dac-ta-chuong-trinh-2021/,Đặc tả chương trình 2021,fgd.iuh.edu.vn,Khoa Công nghệ May - Thời trang,HCM
https://fgd.iuh.edu.vn/wp-content/uploads/2021/09/2.-GT-Programme-Specification-FGD-2020.pdf,https://fgd.iuh.edu.vn/garment-technology-programme/gt-programme-specification-2020/,Tải về và Xem,fgd.iuh.edu.vn,Khoa Công nghệ May - Thời trang,HCM
https://fgd.iuh.edu.vn/wp-content/uploads/2021/09/NAME-LIST-OF-LECTURERS-FACULTY-OF-GARMENT-TECHNOLOGY-AND-FASHION-DESIGN.pdf,https://fgd.iuh.edu.vn/academic-staff/,Tải về và Xem,fgd.iuh.edu.vn,Khoa Công nghệ May - Thời trang,HCM
https://fgd.iuh.edu.vn/wp-content/uploads/2021/09/Programme-Specification-Associate-degree.pdf,https://fgd.iuh.edu.vn/associate-degree-in/,Tải về và Xem,fgd.iuh.edu.vn,Khoa Công nghệ May - Thời trang,HCM
https://fgd.iuh.edu.vn/wp-content/uploads/2021/09/Programme-Specification-Fashion-Design.pdf,https://fgd.iuh.edu.vn/chuong-trinh-thiet-ke-thoi-trang/thiet-ke-thoi-trang/,Programme Specification-Fashion Design,fgd.iuh.edu.vn,Khoa Công nghệ May - Thời trang,HCM
https://fgd.iuh.edu.vn/wp-content/uploads/2021/09/TB89.pdf,https://fgd.iuh.edu.vn/scholarships/announcement-of-scholarship-policy-to-encourage-study-and-support-tuition-fees-for-the-academic-year-2021-2022/,Tải về và Xem,fgd.iuh.edu.vn,Khoa Công nghệ May - Thời trang,HCM
https://fgd.iuh.edu.vn/wp-content/uploads/2021/09/Thong-tin-lien-he-truc-tuyen-update-06-09-20211.pdf,https://fgd.iuh.edu.vn/thong-bao/thong-bao-danh-sach-kenh-lien-he-xu-ly-cong-viec-truc-tuyen-2/,Tải về và Xem,fgd.iuh.edu.vn,Khoa Công nghệ May - Thời trang,HCM
https://fgd.iuh.edu.vn/wp-content/uploads/2021/09/tb124.pdf,https://fgd.iuh.edu.vn/scholarships/announcement-of-the-scholarship-students-overcome-difficulties-in-2019/,Tải về và Xem,fgd.iuh.edu.vn,Khoa Công nghệ May - Thời trang,HCM
https://fgd.iuh.edu.vn/wp-content/uploads/2021/09/tb65.pdf,https://fgd.iuh.edu.vn/thong-bao/thong-bao-thoi-gian-hoc-tap-tai-truong-cua-sinh-vien-truong-dai-hoc-cong-nghiep-thanh-pho-ho-chi-minh/,Tải về và Xem,fgd.iuh.edu.vn,Khoa Công nghệ May - Thời trang,HCM
https://fgd.iuh.edu.vn/wp-content/uploads/2021/09/tb_146.pdf,https://fgd.iuh.edu.vn/scholarships/announcement-of-the-scholarship-students-overcome-difficulties-in-2018/,Tải về và Xem,fgd.iuh.edu.vn,Khoa Công nghệ May - Thời trang,HCM
https://fgd.iuh.edu.vn/wp-content/uploads/2021/09/Đặc-tả-chương-trình-2020.pdf,https://fgd.iuh.edu.vn/chuong-trinh-cong-nghe-may/dac-ta-chuong-trinh-2020/,Đặc tả chương trình 2020,fgd.iuh.edu.vn,Khoa Công nghệ May - Thời trang,HCM
https://fgd.iuh.edu.vn/wp-content/uploads/2021/11/Tháng-12-2.pdf,https://fgd.iuh.edu.vn/thong-bao/tap-chi-det-may-thang-11-2021/,Tháng 11-2,fgd.iuh.edu.vn,Khoa Công nghệ May - Thời trang,HCM
https://fgd.iuh.edu.vn/wp-content/uploads/2021/11/tháng-11-1.pdf,https://fgd.iuh.edu.vn/thong-bao/tap-chi-det-may-thang-11-2021/,Tải về và Xem,fgd.iuh.edu.vn,Khoa Công nghệ May - Thời trang,HCM
https://fgd.iuh.edu.vn/wp-content/uploads/2021/12/1.-TCDM_12.20211.2022-Phan-2.pdf,https://fgd.iuh.edu.vn/sinh-vien-nghien-cuu-khoa-hoc/tap-chi-det-may-thang-12-2021-phan-2/,Tải về và Xem,fgd.iuh.edu.vn,Khoa Công nghệ May - Thời trang,HCM
https://fgd.iuh.edu.vn/wp-content/uploads/2021/12/DS-lien-he-truc-tuyen-22-12-2021.pdf,https://fgd.iuh.edu.vn/thong-bao/cap-nhat-danh-sach-kenh-lien-he-xu-ly-cong-viec-truc-tuyen/,Tải về và Xem,fgd.iuh.edu.vn,Khoa Công nghệ May - Thời trang,HCM
https://fgd.iuh.edu.vn/wp-content/uploads/2022/01/1Detaicapbo-qui-dinh-ghi-nhan-sp-det-may-.pdf,https://fgd.iuh.edu.vn/bai-bao-khoa-hoc/nghien-cuu-xay-dung-qui-dinh-ve-ghi-nhan-san-pham-det-may-phu-hop-voi-dieu-kien-trong-nuoc-va-qui-dinh-quoc-te/,Tải về và Xem,fgd.iuh.edu.vn,Khoa Công nghệ May - Thời trang,HCM
https://fgd.iuh.edu.vn/wp-content/uploads/2022/01/2Detaicapbo-qui-dinh-ghi-nhan-sp-det-may.pdf,https://fgd.iuh.edu.vn/bai-bao-khoa-hoc/nghien-cuu-xay-dung-qui-dinh-ve-ghi-nhan-san-pham-det-may-phu-hop-voi-dieu-kien-trong-nuoc-va-qui-dinh-quoc-te/,2Detaicapbo-qui dinh ghi nhan sp det-may,fgd.iuh.edu.vn,Khoa Công nghệ May - Thời trang,HCM
https://fgd.iuh.edu.vn/wp-content/uploads/2022/05/TCDM_2022.05-phan-1.pdf,https://fgd.iuh.edu.vn/scientific-research/journal-of-textile-industry-march-2022-2/,TCDM_2022.05 phan 1,fgd.iuh.edu.vn,Khoa Công nghệ May - Thời trang,HCM
https://fgd.iuh.edu.vn/wp-content/uploads/2022/05/TCDM_2022.05-phan-2.pdf,https://fgd.iuh.edu.vn/scientific-research/journal-of-textile-industry-march-2022-2/,TCDM_2022.05 – phan 2,fgd.iuh.edu.vn,Khoa Công nghệ May - Thời trang,HCM
https://fgd.iuh.edu.vn/wp-content/uploads/2022/05/TCDM_202204-phần-2.pdf,https://fgd.iuh.edu.vn/chua-duoc-phan-loai-en/journal-of-textile-industry-april-2022/,TCDM_202204- phần 2,fgd.iuh.edu.vn,Khoa Công nghệ May - Thời trang,HCM
https://fgd.iuh.edu.vn/wp-content/uploads/2022/06/TCDM_2022.06-1-phần-2.pdf,https://fgd.iuh.edu.vn/thong-bao/tap-chi-det-may-thang-6-2022/,TCDM_2022.06 (1) – phần 2,fgd.iuh.edu.vn,Khoa Công nghệ May - Thời trang,HCM
https://fgd.iuh.edu.vn/wp-content/uploads/2022/07/1.TCDM_2022.07phan-2.pdf,https://fgd.iuh.edu.vn/scientific-research/journal-of-textile-industry-july-2022/,1.TCDM_2022.07phan 2,fgd.iuh.edu.vn,Khoa Công nghệ May - Thời trang,HCM
https://fgd.iuh.edu.vn/wp-content/uploads/2022/07/TCDM-thang7_2019_17072019_web.pdf,https://fgd.iuh.edu.vn/scientific-research/journal-of-textile-industry-july-2022/,TCDM-thang7_2019_17072019_web,fgd.iuh.edu.vn,Khoa Công nghệ May - Thời trang,HCM
https://fgd.iuh.edu.vn/wp-content/uploads/2022/11/gv.pdf,https://fgd.iuh.edu.vn/danh-sach-tien-si-co-huu-cua-khoa/danh-sach-tien-si-co-huu-theo-thong-tu-so-02-2022-tt-bgddt-ngay-18-thang-01-nam-2022-don-vi-dao-tao-khoa-cong-nghe-may-thoi-trang/,Tải về và Xem,fgd.iuh.edu.vn,Khoa Công nghệ May - Thời trang,HCM
https://fgd.iuh.edu.vn/wp-content/uploads/2023/09/TCDM_2023.09-1.pdf,https://fgd.iuh.edu.vn/thong-bao/%f0%9f%91%89tap-chi-det-may-thang-09-2023-3/,Tải về và Xem,fgd.iuh.edu.vn,Khoa Công nghệ May - Thời trang,HCM
https://fgd.iuh.edu.vn/wp-content/uploads/2023/09/TCDM_2023.09-Phan-2.pdf,https://fgd.iuh.edu.vn/thong-bao/%f0%9f%91%89tap-chi-det-may-thang-09-2023-3/,TCDM_2023.09 -Phần 2,fgd.iuh.edu.vn,Khoa Công nghệ May - Thời trang,HCM
https://fgd.iuh.edu.vn/wp-content/uploads/2023/10/DANH-SACH-GV-TO-CN.pdf,https://fgd.iuh.edu.vn/doi-ngu-giang-vien-bm-cong-nghe-may/,Tải về và Xem,fgd.iuh.edu.vn,Khoa Công nghệ May - Thời trang,HCM
https://fgd.iuh.edu.vn/wp-content/uploads/2023/11/TCDM_2023.10-P1.pdf,https://fgd.iuh.edu.vn/scientific-research/journal-of-textile-industry-oct-2023/,Tải về và Xem,fgd.iuh.edu.vn,Khoa Công nghệ May - Thời trang,HCM
https://fgd.iuh.edu.vn/wp-content/uploads/2023/11/TCDM_2023.10-P2.pdf,https://fgd.iuh.edu.vn/scientific-research/journal-of-textile-industry-oct-2023/,TCDM_2023.10 – P2,fgd.iuh.edu.vn,Khoa Công nghệ May - Thời trang,HCM
https://fgd.iuh.edu.vn/wp-content/uploads/2024/06/TapchiDM_202405-p2.pdf,https://fgd.iuh.edu.vn/thong-bao/%f0%9f%91%89tap-chi-det-may-thang-5-2024/,TapchiDM_202405 p2,fgd.iuh.edu.vn,Khoa Công nghệ May - Thời trang,HCM
https://fgd.iuh.edu.vn/wp-content/uploads/2024/06/TapchiDM_202405p1.pdf,https://fgd.iuh.edu.vn/thong-bao/%f0%9f%91%89tap-chi-det-may-thang-5-2024/,Tải về và Xem,fgd.iuh.edu.vn,Khoa Công nghệ May - Thời trang,HCM
https://fgd.iuh.edu.vn/wp-content/uploads/2024/09/2.-P1thang8TapchiDM_202408-Copy.pdf,https://fgd.iuh.edu.vn/scientific-research/journal-of-textile-industry-august-2024/,2. P1tháng8TapchiDM_202408 – Copy,fgd.iuh.edu.vn,Khoa Công nghệ May - Thời trang,HCM
https://fgd.iuh.edu.vn/wp-content/uploads/2024/09/2.-P2thang8TapchiDM_202408.pdf,https://fgd.iuh.edu.vn/scientific-research/journal-of-textile-industry-august-2024/,2. P2tháng8TapchiDM_202408,fgd.iuh.edu.vn,Khoa Công nghệ May - Thời trang,HCM
https://fgd.iuh.edu.vn/wp-content/uploads/2024/12/CTDT_Thiet_ke_thoi_trang_-_7210404_K20_Chinh_quy_Ky_su.pdf,https://fgd.iuh.edu.vn/chuong-trinh-thiet-ke-thoi-trang/chuong-trinh-thiet-ke-thoi-trang/,Tải về và Xem,fgd.iuh.edu.vn,Khoa Công nghệ May - Thời trang,HCM
https://fgd.iuh.edu.vn/wp-content/uploads/2025/01/Dac-ta-ct.pdf,https://fgd.iuh.edu.vn/chuong-trinh-cong-nghe-may/dac-ta-chuong-trinh-cong-nghe-may/,Tải về và Xem,fgd.iuh.edu.vn,Khoa Công nghệ May - Thời trang,HCM
https://fgd.iuh.edu.vn/wp-content/uploads/2025/01/TGT-PS-2024.pdf,https://fgd.iuh.edu.vn/chuong-trinh-cong-nghe-may/dac-ta-chuong-trinh-cong-nghe-may/,TGT PS 2024,fgd.iuh.edu.vn,Khoa Công nghệ May - Thời trang,HCM
https://fgd.iuh.edu.vn/wp-content/uploads/2025/01/dang-web-Programme-Learning-Outcomes-in-Fashion-Design-Programme.pdf,https://fgd.iuh.edu.vn/programme-specification/programme-learning-outcomes-in-fashion-design-programme-2024/,Tải về và Xem,fgd.iuh.edu.vn,Khoa Công nghệ May - Thời trang,HCM
https://fgd.iuh.edu.vn/wp-content/uploads/2025/02/Introduction-Fashion-Design-Education-Programme-2025.pdf,https://fgd.iuh.edu.vn/fashion-design-programme/introduction-fashion-design-education-programme/,Tải về và Xem,fgd.iuh.edu.vn,Khoa Công nghệ May - Thời trang,HCM
https://fgd.iuh.edu.vn/wp-content/uploads/2025/03/1.-Educational-philosophy-CARE-1.pdf,https://fgd.iuh.edu.vn/educational-philosophy/,Tải về và Xem,fgd.iuh.edu.vn,Khoa Công nghệ May - Thời trang,HCM
https://fgd.iuh.edu.vn/wp-content/uploads/2025/03/1.-Educational-philosophy-CARE.pdf,https://fgd.iuh.edu.vn/vision-mission/,Tải về và Xem,fgd.iuh.edu.vn,Khoa Công nghệ May - Thời trang,HCM
https://fgd.iuh.edu.vn/wp-content/uploads/2025/03/List-of-FDs-Lecturer-2024-2025.pdf,https://fgd.iuh.edu.vn/giang-vien/,Tải về và Xem,fgd.iuh.edu.vn,Khoa Công nghệ May - Thời trang,HCM
https://fgd.iuh.edu.vn/wp-content/uploads/2025/04/1.-Chuan-dau-ra-tieng-anhPLOs.pdf,https://fgd.iuh.edu.vn/garment-technology-programme/programme-learning-outcomes-in-textile-and-garment-technology-education-programme/,Tải về và Xem,fgd.iuh.edu.vn,Khoa Công nghệ May - Thời trang,HCM
https://fgd.iuh.edu.vn/wp-content/uploads/2025/04/TK3D-MAY-TINH_CNM.pdf,https://fgd.iuh.edu.vn/chuong-trinh-cong-nghe-may/de-cuong-mon-hoc-cu-the/,TK3D MAY TINH_CNM,fgd.iuh.edu.vn,Khoa Công nghệ May - Thời trang,HCM
https://fgd.iuh.edu.vn/wp-content/uploads/2025/12/1_Course-specification-Apparel-assembly-technology-for-traditional.pdf,https://fgd.iuh.edu.vn/garment-technology-programme/information-on-the-website-about-the-course-specification-2/,1_Course specification Apparel assembly technology for traditional,fgd.iuh.edu.vn,Khoa Công nghệ May - Thời trang,HCM
https://fgd.iuh.edu.vn/wp-content/uploads/2025/12/TGT-PS-2024-1.pdf,https://fgd.iuh.edu.vn/chuong-trinh-cong-nghe-may/dac-ta-chuong-trinh-2024/,TGT PS 2024,fgd.iuh.edu.vn,Khoa Công nghệ May - Thời trang,HCM
https://fgd.iuh.edu.vn/wp-content/uploads/2026/03/Chuan-dau-ra-web.pdf,https://fgd.iuh.edu.vn/chuong-trinh-cong-nghe-may/chuan-dau-ra-chuong-trinh-cong-nghe-may/,Tải về và Xem,fgd.iuh.edu.vn,Khoa Công nghệ May - Thời trang,HCM
https://fgd.iuh.edu.vn/wp-content/uploads/2026/03/Gioi-thieu-chuong-trinh.pdf,https://fgd.iuh.edu.vn/programme-specification/introduction-textile-and-garment-technology-education-programme/,Tải về và Xem,fgd.iuh.edu.vn,Khoa Công nghệ May - Thời trang,HCM
https://fgd.iuh.edu.vn/wp-content/uploads/2026/08/NTK-SI-HOANG-ID.pdf,https://fgd.iuh.edu.vn/thong-bao/nkt-le-si-hoang-nguoi-giu-nhip-tho-cua-di-san/,Tải về và Xem,fgd.iuh.edu.vn,Khoa Công nghệ May - Thời trang,HCM
https://fhre.iuh.edu.vn/upload/files/(1)%20Call%20for%20paper%20BMKTnhiet%20final.pdf,https://fhre.iuh.edu.vn/news.html@detail@344@502@Hoi-Thao-Khoa-Hoc-Cac-Nghien-Cuu-Tien-Tien-Trong-Ky-Thuat-Nhiet-Thu-7-Ngay-22-5-2021,Download file,fhre.iuh.edu.vn,Khoa Công nghệ Nhiệt - Lạnh,HCM
https://fhre.iuh.edu.vn/upload/files/(2)%20Call%20for%20paper%20of%20basic%20technique%20final.pdf,https://fhre.iuh.edu.vn/news.html@detail@344@503@HOI-THAO-KHOA-HOC-CAC-NGHIEN-CUU-TIEN-TIEN-TRONG-KHOA-HOC-NHIET-Thu-bay-19-6-2021,Download file,fhre.iuh.edu.vn,Khoa Công nghệ Nhiệt - Lạnh,HCM
https://fhre.iuh.edu.vn/upload/files/(3)%20Call%20for%20paper(work%20shop)%20final.pdf,https://fhre.iuh.edu.vn/news.html@detail@344@504@HOI-THAO-KHOA-HOC-MO-HINH-HOC-CU-TRONG-THUC-HANH-THI-NGHIEM-NHIET-Thu-bay-10-7-2021,Download file,fhre.iuh.edu.vn,Khoa Công nghệ Nhiệt - Lạnh,HCM
https://fhre.iuh.edu.vn/upload/files/(4)%20Workshop%20of%20FHRE%20final.pdf,https://fhre.iuh.edu.vn/news.html@detail@344@505@HOI-THAO-KHOA-HOC-CAC-NGHIEN-CUU-TIEN-TIEN-TRONG-KHOA-HOC-NHIET-VA-LUU-CHAT-Thu-bay-31-7-2021,Download file,fhre.iuh.edu.vn,Khoa Công nghệ Nhiệt - Lạnh,HCM
https://fhre.iuh.edu.vn/upload/files/2026_%20PDT%2017a_Don%20de%20nghi%20xet%20TN%20dung%20han%20(co%20hinh_6_2026)-merged.pdf,https://fhre.iuh.edu.vn/news.html@detail@264@602@Huong-dan-ho-so-xet-tot-nghiep-va-cac-bieu-mau-dinh-kem,Download file,fhre.iuh.edu.vn,Khoa Công nghệ Nhiệt - Lạnh,HCM
https://fhre.iuh.edu.vn/upload/files/2_%201Quanly_luutru-HS%20NCKH.pdf,https://fhre.iuh.edu.vn/news.html@detail@343@501@Quan-ly-luu-tru-va-bao-quan-ho-so,Download file,fhre.iuh.edu.vn,Khoa Công nghệ Nhiệt - Lạnh,HCM
https://fhre.iuh.edu.vn/upload/files/7_%20Mau%20Phieu%20danh%20gia%20do%20an%20tot%20nghiep.pdf,https://fhre.iuh.edu.vn/bieumau.html@266@Bieu-mau-sinh-vien,,fhre.iuh.edu.vn,Khoa Công nghệ Nhiệt - Lạnh,HCM
https://fhre.iuh.edu.vn/upload/files/Hu%CC%9Bo%CC%9B%CC%81ng-da%CC%82%CC%83n-ta%CC%89i-PLVB-die%CC%A3%CC%82n-tu%CC%9B%CC%89.pdf,https://fhre.iuh.edu.vn/news.html@detail@264@686@Thong-bao-nhan-bang-tot-nghiep-(dot-xet-thang-03-2026),Download file,fhre.iuh.edu.vn,Khoa Công nghệ Nhiệt - Lạnh,HCM
https://fhre.iuh.edu.vn/upload/files/KNX%20-%2020221%20-%20Giao%20Luu%20Tan%20Sinh%20Vien%20-%20DH%20CN%20TP_HCM.pdf,https://fhre.iuh.edu.vn/news.html@detail@275@495@Cuu-sinh-vien-Pham-Huu-Tam-DH-NL1-chia-se,Download file,fhre.iuh.edu.vn,Khoa Công nghệ Nhiệt - Lạnh,HCM
https://fhre.iuh.edu.vn/upload/files/Project%20Management%20Procedures%20of%20the%20Faculty%2001.pdf,https://fhre.iuh.edu.vn/news.html@detail@343@514@Quy-trinh-xet-duyet-de-tai-NCKH-cua-Khoa,Download file,fhre.iuh.edu.vn,Khoa Công nghệ Nhiệt - Lạnh,HCM
https://fhre.iuh.edu.vn/upload/files/Tap%20Huan%20NCKH%20NGHIA.pdf,https://fhre.iuh.edu.vn/news.html@detail@343@496@Tap-huan-quy-dinh-cua-Nha-truong-ve-gio-NCKH-va-phan-mem-khai-bao-theo-(Quyet-dinh-so-2788-QD-DHCN),Download file,fhre.iuh.edu.vn,Khoa Công nghệ Nhiệt - Lạnh,HCM
https://fhs.iuh.edu.vn/upload/files/2025/11/TB-1801-2025.pdf,https://fhs.iuh.edu.vn/vi/thong-bao/thong-bao-ve-nhu-cau-xet-bo-nhiem-chuc-danh-giao-su-pho-giao-su-nam-2025-2063.html,Tải xuống,fhs.iuh.edu.vn,Khoa Khoa học Sức khỏe,HCM
https://fhs.iuh.edu.vn/upload/files/2025/11/tb-1891-2025.pdf,https://fhs.iuh.edu.vn/vi/thong-bao/thong-bao-ve-viec-nghi-tet-duong-lich-tet-nguyen-dan-binh-ngo-nam-2026-2077.html,Tải xuống,fhs.iuh.edu.vn,Khoa Khoa học Sức khỏe,HCM
https://fhs.iuh.edu.vn/upload/files/2025/12/TB_863Vanbang22025.pdf,https://fhs.iuh.edu.vn/vi/thong-tin-tuyen-sinh/tuyen-sinh-dai-hoc-van-bang-2-dot-2-nam-2025-2156.html,Tải xuống,fhs.iuh.edu.vn,Khoa Khoa học Sức khỏe,HCM
https://fhs.iuh.edu.vn/upload/files/Chuong_trinh_Hoi_thao_Hoa_duoc_2026.pdf,https://fhs.iuh.edu.vn/vi/nghien-cuu-khoa-hoc/hoi-thao-khoa-hoc-quoc-gia-hoa-duoc-va-phat-trien-thuoc-moi-xu-huong-nghien-cuu-va-ung-dung-trong-thoi-ky-hoi-nhap-2214.html,Tải xuống,fhs.iuh.edu.vn,Khoa Khoa học Sức khỏe,HCM
https://fhs.iuh.edu.vn/upload/files/TB-866-2026.pdf,https://fhs.iuh.edu.vn/vi/tin-tuc-su-kien/thong-bao-ke-hoach-nghi-he-doi-voi-sinh-vien-nam-2026-2179.html,/upload/files/TB-866-2026.pdf,fhs.iuh.edu.vn,Khoa Khoa học Sức khỏe,HCM
https://fhs.iuh.edu.vn/upload/files/THONG%20BAO.pdf,https://fhs.iuh.edu.vn/vi/tin-tuc-su-kien/hoi-thao-khoa-hoc-quoc-gia-nam-2026-hoa-duoc-va-phat-trien-thuoc-moi-xu-huong-nghien-cuu-va-ung-dung-trong-thoi-ky-hoi-nhap-2186.html,/upload/files/THONG%20BAO.pdf,fhs.iuh.edu.vn,Khoa Khoa học Sức khỏe,HCM
https://fhs.iuh.edu.vn/upload/files/tb-957-2026-20260803054815-e.pdf,https://fhs.iuh.edu.vn/vi/thong-bao/thong-bao-nghi-le-2-9-nam-hoc-2026-2027-2204.html,Tải xuống,fhs.iuh.edu.vn,Khoa Khoa học Sức khỏe,HCM
https://fhs.iuh.edu.vn/upload/files/tb-996-2026-20260820035234-e.pdf,https://fhs.iuh.edu.vn/vi/thong-bao/thong-bao-nop-ho-so-xet-tot-nghiep-dot-thang-10-nam-2026-2203.html,Tải xuống,fhs.iuh.edu.vn,Khoa Khoa học Sức khỏe,HCM
https://fhs.iuh.edu.vn/upload/files/vanban/Hu%E1%BB%9Bng%20d%E1%BA%ABn%20thanh%20toan%20bai%20bao%20ISIScopus.pdf,https://fhs.iuh.edu.vn/vi/bieu-mau.html,,fhs.iuh.edu.vn,Khoa Khoa học Sức khỏe,HCM
http://fit.iuh.edu.vn/upload/files/673_QD_DHCN_26_02_2016.pdf,https://fit.iuh.edu.vn/news.html@detail@218@3008@De-an-mo-nganh-Cong-nghe-thong-tin-trinh-do-Dai-hoc,Quyết định,fit.iuh.edu.vn,Khoa Công nghệ thông tin,HCM
http://iuh.edu.vn/Resource/Upload2/files/2017/06/tb100_dot2_nam_2017_11_nganh.pdf,https://fit.iuh.edu.vn/news.html@detail@157@1785@Tuyen-sinh-Cao-hoc-dot-2-2017-,Tại đây,fit.iuh.edu.vn,Khoa Công nghệ thông tin,HCM
https://fit.iuh.edu.vn/upload/01004004/files/KH%26DS_Seminar_Basic%20Cluster%20Administration%20in%20MongoDB.pdf,https://fit.iuh.edu.vn/news.html@detail@102@3078@Seminar-chuyen-mon-ve-He-quan-tri-co-so-du-lieu-NoSQL-MongoDB,Download,fit.iuh.edu.vn,Khoa Công nghệ thông tin,HCM
https://fit.iuh.edu.vn/upload/01004005/files/eMar/BaiTapThucHanhTMDT.pdf,https://fit.iuh.edu.vn/giangvien@NguyenHuuQuang,Download,fit.iuh.edu.vn,Khoa Công nghệ thông tin,HCM
https://fit.iuh.edu.vn/upload/01004005/files/eMar/BaiTapThucHanhTTDT.pdf,https://fit.iuh.edu.vn/giangvien@NguyenHuuQuang,Download,fit.iuh.edu.vn,Khoa Công nghệ thông tin,HCM
https://fit.iuh.edu.vn/upload/01018004/files/KetQua_Pretest_thang8-2019.pdf,https://fit.iuh.edu.vn/news.html@detail@155@2411@Thong-bao-ket-qua-Pretest-dot-thang-8-nam-2019-nganh-He-thong-thong-tin,download,fit.iuh.edu.vn,Khoa Công nghệ thông tin,HCM
https://fit.iuh.edu.vn/upload/01036006/files/Top-down%20network%20design%20-%203rd%20edition.pdf,https://fit.iuh.edu.vn/giangvien@phamthaikhanh,Download,fit.iuh.edu.vn,Khoa Công nghệ thông tin,HCM
https://fit.iuh.edu.vn/upload/01120009/files/4_%20TieuluanUDCNM.pdf,https://fit.iuh.edu.vn/giangvien@tonlongphuoc,Download,fit.iuh.edu.vn,Khoa Công nghệ thông tin,HCM
https://fit.iuh.edu.vn/upload/01120009/files/BT%20NHAP%20MON%20LT%20C_2015.pdf,https://fit.iuh.edu.vn/giangvien@tonlongphuoc,Download,fit.iuh.edu.vn,Khoa Công nghệ thông tin,HCM
https://fit.iuh.edu.vn/upload/01120009/files/Chuong%202%20Logic%20Menh%20de.pdf,https://fit.iuh.edu.vn/giangvien@tonlongphuoc,Download,fit.iuh.edu.vn,Khoa Công nghệ thông tin,HCM
https://fit.iuh.edu.vn/upload/01120009/files/Giao%20trinh%20KNBP%20va%20TBVP(1).pdf,https://fit.iuh.edu.vn/giangvien@tonlongphuoc,Download,fit.iuh.edu.vn,Khoa Công nghệ thông tin,HCM
https://fit.iuh.edu.vn/upload/01120009/files/GiaoTrinhTHCNMUDCNTT.pdf,https://fit.iuh.edu.vn/giangvien@tonlongphuoc,Download,fit.iuh.edu.vn,Khoa Công nghệ thông tin,HCM
https://fit.iuh.edu.vn/upload/01120009/files/JOB%20DESCRIPTION_SAP%20Fresher%20LOGISTIC.pdf,https://fit.iuh.edu.vn/news.html@detail@104@2008@Cong-ty-NGS-TELECOMMUNICATION-AND-EQUIPMENT-JOINT-STOCK-COMPANY-CONG-TY-CO-PHAN-THIET-BI-VA-TRUYEN-THONG-NGS-(Ten-viet-tat-NGS.JSC),Download,fit.iuh.edu.vn,Khoa Công nghệ thông tin,HCM
https://fit.iuh.edu.vn/upload/01120009/files/Kyanon-Digital-Thong-bao-tuy%E1%BB%83n-intership.pdf,"https://fit.iuh.edu.vn/news.html@detail@104@2197@Kyanon-tuyen-dung-thuc-tap-SE,-Web,-Data-Analytic-&-Visualizer",Download,fit.iuh.edu.vn,Khoa Công nghệ thông tin,HCM
https://fit.iuh.edu.vn/upload/01120009/files/SACONOW%20-%20Tim%20kiem%20nhan%20su%20thuc%20tap.pdf,https://fit.iuh.edu.vn/news.html@detail@104@2283@Cong-ty-Saco-tuyen-sinh-vien-thuc-tap-va-nhan-vien-chinh-thuc,Download,fit.iuh.edu.vn,Khoa Công nghệ thông tin,HCM
https://fit.iuh.edu.vn/upload/01120009/files/TUY%E1%BB%82N%20D%E1%BB%A4NG%20L%E1%BA%ACP%20TRINH%20VIEN.pdf,https://fit.iuh.edu.vn/news.html@detail@104@2718@Cong-ty-DHSoft-tuyen-nhan-su-Lap-trinh-vien,Download,fit.iuh.edu.vn,Khoa Công nghệ thông tin,HCM
https://fit.iuh.edu.vn/upload/01120009/files/TUY%E1%BB%82N%20D%E1%BB%A4NG%20NHAN%20VIEN%20TRI%E1%BB%82N%20KHAI%20D%E1%BB%B0%20AN%20ERP.pdf,https://fit.iuh.edu.vn/news.html@detail@104@2719@Cong-ty-DHSoft-tuyen-nhan-su-nhan-vien-trien-khai-ERP,Download,fit.iuh.edu.vn,Khoa Công nghệ thông tin,HCM
https://fit.iuh.edu.vn/upload/01120009/files/Thu%20ngo%20tuyen%20dung.pdf,https://fit.iuh.edu.vn/news.html@detail@104@2010@Cong-ty-TNHH-Dau-tu-PBS-tuyen-dung-nhan-su,Download,fit.iuh.edu.vn,Khoa Công nghệ thông tin,HCM
https://fit.iuh.edu.vn/upload/01120009/files/TieuchiDanhgiaUDCNM2018SV.pdf,https://fit.iuh.edu.vn/giangvien@tonlongphuoc,Download,fit.iuh.edu.vn,Khoa Công nghệ thông tin,HCM
https://fit.iuh.edu.vn/upload/01120009/files/ly-thuyet-mang-neural.pdf,https://fit.iuh.edu.vn/giangvien@tonlongphuoc,Download,fit.iuh.edu.vn,Khoa Công nghệ thông tin,HCM
https://fit.iuh.edu.vn/upload/01120014/files/LTJava_DHKTPM10HL.pdf,https://fit.iuh.edu.vn/news.html@detail@155@2065@LT-Java-_-DHKTPM10HL-GhepCD16,Download,fit.iuh.edu.vn,Khoa Công nghệ thông tin,HCM
https://fit.iuh.edu.vn/upload/01120022/files/Bang%20Diem%20Pretest_07_2025.pdf,https://fit.iuh.edu.vn/news.html@detail@155@3443@Ket-qua-Prestest-07-2025-Bo-mon-KHMT,Download,fit.iuh.edu.vn,Khoa Công nghệ thông tin,HCM
https://fit.iuh.edu.vn/upload/01120022/files/DS_Pretest_CS_28_12_2021(2).pdf,https://fit.iuh.edu.vn/news.html@detail@155@2860@Bo-mon-KHMT-Ket-qua-Pretest-ngay-28-12-2021-,Kết quả,fit.iuh.edu.vn,Khoa Công nghệ thông tin,HCM
https://fit.iuh.edu.vn/upload/01120022/files/Danh%20sach%20Phan%20Cong%20GVPB%20KLTN%20HK1%202021-2022%20v1.pdf,https://fit.iuh.edu.vn/news.html@detail@155@2839@Danh-sach-sinh-vien-nganh-KHMT-bao-cao-KLTN-HK1-2021-2022,Download,fit.iuh.edu.vn,Khoa Công nghệ thông tin,HCM
https://fit.iuh.edu.vn/upload/01120022/files/Ket%20Qua%20Danh%20sach%20pretest%20ngay%202_8_2023_hk1_2023_2024(6).pdf,https://fit.iuh.edu.vn/news.html@detail@155@3149@Ket-qua-Pretest-8-2023-sinh-vien-KHMT,download,fit.iuh.edu.vn,Khoa Công nghệ thông tin,HCM
https://fit.iuh.edu.vn/upload/01120022/files/Ket%20Qua%20Pretest%2029%2007%202022%20nganh%20KHMT.pdf,https://fit.iuh.edu.vn/news.html@detail@155@2958@[KHMT]-Ket-qua-Pretest-29-7-2022,Download,fit.iuh.edu.vn,Khoa Công nghệ thông tin,HCM
https://fit.iuh.edu.vn/upload/01120022/files/KetQuaPretest_16_12_2022_CS.pdf,"https://fit.iuh.edu.vn/news.html@detail@155@3045@Thong-bao-sinh-vien-khoa-hoc-may-tinh-HK2-2022-2023-Prestest,-KLTN,-TTDN",Download,fit.iuh.edu.vn,Khoa Công nghệ thông tin,HCM
https://fit.iuh.edu.vn/upload/01120022/files/KetQua_Pretest%2019_12_23_CS.pdf,https://fit.iuh.edu.vn/news.html@detail@155@3213@Ket-qua-Pretest-ngay-19-12-2023-Bo-mon-KHMT,/upload/01120022/files/KetQua_Pretest%2019_12_23_CS.pdf,fit.iuh.edu.vn,Khoa Công nghệ thông tin,HCM
https://fit.iuh.edu.vn/upload/01120022/files/KetQua_Pretest_Thang12_2024_CS%202.pdf,https://fit.iuh.edu.vn/news.html@detail@155@3359@Ket-qua-Pretest-sinh-vien-KHMT-12-2024,Download,fit.iuh.edu.vn,Khoa Công nghệ thông tin,HCM
https://fit.iuh.edu.vn/upload/01120022/files/KetquaPretestCS_07_2024(5).pdf,https://fit.iuh.edu.vn/news.html@detail@155@3295@KQ-Pretest-bo-mon-KHMT-07-2024,download,fit.iuh.edu.vn,Khoa Công nghệ thông tin,HCM
https://fit.iuh.edu.vn/upload/01120022/files/Phan%20Cong%20Danh%20sach%20Phan%20Bien%20%20KLTN%20HK1%2022_23%202_12_22%20ver%202.pdf,https://fit.iuh.edu.vn/news.html@detail@155@3031@Bo-mon-KHMT-Khoa-luan-tot-nghiep-Thuc-tap-doanh-nghiep-HK1-2022-2023,danh sách đính kèm,fit.iuh.edu.vn,Khoa Công nghệ thông tin,HCM
https://fit.iuh.edu.vn/upload/01120023/files/BaoveKLTN2025.pdf,https://fit.iuh.edu.vn/news.html@detail@155@3497@[CNTT]-Bao-cao-KLTN-HK-1-nien-khoa-2025-2026,Download,fit.iuh.edu.vn,Khoa Công nghệ thông tin,HCM
https://fit.iuh.edu.vn/upload/01120023/files/BaoveKLTN_2024_HK2.pdf,https://fit.iuh.edu.vn/news.html@detail@155@3274@[Nganh-CNTT]-Danh-sach-bao-cao-Khoa-luan-tot-nghiep-(he-DH)-HK2-2023-2024,Download,fit.iuh.edu.vn,Khoa Công nghệ thông tin,HCM
https://fit.iuh.edu.vn/upload/01120023/files/Di%E1%BB%83m%20Pretest%20HK2_2023_2024%20pdf.pdf,https://fit.iuh.edu.vn/news.html@detail@155@3218@[NGANH-CNTT]-Ket-qua-kiem-tra-PRETEST-12-2023-nganh-CNTT,Download,fit.iuh.edu.vn,Khoa Công nghệ thông tin,HCM
https://fit.iuh.edu.vn/upload/01120023/files/HoidongPoster_HK2.pdf,https://fit.iuh.edu.vn/news.html@detail@155@3555@[Nganh-CNTT]-Danh-sach-bao-cao-Khoa-luan-tot-nghiep-(he-DH)-HK2-2025-2026,Download,fit.iuh.edu.vn,Khoa Công nghệ thông tin,HCM
https://fit.iuh.edu.vn/upload/01120023/files/KLTN%20_HK2-2022-2023_DSPB(2).pdf,https://fit.iuh.edu.vn/news.html@detail@155@3272@[Nganh-CNTT]-Danh-sach-Phan-bien-KLTN-HK2-2023-2024,Download,fit.iuh.edu.vn,Khoa Công nghệ thông tin,HCM
https://fit.iuh.edu.vn/upload/01120023/files/KLTN_BV_HK1-2024.pdf,https://fit.iuh.edu.vn/news.html@detail@155@3352@[Nganh-CNTT]-Danh-sach-bao-cao-Khoa-luan-tot-nghiep-(he-DH)-HK1-2024-2025,Download,fit.iuh.edu.vn,Khoa Công nghệ thông tin,HCM
https://fit.iuh.edu.vn/upload/01120023/files/KQ_PRETEST_072025.pdf,https://fit.iuh.edu.vn/news.html@detail@155@3448@[Nganh-CNTT]-Ket-qua-kiem-tra-PRETEST-07-2025,Download,fit.iuh.edu.vn,Khoa Công nghệ thông tin,HCM
https://fit.iuh.edu.vn/upload/01120023/files/PB%20KLTNHK22025.pdf,https://fit.iuh.edu.vn/news.html@detail@155@3413@[CNTT]-Phan-bien-KLTN-HK-2-nien-khoa-2024-2025,Download,fit.iuh.edu.vn,Khoa Công nghệ thông tin,HCM
https://fit.iuh.edu.vn/upload/01120023/files/PB-KLTN%202025-2026.pdf,https://fit.iuh.edu.vn/news.html@detail@155@3493@[CNTT]-Phan-bien-KLTN-HK-1-nien-khoa-2025-2026,Download,fit.iuh.edu.vn,Khoa Công nghệ thông tin,HCM
https://fit.iuh.edu.vn/upload/01120023/files/V2_KLTN2026.pdf,https://fit.iuh.edu.vn/news.html@detail@155@3552@[CNTT]-Phan-bien-KLTN-HK-2-nien-khoa-2025-2026,Download,fit.iuh.edu.vn,Khoa Công nghệ thông tin,HCM
https://fit.iuh.edu.vn/upload/01120023/files/kltn%202025.pdf,https://fit.iuh.edu.vn/news.html@detail@155@3416@[Nganh-CNTT]-Danh-sach-bao-cao-Khoa-luan-tot-nghiep-(he-DH)-HK2-2024-2025-,Download,fit.iuh.edu.vn,Khoa Công nghệ thông tin,HCM
https://fit.iuh.edu.vn/upload/01120043/files/Danh%20sach-Phong%20thong%20bao%20sinh%20vien.pdf,https://fit.iuh.edu.vn/news.html@detail@155@2672@[KTPM]-DANH-SACH-PHONG-THI-PRETEST,Download,fit.iuh.edu.vn,Khoa Công nghệ thông tin,HCM
https://fit.iuh.edu.vn/upload/01120043/files/banner-tuyendungtoroi-9-2021.pdf,https://fit.iuh.edu.vn/news.html@detail@155@2793@[KTPM]-THUC-TAP-DOANH-NGHIEP-CONG-TY-ASC,Download,fit.iuh.edu.vn,Khoa Công nghệ thông tin,HCM
https://fit.iuh.edu.vn/upload/01370029/files/BackDrop_Final.pdf,https://fit.iuh.edu.vn/news.html@detail@102@3269@Chuong-trinh-Hoi-thao-cap-Khoa-ITIA2024-,Download,fit.iuh.edu.vn,Khoa Công nghệ thông tin,HCM
https://fit.iuh.edu.vn/upload/0199900060/files/2026_%20PDT%2017a_Don%20de%20nghi%20xet%20TN%20dung%20han%20(web_6_2026).pdf,https://fit.iuh.edu.vn/news.html@detail@155@3587@Thong-bao-ke-hoach-xet-cong-nhan-tot-nghiep-dot-thang-10-nam-2026,đúng hạn,fit.iuh.edu.vn,Khoa Công nghệ thông tin,HCM
https://fit.iuh.edu.vn/upload/0199900060/files/2026_%20PDT%2017b_Don%20de%20nghi%20xet%20TN%20qua%20han%20(web_6_2026).pdf,https://fit.iuh.edu.vn/news.html@detail@155@3587@Thong-bao-ke-hoach-xet-cong-nhan-tot-nghiep-dot-thang-10-nam-2026,quá thời hạn,fit.iuh.edu.vn,Khoa Công nghệ thông tin,HCM
https://fit.iuh.edu.vn/upload/0199900060/files/Chuong%20trinh%20Ky%20su%20tai%20nang%20K20.pdf,https://fit.iuh.edu.vn/news.html@detail@155@3565@Thong-bao-tuyen-chon-sinh-vien-chuong-trinh-ky-su-tai-nang-Khoa-Cong-nghe-Thong-tin-Khoa-21-va-Khoa-20-(Nam-hoc-2026-2027),Thông tin về chương trình,fit.iuh.edu.vn,Khoa Công nghệ thông tin,HCM
https://fit.iuh.edu.vn/upload/0199900060/files/DS_Pretest_guidelines.pdf,https://fit.iuh.edu.vn/news.html@detail@155@3567@TB1.-Thong-bao-Ke-hoach-pretest-dot-thang-7-2026-(he-DH),Hướng dẫn,fit.iuh.edu.vn,Khoa Công nghệ thông tin,HCM
https://fit.iuh.edu.vn/upload/0199900060/files/Danh%20sach%20pretest%20d%E1%BB%A3t%20thang%207_2026%20(h%E1%BB%87%20DH)_SV(3).pdf,"https://fit.iuh.edu.vn/news.html@detail@155@3568@TB2.-Thong-bao-thoi-gian-va-danh-sach-pretest-dot-thang-7,-thang-8-nam-2026",File đính kèm,fit.iuh.edu.vn,Khoa Công nghệ thông tin,HCM
https://fit.iuh.edu.vn/upload/0199900060/files/Don%20xet%20tuy%E1%BB%83n%20KSTN.pdf,https://fit.iuh.edu.vn/news.html@detail@155@3565@Thong-bao-tuyen-chon-sinh-vien-chuong-trinh-ky-su-tai-nang-Khoa-Cong-nghe-Thong-tin-Khoa-21-va-Khoa-20-(Nam-hoc-2026-2027),theo mẫu,fit.iuh.edu.vn,Khoa Công nghệ thông tin,HCM
https://fit.iuh.edu.vn/upload/0199900060/files/K_CNTT%20danh%20sach%20GVCN%20nam-hoc-2026-2027.pdf,https://fit.iuh.edu.vn/news.html@detail@155@3574@Danh-sach-GVCN-nam-hoc-2026-2027-,năm học 2026-2027,fit.iuh.edu.vn,Khoa Công nghệ thông tin,HCM
https://fit.iuh.edu.vn/upload/0199900060/files/Ke%20hoach%20Pretest%20dot%20thang%207_2026(1).pdf,https://fit.iuh.edu.vn/news.html@detail@155@3567@TB1.-Thong-bao-Ke-hoach-pretest-dot-thang-7-2026-(he-DH),Kế hoạch,fit.iuh.edu.vn,Khoa Công nghệ thông tin,HCM
https://fit.iuh.edu.vn/upload/0199900060/files/SE_NOI%20DUNG%20PRETEST_2025.pdf,https://fit.iuh.edu.vn/news.html@detail@155@3567@TB1.-Thong-bao-Ke-hoach-pretest-dot-thang-7-2026-(he-DH),Kỹ thuật phần mềm,fit.iuh.edu.vn,Khoa Công nghệ thông tin,HCM
https://fit.iuh.edu.vn/upload/0199900279/files/BaiTapThucHanhCSDL_Chi_(2015).pdf,https://fit.iuh.edu.vn/giangvien@nguyenphuchung,Download,fit.iuh.edu.vn,Khoa Công nghệ thông tin,HCM
https://fit.iuh.edu.vn/upload/06530005/files/IS_DatPretest_7_2024.pdf,https://fit.iuh.edu.vn/news.html@detail@155@3303@Danh-sach-SV-Dat-pretest-Nganh-HTTT-dot-thang-07-2024,Download,fit.iuh.edu.vn,Khoa Công nghệ thông tin,HCM
https://fit.iuh.edu.vn/upload/files/2017/11/Bang%20tham%20do%20y%20kien.pdf,https://fit.iuh.edu.vn/news.html@detail@104@1926@Chuong-trinh-dao-tao-va-tu-van-viec-lam-tai-Nhat,Download,fit.iuh.edu.vn,Khoa Công nghệ thông tin,HCM
https://fit.iuh.edu.vn/upload/files/2017/GCS%20tour%2029_03_2017(1).pdf,https://fit.iuh.edu.vn/news.html@detail@155@1712@[New]-Danh-sach-sinh-vien-tham-quan-cong-ty-Global-CyberSoft,Download,fit.iuh.edu.vn,Khoa Công nghệ thông tin,HCM
https://fit.iuh.edu.vn/upload/files/2017/GCS%20tour%2029_03_2017.pdf,https://fit.iuh.edu.vn/news.html@detail@155@1707@Thong-bao-dang-ky-tham-quan-cong-ty-Global-CyberSoft,Download,fit.iuh.edu.vn,Khoa Công nghệ thông tin,HCM
https://fit.iuh.edu.vn/upload/files/2024/The%20SE%20programme%20specification%202022.pdf,https://fit.iuh.edu.vn/news.html@detail@188@2400@Nganh-Ky-thuat-phan-mem,The SE programme specification 2022,fit.iuh.edu.vn,Khoa Công nghệ thông tin,HCM
https://fit.iuh.edu.vn/upload/files/673_QD_DHCN_26_02_2016.pdf,https://fit.iuh.edu.vn/news.html@detail@218@3009@De-an-mo-nganh-He-thong-thong-tin-trinh-do-Dai-hoc,Quyết định,fit.iuh.edu.vn,Khoa Công nghệ thông tin,HCM
https://fit.iuh.edu.vn/upload/files/Brief%20Outline%20of%20all%20courses%20in%20the%20CS%20programme%20in%202022_Final.pdf,https://fit.iuh.edu.vn/news.html@detail@188@2399@Nganh-Khoa-hoc-may-tinh,Brief Outline of all courses in the CS programme,fit.iuh.edu.vn,Khoa Công nghệ thông tin,HCM
https://fit.iuh.edu.vn/upload/files/CSMaster/Curriculum-v2018.pdf,https://fit.iuh.edu.vn/news.html@detail@187@909@Thac-si-Khoa-hoc-May-tinh,2018,fit.iuh.edu.vn,Khoa Công nghệ thông tin,HCM
https://fit.iuh.edu.vn/upload/files/CSMaster/Curriculum-v2020.pdf,https://fit.iuh.edu.vn/news.html@detail@187@909@Thac-si-Khoa-hoc-May-tinh,2020,fit.iuh.edu.vn,Khoa Công nghệ thông tin,HCM
https://fit.iuh.edu.vn/upload/files/CSMaster/Curriculum-v2022.pdf,https://fit.iuh.edu.vn/news.html@detail@187@909@Thac-si-Khoa-hoc-May-tinh,2022,fit.iuh.edu.vn,Khoa Công nghệ thông tin,HCM
https://fit.iuh.edu.vn/upload/files/CTDT%20TS%20Khoa%20hoc%20may%20tinh%202022_v5.pdf,https://fit.iuh.edu.vn/news.html@detail@187@2255@Tien-si-Khoa-hoc-may-tinh,Chương trình,fit.iuh.edu.vn,Khoa Công nghệ thông tin,HCM
https://fit.iuh.edu.vn/upload/files/CTDT%20nganh%20Cong%20nghe%20Thong%20tin_K16.pdf,https://fit.iuh.edu.vn/news.html@detail@188@2393@Nganh-Cong-nghe-Thong-tin,Chương trình đào tạo: CÔNG NGHỆ THÔNG TIN,fit.iuh.edu.vn,Khoa Công nghệ thông tin,HCM
https://fit.iuh.edu.vn/upload/files/CTDT%20nganh%20Cong%20nghe%20Thong%20tin_nam%202022.pdf,https://fit.iuh.edu.vn/news.html@detail@188@2393@Nganh-Cong-nghe-Thong-tin,Chương trình đào tạo,fit.iuh.edu.vn,Khoa Công nghệ thông tin,HCM
https://fit.iuh.edu.vn/upload/files/CTDT%20nganh%20He%20thong%20Thong%20tin_K16.pdf,https://fit.iuh.edu.vn/news.html@detail@188@2392@Nganh-He-thong-Thong-tin,Chương trình đào tạo ngành Hệ thống thông tin,fit.iuh.edu.vn,Khoa Công nghệ thông tin,HCM
https://fit.iuh.edu.vn/upload/files/CTDT%20nganh%20He%20thong%20Thong%20tin_nam%202022.pdf,https://fit.iuh.edu.vn/news.html@detail@188@2392@Nganh-He-thong-Thong-tin,Chương trình,fit.iuh.edu.vn,Khoa Công nghệ thông tin,HCM
https://fit.iuh.edu.vn/upload/files/Cac%20QD%20mo%20nganh%20tien%20si%20KHMT.pdf,https://fit.iuh.edu.vn/news.html@detail@218@3006@De-an-mo-nganh-dao-tao-trinh-do-Tien-si-Khoa-hoc-may-tinh,Các Quyết định,fit.iuh.edu.vn,Khoa Công nghệ thông tin,HCM
https://fit.iuh.edu.vn/upload/files/Chuong%20trinh%20khung%20_%202023(1).pdf,https://fit.iuh.edu.vn/news.html@detail@188@3266@Nganh-Khoa-hoc-du-lieu,Chương trình khung,fit.iuh.edu.vn,Khoa Công nghệ thông tin,HCM
https://fit.iuh.edu.vn/upload/files/Danh%20sach%20GV%20duy%20tri%20nganh%20Cong%20nghe%20Thong%20tin_nam%202022.pdf,https://fit.iuh.edu.vn/news.html@detail@188@2393@Nganh-Cong-nghe-Thong-tin,Danh sách,fit.iuh.edu.vn,Khoa Công nghệ thông tin,HCM
https://fit.iuh.edu.vn/upload/files/Danh%20sach%20GV%20duy%20tri%20nganh%20He%20thong%20thong%20tin_nam%202022.pdf,https://fit.iuh.edu.vn/news.html@detail@188@2392@Nganh-He-thong-Thong-tin,Danh sách,fit.iuh.edu.vn,Khoa Công nghệ thông tin,HCM
https://fit.iuh.edu.vn/upload/files/Danh%20sach%20GV%20duy%20tri%20nganh%20Khoa%20hoc%20may%20tinh_nam%202022.pdf,https://fit.iuh.edu.vn/news.html@detail@188@2399@Nganh-Khoa-hoc-may-tinh,Danh sách,fit.iuh.edu.vn,Khoa Công nghệ thông tin,HCM
https://fit.iuh.edu.vn/upload/files/Danh%20sach%20GV%20duy%20tri%20nganh%20Ky%20thuat%20phan%20mem_nam%202022.pdf,https://fit.iuh.edu.vn/news.html@detail@188@2400@Nganh-Ky-thuat-phan-mem,Danh sách,fit.iuh.edu.vn,Khoa Công nghệ thông tin,HCM
https://fit.iuh.edu.vn/upload/files/Danh%20sach%20tien%20si%20duy%20tri%20nganh%202024(1).pdf,https://fit.iuh.edu.vn/news.html@detail@188@3266@Nganh-Khoa-hoc-du-lieu,Danh sách,fit.iuh.edu.vn,Khoa Công nghệ thông tin,HCM
https://fit.iuh.edu.vn/upload/files/De%20an%20mo%20nganh%20Cong%20nghe%20thong%20tin_52480201.pdf,https://fit.iuh.edu.vn/news.html@detail@218@3008@De-an-mo-nganh-Cong-nghe-thong-tin-trinh-do-Dai-hoc,Đề án,fit.iuh.edu.vn,Khoa Công nghệ thông tin,HCM
https://fit.iuh.edu.vn/upload/files/De%20an%20mo%20nganh%20He%20thong%20thong%20tin_52480104%20(phan%201).pdf,https://fit.iuh.edu.vn/news.html@detail@218@3009@De-an-mo-nganh-He-thong-thong-tin-trinh-do-Dai-hoc,phần 1,fit.iuh.edu.vn,Khoa Công nghệ thông tin,HCM
https://fit.iuh.edu.vn/upload/files/De%20an%20mo%20nganh%20He%20thong%20thong%20tin_52480104%20(phan%202).pdf,https://fit.iuh.edu.vn/news.html@detail@218@3009@De-an-mo-nganh-He-thong-thong-tin-trinh-do-Dai-hoc,phần 2,fit.iuh.edu.vn,Khoa Công nghệ thông tin,HCM
https://fit.iuh.edu.vn/upload/files/De%20an%20mo%20nganh%20He%20thong%20thong%20tin_52480104%20(phan%203).pdf,https://fit.iuh.edu.vn/news.html@detail@218@3009@De-an-mo-nganh-He-thong-thong-tin-trinh-do-Dai-hoc,phần 3,fit.iuh.edu.vn,Khoa Công nghệ thông tin,HCM
https://fit.iuh.edu.vn/upload/files/De%20an%20mo%20nganh%20He%20thong%20thong%20tin_52480104%20(phan%204).pdf,https://fit.iuh.edu.vn/news.html@detail@218@3009@De-an-mo-nganh-He-thong-thong-tin-trinh-do-Dai-hoc,phần 4,fit.iuh.edu.vn,Khoa Công nghệ thông tin,HCM
https://fit.iuh.edu.vn/upload/files/De%20an%20mo%20nganh%20Ky%20thuat%20phan%20mem_52480103.pdf,https://fit.iuh.edu.vn/news.html@detail@218@3005@De-an-mo-nganh-Ky-thuat-phan-mem-trinh-do-Dai-hoc-,Đề án,fit.iuh.edu.vn,Khoa Công nghệ thông tin,HCM
https://fit.iuh.edu.vn/upload/files/De%20an%20mo%20nganh%20trinh%20do%20Tien%20si_chuyen%20nganh%20Khoa%20hoc%20may%20tinh.pdf,https://fit.iuh.edu.vn/news.html@detail@218@3006@De-an-mo-nganh-dao-tao-trinh-do-Tien-si-Khoa-hoc-may-tinh,Đề án,fit.iuh.edu.vn,Khoa Công nghệ thông tin,HCM
https://fit.iuh.edu.vn/upload/files/Doi%20ngu%20GV%20duy%20tri%20nganh%20Khoa%20hoc%20may%20tinh_Trinh%20do%20Thac%20si_nam%202022.pdf,https://fit.iuh.edu.vn/news.html@detail@187@909@Thac-si-Khoa-hoc-May-tinh,Danh sách,fit.iuh.edu.vn,Khoa Công nghệ thông tin,HCM
https://fit.iuh.edu.vn/upload/files/Doi%20ngu%20GV%20duy%20tri%20nganh%20Khoa%20hoc%20may%20tinh_Trinh%20do%20Tien%20si_nam%202022.pdf,https://fit.iuh.edu.vn/news.html@detail@187@2255@Tien-si-Khoa-hoc-may-tinh,Danh sách,fit.iuh.edu.vn,Khoa Công nghệ thông tin,HCM
https://fit.iuh.edu.vn/upload/files/Quy%20dinh%20check%20dao%20van%20su%20dung%20Turnitin%202025.pdf,https://fit.iuh.edu.vn/news.html@detail@194@3402@Quy-dinh-ve-viec-kiem-tra-dao-van-su-dung-phan-mem-Turnitin-(ap-dung-tu-nam-2025),Quy định,fit.iuh.edu.vn,Khoa Công nghệ thông tin,HCM
https://fit.iuh.edu.vn/upload/files/The%20CS%20programme%20specification%202022.pdf,https://fit.iuh.edu.vn/news.html@detail@188@2399@Nganh-Khoa-hoc-may-tinh,The CS programme specification 2022,fit.iuh.edu.vn,Khoa Công nghệ thông tin,HCM
https://flp.iuh.edu.vn/wp-content/uploads/2017/05/Diem-trung-tuyen-2017.pdf,https://flp.iuh.edu.vn/tin-noi-bat/tuyen-sinh-2017/,Tải về và Xem,flp.iuh.edu.vn,Khoa Luật và Khoa học chính trị,HCM
https://flp.iuh.edu.vn/wp-content/uploads/2017/08/Kham-suc-khoe.pdf,https://flp.iuh.edu.vn/tin-noi-bat/kham-suc-khoe-cho-tan-sinh-vien-khoa-2017-2018/,Tải về và Xem,flp.iuh.edu.vn,Khoa Luật và Khoa học chính trị,HCM
https://flp.iuh.edu.vn/wp-content/uploads/2017/09/DS-Thi-Anh-Van-Dot-2-khoa-Luat.pdf,https://flp.iuh.edu.vn/tin-noi-bat/danh-sach-thi-tieng-anh-xep-lop-dot-2-thu-7-2392017/,Tải về và Xem,flp.iuh.edu.vn,Khoa Luật và Khoa học chính trị,HCM
https://flp.iuh.edu.vn/wp-content/uploads/2017/10/10-10-2017_15.21.5101_huong_dan_xet_hoc_bong_vuot_kho_hieu_hoc_nam_2017.pdf,https://flp.iuh.edu.vn/tin-noi-bat/xet-cap-hoc-bong-sinh-vien-vuot-kho-hieu-hoc-nam-2017/,Tải về và Xem,flp.iuh.edu.vn,Khoa Luật và Khoa học chính trị,HCM
https://flp.iuh.edu.vn/wp-content/uploads/2017/10/KẾ-HOẠCH-TỔ-CHỨC.pdf,https://flp.iuh.edu.vn/tin-noi-bat/to-chuc-hoi-nghi-chuyen-de-thu-bay-ngay-04112017/,Tải về và Xem,flp.iuh.edu.vn,Khoa Luật và Khoa học chính trị,HCM
https://flp.iuh.edu.vn/wp-content/uploads/2018/05/Giai-thuong-SV-nghien-cuu-khoa-hoc-2018.pdf,https://flp.iuh.edu.vn/tin-noi-bat/to-chuc-giai-thuong-sinh-vien-nghien-cuu-khoa-hoc-nam-2018/,Tải về và Xem,flp.iuh.edu.vn,Khoa Luật và Khoa học chính trị,HCM
https://flp.iuh.edu.vn/wp-content/uploads/2018/08/Thoi-khoa-bieu-DHLKT14A-DHLQT14A-2.pdf,https://flp.iuh.edu.vn/tin-noi-bat/thoi-khoa-bieu-khoa-14-khoa-luat-hoc-ky-1-2018-2019/,Tải về và Xem,flp.iuh.edu.vn,Khoa Luật và Khoa học chính trị,HCM
https://flp.iuh.edu.vn/wp-content/uploads/2018/09/Cuoc-thi-Sang-kien-mo-hinh-pho-bien-giao-duc-phap-luat.pdf,https://flp.iuh.edu.vn/tin-noi-bat/cuoc-thi-viet-sang-kien-mo-hinh-pho-bien-giao-duc-phap-luat-co-hieu-qua-cho-thanh-thieu-nien/,Tải về và Xem,flp.iuh.edu.vn,Khoa Luật và Khoa học chính trị,HCM
https://flp.iuh.edu.vn/wp-content/uploads/2018/09/Danh-sách-lớp-AV-K14.pdf,https://flp.iuh.edu.vn/tin-noi-bat/lich-hoc-danh-sach-lop-va-phong-hoc-mon-tieng-anh-1-doi-voi-sinh-vien-k14/,Tải về và Xem,flp.iuh.edu.vn,Khoa Luật và Khoa học chính trị,HCM
https://flp.iuh.edu.vn/wp-content/uploads/2018/10/17-10-2018_08.35.09thong_bao_ve_viec_cap_hoc_bong_sinh_vien_vuot_kho_hieu_hoc_nam_2018.pdf,https://flp.iuh.edu.vn/tin-noi-bat/xet-cap-hoc-bong-sinh-vien-vuot-kho-hieu-hoc-nam-2018/,Tải về và Xem,flp.iuh.edu.vn,Khoa Luật và Khoa học chính trị,HCM
https://flp.iuh.edu.vn/wp-content/uploads/2019/03/21-03-2019_08.55.20quyet_dinh_thanh_lap_hoi_dong_danh_gia_diem_ren_luyen_2019.pdf,https://flp.iuh.edu.vn/tin-noi-bat/thanh-lap-hoi-dong-danh-gia-diem-ren-luyen-sinh-vien-k12-k13-k14/,Tải về và Xem,flp.iuh.edu.vn,Khoa Luật và Khoa học chính trị,HCM
https://flp.iuh.edu.vn/wp-content/uploads/2019/04/25-03-2019_16.29.36qd_652-qd-bgddt.pdf,https://flp.iuh.edu.vn/tin-noi-bat/giai-thuong-sinh-vien-nghien-cuu-khoa-hoc-nam-2019/,Tải về và Xem,flp.iuh.edu.vn,Khoa Luật và Khoa học chính trị,HCM
https://flp.iuh.edu.vn/wp-content/uploads/2019/05/07-05-2019_12.00.18tb__hoc_bong_thap_sang_tuong_lai1.pdf,https://flp.iuh.edu.vn/tin-noi-bat/thong-bao-hoc-bong-thap-sang-tuong-lai-lan-2-2019/,Tải về và Xem,flp.iuh.edu.vn,Khoa Luật và Khoa học chính trị,HCM
https://flp.iuh.edu.vn/wp-content/uploads/2019/05/21-05-2019_14.20.02ve_viec_ho_tro_cung_cap_dssv_tieu_bieu_tinh_dac_nong.pdf,https://flp.iuh.edu.vn/tin-noi-bat/tuyen-duong-sinh-vien-tinh-dak-nong-co-hoc-luc-gioi-va-xuat-sac/,Tải về và Xem,flp.iuh.edu.vn,Khoa Luật và Khoa học chính trị,HCM
https://flp.iuh.edu.vn/wp-content/uploads/2019/08/Thong-bao-hoc-bong-Vu-Dinh-Lieu.pdf,https://flp.iuh.edu.vn/tin-noi-bat/hoc-bong-vu-dinh-lieu-nam-hoc-2019-2020/,Tải về và Xem,flp.iuh.edu.vn,Khoa Luật và Khoa học chính trị,HCM
https://flp.iuh.edu.vn/wp-content/uploads/2019/10/Don-de-nghi-cap-hoc-bong-SV-vuot-kho-hieu-hoc-2019.pdf,https://flp.iuh.edu.vn/tin-noi-bat/hoc-bong-sinh-vien-vuot-kho-hieu-hoc-nam-2019/,Tải về và Xem,flp.iuh.edu.vn,Khoa Luật và Khoa học chính trị,HCM
https://flp.iuh.edu.vn/wp-content/uploads/2019/10/Tinh-huong-du-thi-Phien-toa-gia-dinh.pdf,https://flp.iuh.edu.vn/tin-noi-bat/lich-thi-phien-toa-gia-dinh-va-tinh-huong-du-thi/,Tải về và Xem,flp.iuh.edu.vn,Khoa Luật và Khoa học chính trị,HCM
https://flp.iuh.edu.vn/wp-content/uploads/2020/03/Thoi-gian-nop-bao-cao-TTDN-va-KLTN.pdf,https://flp.iuh.edu.vn/khong-phan-loai/thong-bao-thoi-gian-nop-bao-cao-thuc-tap-doanh-nghiep-va-khoa-luan-tot-nghiep/,Tải về và Xem,flp.iuh.edu.vn,Khoa Luật và Khoa học chính trị,HCM
https://flp.iuh.edu.vn/wp-content/uploads/2020/04/TKB-giang-day-online-Khoa-Luat-1.pdf,https://flp.iuh.edu.vn/tin-noi-bat/thoi-khoa-bieu-giang-day-truc-tuyen-thang-4-2020/,Tải về và Xem,flp.iuh.edu.vn,Khoa Luật và Khoa học chính trị,HCM
https://flp.iuh.edu.vn/wp-content/uploads/2020/04/TKB-giang-day-online-dot-2-Khoa-Luat.pdf,https://flp.iuh.edu.vn/tin-noi-bat/thoi-khoa-bieu-giang-day-truc-tuyen-dot-2/,Tải về và Xem,flp.iuh.edu.vn,Khoa Luật và Khoa học chính trị,HCM
https://flp.iuh.edu.vn/wp-content/uploads/2020/05/26-05-2020_13.50.53tb0920.dtn-thuc-hien-khao-sat-doi-thoai-nam-2020.pdf,https://flp.iuh.edu.vn/tin-noi-bat/thuc-hien-khao-sat-y-kien-sinh-vien-phuc-vu-toa-dam-doi-thoai-giua-lanh-dao-nha-truong-voi-sinh-vien-nam-2020/,Tải về và Xem,flp.iuh.edu.vn,Khoa Luật và Khoa học chính trị,HCM
https://flp.iuh.edu.vn/wp-content/uploads/2020/05/Han-nop-bao-cao-TTDN-KLTN-thang-5-Khoa-Luat-IUH.pdf,https://flp.iuh.edu.vn/khong-phan-loai/han-nop-bao-cao-thuc-tap-doanh-nghiep-va-khoa-luan-tot-nghiep-thang-5-2020/,Tải về và Xem,flp.iuh.edu.vn,Khoa Luật và Khoa học chính trị,HCM
https://flp.iuh.edu.vn/wp-content/uploads/2020/06/Thong-bao-gia-han-thoi-gian-nop-khoa-luan-tot-nghiep-K12.pdf,https://flp.iuh.edu.vn/khong-phan-loai/gia-han-thoi-gian-nop-khoa-luan-tot-nghiep-cua-sinh-vien-khoa-12/,Tải về và Xem,flp.iuh.edu.vn,Khoa Luật và Khoa học chính trị,HCM
https://flp.iuh.edu.vn/wp-content/uploads/2020/07/DS-SV-Bao-ve-khoa-luan-TN-DHLKT12A.pdf,https://flp.iuh.edu.vn/khong-phan-loai/danh-sach-sinh-vien-bao-ve-khoa-luan-tot-nghiep-dhlkt12a/,Tải về và Xem,flp.iuh.edu.vn,Khoa Luật và Khoa học chính trị,HCM
https://flp.iuh.edu.vn/wp-content/uploads/2020/07/DS-SV-Bao-ve-khoa-luan-TN-DHLQT12A.pdf,https://flp.iuh.edu.vn/khong-phan-loai/danh-sach-sinh-vien-bao-ve-khoa-luan-tot-nghiep-dhlqt12a/,Tải về và Xem,flp.iuh.edu.vn,Khoa Luật và Khoa học chính trị,HCM
https://flp.iuh.edu.vn/wp-content/uploads/2020/09/tb-thanh-lap-hd-danh-gia-drlsv-2020.pdf,https://flp.iuh.edu.vn/tin-noi-bat/hoi-dong-danh-gia-diem-ren-luyen-hk2-nam-hoc-2019-2020/,Tải về và Xem,flp.iuh.edu.vn,Khoa Luật và Khoa học chính trị,HCM
https://flp.iuh.edu.vn/wp-content/uploads/2020/10/DS-thi-xep-lop-TA-sv-Luat-K16.pdf,https://flp.iuh.edu.vn/tin-noi-bat/5835/,Tải về và Xem,flp.iuh.edu.vn,Khoa Luật và Khoa học chính trị,HCM
https://flp.iuh.edu.vn/wp-content/uploads/2020/11/DS-SV-K16-thi-xep-lop-tieng-Anh-dot-2.pdf,https://flp.iuh.edu.vn/tin-noi-bat/danh-sach-sv-khoa-16-thi-xep-lop-tieng-anh-dau-vao-nam-hoc-2020-2021-dot-2/,Tải về và Xem,flp.iuh.edu.vn,Khoa Luật và Khoa học chính trị,HCM
https://flp.iuh.edu.vn/wp-content/uploads/2020/11/thong-bao-xet-cap-hoc-bong-vuot-kho-hieu-hoc-nam-2020.pdf,https://flp.iuh.edu.vn/tin-noi-bat/xet-cap-hoc-bong-sinh-vien-vuot-kho-hieu-hoc-nam-2020/,Tải về và Xem,flp.iuh.edu.vn,Khoa Luật và Khoa học chính trị,HCM
https://flp.iuh.edu.vn/wp-content/uploads/2021/03/tdf21-thong-bao-chuong-trinh-quy-may-tinh-cho-muon-mien-phi-2021-20210319112321-e.pdf,https://flp.iuh.edu.vn/tin-noi-bat/chuong-trinh-quy-may-tinh-cho-muon-bank-of-laptops-2021/,Tải về và Xem,flp.iuh.edu.vn,Khoa Luật và Khoa học chính trị,HCM
https://flp.iuh.edu.vn/wp-content/uploads/2021/04/CÔNG-TY-TNHH-BẤT-ĐỘNG-SẢN-HỢP-PHÁT-TUYỂN-DỤNG.pdf,https://flp.iuh.edu.vn/viec-lam-tuyen-dung/cong-ty-tnhh-bds-hop-phat-thong-bao-tuyen-dung/,Tải về và Xem,flp.iuh.edu.vn,Khoa Luật và Khoa học chính trị,HCM
https://flp.iuh.edu.vn/wp-content/uploads/2021/07/Danh-sách-đề-tài-đăng-ký-hội-nghị-NCKH-Lần-1.pdf,https://flp.iuh.edu.vn/nghien-cuu/hoi-thao-nghien-cuu-khoa-hoc-sinh-vien-lan-01-nam-2021-khoa-luat-truong-dai-hoc-cong-nghiep-tp-ho-chi-minh/,Tải về và Xem,flp.iuh.edu.vn,Khoa Luật và Khoa học chính trị,HCM
https://flp.iuh.edu.vn/wp-content/uploads/2021/07/huong-dan-tham-gia-cuoc-thi-doi-moi-sang-tao-khoi-nghiep-2021-20210723105929-e.pdf,https://flp.iuh.edu.vn/nghien-cuu/huong-dan-tham-gia-cuoc-thi-doi-moi-sang-tao-khoi-nghiep-lan-1-nam-2021/,Tải về và Xem,flp.iuh.edu.vn,Khoa Luật và Khoa học chính trị,HCM
https://flp.iuh.edu.vn/wp-content/uploads/2021/09/KỶ-YẾU-HỘI-THẢO-NGHIÊN-CỨU-KHOA-HỌC-SINH-VIÊN-KHOA-LUẬT-2021-LẦN-1.pdf,https://flp.iuh.edu.vn/nghien-cuu/hoi-thao-nghien-cuu-khoa-hoc-sinh-vien-lan-thu-1-nam-2021-khoa-luat/,Tải về và Xem,flp.iuh.edu.vn,Khoa Luật và Khoa học chính trị,HCM
https://flp.iuh.edu.vn/wp-content/uploads/2021/12/pdt-tl-tap-huan-quy-che-dao-tao-2021-20211208090800-e.pdf,https://flp.iuh.edu.vn/thong-tin-hoat-dong/tai-lieu-ve-cong-tac-dao-tao-va-cong-tac-gvcn-nam-2021/,Tải về và Xem,flp.iuh.edu.vn,Khoa Luật và Khoa học chính trị,HCM
https://flp.iuh.edu.vn/wp-content/uploads/2021/12/tb119.pdf,https://flp.iuh.edu.vn/thong-tin-tuyen-sinh/tuyen-sinh-lien-thong-theo-phuong-thuc-dao-tao-truc-tuyen-dot-01-nam-2021/,Tải về và Xem,flp.iuh.edu.vn,Khoa Luật và Khoa học chính trị,HCM
https://flp.iuh.edu.vn/wp-content/uploads/2022/02/ke-hoach-to-chuc-hoi-nghi-kh-tre-lan-4.pdf,https://flp.iuh.edu.vn/nghien-cuu/thong-bao-ke-hoach-to-chuc-hoi-nghi-khoa-hoc-tre-lan-04-nam-2022/,Tải về và Xem,flp.iuh.edu.vn,Khoa Luật và Khoa học chính trị,HCM
https://flp.iuh.edu.vn/wp-content/uploads/2022/04/TB-59.pdf,https://flp.iuh.edu.vn/tin-tuc-su-kien/thong-bao-tuyen-sinh-bac-dai-hoc-he-chinh-quy-nam-2022/,Tải về và Xem,flp.iuh.edu.vn,Khoa Luật và Khoa học chính trị,HCM
https://flp.iuh.edu.vn/wp-content/uploads/2022/04/bol2022-thong-tin-chuong-trinh-20220422014759-e.pdf,https://flp.iuh.edu.vn/hoc-bong-tai-tro/thong-tin-ho-tro-sinh-vien-muon-may-tinh-de-hoc-tap-tu-quy-hoc-bong-dairu/,Tải về và Xem,flp.iuh.edu.vn,Khoa Luật và Khoa học chính trị,HCM
https://flp.iuh.edu.vn/wp-content/uploads/2022/09/Quy-Nguyet-1.pdf,https://flp.iuh.edu.vn/hoc-bong-tai-tro/thong-bao-ve-quy-che-hoat-dong-cua-quy-dong-hanh-sinh-vien-luat-iuh/,Tải về và Xem,flp.iuh.edu.vn,Khoa Luật và Khoa học chính trị,HCM
https://flp.iuh.edu.vn/wp-content/uploads/2022/10/2022-10-12_KH-dien-an.pdf,https://flp.iuh.edu.vn/tin-tuc-su-kien/ke-hoach-to-chuc-phien-toa-gia-dinh-chao-mung-ngay-phap-luat-09-thang-11/,Tải về và Xem,flp.iuh.edu.vn,Khoa Luật và Khoa học chính trị,HCM
https://flp.iuh.edu.vn/wp-content/uploads/2022/10/Mau_Chuong_trinh_Khoa_Luat_Thay-Hung.pdf,https://flp.iuh.edu.vn/nghien-cuu/thong-bao-ve-viec-to-chuc-hoi-nghi-nghien-cuu-khoa-hoc-cap-khoa-nam-2022-voi-chu-de-khung-phap-ly-ve-thuong-mai-dien-tu-trong-ky-nguyen-so/,Tải về và Xem,flp.iuh.edu.vn,Khoa Luật và Khoa học chính trị,HCM
https://flp.iuh.edu.vn/wp-content/uploads/2022/10/prosonal-innogreen-life-2022-20221024045957-e.pdf,https://flp.iuh.edu.vn/nghien-cuu/cuoc-thi-doi-moi-sang-tao-khoi-nghiep-vi-cuoc-song-xanh-nam-2022/,Tải về và Xem,flp.iuh.edu.vn,Khoa Luật và Khoa học chính trị,HCM
https://flp.iuh.edu.vn/wp-content/uploads/2022/11/FILE_20221117_162834_Ke-hoach-bao-ve-K14-dot-vet-HK1-2022-2023.pdf,https://flp.iuh.edu.vn/tin-noi-bat/ke-hoach-danh-gia-hoc-phan-thuc-tap-doanh-nghiep-va-khoa-luan-tot-nghiep-hoc-ky-01-nam-hoc-2022-2023/,Tải về và Xem,flp.iuh.edu.vn,Khoa Luật và Khoa học chính trị,HCM
https://flp.iuh.edu.vn/wp-content/uploads/2022/11/QĐ-966_2021.pdf,https://flp.iuh.edu.vn/tin-tuc-su-kien/quyet-dinh-ve-tam-nhin-su-mang-muc-tieu-gia-tri-cot-loi-phuong-cham-hoat-dong-triet-ly-giao-duc-chinh-sach-chat-luong-cua-truong-dai-hoc-cong-nghiep-tp-ho-chi-minh/,Tải về và Xem,flp.iuh.edu.vn,Khoa Luật và Khoa học chính trị,HCM
https://flp.iuh.edu.vn/wp-content/uploads/2022/11/Tb187.pdf,https://flp.iuh.edu.vn/tin-noi-bat/thong-bao-vve-viec-dang-ky-hoc-phan-va-dong-hoc-phi-hoc-ky-2-nam-hoc-2022-2023/,Tải về và Xem,flp.iuh.edu.vn,Khoa Luật và Khoa học chính trị,HCM
https://flp.iuh.edu.vn/wp-content/uploads/2022/11/Tien-do-thuc-hien-KLTN-va-TTDN-K15.pdf,https://flp.iuh.edu.vn/tin-noi-bat/thong-bao-ve-tien-do-thuc-hien-hoc-phan-thuc-tap-doanh-nghiep-va-khoa-luan-tot-nghiep-hoc-ky-02-nam-hoc-2022-2023/,Tải về và Xem,flp.iuh.edu.vn,Khoa Luật và Khoa học chính trị,HCM
https://flp.iuh.edu.vn/wp-content/uploads/2022/11/tb-913-20221123044629-e.pdf,https://flp.iuh.edu.vn/tin-noi-bat/thong-bao-ve-viec-sinh-vien-tham-gia-bao-hiem-y-te-nam-2023/,Tải về và Xem,flp.iuh.edu.vn,Khoa Luật và Khoa học chính trị,HCM
https://flp.iuh.edu.vn/wp-content/uploads/2022/11/thong-bao-191-1-20221103100212-e-20221103105831-e.pdf,https://flp.iuh.edu.vn/nghien-cuu/thong-bao-ve-viec-trien-khai-de-tai-nghien-cuu-khoa-hoc-cap-truong-nam-2022-dot-2/,Tải về và Xem,flp.iuh.edu.vn,Khoa Luật và Khoa học chính trị,HCM
https://flp.iuh.edu.vn/wp-content/uploads/2022/12/FILE_20221214_083302_Ten-de-tai-LKT-k15-signed.pdf,https://flp.iuh.edu.vn/tin-noi-bat/danh-sach-ten-de-tai-khoa-luan-tot-nghiep-nganh-luat-kinh-te-hoc-ki-02-nam-hoc-2022-2023/,Tải về và Xem,flp.iuh.edu.vn,Khoa Luật và Khoa học chính trị,HCM
https://flp.iuh.edu.vn/wp-content/uploads/2022/12/FILE_20221214_083302_Ten-de-tai-LQT-k15-signed.pdf,https://flp.iuh.edu.vn/tin-noi-bat/danh-sach-ten-de-tai-khoa-luan-tot-nghiep-nganh-luat-quoc-te-hoc-ki-02-nam-hoc-2022-2023/,Tải về và Xem,flp.iuh.edu.vn,Khoa Luật và Khoa học chính trị,HCM
https://flp.iuh.edu.vn/wp-content/uploads/2023/03/KH1423_DHCN-Ke-hoach-to-chuc-Hoi-nghi-Khoa-hoc-tre-2023.pdf,https://flp.iuh.edu.vn/tin-noi-bat/ke-hoach-to-chuc-hoi-nghi-khoa-hoc-tre-lan-thu-5-nam-2023/,KH1423_DHCN-Ke-hoach-to-chuc-Hoi-nghi-Khoa-hoc-tre-2023,flp.iuh.edu.vn,Khoa Luật và Khoa học chính trị,HCM
https://flp.iuh.edu.vn/wp-content/uploads/2023/03/bo-gd-dt-689-cv-57-23-20230301105424-e.pdf,https://flp.iuh.edu.vn/tin-noi-bat/giai-thuong-khoa-hoc-va-cong-nghe-cho-sinh-vien-trong-cac-co-so-giao-duc-dai-hoc-nam-2013/,bo-gd-dt-689-cv-57-23-20230301105424-e,flp.iuh.edu.vn,Khoa Luật và Khoa học chính trị,HCM
https://flp.iuh.edu.vn/wp-content/uploads/2023/04/Thong-bao-hoi-dong-khoa-luan.pdf,https://flp.iuh.edu.vn/tin-noi-bat/ke-hoach-danh-gia-hoc-phan-thuc-tap-doanh-nghiep-va-khoa-luan-tot-nghiep-hoc-ky-02-nam-hoc-2022-2023/,Thong-bao-hoi-dong-khoa-luan,flp.iuh.edu.vn,Khoa Luật và Khoa học chính trị,HCM
https://flp.iuh.edu.vn/wp-content/uploads/2023/05/1.1.-Danh-sach-SV-bao-ve_Lich-bao-ve-KLTN.pdf,https://flp.iuh.edu.vn/tin-noi-bat/danh-sach-ngay-va-phong-bao-ve-khoa-luan-tot-nghiep-khoa-15-hoc-ky-02-nam-hoc-2022-2023/,1.1.-Danh-sach-SV-bao-ve_Lich-bao-ve-KLTN,flp.iuh.edu.vn,Khoa Luật và Khoa học chính trị,HCM
https://flp.iuh.edu.vn/wp-content/uploads/2023/05/phong-KLTN-k15-1.pdf,https://flp.iuh.edu.vn/tin-noi-bat/danh-sach-ngay-va-phong-bao-ve-khoa-luan-tot-nghiep-khoa-15-hoc-ky-02-nam-hoc-2022-2023/,phong-KLTN-k15-1,flp.iuh.edu.vn,Khoa Luật và Khoa học chính trị,HCM
https://flp.iuh.edu.vn/wp-content/uploads/2023/05/tb52.pdf,https://flp.iuh.edu.vn/tin-noi-bat/thong-bao-ke-hoach-xet-cong-nhan-tot-nghiep-dot-thang-7-nam-2023/,tb52,flp.iuh.edu.vn,Khoa Luật và Khoa học chính trị,HCM
https://flp.iuh.edu.vn/wp-content/uploads/2023/08/Tuyen-sinh-VB2_Luat-kinh-te.pdf,https://flp.iuh.edu.vn/tin-tuc-su-kien/thong-bao-tuyen-sinh-dai-hoc-van-bang-hai-nganh-luat-kinh-te-khoa-luat-truong-dai-hoc-cong-nghiep-tp-ho-chi-minh/,Tuyen-sinh-VB2_Luat-kinh-te,flp.iuh.edu.vn,Khoa Luật và Khoa học chính trị,HCM
https://flp.iuh.edu.vn/wp-content/uploads/2023/08/tb-932-thaang-10.pdf,https://flp.iuh.edu.vn/tin-noi-bat/thong-bao-nhan-bang-tot-nghiep-thang-4-nam-2023-va-ke-hoach-xet-cong-nhan-tot-nghiep-dot-thang-10-nam-2023/,tb-932-thaang-10,flp.iuh.edu.vn,Khoa Luật và Khoa học chính trị,HCM
https://flp.iuh.edu.vn/wp-content/uploads/2023/08/tien-do-hoc-phan-khoa-luan-va-ttdn.pdf,https://flp.iuh.edu.vn/tin-noi-bat/tien-do-thuc-hien-hoc-phan-khoa-luan-tot-nghiep-va-thuc-tap-doanh-nghiep-dot-01-hoc-ky-01-nam-hoc-2023-2024/,tien-do-hoc-phan-khoa-luan-va-ttdn,flp.iuh.edu.vn,Khoa Luật và Khoa học chính trị,HCM
https://flp.iuh.edu.vn/wp-content/uploads/2023/09/ke-hoach.docx-1.pdf,https://flp.iuh.edu.vn/nghien-cuu/hoi-nghi-khoa-hoc-cap-khoa-nam-2023-khoa-luat-truong-dai-hoc-cong-nghiep-tp-hcm/,ke-hoach.docx-1,flp.iuh.edu.vn,Khoa Luật và Khoa học chính trị,HCM
https://flp.iuh.edu.vn/wp-content/uploads/2023/10/CamScanner-2023-10-03-15.16.pdf,https://flp.iuh.edu.vn/nghien-cuu/toa-dam-phong-ngua-hanh-vi-lua-dao-tren-moi-truong-khong-gian-mang-nam-2023/,CamScanner-2023-10-03-15.16,flp.iuh.edu.vn,Khoa Luật và Khoa học chính trị,HCM
https://flp.iuh.edu.vn/wp-content/uploads/2023/11/2023.11.08-TB-1735-Khuyen-khich-hoc-tap-cho-SV-TN-2023-da-nen.pdf,https://flp.iuh.edu.vn/tin-noi-bat/thong-bao-ve-viec-cap-hoc-bong-khuyen-khich-hoc-tap-trinh-do-thac-si-cho-sinh-vien-sinh-tot-nghiep-nam-2023/,2023.11.08-TB-1735-Khuyen-khich-hoc-tap-cho-SV-TN-2023-da-nen,flp.iuh.edu.vn,Khoa Luật và Khoa học chính trị,HCM
https://flp.iuh.edu.vn/wp-content/uploads/2023/11/Tien-do-thuc-hien-hoc-phan-TTDN-va-KLTN-dot-HK2-nam-2023-2024.pdf,https://flp.iuh.edu.vn/tin-noi-bat/tien-do-thuc-hien-hoc-phan-thuc-tap-doanh-nghiep-va-khoa-luan-tot-nghiep-dot-hk2-nam-2023-2024/,Tien-do-thuc-hien-hoc-phan-TTDN-va-KLTN-dot-HK2-nam-2023-2024,flp.iuh.edu.vn,Khoa Luật và Khoa học chính trị,HCM
https://flp.iuh.edu.vn/wp-content/uploads/2023/12/Khoa-Luat-Ke-hoach-ve-viec-to-chuc-HTKH-cap-truong.pdf,https://flp.iuh.edu.vn/nghien-cuu/hoi-thao-khoa-hoc-cap-truong-quyen-huong-dung-theo-phap-luat-cac-nuoc-va-kinh-nghiem-cho-viet-nam/,Khoa-Luat-Ke-hoach-ve-viec-to-chuc-HTKH-cap-truong,flp.iuh.edu.vn,Khoa Luật và Khoa học chính trị,HCM
https://flp.iuh.edu.vn/wp-content/uploads/2024/01/De-tai-khoa-luan-tot-nghiep-dot-1-khoa-16-HK2-nam-2023-2024-NGANH-LUAT-KINH-TE.pdf,https://flp.iuh.edu.vn/tin-noi-bat/de-tai-khoa-luan-tot-nghiep-khoa-16-hoc-ky-02-nam-hoc-2023-2024/,De-tai-khoa-luan-tot-nghiep-dot-1-khoa-16-HK2-nam-2023-2024-NGANH-LUAT-KINH-TE,flp.iuh.edu.vn,Khoa Luật và Khoa học chính trị,HCM
https://flp.iuh.edu.vn/wp-content/uploads/2024/01/De-tai-khoa-luan-tot-nghiep-dot-1-khoa-16-HK2-nam-2023-2024-NGANH-LUAT-QUOC-TE.pdf,https://flp.iuh.edu.vn/tin-noi-bat/de-tai-khoa-luan-tot-nghiep-khoa-16-hoc-ky-02-nam-hoc-2023-2024/,De-tai-khoa-luan-tot-nghiep-dot-1-khoa-16-HK2-nam-2023-2024-NGANH-LUAT-QUOC-TE,flp.iuh.edu.vn,Khoa Luật và Khoa học chính trị,HCM
https://flp.iuh.edu.vn/wp-content/uploads/2024/05/K16_Kinh-te_Hoidong_compressed.pdf,https://flp.iuh.edu.vn/tin-noi-bat/danh-sach-hoi-dong-chuyen-mon-cham-de-tai-khoa-luan-tot-nghiep-khoa-16-hk2-nam-2023-2024-nganh-luat-kinh-te-va-luat-quoc-te/,K16_Kinh-te_Hoidong_compressed,flp.iuh.edu.vn,Khoa Luật và Khoa học chính trị,HCM
https://flp.iuh.edu.vn/wp-content/uploads/2024/05/K16_Quoc-te_Hoidong_compressed.pdf,https://flp.iuh.edu.vn/tin-noi-bat/danh-sach-hoi-dong-chuyen-mon-cham-de-tai-khoa-luan-tot-nghiep-khoa-16-hk2-nam-2023-2024-nganh-luat-kinh-te-va-luat-quoc-te/,K16_Quoc-te_Hoidong_compressed,flp.iuh.edu.vn,Khoa Luật và Khoa học chính trị,HCM
https://flp.iuh.edu.vn/wp-content/uploads/2024/05/Tien-do-thuc-hien-cac-hoc-phan-tot-nghiep-dot-HK1-nam-hoc-2024-2025.pdf,https://flp.iuh.edu.vn/tin-noi-bat/tien-do-thuc-hien-cac-hoc-phan-tot-nghiep-dot-hoc-ky-01-nam-2024-2025/,Tien-do-thuc-hien-cac-hoc-phan-tot-nghiep-dot-HK1-nam-hoc-2024-2025,flp.iuh.edu.vn,Khoa Luật và Khoa học chính trị,HCM
https://flp.iuh.edu.vn/wp-content/uploads/2024/08/QuyTrinhNhapHocTongThe-1.pdf,https://flp.iuh.edu.vn/tin-noi-bat/huong-dan-quy-trinh-nhap-hoc-truc-tuyen-cho-tan-sinh-vien-khoa-20-nam-hoc-2024-2025/,QuyTrinhNhapHocTongThe-1,flp.iuh.edu.vn,Khoa Luật và Khoa học chính trị,HCM
https://flp.iuh.edu.vn/wp-content/uploads/2024/08/tb-855.pdf,https://flp.iuh.edu.vn/tin-noi-bat/thong-bao-ve-viec-to-chuc-le-be-giang-va-phat-bang-tot-nghiep-nam-2024/,tb-855,flp.iuh.edu.vn,Khoa Luật và Khoa học chính trị,HCM
https://flp.iuh.edu.vn/wp-content/uploads/2024/11/HK2-nam-2024-2025-Tien-do-thuc-hien-hoc-phan-TTDN-va-KLTN-khoa-17.pdf,https://flp.iuh.edu.vn/tin-noi-bat/tien-do-thuc-hien-hoc-phan-thuc-tap-doanh-nghiep-va-khoa-luan-tot-nghiep-dot-hoc-ky-02-nam-hoc-2024-2025/,HK2-nam-2024-2025-Tien-do-thuc-hien-hoc-phan-TTDN-va-KLTN-khoa-17,flp.iuh.edu.vn,Khoa Luật và Khoa học chính trị,HCM
https://flp.iuh.edu.vn/wp-content/uploads/2025/02/02142025131059-linh-vuc-chinh-tri.pdf,https://flp.iuh.edu.vn/tin-noi-bat/thu-moi-tham-gia-viet-bai-hoi-thao-khoa-hoc-quoc-gia-linh-vuc-khoa-hoc-chinh-tri/,02142025131059-linh-vuc-chinh-tri,flp.iuh.edu.vn,Khoa Luật và Khoa học chính trị,HCM
https://flp.iuh.edu.vn/wp-content/uploads/2025/02/THU-MOI-VIET-BAI-HOI-THAO-QUOC-GIA-PHAP-LUAT-VA-QUYEN-CON-NGUOI-2025.pdf,https://flp.iuh.edu.vn/tin-noi-bat/thu-moi-tham-gia-viet-bai-hoi-thao-khoa-hoc-quoc-gia-linh-vuc-luat-hoc/,THU-MOI-VIET-BAI-HOI-THAO-QUOC-GIA-PHAP-LUAT-VA-QUYEN-CON-NGUOI-2025,flp.iuh.edu.vn,Khoa Luật và Khoa học chính trị,HCM
https://flp.iuh.edu.vn/wp-content/uploads/2025/03/Kế-hoạch-ngày-hội-việc-làm-dợt-tháng-4.2025.pdf,https://flp.iuh.edu.vn/ket-noi-doanh-nghiep/thong-bao-su-kien-ngay-hoi-tuyen-dung-viec-lam-nam-2025/,Kế-hoạch-ngày-hội-việc-làm-dợt-tháng-4.2025,flp.iuh.edu.vn,Khoa Luật và Khoa học chính trị,HCM
https://flp.iuh.edu.vn/wp-content/uploads/2025/03/Sơ-dồ-bố-trí-Final-Final.pdf,https://flp.iuh.edu.vn/ket-noi-doanh-nghiep/thong-bao-su-kien-ngay-hoi-tuyen-dung-viec-lam-nam-2025/,Sơ-dồ-bố-trí-Final-Final,flp.iuh.edu.vn,Khoa Luật và Khoa học chính trị,HCM
https://flp.iuh.edu.vn/wp-content/uploads/2025/07/Tiến-dộ-thực-hiện-học-phần-KLTN-và-TTDN-dợt-hk1-2025-2026-k18.pdf,https://flp.iuh.edu.vn/tin-noi-bat/thong-baove-tien-do-thuc-hien-hoc-phan-khoa-luan-tot-nghiep-va-thuc-tap-doanh-nghiep-dot-hoc-ky-1-nam-hoc-2025-2026-khoa-18/,Tiến-dộ-thực-hiện-học-phần-KLTN-và-TTDN-dợt-hk1-2025-2026-k18,flp.iuh.edu.vn,Khoa Luật và Khoa học chính trị,HCM
https://flp.iuh.edu.vn/wp-content/uploads/2025/08/Hướng-dẫn-tải-PLVB-diện-tử.pdf,https://flp.iuh.edu.vn/tin-noi-bat/thong-bao-ve-viec-su-dung-phu-luc-van-bang-dien-tu/,Hướng-dẫn-tải-PLVB-diện-tử,flp.iuh.edu.vn,Khoa Luật và Khoa học chính trị,HCM
https://flp.iuh.edu.vn/wp-content/uploads/2025/08/TB-867.pdf,https://flp.iuh.edu.vn/tin-noi-bat/diem-trung-tuyen-bac-dai-hoc-he-chinh-quy-nam-2025-tai-tru-so-chinh/,TB-867,flp.iuh.edu.vn,Khoa Luật và Khoa học chính trị,HCM
https://flp.iuh.edu.vn/wp-content/uploads/2025/09/Giao-dề-tài-Khóa-luận-tốt-nghiệp-HK1-năm-2025-2026-ngành-Luật-kinh-tế-và-Luật-quốc-tế-hệ-dại-trà.pdf,https://flp.iuh.edu.vn/tin-noi-bat/thong-bao-danh-sach-giao-de-tai-khoa-luan-tot-nghiep-hk1-nam-hoc-2025-2026-nganh-luat-kinh-te-luat-quoc-te/,Giao-dề-tài-Khóa-luận-tốt-nghiệp-HK1-năm-2025-2026-ngành-Luật-kinh-tế-và-Luật-quốc-tế-hệ-dại-trà,flp.iuh.edu.vn,Khoa Luật và Khoa học chính trị,HCM
https://flp.iuh.edu.vn/wp-content/uploads/2025/09/Giao-dề-tài-Khóa-luận-tốt-nghiệp-HK1-năm-2025-2026-ngành-Luật-kinh-tế-và-Luật-quốc-tế-hệ-tiên-tiến.pdf,https://flp.iuh.edu.vn/tin-noi-bat/thong-bao-danh-sach-giao-de-tai-khoa-luan-tot-nghiep-hk1-nam-hoc-2025-2026-nganh-luat-kinh-te-luat-quoc-te/,Giao-dề-tài-Khóa-luận-tốt-nghiệp-HK1-năm-2025-2026-ngành-Luật-kinh-tế-và-Luật-quốc-tế-hệ-tiên-tiến,flp.iuh.edu.vn,Khoa Luật và Khoa học chính trị,HCM
https://flp.iuh.edu.vn/wp-content/uploads/2025/09/LICH-LAM-VIEC-HD-THAM-DINH-NCKH-CAP-TRUONG-2025.pdf,https://flp.iuh.edu.vn/nghien-cuu/thong-bao-lich-tham-dinh-de-tai-khcn-cap-truong-nam-2025/,LICH-LAM-VIEC-HD-THAM-DINH-NCKH-CAP-TRUONG-2025,flp.iuh.edu.vn,Khoa Luật và Khoa học chính trị,HCM
https://flp.iuh.edu.vn/wp-content/uploads/2025/12/Tiến-dộ-thực-hiện-học-phần-TTDN-và-KLTN-HK2-2025-2026.pdf,https://flp.iuh.edu.vn/tin-noi-bat/thong-bao-tien-do-thuc-hien-hoc-phan-thuc-tap-doanh-nghiep-va-khoa-luan-tot-nghiep-hoc-ky-2-nam-hoc-2025-2026/,Tiến-dộ-thực-hiện-học-phần-TTDN-và-KLTN-HK2-2025-2026,flp.iuh.edu.vn,Khoa Luật và Khoa học chính trị,HCM
https://flp.iuh.edu.vn/wp-content/uploads/2026/05/Danh-sách-Hội-dồng-dánh-giá-Khóa-luận-tốt-nghiệp-Luật-kinh-tế-Luật-quốc-tế-HK2-2025-2026.pdf,https://flp.iuh.edu.vn/tin-noi-bat/thong-bao-ve-viec-to-chuc-hoi-dong-danh-gia-khoa-luan-tot-nghiep-nganh-luat-kinh-te-va-luat-quoc-te-hoc-ky-2-nam-hoc-2025-2026/,Danh-sách-Hội-dồng-dánh-giá-Khóa-luận-tốt-nghiệp-Luật-kinh-tế-Luật-quốc-tế-HK2-2025-2026,flp.iuh.edu.vn,Khoa Luật và Khoa học chính trị,HCM
https://flp.iuh.edu.vn/wp-content/uploads/2026/06/Hồ-sơ-xét-tốt-nghiệp-từ-tháng-7-2026.pdf,https://flp.iuh.edu.vn/tin-noi-bat/thong-bao-v-v-nop-ho-so-xet-tot-nghiep-va-cap-bang-dot-thang-7-nam-2026/,Hồ-sơ-xét-tốt-nghiệp-từ-tháng-7-2026,flp.iuh.edu.vn,Khoa Luật và Khoa học chính trị,HCM
https://flp.iuh.edu.vn/wp-content/uploads/2026/07/Thu-moi-tham-gia-viet-bai-Hoi-thao-khoa-hoc-Chu-de-Hoan-thien-he-thong-phap-luat-Viet-Nam-dap-ung-yeu-cau-phat-trien-dat-nuoc-trong-ky-nguyen-moi.pdf,https://flp.iuh.edu.vn/nghien-cuu/thu-moi-viet-bai-hoi-thao-khoa-hoc-hoan-thien-he-thong-phap-luat-viet-nam-dap-ung-yeu-cau-phat-trien-dat-nuoc-trong-ky-nguyen-moi/,Thu-moi-tham-gia-viet-bai-Hoi-thao-khoa-hoc-Chu-de-Hoan-thien-he-thong-phap-luat-Viet-Nam-dap-ung-yeu-cau-phat-trien-dat-nuoc-trong-ky-nguyen-moi,flp.iuh.edu.vn,Khoa Luật và Khoa học chính trị,HCM
https://flp.iuh.edu.vn/wp-content/uploads/2026/07/Tien-do-thuc-hien-hoc-phan-Thuc-tap-doanh-nghiep-va-Khoa-luan-tot-nghiep-Dot-Hoc-ky-1-nam-hoc-2026-2027.pdf,https://flp.iuh.edu.vn/tin-noi-bat/thong-bao-v-v-trien-khai-hoc-phan-thuc-tap-doanh-nghiep-va-khoa-luan-tot-nghiep-dot-hoc-ky-1-nam-hoc-2026-2027/,Tien-do-thuc-hien-hoc-phan-Thuc-tap-doanh-nghiep-va-Khoa-luan-tot-nghiep-Dot-Hoc-ky-1-nam-hoc-2026-2027,flp.iuh.edu.vn,Khoa Luật và Khoa học chính trị,HCM
https://flp.iuh.edu.vn/wp-content/uploads/2026/08/Ke-hoach-sinh-hoat-sinh-vien-dau-khoa-22-KLKHCT.pdf,https://flp.iuh.edu.vn/tin-noi-bat/thong-bao-chao-don-tan-sinh-vien-khoa-22-ke-hoach-sinh-hoat-dau-khoa-nam-hoc-2026-2027/,Ke-hoach-sinh-hoat-sinh-vien-dau-khoa-22-KLKHCT,flp.iuh.edu.vn,Khoa Luật và Khoa học chính trị,HCM
https://fme.iuh.edu.vn/wp-content/uploads/2014/10/tb-hb-intel.pdf,https://fme.iuh.edu.vn/tin-tuc-su-kien/co-hoi-nhan-hoc-bong-va-lam-viec-tai-intel/,Tải về và Xem,fme.iuh.edu.vn,Khoa Công nghệ Cơ khí,HCM
https://fme.iuh.edu.vn/wp-content/uploads/2015/11/Don-xin-chuyen-bac-dao-tao.pdf,https://fme.iuh.edu.vn/bieu-mau/bieu-mau-giai-quyet-hoc-vu-cho-sinh-vien/,Download,fme.iuh.edu.vn,Khoa Công nghệ Cơ khí,HCM
https://fme.iuh.edu.vn/wp-content/uploads/2015/11/Don-xin-phuc-khao-TN-He-nien-che.pdf,https://fme.iuh.edu.vn/bieu-mau/bieu-mau-giai-quyet-hoc-vu-cho-sinh-vien/,Download,fme.iuh.edu.vn,Khoa Công nghệ Cơ khí,HCM
https://fme.iuh.edu.vn/wp-content/uploads/2015/11/Don-xin-thi-lai-TN-He-nien-che.pdf,https://fme.iuh.edu.vn/bieu-mau/bieu-mau-giai-quyet-hoc-vu-cho-sinh-vien/,Download,fme.iuh.edu.vn,Khoa Công nghệ Cơ khí,HCM
https://fme.iuh.edu.vn/wp-content/uploads/2015/11/Don-xin-xet-tot-nghiep-He-nien-che.pdf,https://fme.iuh.edu.vn/bieu-mau/bieu-mau-giai-quyet-hoc-vu-cho-sinh-vien/,Download,fme.iuh.edu.vn,Khoa Công nghệ Cơ khí,HCM
https://fme.iuh.edu.vn/wp-content/uploads/2015/11/Mau-de-nghi-cham-phuc-khao-diem-mon-hoc.pdf,https://fme.iuh.edu.vn/bieu-mau/bieu-mau-giai-quyet-hoc-vu-cho-sinh-vien/,Download,fme.iuh.edu.vn,Khoa Công nghệ Cơ khí,HCM
https://fme.iuh.edu.vn/wp-content/uploads/2016/11/Bai-tap-Thuc-hanh-CAD-CAM.pdf,https://fme.iuh.edu.vn/bo-mon-cadcamcnc/he-thong-bai-tap-mon-thuc-hanh-cadcam/,Tải về và Xem,fme.iuh.edu.vn,Khoa Công nghệ Cơ khí,HCM
https://fme.iuh.edu.vn/wp-content/uploads/2016/11/He-thong-bai-tap-Tin-hoc-ung-dung.pdf,https://fme.iuh.edu.vn/bo-mon-cadcamcnc/he-thong-bai-tap-mon-tin-hoc-ung-dung-nganh-co-khi/,Tải về và Xem,fme.iuh.edu.vn,Khoa Công nghệ Cơ khí,HCM
https://fme.iuh.edu.vn/wp-content/uploads/2016/11/Mau-danh-gia_dn_ve_sv_thuc_tap_CDT.pdf,https://fme.iuh.edu.vn/bieu-mau/mau-bao-cao-thuc-tap-tot-nghiep/,Download,fme.iuh.edu.vn,Khoa Công nghệ Cơ khí,HCM
https://fme.iuh.edu.vn/wp-content/uploads/2016/11/Mau-danh-gia_dn_ve_sv_thuc_tap_CTM.pdf,https://fme.iuh.edu.vn/bieu-mau/mau-bao-cao-thuc-tap-tot-nghiep/,Download,fme.iuh.edu.vn,Khoa Công nghệ Cơ khí,HCM
https://fme.iuh.edu.vn/wp-content/uploads/2016/11/Mau-danh-gia_dn_ve_sv_thuc_tap_KTCK.pdf,https://fme.iuh.edu.vn/bieu-mau/mau-bao-cao-thuc-tap-tot-nghiep/,Download,fme.iuh.edu.vn,Khoa Công nghệ Cơ khí,HCM
https://fme.iuh.edu.vn/wp-content/uploads/2016/11/THI-Y-TUONG-KH-SINH-VIEN-KCK-2012-2013.pdf,https://fme.iuh.edu.vn/nghien-cuu-khoa-hoc/cuoc-thi-y-tuong-khoa-hoc-khoa-cong-nghe-co-khi/,Xem thêm,fme.iuh.edu.vn,Khoa Công nghệ Cơ khí,HCM
https://fme.iuh.edu.vn/wp-content/uploads/2016/11/donchuyennganh.pdf,https://fme.iuh.edu.vn/bieu-mau/bieu-mau-giai-quyet-hoc-vu-cho-sinh-vien/,Download,fme.iuh.edu.vn,Khoa Công nghệ Cơ khí,HCM
https://fme.iuh.edu.vn/wp-content/uploads/2016/12/cncdt_-_2016.pdf,https://fme.iuh.edu.vn/bo-mon-co-dien-tu/chuong-trinh-khung-nganh-cong-nghe-ky-thuat-co-dien-tu-khoa-13/,Tải về và Xem,fme.iuh.edu.vn,Khoa Công nghệ Cơ khí,HCM
https://fme.iuh.edu.vn/wp-content/uploads/2016/12/cnctm_-_2016.pdf,https://fme.iuh.edu.vn/bo-mon-che-tao-may/chuong-trinh-khung-nganh-cong-nghe-che-tao-may/,Tải về và Xem,fme.iuh.edu.vn,Khoa Công nghệ Cơ khí,HCM
https://fme.iuh.edu.vn/wp-content/uploads/2016/12/cnktck_-_2016.pdf,https://fme.iuh.edu.vn/bo-mon-co-so-thiet-ke/chuong-trinh-khung-nganh-cong-nghe-ky-thuat-co-khi/,Tải về và Xem,fme.iuh.edu.vn,Khoa Công nghệ Cơ khí,HCM
https://fme.iuh.edu.vn/wp-content/uploads/2017/01/De-tai-CADCAMCNC.pdf,https://fme.iuh.edu.vn/thong-bao-sinh-vien/de-tai-tot-nghiep-hk2-nam-hoc-2016-2017/,Đề tài tốt nghiệp của các giảng viên thuộc Bộ môn CAD/CAM/CNC,fme.iuh.edu.vn,Khoa Công nghệ Cơ khí,HCM
https://fme.iuh.edu.vn/wp-content/uploads/2017/01/De-tai-Che-tao-may.pdf,https://fme.iuh.edu.vn/thong-bao-sinh-vien/de-tai-tot-nghiep-hk2-nam-hoc-2016-2017/,Đề tài tốt nghiệp của các giảng viên thuộc Bộ môn Chế tạo máy,fme.iuh.edu.vn,Khoa Công nghệ Cơ khí,HCM
https://fme.iuh.edu.vn/wp-content/uploads/2017/01/De-tai-Co-dien-tu.pdf,https://fme.iuh.edu.vn/thong-bao-sinh-vien/de-tai-tot-nghiep-hk2-nam-hoc-2016-2017/,Đề tài tốt nghiệp của các giảng viên thuộc Bộ môn Cơ điện tử,fme.iuh.edu.vn,Khoa Công nghệ Cơ khí,HCM
https://fme.iuh.edu.vn/wp-content/uploads/2017/01/De-tai-Co-so-thiet-ke.pdf,https://fme.iuh.edu.vn/thong-bao-sinh-vien/de-tai-tot-nghiep-hk2-nam-hoc-2016-2017/,Đề tài tốt nghiệp của các giảng viên thuộc Bộ môn Cơ sở – Thiết kế,fme.iuh.edu.vn,Khoa Công nghệ Cơ khí,HCM
https://fme.iuh.edu.vn/wp-content/uploads/2017/01/De-tai-Xuong-co-dien.pdf,https://fme.iuh.edu.vn/thong-bao-sinh-vien/de-tai-tot-nghiep-hk2-nam-hoc-2016-2017/,Đề tài tốt nghiệp của các giảng viên thuộc Bộ môn Xưởng Cơ điện,fme.iuh.edu.vn,Khoa Công nghệ Cơ khí,HCM
https://fme.iuh.edu.vn/wp-content/uploads/2017/01/De-tai-Xuong-gia-con-cat-got.pdf,https://fme.iuh.edu.vn/thong-bao-sinh-vien/de-tai-tot-nghiep-hk2-nam-hoc-2016-2017/,Đề tài tốt nghiệp của các giảng viên thuộc Xưởng Cắt gọt kim loại,fme.iuh.edu.vn,Khoa Công nghệ Cơ khí,HCM
https://fme.iuh.edu.vn/wp-content/uploads/2017/05/thu-ngo-cong-nghe-cao.pdf,https://fme.iuh.edu.vn/viec-lam-tuyen-dung/co-hoi-nhan-hoc-bong-toan-phan-va-viec-tai-khu-cong-nghe-cao/,Tải về và Xem,fme.iuh.edu.vn,Khoa Công nghệ Cơ khí,HCM
https://fme.iuh.edu.vn/wp-content/uploads/2018/01/esilicon-scholarship-2018-flyer.pdf,https://fme.iuh.edu.vn/thong-bao-sinh-vien/hoc-bong-nu-sinh-esilicon-build-it-female-engineering-student-scholarship/,Tải về và Xem,fme.iuh.edu.vn,Khoa Công nghệ Cơ khí,HCM
https://fme.iuh.edu.vn/wp-content/uploads/2018/03/tb179_12_nganh.pdf,https://fme.iuh.edu.vn/thong-bao-sinh-vien/thong-bao-tuyen-sinh-dao-tao-thac-si-nganh-ky-thuat-co-khi-dot-1-nam-2018/,Các thông tin thêm,fme.iuh.edu.vn,Khoa Công nghệ Cơ khí,HCM
https://fme.iuh.edu.vn/wp-content/uploads/2018/04/CTKCTMK13.pdf,https://fme.iuh.edu.vn/nganh-cong-nghe-che-tao-may/chuong-trinh-khung-nganh-cong-nghe-che-tao-may-khoa-13/,Tải về và Xem,fme.iuh.edu.vn,Khoa Công nghệ Cơ khí,HCM
https://fme.iuh.edu.vn/wp-content/uploads/2018/05/CTK-KTCK-13.pdf,https://fme.iuh.edu.vn/nganh-cong-nghe-ky-thuat-co-khi/chuong-trinh-khung-nganh-cong-nghe-ky-thuat-co-khi-khoa-13/,Tải về và Xem,fme.iuh.edu.vn,Khoa Công nghệ Cơ khí,HCM
https://fme.iuh.edu.vn/wp-content/uploads/2018/12/Tuyensinh_SDH_2018.pdf,https://fme.iuh.edu.vn/thong-bao-sinh-vien/thong-bao-tuyen-sinh-dao-tao-trinh-do-tien-si-nam-hoc-2018-2019/,Tải về và Xem,fme.iuh.edu.vn,Khoa Công nghệ Cơ khí,HCM
https://fme.iuh.edu.vn/wp-content/uploads/2019/04/Chuong-trinh-hoc-bong-nu-sinh-ky-thuat-2019.pdf,https://fme.iuh.edu.vn/thong-bao-sinh-vien/chuong-trinh-hoc-bong-danh-cho-nu-sinh-ky-thuat-nam-2019-amcham-women-in-engineering-scholarship/,Tải về và Xem,fme.iuh.edu.vn,Khoa Công nghệ Cơ khí,HCM
https://fme.iuh.edu.vn/wp-content/uploads/2019/04/K14-CTK-CNKTCDT.pdf,https://fme.iuh.edu.vn/bo-mon-co-dien-tu/chuong-trinh-khung-nganh-cong-nghe-ky-thuat-co-dien-tu-khoa-13-2/,Tải về và Xem,fme.iuh.edu.vn,Khoa Công nghệ Cơ khí,HCM
https://fme.iuh.edu.vn/wp-content/uploads/2019/04/K14-CTK-CNKTCK.pdf,https://fme.iuh.edu.vn/nganh-cong-nghe-ky-thuat-co-khi/chuong-trinh-khung-nganh-cong-nghe-ky-thuat-co-khi-khoa-14/,Tải về và Xem,fme.iuh.edu.vn,Khoa Công nghệ Cơ khí,HCM
https://fme.iuh.edu.vn/wp-content/uploads/2019/04/K14-CTK-CTM.pdf,https://fme.iuh.edu.vn/nganh-cong-nghe-che-tao-may/chuong-trinh-khung-nganh-cong-nghe-che-tao-may-khoa-14/,Tải về và Xem,fme.iuh.edu.vn,Khoa Công nghệ Cơ khí,HCM
https://fme.iuh.edu.vn/wp-content/uploads/2019/10/Hoc-bong-Gieo-hat-giong-tuong-lai.pdf,https://fme.iuh.edu.vn/thong-bao-sinh-vien/thong-bao-chuong-trinh-hoc-bong-gieo-hat-giong-tuong-lai/,Tải về và Xem,fme.iuh.edu.vn,Khoa Công nghệ Cơ khí,HCM
https://fme.iuh.edu.vn/wp-content/uploads/2019/10/Hoc-bong-vuot-kho-2019.pdf,https://fme.iuh.edu.vn/thong-bao-sinh-vien/khoa-co-khi-thong-bao-v-v-xet-cap-hoc-bong-sinh-vien-vuot-kho-hieu-hoc-nam-2019/,Tải về và Xem,fme.iuh.edu.vn,Khoa Công nghệ Cơ khí,HCM
https://fme.iuh.edu.vn/wp-content/uploads/2019/10/Mau-don-Chuong-trinh-hoc-bong.pdf,https://fme.iuh.edu.vn/thong-bao-sinh-vien/thong-bao-chuong-trinh-hoc-bong-gieo-hat-giong-tuong-lai/,Link download Mẫu đơn chương trình,fme.iuh.edu.vn,Khoa Công nghệ Cơ khí,HCM
https://fme.iuh.edu.vn/wp-content/uploads/2020/07/De-tai-tot-nghiep-CSTK-New.pdf,https://fme.iuh.edu.vn/thong-bao-sinh-vien/de-tai-luan-van-tot-nghiep-nganh-ky-thuat-co-khi-bo-mon-co-so-thiet-ke/,Tải về và Xem,fme.iuh.edu.vn,Khoa Công nghệ Cơ khí,HCM
https://fme.iuh.edu.vn/wp-content/uploads/2021/06/cdt-k15.pdf,https://fme.iuh.edu.vn/bo-mon-co-dien-tu/chuong-trinh-khung-nganh-cong-nghe-ky-thuat-co-dien-tu-khoa-15/,Tải về và Xem,fme.iuh.edu.vn,Khoa Công nghệ Cơ khí,HCM
https://fme.iuh.edu.vn/wp-content/uploads/2021/06/cdt-k16.pdf,https://fme.iuh.edu.vn/bo-mon-co-dien-tu/chuong-trinh-khung-nganh-cong-nghe-ky-thuat-co-dien-tu-khoa-16/,Tải về và Xem,fme.iuh.edu.vn,Khoa Công nghệ Cơ khí,HCM
https://fme.iuh.edu.vn/wp-content/uploads/2021/06/ctm-k15.pdf,https://fme.iuh.edu.vn/bo-mon-che-tao-may/chuong-trinh-khung-nganh-cong-nghe-che-tao-may-khoa-15/,Tải về và Xem,fme.iuh.edu.vn,Khoa Công nghệ Cơ khí,HCM
https://fme.iuh.edu.vn/wp-content/uploads/2021/06/ctm-k16.pdf,https://fme.iuh.edu.vn/bo-mon-che-tao-may/chuong-trinh-khung-nganh-cong-nghe-che-tao-may-khoa-16/,Tải về và Xem,fme.iuh.edu.vn,Khoa Công nghệ Cơ khí,HCM
https://fme.iuh.edu.vn/wp-content/uploads/2021/06/ktck-k15.pdf,https://fme.iuh.edu.vn/bo-mon-co-so-thiet-ke/chuong-trinh-khung-nganh-cong-nghe-ky-thuat-co-khi-khoa-15/,Tải về và Xem,fme.iuh.edu.vn,Khoa Công nghệ Cơ khí,HCM
https://fme.iuh.edu.vn/wp-content/uploads/2021/06/ktck-k16.pdf,https://fme.iuh.edu.vn/bo-mon-co-so-thiet-ke/chuong-trinh-khung-nganh-cong-nghe-ky-thuat-co-khi-khoa-16/,Tải về và Xem,fme.iuh.edu.vn,Khoa Công nghệ Cơ khí,HCM
https://fme.iuh.edu.vn/wp-content/uploads/2021/11/CTDT-CDT-K17-2021.pdf,https://fme.iuh.edu.vn/bo-mon-co-dien-tu/chuong-trinh-khung-nganh-cong-nghe-ky-thuat-co-dien-tu-khoa-17/,Tải về và Xem,fme.iuh.edu.vn,Khoa Công nghệ Cơ khí,HCM
https://fme.iuh.edu.vn/wp-content/uploads/2021/11/CTDT-CTM-K17-2021.pdf,https://fme.iuh.edu.vn/bo-mon-che-tao-may/chuong-trinh-khung-nganh-cong-nghe-che-tao-may-khoa-17/,Tải về và Xem,fme.iuh.edu.vn,Khoa Công nghệ Cơ khí,HCM
https://fme.iuh.edu.vn/wp-content/uploads/2021/11/CTDT-KTCK-K17-2021.pdf,https://fme.iuh.edu.vn/bo-mon-co-so-thiet-ke/chuong-trinh-khung-nganh-cong-nghe-ky-thuat-co-khi-khoa-17/,Tải về và Xem,fme.iuh.edu.vn,Khoa Công nghệ Cơ khí,HCM
https://fme.iuh.edu.vn/wp-content/uploads/2022/07/Mau-don-xin-thuc-tap.pdf,https://fme.iuh.edu.vn/thong-bao-sinh-vien/thong-bao-v-v-dang-ky-thuc-tap-doanh-nghiep-trong-hoc-ky-1-dot-2-nam-hoc-2024-2025/,Mẫu đơn xin thực tập,fme.iuh.edu.vn,Khoa Công nghệ Cơ khí,HCM
https://fme.iuh.edu.vn/wp-content/uploads/2022/09/Danh-sách-công-ty-nhận-thực-tập-HK1-đợt-tháng-10-2022-rev01.pdf,https://fme.iuh.edu.vn/thong-bao-sinh-vien/thong-bao-nop-don-dang-ky-cong-ty-thuc-tap-danh-cho-cac-lop-dh-k15-clc-va-khoa-cu/,Danh sách công ty nhận thực tập -HK1 (đợt tháng 10-2022)-rev01,fme.iuh.edu.vn,Khoa Công nghệ Cơ khí,HCM
https://fme.iuh.edu.vn/wp-content/uploads/2023/03/CTDT-CDT-K14-2018_En.pdf,https://fme.iuh.edu.vn/mechatronics-division/undergraduate-curriculum-in-mechatronic-engineering-technology-2018/,Tải về và Xem,fme.iuh.edu.vn,Khoa Công nghệ Cơ khí,HCM
https://fme.iuh.edu.vn/wp-content/uploads/2023/03/CTDT-CDT-K15-2019_En.pdf,https://fme.iuh.edu.vn/mechatronics-division/undergraduate-curriculum-in-mechatronic-engineering-technology-2019/,Tải về và Xem,fme.iuh.edu.vn,Khoa Công nghệ Cơ khí,HCM
https://fme.iuh.edu.vn/wp-content/uploads/2023/03/CTDT-CDT-K16-2020_En.pdf,https://fme.iuh.edu.vn/mechatronics-division/undergraduate-curriculum-in-mechatronic-engineering-technology-2020/,Tải về và Xem,fme.iuh.edu.vn,Khoa Công nghệ Cơ khí,HCM
https://fme.iuh.edu.vn/wp-content/uploads/2023/03/CTDT-CDT-K17-2021_En.pdf,https://fme.iuh.edu.vn/mechatronics-division/undergraduate-curriculum-in-mechatronic-engineering-technology-2021/,Tải về và Xem,fme.iuh.edu.vn,Khoa Công nghệ Cơ khí,HCM
https://fme.iuh.edu.vn/wp-content/uploads/2023/04/GUIDE-HANDBOOK-FOR-STUDENT-2023-web.pdf,https://fme.iuh.edu.vn/bo-mon-co-dien-tu/so-tay-huong-dan-cho-sinh-vien/,Tải về và xem bản đầy đủ,fme.iuh.edu.vn,Khoa Công nghệ Cơ khí,HCM
https://fme.iuh.edu.vn/wp-content/uploads/2023/04/Programme-specification-2020-web.pdf,https://fme.iuh.edu.vn/bo-mon-co-dien-tu/chuong-trinh-dac-ta-nganh-cong-nghe-ky-thuat-co-dien-tu-2020/,Tải về và xem bản đầy đủ,fme.iuh.edu.vn,Khoa Công nghệ Cơ khí,HCM
https://fme.iuh.edu.vn/wp-content/uploads/2023/04/Programme-specification-2022-web.pdf,https://fme.iuh.edu.vn/bo-mon-co-dien-tu/chuong-trinh-dac-ta-nganh-cong-nghe-ky-thuat-co-dien-tu-2022/,Tải về và xem bản đầy đủ,fme.iuh.edu.vn,Khoa Công nghệ Cơ khí,HCM
https://fme.iuh.edu.vn/wp-content/uploads/2023/04/STAFF-HANDBOOK-2023-web.pdf,https://fme.iuh.edu.vn/bo-mon-co-dien-tu/so-tay-giang-vien/,Tải về và xem bản đầy đủ,fme.iuh.edu.vn,Khoa Công nghệ Cơ khí,HCM
https://fme.iuh.edu.vn/wp-content/uploads/2023/09/01b.-SYMPOSIUM-Agenda-FME-IUH-and-TUT-20230905_MechanicalEng.pdf,https://fme.iuh.edu.vn/announcement/announcement-organizing-a-workshop-towards-collaboration-between-iuh-and-tokyo-university-of-technology-tut-in-the-fields-of-mechanical-engineering-and-mechatronics/,Tải về và Xem,fme.iuh.edu.vn,Khoa Công nghệ Cơ khí,HCM
https://fme.iuh.edu.vn/wp-content/uploads/2023/09/2023-dot-1-2023.08.01-TB-942-Tuyen-sinh-Ths-CS1_compressed.pdf,https://fme.iuh.edu.vn/thong-bao-sinh-vien/thong-bao-tuyen-sinh-dao-tao-trinh-do-thac-si-nam-2023-dot-2/,https://fme.iuh.edu.vn/wp-content/uploads/2023/09/2023-dot-1-2023.08.01-TB-942-Tuyen-sinh-Ths-CS1_compressed.pdf,fme.iuh.edu.vn,Khoa Công nghệ Cơ khí,HCM
https://fme.iuh.edu.vn/wp-content/uploads/2023/09/2023.08.10-tb-948-Tuyen-sinh-Tien-si-nam-2023-2.pdf,https://fme.iuh.edu.vn/thong-bao-sinh-vien/thong-bao-tuyen-sinh-dao-tao-trinh-do-tien-si-nam-2023-dot-2/,https://fme.iuh.edu.vn/wp-content/uploads/2023/09/2023.08.10-tb-948-Tuyen-sinh-Tien-si-nam-2023-2.pdf,fme.iuh.edu.vn,Khoa Công nghệ Cơ khí,HCM
https://fme.iuh.edu.vn/wp-content/uploads/2024/03/2024-Thong-bao-Tuyen-sinh-Thac-si-Dot-1_.pdf,https://fme.iuh.edu.vn/thong-bao-sinh-vien/thong-bao-tuyen-sinh-dao-tao-trinh-do-thac-si-nam-2024-dot-1/,2024-Thong-bao-Tuyen-sinh-Thac-si-Dot-1_,fme.iuh.edu.vn,Khoa Công nghệ Cơ khí,HCM
https://fme.iuh.edu.vn/wp-content/uploads/2024/03/9c_Programme-specification-2024.pdf,https://fme.iuh.edu.vn/sau-dai-hoc/ban-mo-ta-chuong-trinh-thac-si-nganh-ky-thuat-co-khi-2022/,Tải về và xem bản đầy đủ,fme.iuh.edu.vn,Khoa Công nghệ Cơ khí,HCM
https://fme.iuh.edu.vn/wp-content/uploads/2024/03/Danh-sach-cac-de-tai-thac-si_2023.pdf,https://fme.iuh.edu.vn/graduate/announcement-list-of-master-of-mechanical-engineering-graduation-topics-2023/,Danh-sach-cac-de-tai-thac-si_2023,fme.iuh.edu.vn,Khoa Công nghệ Cơ khí,HCM
https://fme.iuh.edu.vn/wp-content/uploads/2024/03/GUIDE-HANDBOOK-FOR-STUDENT-2024.pdf,https://fme.iuh.edu.vn/sau-dai-hoc/so-tay-huong-dan-cho-hoc-vien-cao-hoc-nganh-ky-thuat-co-khi-2024/,Tải về và xem bản đầy đủ,fme.iuh.edu.vn,Khoa Công nghệ Cơ khí,HCM
https://fme.iuh.edu.vn/wp-content/uploads/2024/03/Programme-specification-2020.pdf,https://fme.iuh.edu.vn/sau-dai-hoc/ban-mo-ta-chuong-trinh-thac-si-nganh-ky-thuat-co-khi-2020/,Tải về và xem bản đầy đủ,fme.iuh.edu.vn,Khoa Công nghệ Cơ khí,HCM
https://fme.iuh.edu.vn/wp-content/uploads/2024/03/STAFF-HANDBOOK-2024-1.pdf,https://fme.iuh.edu.vn/sau-dai-hoc/so-tay-giang-vien-thac-si-nganh-ky-thuat-co-khi-2024/,Tải về và xem bản đầy đủ,fme.iuh.edu.vn,Khoa Công nghệ Cơ khí,HCM
https://fme.iuh.edu.vn/wp-content/uploads/2024/03/ds-thuc-tap-DN_HK2-2023-2024_dot-02_update-01.pdf,https://fme.iuh.edu.vn/thong-bao-sinh-vien/thong-bao-danh-sach-phan-cong-ty-thuc-tap-trong-hk2-dot-2-nam-hoc-2023-2024/,ds-thuc-tap-DN_HK2-2023-2024_dot-02_update-01,fme.iuh.edu.vn,Khoa Công nghệ Cơ khí,HCM
https://fme.iuh.edu.vn/wp-content/uploads/2024/08/HuongDanXemLichHoc_K20.pdf,https://fme.iuh.edu.vn/thong-bao-sinh-vien/ho-tro-tan-sinh-vien-khoa-cong-nghe-co-khi-khoa-20-nhap-hoc/,Tại đây,fme.iuh.edu.vn,Khoa Công nghệ Cơ khí,HCM
https://fme.iuh.edu.vn/wp-content/uploads/2024/08/TB-66-2024.pdf,https://fme.iuh.edu.vn/dai-hoc-chinh-quy/thong-bao-tuyen-sinh-bac-dai-hoc-he-chinh-quy-nam-2024/,TB-66-2024,fme.iuh.edu.vn,Khoa Công nghệ Cơ khí,HCM
https://fme.iuh.edu.vn/wp-content/uploads/2024/08/Thong-baoTS-Lien-thong-CS1.pdf,https://fme.iuh.edu.vn/dai-hoc-he-lien-thong/thong-bao-tuyen-sinh-dao-tao-lien-thong-tu-trinh-do-cao-dang-len-trinh-do-dai-hoc-dot-1-nam-2024/,Thong-baoTS-Lien-thong-CS1,fme.iuh.edu.vn,Khoa Công nghệ Cơ khí,HCM
https://fme.iuh.edu.vn/wp-content/uploads/2024/08/tb953.pdf,https://fme.iuh.edu.vn/dai-hoc-he-lien-thong/thong-bao-v-v-tuyen-sinh-dao-tao-lien-thong-tu-trinh-do-cao-dang-len-trinh-do-dai-hoc-dot-2-nam-2023/,tb953,fme.iuh.edu.vn,Khoa Công nghệ Cơ khí,HCM
https://fme.iuh.edu.vn/wp-content/uploads/2024/11/Ito-Viet-Nam-_Thong-bao-tuyen-dung.pdf,https://fme.iuh.edu.vn/thong-bao-sinh-vien/cong-ty-tnhh-ito-viet-nam-thong-bao-tuyen-dung/,Ito-Viet-Nam-_Thong-bao-tuyen-dung,fme.iuh.edu.vn,Khoa Công nghệ Cơ khí,HCM
https://fme.iuh.edu.vn/wp-content/uploads/2024/12/Esuwork-vi-tri-ky-su-cong-ty-ve-kiem.pdf,https://fme.iuh.edu.vn/thong-bao-sinh-vien/cong-ty-esuworks-thong-bao-tuyen-dung-ky-su-co-khi-thiet-ke-may-va-nhan-vien-thu-mua-kiem-phu-trach-kho/,Esuwork-vi-tri-ky-su-cong-ty-ve-kiem,fme.iuh.edu.vn,Khoa Công nghệ Cơ khí,HCM
https://fme.iuh.edu.vn/wp-content/uploads/2024/12/Esuwork-vi-tri-ky-su-cong-ty-ve-san-xuat-linh-kien-O-to.pdf,https://fme.iuh.edu.vn/thong-bao-sinh-vien/cong-ty-esuworks-thong-bao-tuyen-dung/,Esuwork-vi-tri-ky-su-cong-ty-ve-san-xuat-linh-kien-O-to,fme.iuh.edu.vn,Khoa Công nghệ Cơ khí,HCM
https://fme.iuh.edu.vn/wp-content/uploads/2024/12/TB-Tuyen-dung-CTY-PHAN-BACH-12-2024-1.pdf,https://fme.iuh.edu.vn/thong-bao-sinh-vien/cong-ty-co-phan-cong-nghe-co-dien-lanh-phan-bach-thong-bao-tuyen-dung/,TB-Tuyen-dung-CTY-PHAN-BACH-12-2024-1,fme.iuh.edu.vn,Khoa Công nghệ Cơ khí,HCM
https://fme.iuh.edu.vn/wp-content/uploads/2024/12/TBTD_DHCNHCM.pdf,https://fme.iuh.edu.vn/thong-bao-sinh-vien/cong-ty-tnhh-sx-tm-hoang-bao-thong-bao-tuyen-dung/,TBTD_DHCNHCM,fme.iuh.edu.vn,Khoa Công nghệ Cơ khí,HCM
https://fme.iuh.edu.vn/wp-content/uploads/2025/02/CTY-VIJA-TUYEN-DUNG-NHAN-SU-2025.pdf,https://fme.iuh.edu.vn/thong-bao-sinh-vien/chi-nhanh-cong-ty-co-phan-ky-thuat-vija-thong-bao-tuyen-dung/,CTY-VIJA-TUYEN-DUNG-NHAN-SU-2025,fme.iuh.edu.vn,Khoa Công nghệ Cơ khí,HCM
https://fme.iuh.edu.vn/wp-content/uploads/2025/03/ds-thuc-tap-DN_HK2-2024-2025_dot-2_final_rev01-2.pdf,https://fme.iuh.edu.vn/chua-duoc-phan-loai/thong-bao-cap-nhat-danh-sach-sinh-vien-di-thuc-tap-doanh-nghiep-trong-hk2-nam-hoc-2024-2025-dot-2/,ds-thuc-tap-DN_HK2-2024-2025_dot-2_final_rev01-2,fme.iuh.edu.vn,Khoa Công nghệ Cơ khí,HCM
https://fme.iuh.edu.vn/wp-content/uploads/2025/07/AMTEK-PROFILE.eng_29.06.2025.pdf,https://fme.iuh.edu.vn/thong-bao-sinh-vien/cong-ty-amtek-thong-bao-tuyen-dung/,AMTEK-PROFILE.eng_29.06.2025,fme.iuh.edu.vn,Khoa Công nghệ Cơ khí,HCM
https://fme.iuh.edu.vn/wp-content/uploads/2025/07/TUYEN-DUNG-KY-SU-2025-CTY-VAN-NGHIA-MIEN-NAM.pdf,https://fme.iuh.edu.vn/thong-bao-sinh-vien/cong-ty-tnhh-sx-tm-dv-van-nghia-mien-nam-thong-bao-tuyen-dung-nhan-su/,TUYEN-DUNG-KY-SU-2025-CTY-VAN-NGHIA-MIEN-NAM,fme.iuh.edu.vn,Khoa Công nghệ Cơ khí,HCM
https://fme.iuh.edu.vn/wp-content/uploads/2025/09/thong-bao-tuyen-dung-cty-quan-dat-1.pdf,https://fme.iuh.edu.vn/chua-duoc-phan-loai/cong-ty-tnhh-san-xuat-thuong-mai-quan-dat-thong-bao-tuyen-dung/,thong-bao-tuyen-dung-cty-quan-dat-1,fme.iuh.edu.vn,Khoa Công nghệ Cơ khí,HCM
https://fme.iuh.edu.vn/wp-content/uploads/2025/11/DHCDT18.pdf,https://fme.iuh.edu.vn/bo-mon-co-dien-tu/chuong-trinh-khung-nganh-cong-nghe-co-dien-tu-khoa-18-he-dai-tra/,Tải về và Xem,fme.iuh.edu.vn,Khoa Công nghệ Cơ khí,HCM
https://fme.iuh.edu.vn/wp-content/uploads/2025/11/DHCDT18_TT.pdf,https://fme.iuh.edu.vn/bo-mon-co-dien-tu/chuong-trinh-khung-nganh-cong-nghe-co-dien-tu-khoa-18-he-tien-tien/,Tải về và Xem,fme.iuh.edu.vn,Khoa Công nghệ Cơ khí,HCM
https://fme.iuh.edu.vn/wp-content/uploads/2025/11/DHCDT19.pdf,https://fme.iuh.edu.vn/bo-mon-co-dien-tu/chuong-trinh-khung-nganh-cong-nghe-co-dien-tu-khoa-19-he-dai-tra/,Tải về và Xem,fme.iuh.edu.vn,Khoa Công nghệ Cơ khí,HCM
https://fme.iuh.edu.vn/wp-content/uploads/2025/11/DHCDT19_TT.pdf,https://fme.iuh.edu.vn/bo-mon-co-dien-tu/chuong-trinh-khung-nganh-cong-nghe-co-dien-tu-khoa-19-he-tien-tien/,Tải về và Xem,fme.iuh.edu.vn,Khoa Công nghệ Cơ khí,HCM
https://fme.iuh.edu.vn/wp-content/uploads/2025/11/DHCDT20.pdf,https://fme.iuh.edu.vn/bo-mon-co-dien-tu/chuong-trinh-khung-nganh-cong-nghe-co-dien-tu-khoa-20-he-tien-tien/,Tải về và Xem,fme.iuh.edu.vn,Khoa Công nghệ Cơ khí,HCM
https://fme.iuh.edu.vn/wp-content/uploads/2025/11/DHCDT20_TCTA.pdf,https://fme.iuh.edu.vn/bo-mon-co-dien-tu/chuong-trinh-khung-nganh-cong-nghe-co-dien-tu-khoa-20-he-tang-cuong-tieng-anh/,Tải về và Xem,fme.iuh.edu.vn,Khoa Công nghệ Cơ khí,HCM
https://fme.iuh.edu.vn/wp-content/uploads/2025/11/DHCDT21.pdf,https://fme.iuh.edu.vn/bo-mon-co-dien-tu/chuong-trinh-khung-nganh-cong-nghe-co-dien-tu-khoa-21-he-dai-tra/,Tải về và Xem,fme.iuh.edu.vn,Khoa Công nghệ Cơ khí,HCM
https://fme.iuh.edu.vn/wp-content/uploads/2025/11/DHCDT21_TCTA.pdf,https://fme.iuh.edu.vn/bo-mon-co-dien-tu/chuong-trinh-khung-nganh-cong-nghe-co-dien-tu-khoa-21-he-tang-cuong-tieng-anh/,Tải về và Xem,fme.iuh.edu.vn,Khoa Công nghệ Cơ khí,HCM
https://fme.iuh.edu.vn/wp-content/uploads/2025/11/DHCK18.pdf,https://fme.iuh.edu.vn/nganh-cong-nghe-ky-thuat-co-khi/chuong-trinh-khung-nganh-cong-nghe-ky-thuat-co-khi-khoa-18-he-dai-tra/,Tải về và Xem,fme.iuh.edu.vn,Khoa Công nghệ Cơ khí,HCM
https://fme.iuh.edu.vn/wp-content/uploads/2025/11/DHCK18_TT.pdf,https://fme.iuh.edu.vn/nganh-cong-nghe-ky-thuat-co-khi/chuong-trinh-khung-nganh-cong-nghe-ky-thuat-co-khi-khoa-18-he-tien-tien/,Tải về và Xem,fme.iuh.edu.vn,Khoa Công nghệ Cơ khí,HCM
https://fme.iuh.edu.vn/wp-content/uploads/2025/11/DHCK19.pdf,https://fme.iuh.edu.vn/nganh-cong-nghe-ky-thuat-co-khi/chuong-trinh-khung-nganh-cong-nghe-ky-thuat-co-khi-khoa-19-he-dai-tra/,Tải về và Xem,fme.iuh.edu.vn,Khoa Công nghệ Cơ khí,HCM
https://fme.iuh.edu.vn/wp-content/uploads/2025/11/DHCK19_TT.pdf,https://fme.iuh.edu.vn/nganh-cong-nghe-ky-thuat-co-khi/chuong-trinh-khung-nganh-cong-nghe-ky-thuat-co-khi-khoa-19-he-tien-tien/,Tải về và Xem,fme.iuh.edu.vn,Khoa Công nghệ Cơ khí,HCM
https://fme.iuh.edu.vn/wp-content/uploads/2025/11/DHCK20.pdf,https://fme.iuh.edu.vn/nganh-cong-nghe-ky-thuat-co-khi/chuong-trinh-khung-nganh-cong-nghe-ky-thuat-co-khi-khoa-20-he-dai-tra/,Tải về và Xem,fme.iuh.edu.vn,Khoa Công nghệ Cơ khí,HCM
https://fme.iuh.edu.vn/wp-content/uploads/2025/11/DHCK20_TCTA.pdf,https://fme.iuh.edu.vn/nganh-cong-nghe-ky-thuat-co-khi/chuong-trinh-khung-nganh-cong-nghe-ky-thuat-co-khi-khoa-20-he-tang-cuong-tieng-anh/,Tải về và Xem,fme.iuh.edu.vn,Khoa Công nghệ Cơ khí,HCM
https://fme.iuh.edu.vn/wp-content/uploads/2025/11/DHCK21.pdf,https://fme.iuh.edu.vn/nganh-cong-nghe-ky-thuat-co-khi/chuong-trinh-khung-nganh-cong-nghe-ky-thuat-co-khi-khoa-21-he-dai-tra/,Tải về và Xem,fme.iuh.edu.vn,Khoa Công nghệ Cơ khí,HCM
https://fme.iuh.edu.vn/wp-content/uploads/2025/11/DHCK21_TCTA.pdf,https://fme.iuh.edu.vn/nganh-cong-nghe-ky-thuat-co-khi/chuong-trinh-khung-nganh-cong-nghe-ky-thuat-co-khi-khoa-21-he-tang-cuong-tieng-anh/,Tải về và Xem,fme.iuh.edu.vn,Khoa Công nghệ Cơ khí,HCM
https://fme.iuh.edu.vn/wp-content/uploads/2025/11/DHCT18-1.pdf,https://fme.iuh.edu.vn/bo-mon-che-tao-may/chuong-trinh-khung-nganh-cong-nghe-che-tao-may-khoa-18-he-dai-tra/,Tải về và Xem,fme.iuh.edu.vn,Khoa Công nghệ Cơ khí,HCM
https://fme.iuh.edu.vn/wp-content/uploads/2025/11/DHCT18_TT-1.pdf,https://fme.iuh.edu.vn/bo-mon-che-tao-may/chuong-trinh-khung-nganh-cong-nghe-che-tao-may-khoa-18-he-tien-tien/,Tải về và Xem,fme.iuh.edu.vn,Khoa Công nghệ Cơ khí,HCM
https://fme.iuh.edu.vn/wp-content/uploads/2025/11/DHCT19.pdf,https://fme.iuh.edu.vn/bo-mon-che-tao-may/chuong-trinh-khung-nganh-cong-nghe-che-tao-may-khoa-19-he-dai-tra/,Tải về và Xem,fme.iuh.edu.vn,Khoa Công nghệ Cơ khí,HCM
https://fme.iuh.edu.vn/wp-content/uploads/2025/11/DHCT19_TT.pdf,https://fme.iuh.edu.vn/bo-mon-che-tao-may/chuong-trinh-khung-nganh-cong-nghe-che-tao-may-khoa-19-he-tien-tien/,Tải về và Xem,fme.iuh.edu.vn,Khoa Công nghệ Cơ khí,HCM
https://fme.iuh.edu.vn/wp-content/uploads/2025/11/DHCT20.pdf,https://fme.iuh.edu.vn/bo-mon-che-tao-may/chuong-trinh-khung-nganh-cong-nghe-che-tao-may-khoa-20-he-dai-tra/,Tải về và Xem,fme.iuh.edu.vn,Khoa Công nghệ Cơ khí,HCM
https://fme.iuh.edu.vn/wp-content/uploads/2025/11/DHCT20_TCTA.pdf,https://fme.iuh.edu.vn/bo-mon-che-tao-may/chuong-trinh-khung-nganh-cong-nghe-che-tao-may-khoa-20-he-tang-cuong-tieng-anh/,Tải về và Xem,fme.iuh.edu.vn,Khoa Công nghệ Cơ khí,HCM
https://fme.iuh.edu.vn/wp-content/uploads/2025/11/DHCT21.pdf,https://fme.iuh.edu.vn/bo-mon-che-tao-may/chuong-trinh-khung-nganh-cong-nghe-che-tao-may-khoa-21-he-dai-tra/,Tải về và Xem,fme.iuh.edu.vn,Khoa Công nghệ Cơ khí,HCM
https://fme.iuh.edu.vn/wp-content/uploads/2025/11/DHCT21_TCTA.pdf,https://fme.iuh.edu.vn/bo-mon-che-tao-may/chuong-trinh-khung-nganh-cong-nghe-che-tao-may-khoa-21-he-tang-cuong-tieng-anh/,Tải về và Xem,fme.iuh.edu.vn,Khoa Công nghệ Cơ khí,HCM
https://fme.iuh.edu.vn/wp-content/uploads/2025/11/Mau-don-xin-thuc-tapnew-1.pdf,https://fme.iuh.edu.vn/thong-bao-sinh-vien/thong-bao-nop-don-dang-ky-thuc-tap-doanh-nghiep-trong-hoc-ky-i-nam-hoc-2026-2027_dot-2/,Mau-don-xin-thuc-tap,fme.iuh.edu.vn,Khoa Công nghệ Cơ khí,HCM
https://fme.iuh.edu.vn/wp-content/uploads/2025/12/DS-thuc-tap-doanh-nghiep_HK2-2025-2026-Dot-1-1.pdf,https://fme.iuh.edu.vn/chua-duoc-phan-loai/danh-sach-sinh-vien-di-thuc-tap-doanh-nghiep-trong-hk2-nam-hoc-2025-2026/,DS-thuc-tap-doanh-nghiep_HK2-2025-2026-Dot-1-1,fme.iuh.edu.vn,Khoa Công nghệ Cơ khí,HCM
https://fme.iuh.edu.vn/wp-content/uploads/2025/12/TUYEN-DUNG-KY-SU-DDC.pdf,https://fme.iuh.edu.vn/thong-bao-sinh-vien/thong-bao-tuyen-dung-ky-su-tai-tap-doan-dai-dung/,TUYEN-DUNG-KY-SU-DDC,fme.iuh.edu.vn,Khoa Công nghệ Cơ khí,HCM
https://fme.iuh.edu.vn/wp-content/uploads/2026/03/DS-thuc-tap-doanh-nghiep_HK2-2025-2026_dot_2ver.02-3.pdf,https://fme.iuh.edu.vn/thong-bao-sinh-vien/thong-bao-danh-sach-sinh-vien-di-thuc-tap-doanh-nghiep-trong-hk2-nam-hoc-2025-2026-dot-2/,DS-thuc-tap-doanh-nghiep_HK2-2025-2026_dot_2ver.02-3,fme.iuh.edu.vn,Khoa Công nghệ Cơ khí,HCM
https://fme.iuh.edu.vn/wp-content/uploads/2026/05/102-THONG-BAO-TUYEN-DUNG.pdf,https://fme.iuh.edu.vn/viec-lam-tuyen-dung/trung-tam-kiem-dinh-cong-nghiep-ii-thong-bao-tuyen-dung/,102-THONG-BAO-TUYEN-DUNG,fme.iuh.edu.vn,Khoa Công nghệ Cơ khí,HCM
https://fme.iuh.edu.vn/wp-content/uploads/2026/05/DS-thuc-tap-doanh-nghiep_HK3-2025-2026-cap-nhat.pdf,https://fme.iuh.edu.vn/thong-bao-sinh-vien/thong-bao-danh-sach-sinh-vien-di-thuc-tap-doanh-nghiep-trong-hk3-nam-hoc-2025-2026/,DS-thuc-tap-doanh-nghiep_HK3-2025-2026-cap-nhat,fme.iuh.edu.vn,Khoa Công nghệ Cơ khí,HCM
https://fme.iuh.edu.vn/wp-content/uploads/2026/06/2026.-PDT-17a_Don-de-nghi-xet-TN-dung-han-co-hinh_6.2026.pdf,https://fme.iuh.edu.vn/bieu-mau/bieu-mau-giai-quyet-hoc-vu-cho-sinh-vien/,Download,fme.iuh.edu.vn,Khoa Công nghệ Cơ khí,HCM
https://fme.iuh.edu.vn/wp-content/uploads/2026/06/2026.-PDT-17b_Don-de-nghi-xet-TN-qua-han-co-hinh_6.2026.pdf,https://fme.iuh.edu.vn/bieu-mau/bieu-mau-giai-quyet-hoc-vu-cho-sinh-vien/,Download,fme.iuh.edu.vn,Khoa Công nghệ Cơ khí,HCM
https://fme.iuh.edu.vn/wp-content/uploads/2026/07/DS-thuc-tap-doanh-nghiep_HK1-2026-2027-1.pdf,https://fme.iuh.edu.vn/thong-bao-sinh-vien/thong-bao-danh-sach-sinh-vien-di-thuc-tap-doanh-nghiep-trong-hk1-nam-hoc-2026-2027/,DS-thuc-tap-doanh-nghiep_HK1-2026-2027-1,fme.iuh.edu.vn,Khoa Công nghệ Cơ khí,HCM
https://fme.iuh.edu.vn/wp-content/uploads/2026/07/VPCHEM-_-THONG-BAO-TUYEN-DUNG-PO-va-MO.pdf,https://fme.iuh.edu.vn/viec-lam-tuyen-dung/cong-ty-tnhh-hoa-chat-chat-hoa-deo-vina-thong-bao-tuyen-dung/,VPCHEM-_-THONG-BAO-TUYEN-DUNG-PO-va-MO,fme.iuh.edu.vn,Khoa Công nghệ Cơ khí,HCM
https://fme.iuh.edu.vn/wp-content/uploads/2026/08/Quy-dinh-danh-gia-ren-luyen-ban-hanh-ngay-05.08.2026-1.pdf,https://fme.iuh.edu.vn/thong-bao-sinh-vien/thong-bao-v-v-ban-hanh-quy-dinh-danh-gia-ket-qua-ren-luyen-doi-voi-sinh-vien-truong-dai-hoc-cong-nghiep-tp-ho-chi-minh/,Quy-dinh-danh-gia-ren-luyen-ban-hanh-ngay-05.08.2026-1,fme.iuh.edu.vn,Khoa Công nghệ Cơ khí,HCM
https://fme.iuh.edu.vn/wp-content/uploads/2026/09/THU-NGO-CO-HOI-VIEC-LAM-SV-DA-SVD-signed.pdf,https://fme.iuh.edu.vn/thong-bao-sinh-vien/cong-ty-cp-co-khi-xay-dung-thuong-mai-dai-dung-ddc-tuyen-dung-20-ky-su-co-khi-thu-nhap-len-den-18-trieu-dong/,THU-NGO-CO-HOI-VIEC-LAM-SV-DA-SVD-signed,fme.iuh.edu.vn,Khoa Công nghệ Cơ khí,HCM
https://htsv.iuh.edu.vn/upload/files/2017/DIEM%20TRUNG%20TUYEN%20H%E1%BA%B8%20D%E1%BA%A0I%20H%E1%BB%8CC.pdf,https://htsv.iuh.edu.vn/news@166-Tra-cuu-cuu-sinh-vien.html@p=6,download,htsv.iuh.edu.vn,Trung tâm Kết nối doanh nghiệp và Giới thiệu việc làm,HCM
https://htsv.iuh.edu.vn/upload/files/2017/DN%2010/AON.pdf,https://htsv.iuh.edu.vn/vieclam/news.html@detail@394@Chuong-trinh-tuyen-dung-,download,htsv.iuh.edu.vn,Trung tâm Kết nối doanh nghiệp và Giới thiệu việc làm,HCM
https://htsv.iuh.edu.vn/upload/files/2017/DN%2010/CONG%20TY%20TNHH%20SAN%20GD%20-%20TMDT%203SSHOPPING.pdf,https://htsv.iuh.edu.vn/vieclam/news.html@detail@397@Cong-ty-TNHH-San-giao-dich-TMDT-3SSHOPPING,download,htsv.iuh.edu.vn,Trung tâm Kết nối doanh nghiệp và Giới thiệu việc làm,HCM
https://htsv.iuh.edu.vn/upload/files/2017/DN%2010/Job%20Description%20-%20Nidec%20RnD.pdf,https://htsv.iuh.edu.vn/vieclam/news.html@detail@396@Tap-doan-NIDEC-trong-Khu-Cong-nghe-cao-TP.HCM,ownload,htsv.iuh.edu.vn,Trung tâm Kết nối doanh nghiệp và Giới thiệu việc làm,HCM
https://htsv.iuh.edu.vn/upload/files/2017/DN%2010/THONG%20BAO%20TUY%E1%BB%82N%20D%E1%BB%A4NG%20-%20DIGIPAY.pdf,https://htsv.iuh.edu.vn/vieclam/news.html@detail@399@Cong-ty-TNHH-DV-TM-Vien-thong-So,download,htsv.iuh.edu.vn,Trung tâm Kết nối doanh nghiệp và Giới thiệu việc làm,HCM
https://htsv.iuh.edu.vn/upload/files/2017/DN%20T7/Muc%20diem%20xtetuyenHDCN.PDF,https://htsv.iuh.edu.vn/news@166-Tra-cuu-cuu-sinh-vien.html@p=6,download,htsv.iuh.edu.vn,Trung tâm Kết nối doanh nghiệp và Giới thiệu việc làm,HCM
https://htsv.iuh.edu.vn/upload/files/2017/DN%20T8/CT%20CHAN%20NUOI%20CP.pdf,https://htsv.iuh.edu.vn/vieclam/news.html@detail@348@Thong-bao-tuyen-dung-cua-Cong-ty-CP-Chan-nuoi-C.P-Viet-Nam,download,htsv.iuh.edu.vn,Trung tâm Kết nối doanh nghiệp và Giới thiệu việc làm,HCM
https://htsv.iuh.edu.vn/upload/files/2017/DN%20T8/CT%20MAIPHUONG.pdf,https://htsv.iuh.edu.vn/vieclam/news.html@detail@352@Thong-bao-tuyen-sinh-vien-thuc-tap-cua-Cong-ty-TNHH-Tin-hoc-Mai-Phuong,download,htsv.iuh.edu.vn,Trung tâm Kết nối doanh nghiệp và Giới thiệu việc làm,HCM
https://htsv.iuh.edu.vn/upload/files/2017/DN%20T8/CT%20PHAN%20VU.pdf,https://htsv.iuh.edu.vn/vieclam/news.html@detail@353@Thong-bao-tuyen-dung-cua-Cong-ty-TNHH-MTV-Be-tong-Phan-Vu,download,htsv.iuh.edu.vn,Trung tâm Kết nối doanh nghiệp và Giới thiệu việc làm,HCM
https://htsv.iuh.edu.vn/upload/files/2017/DN%20T8/HOSOTUYENDUNG%20CTY%20HUNG%20PHAT.pdf,https://htsv.iuh.edu.vn/vieclam/news.html@detail@371@Thong-bao-tuyen-dung-cua-Cong-ty-TNHH-TM-Dien-tu-Hung-Phat,download,htsv.iuh.edu.vn,Trung tâm Kết nối doanh nghiệp và Giới thiệu việc làm,HCM
https://htsv.iuh.edu.vn/upload/files/2017/DN%20T8/TB%20Tuyen%20Dung.pdf,https://htsv.iuh.edu.vn/vieclam/news.html@detail@363@Thong-bao-tuyen-dung-cua-Cong-ty-CP-Cao-su-Sai-Gon-KYMDAN,download,htsv.iuh.edu.vn,Trung tâm Kết nối doanh nghiệp và Giới thiệu việc làm,HCM
https://htsv.iuh.edu.vn/upload/files/2017/DN%20T8/THONG%20BAO%20TUY%E1%BB%82N%20D%E1%BB%A4NG%20TAN%20THANH%202017.pdf,https://htsv.iuh.edu.vn/vieclam/news.html@detail@360@Thong-bao-tuyen-dung-cua-Cong-ty-TNHH-Dien-co-Tan-Thanh,download,htsv.iuh.edu.vn,Trung tâm Kết nối doanh nghiệp và Giới thiệu việc làm,HCM
https://htsv.iuh.edu.vn/upload/files/2017/DN%20T8/THONGBAO-TUYEN%20KYSU-20170830.doc.pdf,https://htsv.iuh.edu.vn/vieclam/news.html@detail@358@Thong-bao-tuyen-dung-cua-Cong-ty-MTEX-Viet-Nam,download,htsv.iuh.edu.vn,Trung tâm Kết nối doanh nghiệp và Giới thiệu việc làm,HCM
https://htsv.iuh.edu.vn/upload/files/2017/DN%20T9/BHYT.pdf,https://htsv.iuh.edu.vn/news@166-Tra-cuu-cuu-sinh-vien.html@p=4,download,htsv.iuh.edu.vn,Trung tâm Kết nối doanh nghiệp và Giới thiệu việc làm,HCM
https://htsv.iuh.edu.vn/upload/files/2017/DN%20T9/FSV%20TUY%E1%BB%82N%20D%E1%BB%A4NG%202017.pdf,https://htsv.iuh.edu.vn/vieclam/news.html@detail@390@Cong-ty-TNHH-FILTRATION-SYSTEMS-VIETNAM-FSV,download,htsv.iuh.edu.vn,Trung tâm Kết nối doanh nghiệp và Giới thiệu việc làm,HCM
https://htsv.iuh.edu.vn/upload/files/2017/DN%20T9/ke_hoach_phat_bang_tn_nam_2017.pdf,https://htsv.iuh.edu.vn/news@166-Tra-cuu-cuu-sinh-vien.html@p=4,download,htsv.iuh.edu.vn,Trung tâm Kết nối doanh nghiệp và Giới thiệu việc làm,HCM
https://htsv.iuh.edu.vn/upload/files/2017/DN%20T9/tb_160.pdf,https://htsv.iuh.edu.vn/news@166-Tra-cuu-cuu-sinh-vien.html@p=4,download,htsv.iuh.edu.vn,Trung tâm Kết nối doanh nghiệp và Giới thiệu việc làm,HCM
https://htsv.iuh.edu.vn/upload/files/2017/HOCBONG/%5B25-10-2017_10_50_35%5Dthong_bao_nghi_tet_nguyen_dan_mau_tuat__2018.pdf,https://htsv.iuh.edu.vn/news@166-Tra-cuu-cuu-sinh-vien.html@p=4,download,htsv.iuh.edu.vn,Trung tâm Kết nối doanh nghiệp và Giới thiệu việc làm,HCM
https://htsv.iuh.edu.vn/upload/files/2017/HOCBONG/QD%20KNM.pdf,https://htsv.iuh.edu.vn/news@166-Tra-cuu-cuu-sinh-vien.html@p=5,download,htsv.iuh.edu.vn,Trung tâm Kết nối doanh nghiệp và Giới thiệu việc làm,HCM
https://htsv.iuh.edu.vn/upload/files/2017/HOCBONG/Thu%20ng%E1%BB%8F%20v%E1%BB%81%20h%E1%BB%8Dc%20b%E1%BB%95ng%20cho%20sinh%20vien%20DH%20Cong%20Nghi%E1%BB%87p.pdf,https://htsv.iuh.edu.vn/news@181-Hoc-bong-Tai-tro.html@p=5,download,htsv.iuh.edu.vn,Trung tâm Kết nối doanh nghiệp và Giới thiệu việc làm,HCM
https://htsv.iuh.edu.vn/upload/files/2017/HOITHAO1/DONG%20HOCPHI.pdf,https://htsv.iuh.edu.vn/news@166-Tra-cuu-cuu-sinh-vien.html@p=5,download,htsv.iuh.edu.vn,Trung tâm Kết nối doanh nghiệp và Giới thiệu việc làm,HCM
https://htsv.iuh.edu.vn/upload/files/2017/HOITHAO1/HOI%20THAO%20PP%20HOC%20TIENG%20ANH%20DOTHAI.pdf,https://htsv.iuh.edu.vn/news@166-Tra-cuu-cuu-sinh-vien.html@p=5,Nội dung Hội thảo,htsv.iuh.edu.vn,Trung tâm Kết nối doanh nghiệp và Giới thiệu việc làm,HCM
https://htsv.iuh.edu.vn/upload/files/2017/HOITHAO1/LICH%20TRINH%20PP%20H%E1%BB%8CC%20TIENG%20ANH%20DO%20THAI.pdf,https://htsv.iuh.edu.vn/news@166-Tra-cuu-cuu-sinh-vien.html@p=5,Lịch trình Hội thảo định hướng học tiếng Anh theo phương pháp Do Thái.,htsv.iuh.edu.vn,Trung tâm Kết nối doanh nghiệp và Giới thiệu việc làm,HCM
https://htsv.iuh.edu.vn/upload/files/2017/HOITHAO1/MIEN%20GIAM%20HOC%20PHI.pdf,https://htsv.iuh.edu.vn/news@166-Tra-cuu-cuu-sinh-vien.html@p=4,download tại đây,htsv.iuh.edu.vn,Trung tâm Kết nối doanh nghiệp và Giới thiệu việc làm,HCM
https://htsv.iuh.edu.vn/upload/files/2017/HOITHAO1/NGHI%20TET%20DUONG%20LICH.pdf,https://htsv.iuh.edu.vn/news@166-Tra-cuu-cuu-sinh-vien.html@p=4,tại đây,htsv.iuh.edu.vn,Trung tâm Kết nối doanh nghiệp và Giới thiệu việc làm,HCM
https://htsv.iuh.edu.vn/upload/files/2017/HOITHAO1/tb_157.pdf,https://htsv.iuh.edu.vn/news@166-Tra-cuu-cuu-sinh-vien.html@p=5,download,htsv.iuh.edu.vn,Trung tâm Kết nối doanh nghiệp và Giới thiệu việc làm,HCM
https://htsv.iuh.edu.vn/upload/files/2018/THONG%20BAO/%5B26-01-2018_15_02_30%5D%5B26-01-2018_14_32_44%5Dtb_22%20(1).pdf,https://htsv.iuh.edu.vn/news@166-Tra-cuu-cuu-sinh-vien.html@p=4,download,htsv.iuh.edu.vn,Trung tâm Kết nối doanh nghiệp và Giới thiệu việc làm,HCM
https://htsv.iuh.edu.vn/upload/files/5519_018.pdf,https://htsv.iuh.edu.vn/news@166-Tra-cuu-cuu-sinh-vien.html@p=4,download,htsv.iuh.edu.vn,Trung tâm Kết nối doanh nghiệp và Giới thiệu việc làm,HCM
https://htsv.iuh.edu.vn/upload/files/An%20Nhan_JD_Sales%20Admin_170403.docx.pdf,https://htsv.iuh.edu.vn/vieclam/news.html@p=17,Thông báo tuyển dụng của Công ty TNHH TM... Công ty TNHH TM A Nam cần tuyển nhân viên bán hàng làm việc tại Lotte Gò Vấp & Coopmart Phan Văn Trị. Thông tin chi... Thông báo tuyển dụng của Representati,htsv.iuh.edu.vn,Trung tâm Kết nối doanh nghiệp và Giới thiệu việc làm,HCM
https://htsv.iuh.edu.vn/upload/files/Ke%20hoach%20Ngay%20hoi%20Nghe%20nghiep%20Sinh%20vien%20TP_HCM%202017.pdf,https://htsv.iuh.edu.vn/news@166-Tra-cuu-cuu-sinh-vien.html@p=6,download tại đây.,htsv.iuh.edu.vn,Trung tâm Kết nối doanh nghiệp và Giới thiệu việc làm,HCM
https://htsv.iuh.edu.vn/upload/files/TUYEN%20SINH%20VUA%20H%E1%BB%8CC%20VUA%20LAM.pdf,https://htsv.iuh.edu.vn/news@166-Tra-cuu-cuu-sinh-vien.html@p=6,download tại đây.,htsv.iuh.edu.vn,Trung tâm Kết nối doanh nghiệp và Giới thiệu việc làm,HCM
https://ibf.iuh.edu.vn/wp-content/uploads/2017/06/Lich-giang-day.pdf,https://ibf.iuh.edu.vn/nguyen-thi-lan-huong/,Lich giang day,ibf.iuh.edu.vn,Viện Công nghệ Sinh học và Thực phẩm,HCM
https://ibf.iuh.edu.vn/wp-content/uploads/2017/09/Công-văn-số-1742.pdf,https://ibf.iuh.edu.vn/hoi-thi-sang-tao/giai-thuong-sang-tao-khoa-hoc-cong-nghe-viet-nam-nam-2017/,Tải về và Xem,ibf.iuh.edu.vn,Viện Công nghệ Sinh học và Thực phẩm,HCM
https://ibf.iuh.edu.vn/wp-content/uploads/2018/01/KH-Giang-day-TH-DH10.pdf,https://ibf.iuh.edu.vn/dam-sao-mai/,Tải về và Xem,ibf.iuh.edu.vn,Viện Công nghệ Sinh học và Thực phẩm,HCM
https://ibf.iuh.edu.vn/wp-content/uploads/2018/01/Lich-giang-day-HKII-2017-2018.pdf,https://ibf.iuh.edu.vn/nguyen-thi-lan-huong/,Lich giang day HKII 2017-2018,ibf.iuh.edu.vn,Viện Công nghệ Sinh học và Thực phẩm,HCM
https://ibf.iuh.edu.vn/wp-content/uploads/2018/07/Lich-giang-day-07.2018.pdf,https://ibf.iuh.edu.vn/le-van-nhat-hoai/,Lich giang day 07.2018,ibf.iuh.edu.vn,Viện Công nghệ Sinh học và Thực phẩm,HCM
https://ibf.iuh.edu.vn/wp-content/uploads/2018/07/Lich-giang-day-2018-2019.pdf,https://ibf.iuh.edu.vn/nguyen-thi-trang/,Lich giang day 2018-2019,ibf.iuh.edu.vn,Viện Công nghệ Sinh học và Thực phẩm,HCM
https://ibf.iuh.edu.vn/wp-content/uploads/2018/10/17-10-2018_08.35.09thong_bao_ve_viec_cap_hoc_bong_sinh_vien_vuot_kho_hieu_hoc_nam_2018.pdf,https://ibf.iuh.edu.vn/mai-bich-dung/,[17-10-2018_08.35.09]thong_bao_ve_viec_cap_hoc_bong_sinh_vien_vuot_kho_hieu_hoc_nam_2018,ibf.iuh.edu.vn,Viện Công nghệ Sinh học và Thực phẩm,HCM
https://ibf.iuh.edu.vn/wp-content/uploads/2018/10/Rubrics-LTTH-môn-CNSH-CNTY-ĐHSH11AB.pdf,https://ibf.iuh.edu.vn/tran-thi-phuong-nhung/,"Rubrics LT+TH môn CNSH CNTY-ĐHSH11A,B",ibf.iuh.edu.vn,Viện Công nghệ Sinh học và Thực phẩm,HCM
https://ibf.iuh.edu.vn/wp-content/uploads/2018/10/Rubrics-TH-môn-CNSH-NTTS-ĐHSH11ABTT.pdf,https://ibf.iuh.edu.vn/tran-thi-phuong-nhung/,"Rubrics TH môn CNSH NTTS-ĐHSH11A,B,TT",ibf.iuh.edu.vn,Viện Công nghệ Sinh học và Thực phẩm,HCM
https://ibf.iuh.edu.vn/wp-content/uploads/2018/10/thoi-khoa-bieu-2.pdf,https://ibf.iuh.edu.vn/tran-thi-huyen/,thoi-khoa-bieu-2,ibf.iuh.edu.vn,Viện Công nghệ Sinh học và Thực phẩm,HCM
https://ibf.iuh.edu.vn/wp-content/uploads/2018/11/CNCBTP-CNCB-THUỶ-SẢN-SÚC-SẢN-GIOI-THIEU-CHUNG.pdf,https://ibf.iuh.edu.vn/nguyen-thi-thanh-binh/,CNCBTP – CNCB THUỶ SẢN SÚC SẢN – GIOI THIEU CHUNG,ibf.iuh.edu.vn,Viện Công nghệ Sinh học và Thực phẩm,HCM
https://ibf.iuh.edu.vn/wp-content/uploads/2018/11/CNCBTP-CNCBTSSS-PHAN-II-_-SAN-PHAM-TSSS_DHTP12ATT.pdf,https://ibf.iuh.edu.vn/nguyen-thi-thanh-binh/,CNCBTP – CNCBTSSS – PHAN II _ SAN PHAM TSSS_DHTP12ATT,ibf.iuh.edu.vn,Viện Công nghệ Sinh học và Thực phẩm,HCM
https://ibf.iuh.edu.vn/wp-content/uploads/2018/11/CNCBTP-CNCBTSSS_PHAN-II-_-SAN-PHAM-TSSS_DHTP12A.pdf,https://ibf.iuh.edu.vn/nguyen-thi-thanh-binh/,CNCBTP – CNCBTSSS_PHAN II _ SAN PHAM TSSS_DHTP12A,ibf.iuh.edu.vn,Viện Công nghệ Sinh học và Thực phẩm,HCM
https://ibf.iuh.edu.vn/wp-content/uploads/2018/11/CNCBTP-CNCBTSSS_PHAN-II-_-SAN-PHAM-TSSS_DHTP12B.pdf,https://ibf.iuh.edu.vn/nguyen-thi-thanh-binh/,CNCBTP – CNCBTSSS_PHAN II _ SAN PHAM TSSS_DHTP12B,ibf.iuh.edu.vn,Viện Công nghệ Sinh học và Thực phẩm,HCM
https://ibf.iuh.edu.vn/wp-content/uploads/2019/05/CHUONG-3-tinh-chất-lưu-biến-của-thực-phẩm_cho-SV.pdf,https://ibf.iuh.edu.vn/nguyen-khac-kiem/,CHUONG 3 tinh chất lưu biến của thực phẩm_cho SV,ibf.iuh.edu.vn,Viện Công nghệ Sinh học và Thực phẩm,HCM
https://ibf.iuh.edu.vn/wp-content/uploads/2019/09/Chương-1-Hình-dạng-kích-thước-khối-lượng-riêng-độ-xốp-1-1.pdf,https://ibf.iuh.edu.vn/nguyen-khac-kiem/,Chương 1 Hình dạng-kích thước-khối lượng riêng-độ xốp,ibf.iuh.edu.vn,Viện Công nghệ Sinh học và Thực phẩm,HCM
https://ibf.iuh.edu.vn/wp-content/uploads/2019/09/Chương-2.-hoạt-độ-nước-1-1.pdf,https://ibf.iuh.edu.vn/nguyen-khac-kiem/,Chương 2. hoạt độ nước,ibf.iuh.edu.vn,Viện Công nghệ Sinh học và Thực phẩm,HCM
https://ibf.iuh.edu.vn/wp-content/uploads/2019/09/tpatest.pdf,https://ibf.iuh.edu.vn/nguyen-khac-kiem/,tpatest,ibf.iuh.edu.vn,Viện Công nghệ Sinh học và Thực phẩm,HCM
https://ibf.iuh.edu.vn/wp-content/uploads/2019/10/Thực-hành-Vật-lý-thực-phẩm.pdf,https://ibf.iuh.edu.vn/nguyen-khac-kiem/,Thực hành Vật lý thực phẩm,ibf.iuh.edu.vn,Viện Công nghệ Sinh học và Thực phẩm,HCM
https://ibf.iuh.edu.vn/wp-content/uploads/2020/11/giao-trinh-thuc-hanh-vat-ly-tp-tong-hop-1.pdf,https://ibf.iuh.edu.vn/nguyen-khac-kiem/,giao trinh thuc hanh vat ly tp -tong hop (1),ibf.iuh.edu.vn,Viện Công nghệ Sinh học và Thực phẩm,HCM
https://ibf.iuh.edu.vn/wp-content/uploads/2021/10/2017-K13-post.pdf,https://ibf.iuh.edu.vn/cong-nghe-thuc-pham-chuong-trinh-dao-tao/,Chương trình đào tạo K13:,ibf.iuh.edu.vn,Viện Công nghệ Sinh học và Thực phẩm,HCM
https://ibf.iuh.edu.vn/wp-content/uploads/2021/10/2018-K14-và-K15-Post.pdf,https://ibf.iuh.edu.vn/cong-nghe-thuc-pham-chuong-trinh-dao-tao/,Chương trình đào tạo K14:,ibf.iuh.edu.vn,Viện Công nghệ Sinh học và Thực phẩm,HCM
https://ibf.iuh.edu.vn/wp-content/uploads/2021/10/2020-K16-và-17-Post.pdf,https://ibf.iuh.edu.vn/cong-nghe-thuc-pham-chuong-trinh-dao-tao/,Chương trình đào tạo K15:,ibf.iuh.edu.vn,Viện Công nghệ Sinh học và Thực phẩm,HCM
https://ibf.iuh.edu.vn/wp-content/uploads/2021/10/Lịch-giảng-dạy-học-kỳ-I-2021_2022.pdf,https://ibf.iuh.edu.vn/nguyen-thi-kim-anh/,Lịch giảng dạy học kỳ I 2021_2022,ibf.iuh.edu.vn,Viện Công nghệ Sinh học và Thực phẩm,HCM
https://ibf.iuh.edu.vn/wp-content/uploads/2021/12/H1.01.02.01_QD854-Dau-ra-CNTP.pdf,https://ibf.iuh.edu.vn/thac-si-cong-nghe-thuc-pham-chuan-dau-ra/,A.Chuẩn đầu ra CTĐT Thạc sĩ Công nghệ Thực phẩm 2016,ibf.iuh.edu.vn,Viện Công nghệ Sinh học và Thực phẩm,HCM
https://ibf.iuh.edu.vn/wp-content/uploads/2022/01/THÔNG-BÁO-CHIÊU-SINH-THÁNG-1-2.pdf,https://ibf.iuh.edu.vn/thong-bao-sinh-vien/thong-bao-ky-thi-danh-gia-nang-luc-nn-tren-may-tinh-viet-nam-2022/,THÔNG BÁO CHIÊU SINH THÁNG 1-2,ibf.iuh.edu.vn,Viện Công nghệ Sinh học và Thực phẩm,HCM
https://ibf.iuh.edu.vn/wp-content/uploads/2022/01/THÔNG-BÁO-THI-VSTEP-NĂM-2022-1.pdf,https://ibf.iuh.edu.vn/thong-bao-sinh-vien/thong-bao-ky-thi-danh-gia-nang-luc-nn-tren-may-tinh-viet-nam-2022/,THÔNG BÁO THI VSTEP NĂM 2022,ibf.iuh.edu.vn,Viện Công nghệ Sinh học và Thực phẩm,HCM
https://ibf.iuh.edu.vn/wp-content/uploads/2022/01/THÔNG-BÁO-THI-VSTEP-THÁNG-2.2022-1.pdf,https://ibf.iuh.edu.vn/thong-bao-sinh-vien/thong-bao-ky-thi-danh-gia-nang-luc-nn-tren-may-tinh-viet-nam-2022/,THÔNG BÁO THI VSTEP THÁNG 2.2022,ibf.iuh.edu.vn,Viện Công nghệ Sinh học và Thực phẩm,HCM
https://ibf.iuh.edu.vn/wp-content/uploads/2022/04/MAU-01.-Don-xin-xet-tot-nghiep-He-tin-chi.pdf,https://ibf.iuh.edu.vn/thong-bao-sinh-vien/thong-bao-ke-hoach-xet-cong-nhan-tot-nghiep-vao-thang-7-nam-2022/,MAU-01.-Don-xin-xet-tot-nghiep-He-tin-chi,ibf.iuh.edu.vn,Viện Công nghệ Sinh học và Thực phẩm,HCM
https://ibf.iuh.edu.vn/wp-content/uploads/2022/04/QUY-TRINH-XET-CONG-NHAN-TN-PDT.pdf,https://ibf.iuh.edu.vn/thong-bao-sinh-vien/thong-bao-ke-hoach-xet-cong-nhan-tot-nghiep-vao-thang-7-nam-2022/,QUY TRINH XET CONG NHAN TN PDT,ibf.iuh.edu.vn,Viện Công nghệ Sinh học và Thực phẩm,HCM
https://ibf.iuh.edu.vn/wp-content/uploads/2022/04/THONG-BAO-VE-VIEC-KE-HOACH-KLTN-KHOA-14.pdf,https://ibf.iuh.edu.vn/thong-bao-sinh-vien/thong-bao-ve-viec-thuc-hien-khoa-luan-tot-nghiep-khoa-14-nien-khoa-2018-2022/,THONG BAO VE VIEC KE HOACH KLTN KHOA 14,ibf.iuh.edu.vn,Viện Công nghệ Sinh học và Thực phẩm,HCM
https://ibf.iuh.edu.vn/wp-content/uploads/2022/04/THONG-BAO-XET-TN-THANG-7-2022.pdf,https://ibf.iuh.edu.vn/thong-bao-sinh-vien/thong-bao-ke-hoach-xet-cong-nhan-tot-nghiep-vao-thang-7-nam-2022/,THONG BAO XET TN THANG 7-2022,ibf.iuh.edu.vn,Viện Công nghệ Sinh học và Thực phẩm,HCM
https://ibf.iuh.edu.vn/wp-content/uploads/2022/05/THONG-BAO-KE-HOACH-THUC-TAP-DOANH-NGHIEP-DH-KHOA-15.pdf,https://ibf.iuh.edu.vn/thong-bao-sinh-vien/thong-bao-ve-viec-thuc-tap-doanh-nghiep-sinh-vien-khoa-15-nien-khoa-2019-2023-hoc-ky-1-nam-2022-2023-cua-cac-nganh-sinh-hoc-thuc-pham-dam-bao/,THONG BAO KE HOACH THUC TAP DOANH NGHIEP DH-KHOA 15,ibf.iuh.edu.vn,Viện Công nghệ Sinh học và Thực phẩm,HCM
https://ibf.iuh.edu.vn/wp-content/uploads/2022/06/workshop-in-english-20220505023911-e.pdf,https://ibf.iuh.edu.vn/thong-bao-sinh-vien/thong-tin-du-an-nay-cua-truong-dai-hoc-cong-nghe-tokyo-ket-noi-sinh-vien-cua-iuh/,file đính kèm,ibf.iuh.edu.vn,Viện Công nghệ Sinh học và Thực phẩm,HCM
https://ibf.iuh.edu.vn/wp-content/uploads/2022/09/Ke-hoach-thuc-hien-KLTN-nam-hoc-2022-2023.pdf,https://ibf.iuh.edu.vn/thong-bao-sinh-vien/ke-hoach-thuc-hien-khoa-luan-tot-nghiep-nam-hoc-2022-2023/,Ke hoach thuc hien KLTN nam hoc 2022-2023,ibf.iuh.edu.vn,Viện Công nghệ Sinh học và Thực phẩm,HCM
https://ibf.iuh.edu.vn/wp-content/uploads/2022/10/DanhsachHoidongdecuongdoanDDK15.pdf,https://ibf.iuh.edu.vn/thong-bao-sinh-vien/lich-hoi-dong-bao-ve-de-cuong-do-an-tot-nghiep-dhddk15/,DanhsachHoidongdecuongdoanDDK15,ibf.iuh.edu.vn,Viện Công nghệ Sinh học và Thực phẩm,HCM
https://ibf.iuh.edu.vn/wp-content/uploads/2022/10/DanhsachkhoaluanTN_K15.pdf,https://ibf.iuh.edu.vn/thong-bao-sinh-vien/ke-hoach-thuc-hien-khoa-luan-tot-nghiep-dai-hoc-k15-nganh-dinh-duong-khoa-hoc-thuc-pham/,DanhsachkhoaluanTN_K15,ibf.iuh.edu.vn,Viện Công nghệ Sinh học và Thực phẩm,HCM
https://ibf.iuh.edu.vn/wp-content/uploads/2022/10/THONG-BAO-VE-VIEC-KE-HOACH-THUC-HIEN-KHOA-LUAN-TN-KHOA-15.pdf,https://ibf.iuh.edu.vn/thong-bao-sinh-vien/thong-bao-ve-viec-thuc-hien-khoa-luan-tot-nghiep-khoa-15-nien-khoa-2019-2023/,THONG BAO VE VIEC KE HOACH THUC HIEN KHOA LUAN TN KHOA 15,ibf.iuh.edu.vn,Viện Công nghệ Sinh học và Thực phẩm,HCM
https://ibf.iuh.edu.vn/wp-content/uploads/2022/11/CTDT-CNSH-nong-nghiep.pdf,https://ibf.iuh.edu.vn/kiem-dinh-chat-luong/ctdt-he-dai-hoc-nganh-cong-nghe-sinh-hoc-nong-nghiep/,Tải về và Xem,ibf.iuh.edu.vn,Viện Công nghệ Sinh học và Thực phẩm,HCM
https://ibf.iuh.edu.vn/wp-content/uploads/2022/11/CTDT-CNSH-tham-mi.pdf,https://ibf.iuh.edu.vn/kiem-dinh-chat-luong/ctdt-he-dai-hoc-nganh-cong-nghe-sinh-hoc-tham-mi/,Tải về và Xem,ibf.iuh.edu.vn,Viện Công nghệ Sinh học và Thực phẩm,HCM
https://ibf.iuh.edu.vn/wp-content/uploads/2022/11/CTDT-CNSH-y-duoc.pdf,https://ibf.iuh.edu.vn/kiem-dinh-chat-luong/ctdt-he-dai-hoc-nganh-cong-nghe-sinh-hoc-y-duoc/,Tải về và Xem,ibf.iuh.edu.vn,Viện Công nghệ Sinh học và Thực phẩm,HCM
https://ibf.iuh.edu.vn/wp-content/uploads/2022/11/CTDT-Dinh-duong-va-KHTP.pdf,https://ibf.iuh.edu.vn/kiem-dinh-chat-luong/ctdt-he-dai-hoc-nganh-dinh-duong-va-khoa-hoc-thuc-pham/,Tải về và Xem,ibf.iuh.edu.vn,Viện Công nghệ Sinh học và Thực phẩm,HCM
https://ibf.iuh.edu.vn/wp-content/uploads/2022/11/CTDT.pdf,https://ibf.iuh.edu.vn/kiem-dinh-chat-luong/ctdt-he-dai-hoc-nganh-dam-bao-chat-luong-va-an-toan-thuc-pham/,Tải về và Xem,ibf.iuh.edu.vn,Viện Công nghệ Sinh học và Thực phẩm,HCM
https://ibf.iuh.edu.vn/wp-content/uploads/2022/11/Khung-chương-trình-đào-tạo-Thạc-sĩ-Công-nghệ-sinh-học_Nghiên-cứu.pdf,https://ibf.iuh.edu.vn/kiem-dinh-chat-luong/ctdt-he-thac-si-nganh-cong-nghe-sinh-hoc/,Tải về và Xem,ibf.iuh.edu.vn,Viện Công nghệ Sinh học và Thực phẩm,HCM
https://ibf.iuh.edu.vn/wp-content/uploads/2022/11/SHTP-Danh-sách-GV-đứng-tên-ngành-TS-CNTP.pdf,https://ibf.iuh.edu.vn/kiem-dinh-chat-luong/ds-tien-si-co-huu-duy-tri-nganh-dao-tao-tien-si-cong-nghe-thuc-pham/,Tải về và Xem,ibf.iuh.edu.vn,Viện Công nghệ Sinh học và Thực phẩm,HCM
https://ibf.iuh.edu.vn/wp-content/uploads/2022/11/SHTP-Danh-sách-GV-đứng-tên-ngành-ThS-CNTP.pdf,https://ibf.iuh.edu.vn/kiem-dinh-chat-luong/ds-tien-si-co-huu-duy-tri-nganh-dao-tao-thac-si-cong-nghe-thuc-pham/,Tải về và Xem,ibf.iuh.edu.vn,Viện Công nghệ Sinh học và Thực phẩm,HCM
https://ibf.iuh.edu.vn/wp-content/uploads/2023/02/Professional-education-course-descriptions-and-curriculum-framework.pdf,https://ibf.iuh.edu.vn/quality-assurance-and-food-safety-introduction/,"the professional education course descriptions, curriculum framework",ibf.iuh.edu.vn,Viện Công nghệ Sinh học và Thực phẩm,HCM
https://ibf.iuh.edu.vn/wp-content/uploads/2023/03/Alignment-between-PEOs-of-Food-safety-and-Quality-assurance-programme-and-the-vision-and-mission-of-IUH-and-IBF.pdf,https://ibf.iuh.edu.vn/quality-assurance-and-food-safety-introduction/,the alignment between PEOs of FSQA and the vision & mission of IUH and IBF,ibf.iuh.edu.vn,Viện Công nghệ Sinh học và Thực phẩm,HCM
https://ibf.iuh.edu.vn/wp-content/uploads/2023/03/Programme-Specification-2022-1.pdf,https://ibf.iuh.edu.vn/quality-assurance-and-food-safety-introduction/,the programme specification 2022,ibf.iuh.edu.vn,Viện Công nghệ Sinh học và Thực phẩm,HCM
https://ibf.iuh.edu.vn/wp-content/uploads/2023/03/The-educational-objectives-PEO-and-Expected-learning-outcomes-CLO-of-Food-safety-and-Quality-assurance-Programme.pdf,https://ibf.iuh.edu.vn/quality-assurance-and-food-safety-introduction/,the programme educational objectives (PEO) & programme expected learning outcomes (CLO),ibf.iuh.edu.vn,Viện Công nghệ Sinh học và Thực phẩm,HCM
https://ibf.iuh.edu.vn/wp-content/uploads/2023/05/THONG-BAO-VE-VIEC-DIEU-CHINH-NOP-BAO-CAO-LUAN-VAN-KHOA-15.pdf,https://ibf.iuh.edu.vn/thong-bao-sinh-vien/ttho6ng-bao-ve-viec-dieu-chinh-thoi-gian-nop-bao-cao-va-khoa-luan-tot-nghiep-khoa-15/,THONG-BAO-VE-VIEC-DIEU-CHINH-NOP-BAO-CAO-LUAN-VAN-KHOA-15,ibf.iuh.edu.vn,Viện Công nghệ Sinh học và Thực phẩm,HCM
https://ibf.iuh.edu.vn/wp-content/uploads/2023/05/THONG-BAO-VE-VIEC-THUC-TAP-DOANH-NGHIEP-CUA-KHOA-16-NGANH-DINH-DUONG.pdf,https://ibf.iuh.edu.vn/thong-bao-sinh-vien/thong-bao-ve-viec-thuc-tap-doanh-nghiep-khoa-16-cho-nganh-dinh-duong/,THONG-BAO-VE-VIEC-THUC-TAP-DOANH-NGHIEP-CUA-KHOA-16-NGANH-DINH-DUONG,ibf.iuh.edu.vn,Viện Công nghệ Sinh học và Thực phẩm,HCM
https://ibf.iuh.edu.vn/wp-content/uploads/2023/05/tb67.pdf,https://ibf.iuh.edu.vn/thong-bao-sinh-vien/thong-bao-v-v-cap-phat-chung-chi-giao-duc-quoc-phong-va-an-ninh-dai-hoc-khoa-15-giao-duc-quoc-phong-va-an-ninh-giao-duc-the-chat-cho-sinh-vien-dai-hoc-khoa-14-va-cao-dang-khoa-19-cac-khoa-dai-hoc/,tb67,ibf.iuh.edu.vn,Viện Công nghệ Sinh học và Thực phẩm,HCM
https://ibf.iuh.edu.vn/wp-content/uploads/2023/09/CTDT-CNTP-K18.pdf,https://ibf.iuh.edu.vn/cong-nghe-thuc-pham-chuong-trinh-dao-tao/,Chương trình đào tạo K18:,ibf.iuh.edu.vn,Viện Công nghệ Sinh học và Thực phẩm,HCM
https://ibf.iuh.edu.vn/wp-content/uploads/2023/09/CTDT-CNTP-K19.pdf,https://ibf.iuh.edu.vn/cong-nghe-thuc-pham-chuong-trinh-dao-tao/,Chương trình đào tạo K19:,ibf.iuh.edu.vn,Viện Công nghệ Sinh học và Thực phẩm,HCM
https://ibf.iuh.edu.vn/wp-content/uploads/2023/10/TB-so-34-Ke-hoach-thuc-hien-kltn-K16-nganh-DDKHTP.pdf,https://ibf.iuh.edu.vn/thong-bao-sinh-vien/ke-hoach-thuc-hien-khoa-luan-tot-nghiep-dai-hoc-k16-nganh-dinh-duong-khoa-hoc-thuc-pham/,TB-so-34-Ke-hoach-thuc-hien-kltn-K16-nganh-DDKHTP,ibf.iuh.edu.vn,Viện Công nghệ Sinh học và Thực phẩm,HCM
https://ibf.iuh.edu.vn/wp-content/uploads/2023/10/THONG-BAO-VV-LAM-LE-TOT-NGHIEP-2023.pdf,https://ibf.iuh.edu.vn/thong-bao-sinh-vien/21317/,THONG-BAO-VV-LAM-LE-TOT-NGHIEP-2023,ibf.iuh.edu.vn,Viện Công nghệ Sinh học và Thực phẩm,HCM
https://ibf.iuh.edu.vn/wp-content/uploads/2023/12/Ke-hoach-thuc-tap-doanh-nghiep-K16-va-K17.pdf,https://ibf.iuh.edu.vn/thong-bao-sinh-vien/ke-hoach-thuc-tap-doanh-nghiep-he-dai-hoc-k16-nganh-cong-nghe-thuc-pham-nganh-cong-nghe-sinh-hoc-nganh-dam-bao-cl-attp-khoa-17-nganh-dinh-duong-khoa-hoc-thuc-pham/,Ke-hoach-thuc-tap-doanh-nghiep-K16-va-K17,ibf.iuh.edu.vn,Viện Công nghệ Sinh học và Thực phẩm,HCM
https://ibf.iuh.edu.vn/wp-content/uploads/2024/03/ke-hoach-du-kien-kltn-k16-20240301083901-e.pdf,https://ibf.iuh.edu.vn/thong-bao-sinh-vien/ke-hoach-thuc-hien-khoa-luan-tot-nghiep-k16-nganh-cong-nghe-thuc-pham/,ke-hoach-du-kien-kltn-k16-20240301083901-e,ibf.iuh.edu.vn,Viện Công nghệ Sinh học và Thực phẩm,HCM
https://ibf.iuh.edu.vn/wp-content/uploads/2024/05/FID-2024_-The-Future-of-Food-25.4.2024.pdf,https://ibf.iuh.edu.vn/thong-bao-sinh-vien/cuoc-thi-food-innovation-and-development-2024-voi-chu-de-the-future-of-food-tuong-lai-nganh-thuc-pham/,FID-2024_-The-Future-of-Food-25.4.2024,ibf.iuh.edu.vn,Viện Công nghệ Sinh học và Thực phẩm,HCM
https://ibf.iuh.edu.vn/wp-content/uploads/2024/06/202406131705.pdf,https://ibf.iuh.edu.vn/thong-bao-sinh-vien/thong-bao-tuyen-sinh-vien-thuc-tap-tai-nhat-ban/,202406131705,ibf.iuh.edu.vn,Viện Công nghệ Sinh học và Thực phẩm,HCM
https://ibf.iuh.edu.vn/wp-content/uploads/2024/07/THONG-BAO-VV-LAM-LE-TOT-NGHIEP-THANG-8-NAM-2024-PDF-1.pdf,https://ibf.iuh.edu.vn/thong-bao-sinh-vien/thong-bao-5/,THONG-BAO-VV-LAM-LE-TOT-NGHIEP-THANG-8-NAM-2024-PDF-1,ibf.iuh.edu.vn,Viện Công nghệ Sinh học và Thực phẩm,HCM
https://ibf.iuh.edu.vn/wp-content/uploads/2024/10/DANH-SACH-SINH-VIEN-DAT-TN-THANG-10-2024-VSHTP-1.pdf,https://ibf.iuh.edu.vn/thong-bao-sinh-vien/thong-bao-danh-sach-sinh-vien-tot-nghiep-dot-xet-thang-10-nam-2024/,DANH-SACH-SINH-VIEN-DAT-TN-THANG-10-2024-VSHTP-1,ibf.iuh.edu.vn,Viện Công nghệ Sinh học và Thực phẩm,HCM
https://ibf.iuh.edu.vn/wp-content/uploads/2024/10/HK1_2024-2025-1.pdf,https://ibf.iuh.edu.vn/truong-hoang-duy/,Tải về và Xem,ibf.iuh.edu.vn,Viện Công nghệ Sinh học và Thực phẩm,HCM
https://ibf.iuh.edu.vn/wp-content/uploads/2025/02/2-phieu-danh-gia-cua-cbhd.pdf,https://ibf.iuh.edu.vn/thong-bao-sinh-vien/thong-bao-v-v-trien-khai-ke-hoach-thuc-tap-doanh-nghiep-khoa-17-cho-nganh-cong-nghe-thuc-pham/,2-phieu-danh-gia-cua-cbhd,ibf.iuh.edu.vn,Viện Công nghệ Sinh học và Thực phẩm,HCM
https://ibf.iuh.edu.vn/wp-content/uploads/2025/02/3-phieu-danh-gia-cua-gvhd-2025.pdf,https://ibf.iuh.edu.vn/thong-bao-sinh-vien/thong-bao-v-v-trien-khai-ke-hoach-thuc-tap-doanh-nghiep-khoa-17-cho-nganh-cong-nghe-thuc-pham/,3-phieu-danh-gia-cua-gvhd 2025,ibf.iuh.edu.vn,Viện Công nghệ Sinh học và Thực phẩm,HCM
https://ibf.iuh.edu.vn/wp-content/uploads/2025/02/Danh-sach-sinh-vien-duoc-cong-nhan-tot-nghiep-dot-thang-02.2025.pdf,https://ibf.iuh.edu.vn/thong-bao-sinh-vien/thong-bao-danh-sach-sinh-vien-tot-nghiep-dot-xet-thang-02-nam-2025/,Danh-sach-sinh-vien-duoc-cong-nhan-tot-nghiep-dot-thang-02.2025,ibf.iuh.edu.vn,Viện Công nghệ Sinh học và Thực phẩm,HCM
https://ibf.iuh.edu.vn/wp-content/uploads/2025/02/Ke-hoach-TTDN-K17-1.pdf,https://ibf.iuh.edu.vn/thong-bao-sinh-vien/thong-bao-v-v-trien-khai-ke-hoach-thuc-tap-doanh-nghiep-khoa-17-cho-nganh-cong-nghe-thuc-pham/,Tải về và Xem,ibf.iuh.edu.vn,Viện Công nghệ Sinh học và Thực phẩm,HCM
https://ibf.iuh.edu.vn/wp-content/uploads/2025/02/NOI-DUNG-THUC-TAP-DN.pdf,https://ibf.iuh.edu.vn/thong-bao-sinh-vien/thong-bao-v-v-trien-khai-ke-hoach-thuc-tap-doanh-nghiep-khoa-17-cho-nganh-cong-nghe-thuc-pham/,NỘI DUNG THỰC TẬP DN,ibf.iuh.edu.vn,Viện Công nghệ Sinh học và Thực phẩm,HCM
https://ibf.iuh.edu.vn/wp-content/uploads/2025/05/appfc2025-flyer-final-new-20250523040254-e.pdf,https://ibf.iuh.edu.vn/cong-nghe-sinh-hoc/thu-moi-viet-bai-va-tham-gia-hoi-nghi-appfc2025-va-mtfc2025/,appfc2025-flyer-final-new-20250523040254-e,ibf.iuh.edu.vn,Viện Công nghệ Sinh học và Thực phẩm,HCM
https://ibf.iuh.edu.vn/wp-content/uploads/2025/05/mtfcc2025-flyer-final-new-20250523040301-e.pdf,https://ibf.iuh.edu.vn/cong-nghe-sinh-hoc/thu-moi-viet-bai-va-tham-gia-hoi-nghi-appfc2025-va-mtfc2025/,mtfcc2025-flyer-final-new-20250523040301-e,ibf.iuh.edu.vn,Viện Công nghệ Sinh học và Thực phẩm,HCM
https://ibf.iuh.edu.vn/wp-content/uploads/2025/05/thu-moi-viet-bai-va-trinh-bay-tai-hnkh-chau-a-tbd-20250523040236-e.pdf,https://ibf.iuh.edu.vn/cong-nghe-sinh-hoc/thu-moi-viet-bai-va-tham-gia-hoi-nghi-appfc2025-va-mtfc2025/,thu-moi-viet-bai-va-trinh-bay-tai-hnkh-chau-a-tbd-20250523040236-e,ibf.iuh.edu.vn,Viện Công nghệ Sinh học và Thực phẩm,HCM
https://ibf.iuh.edu.vn/wp-content/uploads/2025/05/thu-moi-viet-bai-va-trinh-bay-tai-hnqt-ve-metagenomics-20250523040245-e.pdf,https://ibf.iuh.edu.vn/cong-nghe-sinh-hoc/thu-moi-viet-bai-va-tham-gia-hoi-nghi-appfc2025-va-mtfc2025/,thu-moi-viet-bai-va-trinh-bay-tai-hnqt-ve-metagenomics-20250523040245-e,ibf.iuh.edu.vn,Viện Công nghệ Sinh học và Thực phẩm,HCM
https://ibf.iuh.edu.vn/wp-content/uploads/2025/06/Ke-hoach-du-kien-KLTN-K17.pdf,https://ibf.iuh.edu.vn/thong-bao-sinh-vien/ke-hoach-thuc-hien-khoa-luan-tot-nghiep-k17/,Ke-hoach-du-kien-KLTN-K17,ibf.iuh.edu.vn,Viện Công nghệ Sinh học và Thực phẩm,HCM
https://ibf.iuh.edu.vn/wp-content/uploads/2025/08/Ke-hoach-TTDN-K18.pdf,https://ibf.iuh.edu.vn/thong-bao-sinh-vien/thong-bao-trien-khai-ke-hoach-thuc-tap-doanh-nghiep-khoa-18-cho-nganh-cong-nghe-thuc-pham/,Tải về và Xem,ibf.iuh.edu.vn,Viện Công nghệ Sinh học và Thực phẩm,HCM
https://ibf.iuh.edu.vn/wp-content/uploads/2025/08/Ke-hoach-du-kien-KLTN-K17.pdf,https://ibf.iuh.edu.vn/cong-nghe-thuc-pham/thong-bao-ke-hoach-thuc-hien-khoa-luan-tot-nghiep-k17/,Tải về và Xem,ibf.iuh.edu.vn,Viện Công nghệ Sinh học và Thực phẩm,HCM
https://ibf.iuh.edu.vn/wp-content/uploads/2025/08/PDF-HUONG-DAN-SV-TAI-PHU-LUC-VB-VB-DIEN-TU.pdf,https://ibf.iuh.edu.vn/thong-bao-sinh-vien/thong-bao-ve-viec-nhan-bang-tot-nghiep-thang-07-2025/,PDF-HUONG-DAN-SV-TAI-PHU-LUC-VB-VB-DIEN-TU,ibf.iuh.edu.vn,Viện Công nghệ Sinh học và Thực phẩm,HCM
https://ibf.iuh.edu.vn/wp-content/uploads/2025/09/KIENVUONG_NV-PHAT-TRIEN-KINH-DOANH.pdf,https://ibf.iuh.edu.vn/thong-bao-sinh-vien/tuyen-dung-cong-ty-tnhh-kien-vuong/,Tải về và Xem,ibf.iuh.edu.vn,Viện Công nghệ Sinh học và Thực phẩm,HCM
https://ibf.iuh.edu.vn/wp-content/uploads/2025/09/tb-879-2025-20250829014448-e.pdf,https://ibf.iuh.edu.vn/thong-bao-sinh-vien/thong-bao-v-v-to-chuc-le-trao-bang-tot-nghiep-nam-2025/,tb-879-2025-20250829014448-e,ibf.iuh.edu.vn,Viện Công nghệ Sinh học và Thực phẩm,HCM
https://ibf.iuh.edu.vn/wp-content/uploads/2025/11/PDF-HUONG-DAN-SV-TAI-PHU-LUC-VB-VB-DIEN-TU.pdf,https://ibf.iuh.edu.vn/thong-bao-sinh-vien/thong-bao-ve-viec-nhan-bang-tot-nghiep-thang-10-2025/,PDF HUONG DAN SV TAI PHU LUC VB-VB DIEN TU,ibf.iuh.edu.vn,Viện Công nghệ Sinh học và Thực phẩm,HCM
https://ibf.iuh.edu.vn/wp-content/uploads/2026/03/KH-thuc-tap-DN-nganh-CNSH-K18-2026.pdf,https://ibf.iuh.edu.vn/thong-bao-sinh-vien/ke_hoach_thuc_tap_doanh_nghiep_k18_cnsh/,KH thực tập DN ngành CNSH-K18-2026,ibf.iuh.edu.vn,Viện Công nghệ Sinh học và Thực phẩm,HCM
https://ibf.iuh.edu.vn/wp-content/uploads/2026/03/KH-thuc-tap-DN-nganh-CNTP-K19-2026-1.pdf,https://ibf.iuh.edu.vn/thong-bao-sinh-vien/thong-bao-v-v-trien-khai-ke-hoach-thuc-tap-doanh-nghiep-khoa-19-cho-nganh-cntp/,1/ Kế Hoạch thực tập DN ngành CNTP-K19-2026,ibf.iuh.edu.vn,Viện Công nghệ Sinh học và Thực phẩm,HCM
https://ibf.iuh.edu.vn/wp-content/uploads/2026/03/NOI-DUNG-THUC-TAP-DN-2026-1.pdf,https://ibf.iuh.edu.vn/thong-bao-sinh-vien/thong-bao-v-v-trien-khai-ke-hoach-thuc-tap-doanh-nghiep-khoa-19-cho-nganh-cntp/,2/ NỘI DUNG THỰC TẬP DN 2026,ibf.iuh.edu.vn,Viện Công nghệ Sinh học và Thực phẩm,HCM
https://ibf.iuh.edu.vn/wp-content/uploads/2026/03/PDF-HUONG-DAN-SV-TAI-PHU-LUC-VB-VB-DIEN-TU.pdf,https://ibf.iuh.edu.vn/thong-bao-sinh-vien/thong-bao-ve-viec-nhan-bang-tot-nghiep-thang-03-2026/,PDF-HUONG-DAN-SV-TAI-PHU-LUC-VB-VB-DIEN-TU,ibf.iuh.edu.vn,Viện Công nghệ Sinh học và Thực phẩm,HCM
https://ibf.iuh.edu.vn/wp-content/uploads/2026/05/Thong-bao-83-XTN.pdf,https://ibf.iuh.edu.vn/thong-bao-sinh-vien/vien-cong-nghe-sinh-hoc-thuc-pham-thong-bao-v-v-nhan-ho-so-xin-xet-tot-nghiep-dot-thang-7-nam-2026/,Thong-bao-83-XTN,ibf.iuh.edu.vn,Viện Công nghệ Sinh học và Thực phẩm,HCM
https://ibf.iuh.edu.vn/wp-content/uploads/2026/06/KH-thuc-tap-DN-nganh-CNSH-K19-2026.pdf,https://ibf.iuh.edu.vn/thong-bao-sinh-vien/ke-hoach-thuc-tap-doanh-nghiep-k19-nganh-cong-nghe-sinh-hoc-2/,KH thực tập DN ngành CNSH-K19-2026,ibf.iuh.edu.vn,Viện Công nghệ Sinh học và Thực phẩm,HCM
https://ibf.iuh.edu.vn/wp-content/uploads/2026/06/Ke-hoach-thuc-hien-KLTN-K18-nganh-CNSH.pdf,https://ibf.iuh.edu.vn/thong-bao-sinh-vien/ke-hoach-thuc-hien-khoa-luan-tot-nghiep-dai-hoc-khoa-18-nganh-cong-nghe-sinh-hoc-nam-hoc-2026-2027/,Kế hoạch thực hiện KLTN K18 ngành CNSH,ibf.iuh.edu.vn,Viện Công nghệ Sinh học và Thực phẩm,HCM
https://ibf.iuh.edu.vn/wp-content/uploads/2026/08/PDF-HUONG-DAN-SV-TAI-PHU-LUC-VB-VB-DIEN-TU-1.pdf,https://ibf.iuh.edu.vn/thong-bao-sinh-vien/thong-bao-nhan-bang-tot-nghiep-dot-xet-thang-07-nam-2026/,PDF HUONG DAN SV TAI PHU LUC VB-VB DIEN TU,ibf.iuh.edu.vn,Viện Công nghệ Sinh học và Thực phẩm,HCM
https://ibf.iuh.edu.vn/wp-content/uploads/2026/08/PDF-HUONG-DAN-SV-TAI-PHU-LUC-VB-VB-DIEN-TU.pdf,https://ibf.iuh.edu.vn/thong-bao-sinh-vien/thong-bao-nhan-bang-tot-nghiep-dot-xet-thang-07-nam-2026/,PDF-HUONG-DAN-SV-TAI-PHU-LUC-VB-VB-DIEN-TU,ibf.iuh.edu.vn,Viện Công nghệ Sinh học và Thực phẩm,HCM
https://ibf.iuh.edu.vn/wp-content/uploads/2026/08/V.CNSHTP-Ke-hoach-Tuan-sinh-hoat-cong-dan-Sinh-vien-dau-khoa-nam-hoc-2026-2027.pdf,https://ibf.iuh.edu.vn/thong-bao-sinh-vien/thong-bao-tuan-sinh-hoat-cong-dan-_-sinh-vien-dau-khoa-nam-hoc-2026-2027/,V.CNSH&TP-Kế hoạch Tuần sinh hoạt công dân-Sinh viên đầu khóa năm học 2026-2027,ibf.iuh.edu.vn,Viện Công nghệ Sinh học và Thực phẩm,HCM
https://ibf.iuh.edu.vn/wp-content/uploads/2026/09/Exh.1.1.6-The-PEOs-and-PLOs-are-publicly-announced.pdf,https://ibf.iuh.edu.vn/thong-bao-sinh-vien/the-peos-and-plos-og-biotechnology-programe-master/,Exh.1.1.6 The PEOs and PLOs are publicly announced,ibf.iuh.edu.vn,Viện Công nghệ Sinh học và Thực phẩm,HCM
https://ibf.iuh.edu.vn/wp-content/uploads/2026/09/THONG-BAO-SO-2.pdf,https://ibf.iuh.edu.vn/thong-bao-sinh-vien/thong-bao-so-2-hoi-nghi-sinh-ly-thuc-vat-toan-quoc-lan-thu-iv/,THÔNG BÁO SỐ 2,ibf.iuh.edu.vn,Viện Công nghệ Sinh học và Thực phẩm,HCM
https://ibf.iuh.edu.vn/wp-content/uploads/2026/09/Thong-bao-cuoc-thi-PTSP-16_9_2026.pdf,https://ibf.iuh.edu.vn/thong-bao-sinh-vien/thong-bao-dang-ky-du-thi-sinh-vien-doi-moi-va-kien-tao-san-pham-food-innovation-and-design-lan-xi-nam-2026/,Thong bao cuoc thi PTSP 16_9_2026,ibf.iuh.edu.vn,Viện Công nghệ Sinh học và Thực phẩm,HCM
https://sfa.iuh.edu.vn/upload/files/1.Bia/PDT%2017a_Don%20de%20nghi%20xet%20TN%20dung%20han%20(co%20hinh_6_2026).pdf,https://ibf.iuh.edu.vn/thong-bao-sinh-vien/thong-bao-v-v-nhan-ho-so-xin-xet-tot-nghiep-dot-thang-10-nam-2026/,Download tại đây,ibf.iuh.edu.vn,Viện Công nghệ Sinh học và Thực phẩm,HCM
https://sfa.iuh.edu.vn/upload/files/1.Bia/PDT%2017b_Don%20de%20nghi%20xet%20TN%20qua%20han%20(co%20hinh_6_2026).pdf,https://ibf.iuh.edu.vn/thong-bao-sinh-vien/thong-bao-v-v-nhan-ho-so-xin-xet-tot-nghiep-dot-thang-10-nam-2026/,Download tại đây,ibf.iuh.edu.vn,Viện Công nghệ Sinh học và Thực phẩm,HCM
http://iuh.edu.vn/Resource/Upload2/files/documents/2015_bacongkhai/01_Bieu%20tong%20hop%20TT%20cong%20khai%202015%20-%20IUH.pdf,https://ipe.iuh.edu.vn/vi/van-ban-tien-ich/ba-cong-khai/,xem hoặc tải về,ipe.iuh.edu.vn,Viện Đào tạo Quốc tế và Sau đại học,HCM
http://iuh.edu.vn/Resource/Upload2/files/documents/2015_bacongkhai/02_%20Cong%20khai%20CL%20Dao%20tao%202015%20-%20IUH.pdf,https://ipe.iuh.edu.vn/vi/van-ban-tien-ich/ba-cong-khai/,xem hoặc tải về,ipe.iuh.edu.vn,Viện Đào tạo Quốc tế và Sau đại học,HCM
http://iuh.edu.vn/Resource/Upload2/files/documents/2015_bacongkhai/03_Cong%20khai%20CSVC%202015%20-%20IUH.pdf,https://ipe.iuh.edu.vn/vi/van-ban-tien-ich/ba-cong-khai/,xem hoặc tải về,ipe.iuh.edu.vn,Viện Đào tạo Quốc tế và Sau đại học,HCM
http://iuh.edu.vn/Resource/Upload2/files/documents/2015_bacongkhai/04_Cong%20khai%20GVCH%202015%20-%20IUH.pdf,https://ipe.iuh.edu.vn/vi/van-ban-tien-ich/ba-cong-khai/,xem hoặc tải về,ipe.iuh.edu.vn,Viện Đào tạo Quốc tế và Sau đại học,HCM
http://iuh.edu.vn/Resource/Upload2/files/documents/2015_bacongkhai/05_Cong%20khai%20TC%202015%20-%20IUH.pdf,https://ipe.iuh.edu.vn/vi/van-ban-tien-ich/ba-cong-khai/,xem hoặc tải về,ipe.iuh.edu.vn,Viện Đào tạo Quốc tế và Sau đại học,HCM
https://ipe.iuh.edu.vn/uploads/2016/03/2025.08.17-QD-2525_Hoc-bong-2025_K21.pdf,https://ipe.iuh.edu.vn/vi/van-ban-tien-ich/qui-che-quy-dinh/,Xem chi tiết,ipe.iuh.edu.vn,Viện Đào tạo Quốc tế và Sau đại học,HCM
https://ipe.iuh.edu.vn/uploads/2016/03/20250520_QD1357_Ban-hanh-QC-TS_Dang-web.pdf,https://ipe.iuh.edu.vn/vi/van-ban-tien-ich/qui-che-quy-dinh/,Xem chi tiết,ipe.iuh.edu.vn,Viện Đào tạo Quốc tế và Sau đại học,HCM
https://ipe.iuh.edu.vn/uploads/2016/03/20250606_QD1533_Ban-hanh-QC-ThS_dang-web.pdf,https://ipe.iuh.edu.vn/vi/van-ban-tien-ich/qui-che-quy-dinh/,Xem chi tiết,ipe.iuh.edu.vn,Viện Đào tạo Quốc tế và Sau đại học,HCM
https://ipe.iuh.edu.vn/uploads/2016/03/QD1916-MBA-SSU.pdf,https://ipe.iuh.edu.vn/vi/lien-ket-quoc-te/thac-si-quan-tri-kinh-doanh-soongsil-han-quoc/,chi tiết,ipe.iuh.edu.vn,Viện Đào tạo Quốc tế và Sau đại học,HCM
https://ipe.iuh.edu.vn/uploads/2016/03/QD3557-MBA-SSU.pdf,https://ipe.iuh.edu.vn/vi/lien-ket-quoc-te/thac-si-quan-tri-kinh-doanh-soongsil-han-quoc/,chi tiết,ipe.iuh.edu.vn,Viện Đào tạo Quốc tế và Sau đại học,HCM
https://ipe.iuh.edu.vn/uploads/2016/03/Quy-dinh-Nop-Hoc-phi-SDH-2025-1.pdf,https://ipe.iuh.edu.vn/vi/van-ban-tien-ich/qui-che-quy-dinh/,Xem chi tiết,ipe.iuh.edu.vn,Viện Đào tạo Quốc tế và Sau đại học,HCM
https://ipe.iuh.edu.vn/uploads/2016/03/chuan_dau_ra_thac_si_cn_sinh_hoc.pdf,https://ipe.iuh.edu.vn/vi/van-ban-tien-ich/ba-cong-khai/,Công nghệ sinh học,ipe.iuh.edu.vn,Viện Đào tạo Quốc tế và Sau đại học,HCM
https://ipe.iuh.edu.vn/uploads/2016/03/chuan_dau_ra_tien_si_kt_co_khi.pdf,https://ipe.iuh.edu.vn/vi/van-ban-tien-ich/ba-cong-khai/,Kỹ thuật cơ khí,ipe.iuh.edu.vn,Viện Đào tạo Quốc tế và Sau đại học,HCM
https://ipe.iuh.edu.vn/uploads/2016/03/chuan_dau_ra_tien_si_kt_hoa_hoc.pdf,https://ipe.iuh.edu.vn/vi/van-ban-tien-ich/ba-cong-khai/,Kỹ thuật hóa học,ipe.iuh.edu.vn,Viện Đào tạo Quốc tế và Sau đại học,HCM
https://ipe.iuh.edu.vn/uploads/2016/03/poster_khoa_co_khi.pdf,https://ipe.iuh.edu.vn/vi/thac-si/thac-si-ky-thuat-co-khi/,Tải về và Xem,ipe.iuh.edu.vn,Viện Đào tạo Quốc tế và Sau đại học,HCM
https://ipe.iuh.edu.vn/uploads/2016/03/tb36_tuyen_sinh_dot1_2016.pdf,https://ipe.iuh.edu.vn/vi/thong-tin-tuyen-sinh/thong-bao-tuyen-sinh-dao-tao-trinh-do-thac-si-dot-1-nam-2016/,Tải về và Xem,ipe.iuh.edu.vn,Viện Đào tạo Quốc tế và Sau đại học,HCM
https://ipe.iuh.edu.vn/uploads/2016/03/thac_si_hoa_phan_tich-1.pdf,https://ipe.iuh.edu.vn/vi/van-ban-tien-ich/ba-cong-khai/,Hóa phân tích,ipe.iuh.edu.vn,Viện Đào tạo Quốc tế và Sau đại học,HCM
https://ipe.iuh.edu.vn/uploads/2016/03/thac_si_ke_toan-1.pdf,https://ipe.iuh.edu.vn/vi/van-ban-tien-ich/ba-cong-khai/,Kế toán,ipe.iuh.edu.vn,Viện Đào tạo Quốc tế và Sau đại học,HCM
https://ipe.iuh.edu.vn/uploads/2016/03/thong_bao_tuyen_sinh_imes_khoa_hoc_2015-2017.pdf,https://ipe.iuh.edu.vn/vi/thong-tin-tuyen-sinh/thong-bao-tuyen-sinh-dao-tao-thac-si-quoc-te-nganh-khoa-hoc-va-quan-ly-moi-truong/,Tải về và Xem,ipe.iuh.edu.vn,Viện Đào tạo Quốc tế và Sau đại học,HCM
https://ipe.iuh.edu.vn/uploads/2016/03/thong_bao_tuyen_sinh_soongsil_khoa_hoc_2015-2017.pdf,https://ipe.iuh.edu.vn/vi/thong-tin-tuyen-sinh/thong-bao-tuyen-sinh-dao-tao-thac-si-quoc-te-nganh-quan-tri-kinh-doanh/,Tải về và Xem,ipe.iuh.edu.vn,Viện Đào tạo Quốc tế và Sau đại học,HCM
https://ipe.iuh.edu.vn/uploads/2016/03/tuyen-sinh-thac-si-dot-2-2015.pdf,https://ipe.iuh.edu.vn/vi/thong-tin-tuyen-sinh/thong-bao-tuyen-sinh-dao-tao-trinh-do-thac-si-dot-2-nam-2015-2/,Tải về và Xem,ipe.iuh.edu.vn,Viện Đào tạo Quốc tế và Sau đại học,HCM
https://ipe.iuh.edu.vn/uploads/2016/04/Huong-dan-dang-ky-du-thi-trinh-do-thac-si.pdf,https://ipe.iuh.edu.vn/vi/thong-tin-tuyen-sinh/bieu-mau-tuyen-sinh/,Tại đây,ipe.iuh.edu.vn,Viện Đào tạo Quốc tế và Sau đại học,HCM
https://ipe.iuh.edu.vn/uploads/2016/04/Phieu-khao-sat-Hoc-vien-Tot-nghiep.pdf,https://ipe.iuh.edu.vn/vi/chuyen-muc-dao-tao/ke-hoach-le-tot-nghiep-va-trao-bang-thac-si-dot-thang-03-06-nam-2018/,phiếu giấy,ipe.iuh.edu.vn,Viện Đào tạo Quốc tế và Sau đại học,HCM
https://ipe.iuh.edu.vn/uploads/2016/04/Qyd03_hoc_phi_lop_bskt_va_on_thi_ts_ths.pdf,https://ipe.iuh.edu.vn/vi/van-ban-tien-ich/quy-dinh-ve-hoc-phi-lop-bo-sung-kien-thuc-va-on-thi-tuyen-sinh-trinh-do-thac-si/,Tải về và Xem,ipe.iuh.edu.vn,Viện Đào tạo Quốc tế và Sau đại học,HCM
https://ipe.iuh.edu.vn/uploads/2016/11/01.-Thạc-sĩ-Quản-lý-tài-nguyên-và-môi-trường.pdf,https://ipe.iuh.edu.vn/vi/van-ban-tien-ich/ba-cong-khai/,Quản lý tài nguyên và môi trường,ipe.iuh.edu.vn,Viện Đào tạo Quốc tế và Sau đại học,HCM
https://ipe.iuh.edu.vn/uploads/2016/11/02.-Thạc-sĩ-Kỹ-thuật-môi-trường.pdf,https://ipe.iuh.edu.vn/vi/van-ban-tien-ich/ba-cong-khai/,Kỹ thuật môi trường,ipe.iuh.edu.vn,Viện Đào tạo Quốc tế và Sau đại học,HCM
https://ipe.iuh.edu.vn/uploads/2016/11/03.-Thạc-sĩ-Kỹ-thuật-cơ-khí.pdf,https://ipe.iuh.edu.vn/vi/van-ban-tien-ich/ba-cong-khai/,Kỹ thuật cơ khí,ipe.iuh.edu.vn,Viện Đào tạo Quốc tế và Sau đại học,HCM
https://ipe.iuh.edu.vn/uploads/2016/11/04.-Thạc-sĩ-Kỹ-thuật-hóa-học.pdf,https://ipe.iuh.edu.vn/vi/van-ban-tien-ich/ba-cong-khai/,Kỹ thuật hóa học,ipe.iuh.edu.vn,Viện Đào tạo Quốc tế và Sau đại học,HCM
https://ipe.iuh.edu.vn/uploads/2016/11/05.-Thạc-sĩ-Kỹ-thuật-điện.pdf,https://ipe.iuh.edu.vn/vi/van-ban-tien-ich/ba-cong-khai/,Kỹ thuật điện,ipe.iuh.edu.vn,Viện Đào tạo Quốc tế và Sau đại học,HCM
https://ipe.iuh.edu.vn/uploads/2016/11/06.-Thạc-sĩ-Kỹ-thuật-điện-tử.pdf,https://ipe.iuh.edu.vn/vi/van-ban-tien-ich/ba-cong-khai/,Kỹ thuật điện tử,ipe.iuh.edu.vn,Viện Đào tạo Quốc tế và Sau đại học,HCM
https://ipe.iuh.edu.vn/uploads/2016/11/07.-Thạc-sĩ-Công-nghệ-thực-phẩm.pdf,https://ipe.iuh.edu.vn/vi/van-ban-tien-ich/ba-cong-khai/,Công nghệ thực phẩm,ipe.iuh.edu.vn,Viện Đào tạo Quốc tế và Sau đại học,HCM
https://ipe.iuh.edu.vn/uploads/2016/11/08.-Thạc-sĩ-Khoa-học-máy-tính.pdf,https://ipe.iuh.edu.vn/vi/van-ban-tien-ich/ba-cong-khai/,Khoa học máy tính,ipe.iuh.edu.vn,Viện Đào tạo Quốc tế và Sau đại học,HCM
https://ipe.iuh.edu.vn/uploads/2016/11/09.-Thạc-sĩ-Tài-chính-ngân-hàng.pdf,https://ipe.iuh.edu.vn/vi/van-ban-tien-ich/ba-cong-khai/,Tài chính ngân hàng,ipe.iuh.edu.vn,Viện Đào tạo Quốc tế và Sau đại học,HCM
https://ipe.iuh.edu.vn/uploads/2016/11/10.-Thạc-sĩ-Quản-trị-kinh-doanh.pdf,https://ipe.iuh.edu.vn/vi/van-ban-tien-ich/ba-cong-khai/,Quản trị kinh doanh,ipe.iuh.edu.vn,Viện Đào tạo Quốc tế và Sau đại học,HCM
https://ipe.iuh.edu.vn/uploads/2016/11/Tiến-sĩ-Quản-lý-môi-trường.pdf,https://ipe.iuh.edu.vn/vi/van-ban-tien-ich/ba-cong-khai/,Quản lý môi trường,ipe.iuh.edu.vn,Viện Đào tạo Quốc tế và Sau đại học,HCM
https://ipe.iuh.edu.vn/uploads/2016/12/20160829_certificate_of_business_education_accreditation_vn.pdf,https://ipe.iuh.edu.vn/vi/lien-ket-quoc-te/thac-si-quan-tri-kinh-doanh-soongsil-han-quoc/,Chứng nhận đào tạo ngành Quản trị kinh doanh,ipe.iuh.edu.vn,Viện Đào tạo Quốc tế và Sau đại học,HCM
https://ipe.iuh.edu.vn/uploads/2016/12/20160829_certificate_of_higher_education_institution_accreditation_vn.pdf,https://ipe.iuh.edu.vn/vi/lien-ket-quoc-te/thac-si-quan-tri-kinh-doanh-soongsil-han-quoc/,Chứng nhận cuả Bộ giáo dục Hàn quốc,ipe.iuh.edu.vn,Viện Đào tạo Quốc tế và Sau đại học,HCM
https://ipe.iuh.edu.vn/uploads/2016/12/chuong_trinh_dao_tao_soongsil.pdf,https://ipe.iuh.edu.vn/vi/lien-ket-quoc-te/thac-si-quan-tri-kinh-doanh-soongsil-han-quoc/,Xem chi tiết,ipe.iuh.edu.vn,Viện Đào tạo Quốc tế và Sau đại học,HCM
https://ipe.iuh.edu.vn/uploads/2016/12/tb134_tuyen_sinh_ssu6_lan2.pdf,https://ipe.iuh.edu.vn/vi/thong-tin-tuyen-sinh/thong-bao-tuyen-sinh-dao-tao-trinh-do-thac-si-quoc-te-chuyen-nganh-quan-tri-kinh-doanh-lan-2/,Tải về và Xem,ipe.iuh.edu.vn,Viện Đào tạo Quốc tế và Sau đại học,HCM
https://ipe.iuh.edu.vn/uploads/2017/01/brochure_ssu.pdf,https://ipe.iuh.edu.vn/vi/mba-soongsil/gioi-thieu-ve-truong-dai-hoc-soongsil-han-quoc/,Tải về và Xem,ipe.iuh.edu.vn,Viện Đào tạo Quốc tế và Sau đại học,HCM
https://ipe.iuh.edu.vn/uploads/2017/11/chuyen_doi_danh_muc_dao_tao_thac_si.tien_si_theo_tt_25.2017.pdf,https://ipe.iuh.edu.vn/vi/chuyen-muc-dao-tao/quyet-dinh-vv-cong-nhan-ket-qua-chuyen-doi-danh-muc-nganh-dao-tao-trinh-thac-si-tien-si-da-co-quyet-dinh-mo-nganh-sang-danh-muc-dao-tao-moi-ban-hanh-theo-thong-tu-252017ttbgddt-ngay-10102017/,Tải về và Xem,ipe.iuh.edu.vn,Viện Đào tạo Quốc tế và Sau đại học,HCM
https://ipe.iuh.edu.vn/uploads/2017/12/tb187_thoi_gian_hoc_tap_cua_hoc_vien_cao_hoc_2_truong_hop_07.2014_-truoc_va_sau.pdf,https://ipe.iuh.edu.vn/vi/chuyen-muc-hoc-vien/thong-bao-thoi-gian-hoc-tap-cua-hoc-vien-cao-hoc/,Tải về và Xem,ipe.iuh.edu.vn,Viện Đào tạo Quốc tế và Sau đại học,HCM
https://ipe.iuh.edu.vn/uploads/2018/01/Huong-dan-vv-giao-nhan-de-cuong-luan-van-thac-si-dot-2-NH-2017-2018.pdf,https://ipe.iuh.edu.vn/vi/chuyen-muc-dao-tao/huong-dan-v-v-giao-nhan-de-cuong-luan-van-thac-si-dot-2-nam-hoc-2017-2018/,Tải về và Xem,ipe.iuh.edu.vn,Viện Đào tạo Quốc tế và Sau đại học,HCM
https://ipe.iuh.edu.vn/uploads/2018/06/Qd647_xet_va_cap_hoc_bong.pdf,https://ipe.iuh.edu.vn/vi/chuyen-muc-hoc-vien/quyet-dinh-v-v-xet-cap-hoc-bong-khuyen-khich-tiep-tuc-hoc-trinh-do-thac-si/,Tải về và Xem,ipe.iuh.edu.vn,Viện Đào tạo Quốc tế và Sau đại học,HCM
https://ipe.iuh.edu.vn/uploads/2018/08/Huong-dan-vv-giao-nhan-de-cuong-luan-van-thac-si-dot-1-NH-2018-2019_.pdf,https://ipe.iuh.edu.vn/vi/chuyen-muc-dao-tao/huong-dan-v-v-giao-nhan-de-cuong-luan-van-thac-si-dot-1-nam-hoc-2018-2019/,Tải về và Xem,ipe.iuh.edu.vn,Viện Đào tạo Quốc tế và Sau đại học,HCM
https://ipe.iuh.edu.vn/uploads/2018/08/tb_106.pdf,https://ipe.iuh.edu.vn/vi/chuyen-muc-giang-vien/thong-bao-v-v-nghi-le-quoc-khanh-ngay-02-thang-09-nam-2018/,Tải về và Xem,ipe.iuh.edu.vn,Viện Đào tạo Quốc tế và Sau đại học,HCM
https://ipe.iuh.edu.vn/uploads/2019/01/Huong-dan-vv-giao-nhan-de-cuong-luan-van-thac-si-dot-2-NH-2018-2019.pdf,https://ipe.iuh.edu.vn/vi/chuyen-muc-dao-tao/huong-dan-v-v-giao-nhan-de-cuong-luan-van-thac-si-dot-2-nam-hoc-2018-2019/,Tải về và Xem,ipe.iuh.edu.vn,Viện Đào tạo Quốc tế và Sau đại học,HCM
https://ipe.iuh.edu.vn/uploads/2019/10/Lich-on-thi-thac-si-dot-2-nam-2019-dang-web-2.pdf,https://ipe.iuh.edu.vn/vi/on-thi-va-hoc-bskt/lich-hoc-on-thi-tuyen-sinh-dao-tao-trinh-do-thac-si-dot-2-nam-2019/,Tải về và Xem,ipe.iuh.edu.vn,Viện Đào tạo Quốc tế và Sau đại học,HCM
https://ipe.iuh.edu.vn/uploads/2020/04/File-tonghop-dang-ky-day-truc-tuyen-SDH-10.4.2020-Dang-Web-V3.pdf,https://ipe.iuh.edu.vn/vi/thac-si/lich-hoc-qua-mang-cac-lop-cao-hoc-bat-dau-tu-18-4-2020/,Tải về và Xem,ipe.iuh.edu.vn,Viện Đào tạo Quốc tế và Sau đại học,HCM
https://ipe.iuh.edu.vn/uploads/2020/04/tb33__.pdf,https://ipe.iuh.edu.vn/vi/thac-si/thong-bao-v-v-trien-khai-giang-day-qua-mang/,Tải về và Xem,ipe.iuh.edu.vn,Viện Đào tạo Quốc tế và Sau đại học,HCM
https://ipe.iuh.edu.vn/uploads/2020/06/0.1-0.2-De-cuong-on-tap-toan-cao-cap-toan-kinh-te.pdf,https://ipe.iuh.edu.vn/vi/on-thi-va-hoc-bskt/de-cuong-on-thi-tuyen-sinh-dao-tao-trinh-do-thac-si-dot-1-nam-2020/,Toán Cao cấp và Toán Kinh tế,ipe.iuh.edu.vn,Viện Đào tạo Quốc tế và Sau đại học,HCM
https://ipe.iuh.edu.vn/uploads/2020/06/0.3-De-cuong-on-tap-toan-roi-rac.pdf,https://ipe.iuh.edu.vn/vi/on-thi-va-hoc-bskt/de-cuong-on-thi-tuyen-sinh-dao-tao-trinh-do-thac-si-dot-1-nam-2020/,Toán rời rạc,ipe.iuh.edu.vn,Viện Đào tạo Quốc tế và Sau đại học,HCM
https://ipe.iuh.edu.vn/uploads/2020/06/00.-De-cuong-on-tap-Tieng-Anh.pdf,https://ipe.iuh.edu.vn/vi/on-thi-va-hoc-bskt/de-cuong-on-thi-tuyen-sinh-dao-tao-trinh-do-thac-si-dot-1-nam-2020/,Tiếng Anh,ipe.iuh.edu.vn,Viện Đào tạo Quốc tế và Sau đại học,HCM
https://ipe.iuh.edu.vn/uploads/2020/06/1.-De-cuong-on-tap-Quan-ly-moi-truong.pdf,https://ipe.iuh.edu.vn/vi/on-thi-va-hoc-bskt/de-cuong-on-thi-tuyen-sinh-dao-tao-trinh-do-thac-si-dot-1-nam-2020/,Quản lý tài nguyên và môi trường,ipe.iuh.edu.vn,Viện Đào tạo Quốc tế và Sau đại học,HCM
https://ipe.iuh.edu.vn/uploads/2020/06/10.-De-cuong-on-tap-Quan-tri-hoc.pdf,https://ipe.iuh.edu.vn/vi/on-thi-va-hoc-bskt/de-cuong-on-thi-tuyen-sinh-dao-tao-trinh-do-thac-si-dot-1-nam-2020/,Quản trị kinh doanh,ipe.iuh.edu.vn,Viện Đào tạo Quốc tế và Sau đại học,HCM
https://ipe.iuh.edu.vn/uploads/2020/06/2.-De-cuong-on-tap-Co-ky-thuat.pdf,https://ipe.iuh.edu.vn/vi/on-thi-va-hoc-bskt/de-cuong-on-thi-tuyen-sinh-dao-tao-trinh-do-thac-si-dot-1-nam-2020/,Kỹ thuật Cơ khí,ipe.iuh.edu.vn,Viện Đào tạo Quốc tế và Sau đại học,HCM
https://ipe.iuh.edu.vn/uploads/2020/06/3.-De-cuong-on-tap-Hoa-phan-tich.pdf,https://ipe.iuh.edu.vn/vi/on-thi-va-hoc-bskt/de-cuong-on-thi-tuyen-sinh-dao-tao-trinh-do-thac-si-dot-1-nam-2020/,Hóa phân tích,ipe.iuh.edu.vn,Viện Đào tạo Quốc tế và Sau đại học,HCM
https://ipe.iuh.edu.vn/uploads/2020/06/4.-De-cuong-on-tap-Ly-thuyet-mach-dien.pdf,https://ipe.iuh.edu.vn/vi/on-thi-va-hoc-bskt/de-cuong-on-thi-tuyen-sinh-dao-tao-trinh-do-thac-si-dot-1-nam-2020/,Lý thuyết mạch điện,ipe.iuh.edu.vn,Viện Đào tạo Quốc tế và Sau đại học,HCM
https://ipe.iuh.edu.vn/uploads/2020/06/4.-De-cuong-on-tap-Mach-2.pdf,https://ipe.iuh.edu.vn/vi/on-thi-va-hoc-bskt/de-cuong-on-thi-tuyen-sinh-dao-tao-trinh-do-thac-si-dot-1-nam-2020/,Mạch điện 2,ipe.iuh.edu.vn,Viện Đào tạo Quốc tế và Sau đại học,HCM
https://ipe.iuh.edu.vn/uploads/2020/06/5.-De-cuong-on-tap-Mach-Dien-tu.pdf,https://ipe.iuh.edu.vn/vi/on-thi-va-hoc-bskt/de-cuong-on-thi-tuyen-sinh-dao-tao-trinh-do-thac-si-dot-1-nam-2020/,Mạch điện tử,ipe.iuh.edu.vn,Viện Đào tạo Quốc tế và Sau đại học,HCM
https://ipe.iuh.edu.vn/uploads/2020/06/6.-De-cuong-on-tap-Co-so-tin-hoc.pdf,https://ipe.iuh.edu.vn/vi/on-thi-va-hoc-bskt/de-cuong-on-thi-tuyen-sinh-dao-tao-trinh-do-thac-si-dot-1-nam-2020/,Khoa học máy tính,ipe.iuh.edu.vn,Viện Đào tạo Quốc tế và Sau đại học,HCM
https://ipe.iuh.edu.vn/uploads/2020/06/7.-De-cuong-on-tap-Hoa-sinh-co-ban.pdf,https://ipe.iuh.edu.vn/vi/on-thi-va-hoc-bskt/de-cuong-on-thi-tuyen-sinh-dao-tao-trinh-do-thac-si-dot-1-nam-2020/,Hóa sinh cơ bản,ipe.iuh.edu.vn,Viện Đào tạo Quốc tế và Sau đại học,HCM
https://ipe.iuh.edu.vn/uploads/2020/06/7.-De-cuong-on-tap-Vi-sinh-co-ban.pdf,https://ipe.iuh.edu.vn/vi/on-thi-va-hoc-bskt/de-cuong-on-thi-tuyen-sinh-dao-tao-trinh-do-thac-si-dot-1-nam-2020/,Vi sinh cơ bản,ipe.iuh.edu.vn,Viện Đào tạo Quốc tế và Sau đại học,HCM
https://ipe.iuh.edu.vn/uploads/2020/06/8.-De-cuong-on-tap-Sinh-hoc-dai-cuong.pdf,https://ipe.iuh.edu.vn/vi/on-thi-va-hoc-bskt/de-cuong-on-thi-tuyen-sinh-dao-tao-trinh-do-thac-si-dot-1-nam-2020/,Công nghệ sinh học,ipe.iuh.edu.vn,Viện Đào tạo Quốc tế và Sau đại học,HCM
https://ipe.iuh.edu.vn/uploads/2020/06/9.-De-cuong-on-tap-Nguyen-ly-ke-toan.pdf,https://ipe.iuh.edu.vn/vi/on-thi-va-hoc-bskt/de-cuong-on-thi-tuyen-sinh-dao-tao-trinh-do-thac-si-dot-1-nam-2020/,Kế toán,ipe.iuh.edu.vn,Viện Đào tạo Quốc tế và Sau đại học,HCM
https://ipe.iuh.edu.vn/uploads/2020/06/Lich-on-thi-thac-si-dot-1-nam-2020-dang-web-3.pdf,https://ipe.iuh.edu.vn/vi/on-thi-va-hoc-bskt/lich-hoc-on-thi-tuyen-sinh-dao-tao-trinh-do-thac-si-dot-1-nam-2020/,Tải về và Xem,ipe.iuh.edu.vn,Viện Đào tạo Quốc tế và Sau đại học,HCM
https://ipe.iuh.edu.vn/uploads/2020/09/11.09.20_QD.1101_Cong-nhan-thi-sinh-trung-tuyen-Tien-si-KTCK-2020.pdf,https://ipe.iuh.edu.vn/vi/tien-si/quyet-dinh-trung-tuyen-ky-tuyen-sinh-dao-tao-trinh-do-tien-si-nam-2020/,Tải về và Xem,ipe.iuh.edu.vn,Viện Đào tạo Quốc tế và Sau đại học,HCM
https://ipe.iuh.edu.vn/uploads/2020/11/04.Quy-trinh-hoc-vu-SDH-Thac-si-2022.pdf,https://ipe.iuh.edu.vn/vi/bieu-mau/mau-don-hoc-vu/,Tải về và Xem,ipe.iuh.edu.vn,Viện Đào tạo Quốc tế và Sau đại học,HCM
https://ipe.iuh.edu.vn/uploads/2021/01/2020.08.19-QD1000_Quy-dinh-hoc-bong-thac-si-Ap-dung-tu-10B.pdf,https://ipe.iuh.edu.vn/vi/van-ban-tien-ich/quyet-dinh-ve-viec-ban-hanh-quy-dinh-chinh-sach-khuyen-khich-hoc-tap-trinh-do-thac-si/,Tải về và Xem,ipe.iuh.edu.vn,Viện Đào tạo Quốc tế và Sau đại học,HCM
https://ipe.iuh.edu.vn/uploads/2021/04/0.1-0.2-De-cuong-on-tap-toan-cao-cap-toan-kinh-te-1.pdf,https://ipe.iuh.edu.vn/vi/on-thi-va-hoc-bskt/de-cuong-on-thi-tuyen-sinh-dao-tao-trinh-do-thac-si-dot-1-nam-2021/,Toán cao cấp và Toán kinh tế,ipe.iuh.edu.vn,Viện Đào tạo Quốc tế và Sau đại học,HCM
https://ipe.iuh.edu.vn/uploads/2021/04/0.3.-De-cuong-on-tap-Toan-roi-rac.pdf,https://ipe.iuh.edu.vn/vi/on-thi-va-hoc-bskt/de-cuong-on-thi-tuyen-sinh-dao-tao-trinh-do-thac-si-dot-1-nam-2021/,Toán rời rạc,ipe.iuh.edu.vn,Viện Đào tạo Quốc tế và Sau đại học,HCM
https://ipe.iuh.edu.vn/uploads/2021/04/0.4-De-cuong-on-tap-Tieng-Anh.pdf,https://ipe.iuh.edu.vn/vi/on-thi-va-hoc-bskt/de-cuong-on-thi-tuyen-sinh-dao-tao-trinh-do-thac-si-dot-1-nam-2021/,Tieng Anh,ipe.iuh.edu.vn,Viện Đào tạo Quốc tế và Sau đại học,HCM
https://ipe.iuh.edu.vn/uploads/2021/04/1.-De-cuong-on-tap-Quan-ly-Moi-truong.pdf,https://ipe.iuh.edu.vn/vi/on-thi-va-hoc-bskt/de-cuong-on-thi-tuyen-sinh-dao-tao-trinh-do-thac-si-dot-1-nam-2021/,Quản lý tài môi trường,ipe.iuh.edu.vn,Viện Đào tạo Quốc tế và Sau đại học,HCM
https://ipe.iuh.edu.vn/uploads/2021/04/10.-De-cuong-on-tap-Vi-sinh-co-ban.pdf,https://ipe.iuh.edu.vn/vi/on-thi-va-hoc-bskt/de-cuong-on-thi-tuyen-sinh-dao-tao-trinh-do-thac-si-dot-1-nam-2021/,Vi sinh cơ bản,ipe.iuh.edu.vn,Viện Đào tạo Quốc tế và Sau đại học,HCM
https://ipe.iuh.edu.vn/uploads/2021/04/11.-De-cuong-on-tao-Hoa-sinh-co-ban.pdf,https://ipe.iuh.edu.vn/vi/on-thi-va-hoc-bskt/de-cuong-on-thi-tuyen-sinh-dao-tao-trinh-do-thac-si-dot-1-nam-2021/,Hóa sinh cơ bản,ipe.iuh.edu.vn,Viện Đào tạo Quốc tế và Sau đại học,HCM
https://ipe.iuh.edu.vn/uploads/2021/04/11.-De-cuong-on-tao-Vi-sinh-co-ban.pdf,https://ipe.iuh.edu.vn/vi/on-thi-va-hoc-bskt/de-cuong-on-thi-tuyen-sinh-dao-tao-trinh-do-thac-si-dot-1-nam-2021/,Vi sinh cơ bản,ipe.iuh.edu.vn,Viện Đào tạo Quốc tế và Sau đại học,HCM
https://ipe.iuh.edu.vn/uploads/2021/04/12.-De-cuong-on-tap-Nguyen-ly-ke-toan.pdf,https://ipe.iuh.edu.vn/vi/on-thi-va-hoc-bskt/de-cuong-on-thi-tuyen-sinh-dao-tao-trinh-do-thac-si-dot-1-nam-2021/,Nguyên lý kế toán,ipe.iuh.edu.vn,Viện Đào tạo Quốc tế và Sau đại học,HCM
https://ipe.iuh.edu.vn/uploads/2021/04/13.-De-cuong-on-tap-Quan-tri-hoc.pdf,https://ipe.iuh.edu.vn/vi/on-thi-va-hoc-bskt/de-cuong-on-thi-tuyen-sinh-dao-tao-trinh-do-thac-si-dot-1-nam-2021/,Quản trị học,ipe.iuh.edu.vn,Viện Đào tạo Quốc tế và Sau đại học,HCM
https://ipe.iuh.edu.vn/uploads/2021/04/3.-De-cuong-on-tap-Co-ky-thuat.pdf,https://ipe.iuh.edu.vn/vi/on-thi-va-hoc-bskt/de-cuong-on-thi-tuyen-sinh-dao-tao-trinh-do-thac-si-dot-1-nam-2021/,Cơ ứng dụng,ipe.iuh.edu.vn,Viện Đào tạo Quốc tế và Sau đại học,HCM
https://ipe.iuh.edu.vn/uploads/2021/04/4.-De-cuong-on-tap-Hoa-ly.pdf,https://ipe.iuh.edu.vn/vi/on-thi-va-hoc-bskt/de-cuong-on-thi-tuyen-sinh-dao-tao-trinh-do-thac-si-dot-1-nam-2021/,Hóa lý,ipe.iuh.edu.vn,Viện Đào tạo Quốc tế và Sau đại học,HCM
https://ipe.iuh.edu.vn/uploads/2021/04/5.-De-cuong-on-tap-Hoa-phan-tich.pdf,https://ipe.iuh.edu.vn/vi/on-thi-va-hoc-bskt/de-cuong-on-thi-tuyen-sinh-dao-tao-trinh-do-thac-si-dot-1-nam-2021/,Hóa phân tích,ipe.iuh.edu.vn,Viện Đào tạo Quốc tế và Sau đại học,HCM
https://ipe.iuh.edu.vn/uploads/2021/04/6.-De-cuong-on-tap-Mach-dien.pdf,https://ipe.iuh.edu.vn/vi/on-thi-va-hoc-bskt/de-cuong-on-thi-tuyen-sinh-dao-tao-trinh-do-thac-si-dot-1-nam-2021/,Mạch điện,ipe.iuh.edu.vn,Viện Đào tạo Quốc tế và Sau đại học,HCM
https://ipe.iuh.edu.vn/uploads/2021/04/7.-De-cuong-on-tap-Mach-dien-tu.pdf,https://ipe.iuh.edu.vn/vi/on-thi-va-hoc-bskt/de-cuong-on-thi-tuyen-sinh-dao-tao-trinh-do-thac-si-dot-1-nam-2021/,Mạch điện tử,ipe.iuh.edu.vn,Viện Đào tạo Quốc tế và Sau đại học,HCM
https://ipe.iuh.edu.vn/uploads/2021/04/8.-De-cuong-on-tap-Ly-thuyet-O-to.pdf,https://ipe.iuh.edu.vn/vi/on-thi-va-hoc-bskt/de-cuong-on-thi-tuyen-sinh-dao-tao-trinh-do-thac-si-dot-1-nam-2021/,Lý thuyết Ô tô,ipe.iuh.edu.vn,Viện Đào tạo Quốc tế và Sau đại học,HCM
https://ipe.iuh.edu.vn/uploads/2021/04/9.-De-cuong-on-tap-Co-so-tin-hoc.pdf,https://ipe.iuh.edu.vn/vi/on-thi-va-hoc-bskt/de-cuong-on-thi-tuyen-sinh-dao-tao-trinh-do-thac-si-dot-1-nam-2021/,Cơ sở tin học,ipe.iuh.edu.vn,Viện Đào tạo Quốc tế và Sau đại học,HCM
https://ipe.iuh.edu.vn/uploads/2021/07/0.1-0.2-De-cuong-on-tap-toan-cao-cap-toan-kinh-te.pdf,https://ipe.iuh.edu.vn/vi/on-thi-va-hoc-bskt/de-cuong-on-thi-tuyen-sinh-dao-tao-trinh-do-thac-si-dot-2-nam-2019/,Toán cao cấp – toán kinh tế,ipe.iuh.edu.vn,Viện Đào tạo Quốc tế và Sau đại học,HCM
https://ipe.iuh.edu.vn/uploads/2021/07/0.3-De-cuong-on-tap-toan-roi-rac.pdf,https://ipe.iuh.edu.vn/vi/on-thi-va-hoc-bskt/de-cuong-on-thi-tuyen-sinh-dao-tao-trinh-do-thac-si-dot-2-nam-2019/,Toán rời rạc,ipe.iuh.edu.vn,Viện Đào tạo Quốc tế và Sau đại học,HCM
https://ipe.iuh.edu.vn/uploads/2021/07/00.-De-cuong-on-tap-Tieng-Anh.pdf,https://ipe.iuh.edu.vn/vi/on-thi-va-hoc-bskt/de-cuong-on-thi-tuyen-sinh-dao-tao-trinh-do-thac-si-dot-2-nam-2019/,Tieng Anh,ipe.iuh.edu.vn,Viện Đào tạo Quốc tế và Sau đại học,HCM
https://ipe.iuh.edu.vn/uploads/2021/07/1.-De-cuong-on-tap-Quan-ly-moi-truong.pdf,https://ipe.iuh.edu.vn/vi/on-thi-va-hoc-bskt/de-cuong-on-thi-tuyen-sinh-dao-tao-trinh-do-thac-si-dot-2-nam-2019/,Quản lý môi trường,ipe.iuh.edu.vn,Viện Đào tạo Quốc tế và Sau đại học,HCM
https://ipe.iuh.edu.vn/uploads/2021/07/10.-De-cuong-on-tap-Nguyen-ly-ke-toan.pdf,https://ipe.iuh.edu.vn/vi/on-thi-va-hoc-bskt/de-cuong-on-thi-tuyen-sinh-dao-tao-trinh-do-thac-si-dot-2-nam-2019/,Nguyên lý kế toán,ipe.iuh.edu.vn,Viện Đào tạo Quốc tế và Sau đại học,HCM
https://ipe.iuh.edu.vn/uploads/2021/07/11.-De-cuong-on-tap-Quan-tri-hoc.pdf,https://ipe.iuh.edu.vn/vi/on-thi-va-hoc-bskt/de-cuong-on-thi-tuyen-sinh-dao-tao-trinh-do-thac-si-dot-2-nam-2019/,Quản trị học,ipe.iuh.edu.vn,Viện Đào tạo Quốc tế và Sau đại học,HCM
https://ipe.iuh.edu.vn/uploads/2021/07/2.-De-cuong-on-tap-Ky-thuat-Moi-truong.pdf,https://ipe.iuh.edu.vn/vi/on-thi-va-hoc-bskt/de-cuong-on-thi-tuyen-sinh-dao-tao-trinh-do-thac-si-dot-2-nam-2019/,Kỹ thuật môi trường,ipe.iuh.edu.vn,Viện Đào tạo Quốc tế và Sau đại học,HCM
https://ipe.iuh.edu.vn/uploads/2021/07/3.-De-cuong-on-tap-Co-ky-thuat.pdf,https://ipe.iuh.edu.vn/vi/on-thi-va-hoc-bskt/de-cuong-on-thi-tuyen-sinh-dao-tao-trinh-do-thac-si-dot-2-nam-2019/,Cơ kỹ thuật,ipe.iuh.edu.vn,Viện Đào tạo Quốc tế và Sau đại học,HCM
https://ipe.iuh.edu.vn/uploads/2021/07/4.-De-cuong-on-tap-Hoa-ly.pdf,https://ipe.iuh.edu.vn/vi/on-thi-va-hoc-bskt/de-cuong-on-thi-tuyen-sinh-dao-tao-trinh-do-thac-si-dot-2-nam-2019/,Hóa lý,ipe.iuh.edu.vn,Viện Đào tạo Quốc tế và Sau đại học,HCM
https://ipe.iuh.edu.vn/uploads/2021/07/5.-De-cuong-on-tap-Hoa-phan-tich.pdf,https://ipe.iuh.edu.vn/vi/on-thi-va-hoc-bskt/de-cuong-on-thi-tuyen-sinh-dao-tao-trinh-do-thac-si-dot-2-nam-2019/,Hóa phân tích,ipe.iuh.edu.vn,Viện Đào tạo Quốc tế và Sau đại học,HCM
https://ipe.iuh.edu.vn/uploads/2021/07/6.-De-cuong-on-tap-Ly-thuyet-mach-dien.pdf,https://ipe.iuh.edu.vn/vi/on-thi-va-hoc-bskt/de-cuong-on-thi-tuyen-sinh-dao-tao-trinh-do-thac-si-dot-2-nam-2019/,Lý thuyết mạch điện,ipe.iuh.edu.vn,Viện Đào tạo Quốc tế và Sau đại học,HCM
https://ipe.iuh.edu.vn/uploads/2021/07/6.-De-cuong-on-tap-Mach-2.pdf,https://ipe.iuh.edu.vn/vi/on-thi-va-hoc-bskt/de-cuong-on-thi-tuyen-sinh-dao-tao-trinh-do-thac-si-dot-2-nam-2019/,Mạch 2,ipe.iuh.edu.vn,Viện Đào tạo Quốc tế và Sau đại học,HCM
https://ipe.iuh.edu.vn/uploads/2021/07/7.-De-cuong-on-tap-Mach-dien-tu.pdf,https://ipe.iuh.edu.vn/vi/on-thi-va-hoc-bskt/de-cuong-on-thi-tuyen-sinh-dao-tao-trinh-do-thac-si-dot-2-nam-2019/,Mạch điện tử,ipe.iuh.edu.vn,Viện Đào tạo Quốc tế và Sau đại học,HCM
https://ipe.iuh.edu.vn/uploads/2021/07/8.-De-cuong-on-tap-Hoa-sinh-co-ban.pdf,https://ipe.iuh.edu.vn/vi/on-thi-va-hoc-bskt/de-cuong-on-thi-tuyen-sinh-dao-tao-trinh-do-thac-si-dot-2-nam-2019/,Hóa sinh cơ bản,ipe.iuh.edu.vn,Viện Đào tạo Quốc tế và Sau đại học,HCM
https://ipe.iuh.edu.vn/uploads/2021/07/8.-De-cuong-on-tap-Vi-sinh-co-ban.pdf,https://ipe.iuh.edu.vn/vi/on-thi-va-hoc-bskt/de-cuong-on-thi-tuyen-sinh-dao-tao-trinh-do-thac-si-dot-2-nam-2019/,Vi sinh cơ bản,ipe.iuh.edu.vn,Viện Đào tạo Quốc tế và Sau đại học,HCM
https://ipe.iuh.edu.vn/uploads/2021/07/9.-De-cuong-on-tap-Sinh-hoc-dai-cuong.pdf,https://ipe.iuh.edu.vn/vi/on-thi-va-hoc-bskt/de-cuong-on-thi-tuyen-sinh-dao-tao-trinh-do-thac-si-dot-2-nam-2019/,Sinh học đại cương,ipe.iuh.edu.vn,Viện Đào tạo Quốc tế và Sau đại học,HCM
https://ipe.iuh.edu.vn/uploads/2021/08/QĐ-977-Thanh-lap-HDBV-LV-Khoa-Dien.pdf,https://ipe.iuh.edu.vn/vi/lich-bao-ve-luan-van-thac-si/thong-bao-lich-bao-ve-luan-van-thac-si-thang-08-nam-2021/,Danh sách học viên,ipe.iuh.edu.vn,Viện Đào tạo Quốc tế và Sau đại học,HCM
https://ipe.iuh.edu.vn/uploads/2021/09/2021.08.13-QĐ-1044-Trung-tuyen-NCS-2021-1-06ncs-CK.HO_.KHMT_.QTKD_.pdf,https://ipe.iuh.edu.vn/vi/tien-si/quyet-dinh-trung-tuyen-ky-tuyen-sinh-dao-tao-trinh-do-tien-si-dot-1-nam-2021/,Tải về và Xem,ipe.iuh.edu.vn,Viện Đào tạo Quốc tế và Sau đại học,HCM
https://ipe.iuh.edu.vn/uploads/2021/10/2021.08.10-QĐ-1281-HDLV-KTMT-7A8B.pdf,https://ipe.iuh.edu.vn/vi/lich-bao-ve-luan-van-thac-si/thong-bao-lich-bao-ve-luan-van-thac-si-thang-10-nam-2021/,Danh sách học viên),ipe.iuh.edu.vn,Viện Đào tạo Quốc tế và Sau đại học,HCM
https://ipe.iuh.edu.vn/uploads/2022/01/2022.01-QĐ-67-HDLV-QTKD-8BQN.pdf,https://ipe.iuh.edu.vn/vi/lich-bao-ve-luan-van-thac-si/thong-bao-lich-bao-ve-luan-van-thac-si-thang-01-nam-2022/,(Danh sách học viên,ipe.iuh.edu.vn,Viện Đào tạo Quốc tế và Sau đại học,HCM
https://ipe.iuh.edu.vn/uploads/2022/02/202202241041-1.pdf,https://ipe.iuh.edu.vn/vi/lich-bao-ve-luan-van-thac-si/thong-bao-lich-bao-ve-luan-van-thac-si-thang-03-nam-2022/,Danh sách học viên,ipe.iuh.edu.vn,Viện Đào tạo Quốc tế và Sau đại học,HCM
https://ipe.iuh.edu.vn/uploads/2022/02/202202241045.pdf,https://ipe.iuh.edu.vn/vi/lich-bao-ve-luan-van-thac-si/thong-bao-lich-bao-ve-luan-van-thac-si-thang-03-nam-2022/,Danh sách học viên,ipe.iuh.edu.vn,Viện Đào tạo Quốc tế và Sau đại học,HCM
https://ipe.iuh.edu.vn/uploads/2022/10/Exchange-Program-at-IUH-from-August-1st.pdf,https://ipe.iuh.edu.vn/vi/thong-tin-chuong-trinh/chuong-trinh-trao-doi-sinh-vien-tai-iuh-2022-2/,Tải về và Xem,ipe.iuh.edu.vn,Viện Đào tạo Quốc tế và Sau đại học,HCM
https://ipe.iuh.edu.vn/uploads/2022/11/2022.11.10-TB-187-On-thi-Tieng-Anh-dau-vao-ThS-2022-2.pdf,https://ipe.iuh.edu.vn/vi/chuyen-muc-hoc-vien/thong-bao-to-chuc-on-tap-va-thi-danh-gia-nang-luc-tieng-anh-danh-cho-thi-sinh-tham-du-tuyen-sinh-trinh-do-thac-si-tai-dhcn/,Tải về và Xem,ipe.iuh.edu.vn,Viện Đào tạo Quốc tế và Sau đại học,HCM
https://ipe.iuh.edu.vn/uploads/2022/12/2022.11.30-QD-2708-Cong-nhan-TN-thang-11.2022-55hv.pdf,https://ipe.iuh.edu.vn/vi/chuyen-muc-hoc-vien/quyet-dinh-cong-nhan-tot-nghiep-va-cap-bang-thac-si-dot-thang-11-nam-2022/,Tải về và Xem,ipe.iuh.edu.vn,Viện Đào tạo Quốc tế và Sau đại học,HCM
https://ipe.iuh.edu.vn/uploads/2023/03/2023.03.28-QD-488-Cong-nhan-TN-Cap-bang-Thac-si-dot-thang-3.2023.pdf,https://ipe.iuh.edu.vn/vi/chuyen-muc-hoc-vien/quyet-dinh-cong-nhan-tot-nghiep-va-cap-bang-thac-si-dot-thang-03-nam-2023/,Tải về và Xem,ipe.iuh.edu.vn,Viện Đào tạo Quốc tế và Sau đại học,HCM
https://ipe.iuh.edu.vn/uploads/2023/05/2023.05.17-QD-735-Cong-nhan-thi-sinh-trung-tuyen-ky-TSDT-Tien-si-2023-Dot1.pdf,https://ipe.iuh.edu.vn/vi/tien-si/quyet-dinh-cong-nhan-thi-sinh-trung-tuyen-ky-tuyen-sinh-dao-tao-trinh-do-tien-si-dot-1-nam-2023/,Tải về và Xem,ipe.iuh.edu.vn,Viện Đào tạo Quốc tế và Sau đại học,HCM
https://ipe.iuh.edu.vn/uploads/2023/06/202.06.14-Ke-hoach-xet-tot-nghiep-dot-thang-6-nam-2023.pdf,https://ipe.iuh.edu.vn/vi/thac-si/ke-hoach-ve-viec-xet-tot-nghiep-trinh-do-thac-si-dot-thang-06-nam-2023/,Tải về và Xem,ipe.iuh.edu.vn,Viện Đào tạo Quốc tế và Sau đại học,HCM
https://ipe.iuh.edu.vn/uploads/2023/08/2023.08.10-tb-948-Tuyen-sinh-Tien-si-nam-2023-2.pdf,https://ipe.iuh.edu.vn/vi/thong-tin-tuyen-sinh/thong-bao-tuyen-sinh-dao-tao-trinh-do-tien-si-nam-2023-dot-2/,Tải về và Xem,ipe.iuh.edu.vn,Viện Đào tạo Quốc tế và Sau đại học,HCM
https://ipe.iuh.edu.vn/uploads/2023/08/PL-2-huong-nghien-cuu-tien-si-2023-2-Full.pdf,https://ipe.iuh.edu.vn/vi/thong-tin-tuyen-sinh/thong-bao-tuyen-sinh-dao-tao-trinh-do-tien-si-nam-2023-dot-2/,Xem chi tiết,ipe.iuh.edu.vn,Viện Đào tạo Quốc tế và Sau đại học,HCM
https://ipe.iuh.edu.vn/uploads/2024/02/1.-PL-2-huong-nghien-cuu-tien-si-2024-1-10-nganh.pdf,https://ipe.iuh.edu.vn/vi/thong-tin-tuyen-sinh/thong-bao-tuyen-sinh-dao-tao-trinh-do-tien-si-nam-2024-dot-1/,Xem chi tiết,ipe.iuh.edu.vn,Viện Đào tạo Quốc tế và Sau đại học,HCM
https://ipe.iuh.edu.vn/uploads/2024/02/2024-Thong-bao-Tuyen-sinh-Thac-si-Dot-1.pdf,https://ipe.iuh.edu.vn/vi/thong-tin-tuyen-sinh/thong-bao-tuyen-sinh-dao-tao-trinh-do-thac-si-nam-2024-dot-1/,Tải về và Xem,ipe.iuh.edu.vn,Viện Đào tạo Quốc tế và Sau đại học,HCM
https://ipe.iuh.edu.vn/uploads/2024/02/2024-Thong-bao-Tuyen-sinh-Tien-si-Dot-1.pdf,https://ipe.iuh.edu.vn/vi/thong-tin-tuyen-sinh/thong-bao-tuyen-sinh-dao-tao-trinh-do-tien-si-nam-2024-dot-1/,Tải về và Xem,ipe.iuh.edu.vn,Viện Đào tạo Quốc tế và Sau đại học,HCM
https://ipe.iuh.edu.vn/uploads/2024/03/2024.03.08-Thong-bao-Thuc-tap-co-huong-luong-tai-Nhat-Ban.pdf,https://ipe.iuh.edu.vn/vi/thong-tin-tuyen-sinh/thong-bao-tuyen-chon-sinh-vien-di-thuc-tap-co-huong-luong-lai-nhat-ban/,Tải về và Xem,ipe.iuh.edu.vn,Viện Đào tạo Quốc tế và Sau đại học,HCM
https://ipe.iuh.edu.vn/uploads/2024/03/202404041140.pdf,https://ipe.iuh.edu.vn/vi/thong-tin-tuyen-sinh/thong-bao-tuyen-sinh-dao-tao-trinh-do-thac-si-nam-2024-dot-1-lan-2/,Tải về và Xem,ipe.iuh.edu.vn,Viện Đào tạo Quốc tế và Sau đại học,HCM
https://ipe.iuh.edu.vn/uploads/2024/04/202404040929_compressed.pdf,https://ipe.iuh.edu.vn/vi/chuyen-muc-hoc-vien/thong-bao-dang-ky-hoc-truoc-mot-so-hoc-phan-cua-chuong-trinh-dao-tao-trinh-do-thac-si-lan-2/,Tải về và Xem,ipe.iuh.edu.vn,Viện Đào tạo Quốc tế và Sau đại học,HCM
https://ipe.iuh.edu.vn/uploads/2024/08/2024.08.01-TB-888-Tuyen-sinh-thac-si-2024-2-chung.pdf,https://ipe.iuh.edu.vn/vi/thong-tin-tuyen-sinh/thong-bao-tuyen-sinh-dao-tao-trinh-do-thac-si-nam-2024-dot-2/,Tải về và Xem,ipe.iuh.edu.vn,Viện Đào tạo Quốc tế và Sau đại học,HCM
https://ipe.iuh.edu.vn/uploads/2024/08/2024.08.01-TB-890-Tuyen-sinh-tien-si-2024-2.pdf,https://ipe.iuh.edu.vn/vi/thong-tin-tuyen-sinh/thong-bao-tuyen-sinh-dao-tao-trinh-do-tien-si-nam-2024-dot-2/,Tải về và Xem,ipe.iuh.edu.vn,Viện Đào tạo Quốc tế và Sau đại học,HCM
https://ipe.iuh.edu.vn/uploads/2024/08/Phu-luc-TB-tuyen-sinh-tien-si-2024-2-1.pdf,https://ipe.iuh.edu.vn/vi/thong-tin-tuyen-sinh/thong-bao-tuyen-sinh-dao-tao-trinh-do-tien-si-nam-2024-dot-2/,Xem chi tiết,ipe.iuh.edu.vn,Viện Đào tạo Quốc tế và Sau đại học,HCM
https://ipe.iuh.edu.vn/uploads/2024/10/202410300920.pdf,https://ipe.iuh.edu.vn/vi/thong-bao/thong-bao-tien-cu-sinh-vien-di-thuc-tap-co-huong-luong-tai-dai-loan/,Tải về và Xem,ipe.iuh.edu.vn,Viện Đào tạo Quốc tế và Sau đại học,HCM
https://ipe.iuh.edu.vn/uploads/2024/10/Thong-bao-chuong-trinh-TTS-Dai-Loan.pdf,https://ipe.iuh.edu.vn/vi/thong-bao/thong-bao-v-v-tuyen-chon-sinh-vien-di-thuc-tap-co-huong-luong-tai-dai-loan/,Tải về và Xem,ipe.iuh.edu.vn,Viện Đào tạo Quốc tế và Sau đại học,HCM
https://ipe.iuh.edu.vn/uploads/2024/12/2024.11.19-TB-1614-On-tap-va-thi-tieng-ANh-dau-vao-ThS-2024-2.pdf,https://ipe.iuh.edu.vn/vi/uncategorized/thong-bao-to-chuc-on-tap-va-thi-danh-gia-nang-luc-tieng-anh-danh-cho-thi-sinh-tham-du-tuyen-sinh-ths-tai-dhcn_lan2-2024/,Tải về và Xem,ipe.iuh.edu.vn,Viện Đào tạo Quốc tế và Sau đại học,HCM
https://ipe.iuh.edu.vn/uploads/2024/12/202412061154.pdf,https://ipe.iuh.edu.vn/vi/thong-bao/thong-bao-tien-cu-sinh-vien-di-thuc-tap-co-huong-luong-tai-nhat-ban-thang-11-nam-2025/,Tải về và Xem,ipe.iuh.edu.vn,Viện Đào tạo Quốc tế và Sau đại học,HCM
https://ipe.iuh.edu.vn/uploads/2024/12/Tuyen-Daikyo-thang-6.7.pdf,https://ipe.iuh.edu.vn/vi/thong-bao/thong-bao-tien-cu-sinh-vien-di-thuc-tap-co-huong-luong-tai-nhat-ban-thang-6-7-va-8-nam-2025/,Tải về và Xem,ipe.iuh.edu.vn,Viện Đào tạo Quốc tế và Sau đại học,HCM
https://ipe.iuh.edu.vn/uploads/2025/01/202501121729.pdf,https://ipe.iuh.edu.vn/vi/thong-bao/thong-bao-v-v-tuyen-chon-sinh-vien-di-thuc-tap-co-huong-luong-tai-dai-loan-thang-06-nam-2025/,Tải về và Xem,ipe.iuh.edu.vn,Viện Đào tạo Quốc tế và Sau đại học,HCM
https://ipe.iuh.edu.vn/uploads/2025/01/202501121731.pdf,https://ipe.iuh.edu.vn/vi/thong-bao/thong-bao-tien-cu-sinh-vien-di-thuc-tap-co-huong-luong-tai-nhat-ban-thang-5-nam-2025/,Tải về và Xem,ipe.iuh.edu.vn,Viện Đào tạo Quốc tế và Sau đại học,HCM
https://ipe.iuh.edu.vn/uploads/2025/01/TB-TTS-Singapore.pdf,https://ipe.iuh.edu.vn/vi/thong-bao/thong-bao-tien-cu-sinh-vien-di-thuc-tap-co-huong-luong-tai-singapore-thang-1-nam-2025/,Tải về và Xem,ipe.iuh.edu.vn,Viện Đào tạo Quốc tế và Sau đại học,HCM
https://ipe.iuh.edu.vn/uploads/2025/02/202502081035.pdf,https://ipe.iuh.edu.vn/vi/thong-bao/thong-bao-v-v-tuyen-chon-sinh-vien-di-thuc-tap-co-huong-luong-tai-dai-loan-cong-ty-che-bien-thuc-pham-thang-06-nam-2025/,Tải về và Xem,ipe.iuh.edu.vn,Viện Đào tạo Quốc tế và Sau đại học,HCM
https://ipe.iuh.edu.vn/uploads/2025/02/202502130825-1.pdf,https://ipe.iuh.edu.vn/vi/thong-bao/thong-bao-tien-cu-sinh-vien-di-thuc-tap-co-huong-luong-tai-nhat-ban_che-bien-thuc-pham-phong-van-thang-2-nam-2025/,Tải về và Xem,ipe.iuh.edu.vn,Viện Đào tạo Quốc tế và Sau đại học,HCM
https://ipe.iuh.edu.vn/uploads/2025/02/PL1.pdf,https://ipe.iuh.edu.vn/vi/thong-tin-tuyen-sinh/thong-bao-tuyen-sinh-dao-tao-trinh-do-thac-si-nam-2025-dot-1/,Phụ lục 1,ipe.iuh.edu.vn,Viện Đào tạo Quốc tế và Sau đại học,HCM
https://ipe.iuh.edu.vn/uploads/2025/02/Thong-bao-dk-trc-HP-ThS-L3-resized-pdfresizer.com_.pdf,https://ipe.iuh.edu.vn/vi/chuyen-muc-hoc-vien/thong-bao-dang-ky-hoc-truoc-mot-so-hoc-phan-cua-chuong-trinh-dao-tao-trinh-do-thac-si-lan-3/,Tải về và Xem,ipe.iuh.edu.vn,Viện Đào tạo Quốc tế và Sau đại học,HCM
https://ipe.iuh.edu.vn/uploads/2025/03/202503210933-1.pdf,https://ipe.iuh.edu.vn/vi/thong-bao/thong-bao-tien-cu-sinh-vien-di-thuc-tap-co-huong-luong-tai-nhat-ban_kiem-tra-lap-rap-linh-kien-phong-van-thang-4-nam-2025/,Tải về và Xem,ipe.iuh.edu.vn,Viện Đào tạo Quốc tế và Sau đại học,HCM
https://ipe.iuh.edu.vn/uploads/2025/03/TB-KSuTam-Viet-Co-khi.Osaka_.pdf,https://ipe.iuh.edu.vn/vi/thong-bao/thong-bao-v-v-tuyen-ky-su-di-lam-viec-tai-nhat-ban_van-hanh-may-gia-cong-co-khi-phong-van-thang-03-nam-2025/,Tải về và Xem,ipe.iuh.edu.vn,Viện Đào tạo Quốc tế và Sau đại học,HCM
https://ipe.iuh.edu.vn/uploads/2025/03/TB-KSuTam-Viet-Oto-Hyogo.pdf,https://ipe.iuh.edu.vn/vi/thong-bao/thong-bao-v-v-tuyen-ky-su-di-lam-viec-tai-nhat-ban_sua-chua-bao-duong-o-to-than-vo-o-to-va-quan-ly-dao-tao-phong-van-thang-04-nam-2025/,Tải về và Xem,ipe.iuh.edu.vn,Viện Đào tạo Quốc tế và Sau đại học,HCM
https://ipe.iuh.edu.vn/uploads/2025/06/TB-tuyen-dung-Cong-ty-Thuc-pham-Vinh-Nhuan-Dot-2.pdf,https://ipe.iuh.edu.vn/vi/thong-bao/thong-bao-tuyen-chon-sinh-vien-di-thuc-tap-huong-luong-tai-dai-loan-cong-ty-thuc-pham-vinh-nhuan-golden-harvest-food-ltd-dot-2/,Tải về và Xem,ipe.iuh.edu.vn,Viện Đào tạo Quốc tế và Sau đại học,HCM
https://ipe.iuh.edu.vn/uploads/2025/07/202506290810.pdf,https://ipe.iuh.edu.vn/vi/ket-qua-tuyen-sinh/quyet-dinh-cong-nhan-thi-sinh-trung-tuyen-ky-tuyen-sinh-dao-tao-trinh-do-thac-si-dot-1-nam-2025/,Tải về và Xem,ipe.iuh.edu.vn,Viện Đào tạo Quốc tế và Sau đại học,HCM
https://ipe.iuh.edu.vn/uploads/2025/08/PL1-1.pdf,https://ipe.iuh.edu.vn/vi/thong-tin-tuyen-sinh/thong-bao-tuyen-sinh-dao-tao-trinh-do-thac-si-nam-2025-dot-2/,Phụ lục 1,ipe.iuh.edu.vn,Viện Đào tạo Quốc tế và Sau đại học,HCM
https://ipe.iuh.edu.vn/uploads/2025/09/202508301111-1.pdf,https://ipe.iuh.edu.vn/vi/thong-bao/thong-bao-tuyen-ky-su-di-lam-viec-tai-nhat-ban_cham-soc-xe-va-dich-vu-lien-quan-khach-hang_phong-van-16-09-2025/,Tải về và Xem,ipe.iuh.edu.vn,Viện Đào tạo Quốc tế và Sau đại học,HCM
https://ipe.iuh.edu.vn/uploads/2025/09/202509070802-1.pdf,https://ipe.iuh.edu.vn/vi/thong-bao/thong-bao-tuyen-chon-sinh-vien-di-thuc-tap-co-huong-luong-tai-singapore-phuc-vu-nha-hang-phong-van-09-2025/,Tải về và Xem,ipe.iuh.edu.vn,Viện Đào tạo Quốc tế và Sau đại học,HCM
https://ipe.iuh.edu.vn/uploads/2025/09/TB-tuyen-dung-Cong-ty-Co-phan-Nang-luong-Tu-tinh-Superrite.pdf,https://ipe.iuh.edu.vn/vi/thong-bao/thong-bao-tuyen-chon-sinh-vien-di-thuc-tap-co-huong-luong-tai-dai-loan-tao-hinh-san-pham-in-an-kiem-tra-dong-goi/,Tải về và Xem,ipe.iuh.edu.vn,Viện Đào tạo Quốc tế và Sau đại học,HCM
https://ipe.iuh.edu.vn/uploads/2025/09/anh-moi-truong-lvktx-%E6%96%B0%E7%A7%80%E6%B3%A2%E7%A3%81%E8%83%BD%E7%92%B0%E5%A2%83%E4%BB%8B%E7%B4%B9.pdf,https://ipe.iuh.edu.vn/vi/thong-bao/thong-bao-tuyen-chon-sinh-vien-di-thuc-tap-co-huong-luong-tai-dai-loan-tao-hinh-san-pham-in-an-kiem-tra-dong-goi/,Xem tại đây,ipe.iuh.edu.vn,Viện Đào tạo Quốc tế và Sau đại học,HCM
https://ipe.iuh.edu.vn/uploads/2025/10/TB-tuyen-dung-Cong-ty-Co-phan-Nang-luong-Tu-tinh-Superrite-1.pdf,https://ipe.iuh.edu.vn/vi/thong-bao/thong-bao-tuyen-chon-sinh-vien-di-thuc-tap-co-huong-luong-tai-dai-loan-tao-hinh-san-pham-in-an-kiem-tra-dong-goi-2/,Tải về và Xem,ipe.iuh.edu.vn,Viện Đào tạo Quốc tế và Sau đại học,HCM
https://ipe.iuh.edu.vn/uploads/2025/11/202510311533-1.pdf,https://ipe.iuh.edu.vn/vi/thong-bao/thong-bao-tuyen-chon-sinh-vien-di-thuc-tap-co-huong-luong-tai-nhat-ban-lap-rap-phu-tung-o-to-phong-van-12-2025/,Tải về và Xem,ipe.iuh.edu.vn,Viện Đào tạo Quốc tế và Sau đại học,HCM
https://ipe.iuh.edu.vn/uploads/2025/11/202511131100.pdf,https://ipe.iuh.edu.vn/vi/thong-bao/thong-bao-tuyen-chon-sinh-vien-di-thuc-tap-co-huong-luong-tai-nhat-ban-quan-ly-kho-phong-van-11-2025-2/,Tải về và Xem,ipe.iuh.edu.vn,Viện Đào tạo Quốc tế và Sau đại học,HCM
https://ipe.iuh.edu.vn/uploads/2025/11/TB-tuyen-dung-Khu-nghi-duong-Sunview-Silicon-Valley.pdf,https://ipe.iuh.edu.vn/vi/thong-bao/thong-bao-tuyen-chon-sinh-vien-di-thuc-tap-co-huong-luong-tai-dai-loan-bo-phan-buong-phong-va-nha-hang-du-kien-xuat-canh-thang-5-6-2026/,Tải về và Xem,ipe.iuh.edu.vn,Viện Đào tạo Quốc tế và Sau đại học,HCM
https://ipe.iuh.edu.vn/uploads/2025/12/2.-LuanAn-NCSKHMT5B_21142301_NguyenThuyDoanTrang_minsize_2.pdf,https://ipe.iuh.edu.vn/vi/uncategorized/toan-van-danh-gia-luan-an-tien-si-cap-truong-cua-ncs-nguyen-thuy-doan-trang-ban-hoan-chinh/,Tại đây,ipe.iuh.edu.vn,Viện Đào tạo Quốc tế và Sau đại học,HCM
https://ipe.iuh.edu.vn/uploads/2025/12/2025.12.29-QD-4215-Trung-tuyen-NCS-25-2-40ts-9-nganh.pdf,https://ipe.iuh.edu.vn/vi/ket-qua-tuyen-sinh/quyet-dinh-cong-nhan-thi-sinh-trung-tuyen-ky-tuyen-sinh-dao-tao-trinh-do-tien-si-dot-2-nam-2025/,Tải về và Xem,ipe.iuh.edu.vn,Viện Đào tạo Quốc tế và Sau đại học,HCM
https://ipe.iuh.edu.vn/uploads/2025/12/202511300938.pdf,https://ipe.iuh.edu.vn/vi/ket-qua-tuyen-sinh/quyet-dinh-cong-nhan-thi-sinh-trung-tuyen-ky-tuyen-sinh-dao-tao-trinh-do-thac-si-dot-2-nam-2025/,Tải về và Xem,ipe.iuh.edu.vn,Viện Đào tạo Quốc tế và Sau đại học,HCM
https://ipe.iuh.edu.vn/uploads/2025/12/3.-TomTatLATS-TiengViet-NguyenThuyDoanTrang.pdf,https://ipe.iuh.edu.vn/vi/uncategorized/toan-van-danh-gia-luan-an-tien-si-cap-truong-cua-ncs-nguyen-thuy-doan-trang-ban-hoan-chinh/,Tại đây,ipe.iuh.edu.vn,Viện Đào tạo Quốc tế và Sau đại học,HCM
https://ipe.iuh.edu.vn/uploads/2025/12/TB-tuyen-dung-Cong-ty-My-Triet.pdf,https://ipe.iuh.edu.vn/vi/thong-bao/thong-bao-tuyen-chon-sinh-vien-di-thuc-tap-co-huong-luong-tai-cong-ty-my-triet-dai-loan/,Tải về và Xem,ipe.iuh.edu.vn,Viện Đào tạo Quốc tế và Sau đại học,HCM
https://ipe.iuh.edu.vn/uploads/2026/01/202601071612.pdf,https://ipe.iuh.edu.vn/vi/thong-bao/thong-bao-tuyen-ky-su-di-lam-viec-tai-nhat-ban_ky-su-giam-sat-cong-trinh_phong-van-truc-tiep-hang-thang/,Tải về và Xem,ipe.iuh.edu.vn,Viện Đào tạo Quốc tế và Sau đại học,HCM
https://ipe.iuh.edu.vn/uploads/2026/02/TB-tuyen-dung-Khu-nghi-duong-Nhat-Quan.pdf,https://ipe.iuh.edu.vn/vi/thong-bao/thong-bao-tuyen-chon-sinh-vien-di-thuc-tap-co-huong-luong-tai-dai-loan_nv-nha-hang-khach-san/,Tải về và Xem,ipe.iuh.edu.vn,Viện Đào tạo Quốc tế và Sau đại học,HCM
https://ipe.iuh.edu.vn/uploads/2026/02/TB-tuyen-dung-nha-hang-Tofu-Village-Leang-Ban-Jia-1.pdf,https://ipe.iuh.edu.vn/vi/thong-bao/thong-bao-tuyen-chon-sinh-vien-di-thuc-tap-co-huong-luong-tai-dai-loan_nv-nha-hang/,Tải về và Xem,ipe.iuh.edu.vn,Viện Đào tạo Quốc tế và Sau đại học,HCM
https://ipe.iuh.edu.vn/uploads/2026/03/202603251009.pdf,https://ipe.iuh.edu.vn/vi/thong-bao/thong-bao-tuyen-chon-sinh-vien-di-thuc-tap-co-huong-luong-tai-nhat-ban_van-hanh-may-gia-cong-tam-nhua-mang-nhua_phong-van-09-04-2026/,Tải về và Xem,ipe.iuh.edu.vn,Viện Đào tạo Quốc tế và Sau đại học,HCM
https://ipe.iuh.edu.vn/uploads/2026/03/Chuong-trinh-trao-doi-26_27.pdf,https://ipe.iuh.edu.vn/vi/thong-tin-chuong-trinh/chuong-trinh-trao-doi-sinh-vien-tai-iuh-2026-2027/,Tải về và Xem,ipe.iuh.edu.vn,Viện Đào tạo Quốc tế và Sau đại học,HCM
https://ipe.iuh.edu.vn/uploads/2026/03/PL1-3.pdf,https://ipe.iuh.edu.vn/vi/thong-tin-tuyen-sinh/thong-bao-tuyen-sinh-dao-tao-trinh-do-tien-si-nam-2026-dot-1/attachment/pl1-3-2/,PL1 (3),ipe.iuh.edu.vn,Viện Đào tạo Quốc tế và Sau đại học,HCM
https://ipe.iuh.edu.vn/uploads/2026/03/PL1.pdf,https://ipe.iuh.edu.vn/vi/thong-tin-tuyen-sinh/thong-bao-tuyen-sinh-dao-tao-trinh-do-thac-si-nam-2026-dot-1/attachment/pl1-5/,PL1,ipe.iuh.edu.vn,Viện Đào tạo Quốc tế và Sau đại học,HCM
https://ipe.iuh.edu.vn/uploads/2026/03/PL2-1.pdf,https://ipe.iuh.edu.vn/vi/thong-tin-tuyen-sinh/thong-bao-tuyen-sinh-dao-tao-trinh-do-tien-si-nam-2026-dot-1/attachment/pl2-1/,PL2 (1),ipe.iuh.edu.vn,Viện Đào tạo Quốc tế và Sau đại học,HCM
https://ipe.iuh.edu.vn/uploads/2026/03/PL2.pdf,https://ipe.iuh.edu.vn/vi/thong-tin-tuyen-sinh/thong-bao-tuyen-sinh-dao-tao-trinh-do-thac-si-nam-2026-dot-1/attachment/pl2-5/,PL2,ipe.iuh.edu.vn,Viện Đào tạo Quốc tế và Sau đại học,HCM
https://ipe.iuh.edu.vn/uploads/2026/03/PL3-1.pdf,https://ipe.iuh.edu.vn/vi/thong-tin-tuyen-sinh/thong-bao-tuyen-sinh-dao-tao-trinh-do-tien-si-nam-2026-dot-1/attachment/pl3-1/,PL3 (1),ipe.iuh.edu.vn,Viện Đào tạo Quốc tế và Sau đại học,HCM
https://ipe.iuh.edu.vn/uploads/2026/03/TB-tuyen-dung-Cong-ty-Ki-thuat-Dai-Vy-Dot-2-1.pdf,https://ipe.iuh.edu.vn/vi/thong-bao/thong-bao-tuyen-chon-sinh-vien-di-thuc-tap-co-huong-luong-tai-dai-loan_nv-bo-phan-vat-tu-va-san-xuat_phong-van-3-2026/,Tải về và Xem,ipe.iuh.edu.vn,Viện Đào tạo Quốc tế và Sau đại học,HCM
https://ipe.iuh.edu.vn/uploads/2026/05/Ban-T.Lao-Thong-bao-tuyen-sinh-luu-hs-Lao-2026-2027.pdf,https://ipe.iuh.edu.vn/vi/thong-bao-tuyen-luu-hoc-sinh-lao/4970/,Bấm để xem bản dịch tiếng Lào / Click to view the Laos translation,ipe.iuh.edu.vn,Viện Đào tạo Quốc tế và Sau đại học,HCM
https://ipe.iuh.edu.vn/uploads/2026/06/202606181504-QD-trung-tuyen-Thac-si-2026-Dot-1.pdf,https://ipe.iuh.edu.vn/vi/ket-qua-tuyen-sinh/quyet-dinh-cong-nhan-thi-sinh-trung-tuyen-ky-tuyen-sinh-dao-tao-trinh-do-thac-si-dot-1-nam-2026/,Tải về và Xem,ipe.iuh.edu.vn,Viện Đào tạo Quốc tế và Sau đại học,HCM
https://ipe.iuh.edu.vn/uploads/2026/06/202606181504-QD-trung-tuyen-Tien-si-2026-Dot-1.pdf,https://ipe.iuh.edu.vn/vi/ket-qua-tuyen-sinh/quyet-dinh-cong-nhan-thi-sinh-trung-tuyen-ky-tuyen-sinh-dao-tao-trinh-do-tien-si-dot-1-nam-2026/,Tải về và Xem,ipe.iuh.edu.vn,Viện Đào tạo Quốc tế và Sau đại học,HCM
https://ipe.iuh.edu.vn/uploads/2026/06/LATS-HOAN-CHINH-LE-THUY-KIEU-FINAL.pdf,https://ipe.iuh.edu.vn/vi/luan-van-tot-nghiep/toan-van-luan-an-tien-si-cua-ncs-le-thuy-kieu-ban-hoan-chinh/,Tại đây,ipe.iuh.edu.vn,Viện Đào tạo Quốc tế và Sau đại học,HCM
https://ipe.iuh.edu.vn/uploads/2026/06/TOM-TAT-LATS-LE-THUY-KIEU-FINAL.pdf,https://ipe.iuh.edu.vn/vi/luan-van-tot-nghiep/toan-van-luan-an-tien-si-cua-ncs-le-thuy-kieu-ban-hoan-chinh/,Tại đây,ipe.iuh.edu.vn,Viện Đào tạo Quốc tế và Sau đại học,HCM
https://ipe.iuh.edu.vn/uploads/2026/07/2.TOM-TAT-LATS-CAP-TRUONG-TV-PHAN-THANH-LONG.pdf,https://ipe.iuh.edu.vn/vi/luan-van-tot-nghiep/toan-van-danh-gia-luan-an-tien-si-cap-truong-cua-ncs-phan-thanh-long-ban-tom-tat/,Tại đây,ipe.iuh.edu.vn,Viện Đào tạo Quốc tế và Sau đại học,HCM
https://ipe.iuh.edu.vn/uploads/2026/07/202607101039.pdf,https://ipe.iuh.edu.vn/vi/thong-bao/thong-bao-tuyen-chon-sinh-vien-di-thuc-tap-co-huong-luong-tai-nhat-ban_phat-trien-san-pham-cua-cuon_phong-van-08-2026/,Tải về và Xem,ipe.iuh.edu.vn,Viện Đào tạo Quốc tế và Sau đại học,HCM
https://ipe.iuh.edu.vn/uploads/2026/08/202608141628.pdf,https://ipe.iuh.edu.vn/vi/thong-tin-tuyen-ky-su-lam-viec-nuoc-ngoai/thong-bao-tuyen-sinh-vien-tham-gia-chuong-trinh-ky-su-lam-viec-tai-duc-theo-hinh-thuc-chuyen-doi-va-cong-nhan-van-bang/,Tải về và Xem,ipe.iuh.edu.vn,Viện Đào tạo Quốc tế và Sau đại học,HCM
https://ipe.iuh.edu.vn/uploads/2026/08/202608161041.pdf,https://ipe.iuh.edu.vn/vi/uncategorized/thong-bao-tuyen-chon-sinh-vien-di-thuc-tap-co-huong-luong-tai-nhat-ban_thiet-ke-may-moc_phong-van-14-09-2026/,Tải về và Xem,ipe.iuh.edu.vn,Viện Đào tạo Quốc tế và Sau đại học,HCM
https://ipe.iuh.edu.vn/uploads/2026/09/2026.08.28-QD-2905-TN-ThS-thang-8.2026-111-hv.pdf,https://ipe.iuh.edu.vn/vi/thong-bao/quyet-dinh-cong-nhan-tot-nghiep-va-cap-bang-thac-si-dot-thang-08-nam-2026/,Tải về và Xem,ipe.iuh.edu.vn,Viện Đào tạo Quốc tế và Sau đại học,HCM
https://ipe.iuh.edu.vn/uploads/2026/09/2026.08.28-QD-2906-Cong-nhan-hoc-vi-va-cap-bang-Tien-si-08.2026.pdf,https://ipe.iuh.edu.vn/vi/thong-bao/quyet-dinh-cong-nhan-tot-nghiep-va-cap-bang-tien-si-dot-thang-08-nam-2026/,Tải về và Xem,ipe.iuh.edu.vn,Viện Đào tạo Quốc tế và Sau đại học,HCM
https://ipe.iuh.edu.vn/uploads/2026/09/2026.09.21-KH-77-Xet-TN-ThS.TS-thang-11.2026.pdf,https://ipe.iuh.edu.vn/vi/thong-bao/ke-hoach-ve-viec-xet-tot-nghiep-trinh-do-thac-si-tien-si-dot-thang-11-nam-2026-2/,Tải về và Xem,ipe.iuh.edu.vn,Viện Đào tạo Quốc tế và Sau đại học,HCM
https://ipe.iuh.edu.vn/uploads/2026/09/LATS-hoan-chinh-Phan-Thanh-Long.pdf,https://ipe.iuh.edu.vn/vi/luan-van-tot-nghiep/toan-van-danh-gia-luan-an-tien-si-cua-ncs-phan-thanh-long-ban-hoan-chinh/,Tại đây,ipe.iuh.edu.vn,Viện Đào tạo Quốc tế và Sau đại học,HCM
https://ipe.iuh.edu.vn/uploads/2026/09/TB-lop-tieng-Duc-A1.pdf,https://ipe.iuh.edu.vn/vi/thong-bao/thong-bao-tuyen-sinh-lop-tieng-duc-trinh-do-a1/,Tải về và Xem,ipe.iuh.edu.vn,Viện Đào tạo Quốc tế và Sau đại học,HCM
https://ipe.iuh.edu.vn/uploads/2026/09/Tom-tat-LATS-hoan-chinh-Phan-Thanh-Long.pdf,https://ipe.iuh.edu.vn/vi/luan-van-tot-nghiep/toan-van-danh-gia-luan-an-tien-si-cua-ncs-phan-thanh-long-ban-hoan-chinh/,Tại đây,ipe.iuh.edu.vn,Viện Đào tạo Quốc tế và Sau đại học,HCM
https://itc.iuh.edu.vn/upload/files/01_%20HoSo%26Quytrinh_HauKiem_IUH_01_11_2025%20(1).pdf,https://itc.iuh.edu.vn/detail@91-2233-THONG-BAO-V-V-HAU-KIEM-CHUNG-CHI-TIN-HOC.html,01. HoSo&Quytrinh_HauKiem_IUH_01.11.2025,itc.iuh.edu.vn,Trung tâm Ngoại ngữ - Tin học,HCM
https://itc.iuh.edu.vn/upload/files/02_%20HoSo%26QuyTrinh_HauKiemCCNgoai_01_11_2025%20(4).pdf,https://itc.iuh.edu.vn/detail@91-2233-THONG-BAO-V-V-HAU-KIEM-CHUNG-CHI-TIN-HOC.html,02. HoSo&QuyTrinh_HauKiemCCNgoai_01.11.2025,itc.iuh.edu.vn,Trung tâm Ngoại ngữ - Tin học,HCM
https://itc.iuh.edu.vn/upload/files/03_%20BanCamKetNopCCTH_NgoaiTruong.pdf,https://itc.iuh.edu.vn/detail@91-2233-THONG-BAO-V-V-HAU-KIEM-CHUNG-CHI-TIN-HOC.html,03. BanCamKetNopCCTH_NgoaiTruong,itc.iuh.edu.vn,Trung tâm Ngoại ngữ - Tin học,HCM
https://itc.iuh.edu.vn/upload/files/04_%20DS_CacDonViCap_ChungChi_CNTTCoBan%20(1).pdf,https://itc.iuh.edu.vn/detail@91-2233-THONG-BAO-V-V-HAU-KIEM-CHUNG-CHI-TIN-HOC.html,04. DS_CacDonViCap_ChungChi_CNTTCoBan,itc.iuh.edu.vn,Trung tâm Ngoại ngữ - Tin học,HCM
https://itc.iuh.edu.vn/upload/files/KQ_PK_Ngay14den23-03-2022.pdf,https://itc.iuh.edu.vn/detail@93-1688-KET-QUA-PHUC-KHAO-NGAY-14-23-03-2022.html,KQPhucKhaoNgay14-23/03/2022,itc.iuh.edu.vn,Trung tâm Ngoại ngữ - Tin học,HCM
https://itc.iuh.edu.vn/upload/files/KQ_PKngay24%2C25%2C26-3%20va%204%2C5%2C6%2C7%2C8%2C12-4-2022.pdf,"https://itc.iuh.edu.vn/detail@93-1703-KET-QUA-PHUC-KHAO-NGAY-24,25,26-03-VA-4,5,6,7,8-04.html","KQ_PKngay24,25,26-3 và 4,5,6,7,8-4-2022",itc.iuh.edu.vn,Trung tâm Ngoại ngữ - Tin học,HCM
https://itc.iuh.edu.vn/upload/files/KQ_PhucKhao_Ngay24den28-02%20va%2001den05-3.pdf,"https://itc.iuh.edu.vn/detail@93-1675-KET-QUA-PHUC-KHAO-NGAY-24,25,26,27,28-02-2022-VA-1,2,3,4,5-03-2022.html",KQPhucKhao,itc.iuh.edu.vn,Trung tâm Ngoại ngữ - Tin học,HCM
https://itc.iuh.edu.vn/upload/files/Ngay12-3-2022_Ca1.pdf,"https://itc.iuh.edu.vn/detail@93-1674-KET-QUA-THI-NGAY-12-03-2022-(CA1,CA2).html",KQThiNgay12-03-2021(ca1),itc.iuh.edu.vn,Trung tâm Ngoại ngữ - Tin học,HCM
https://itc.iuh.edu.vn/upload/files/Ngay12-3-2022_Ca2%20(1).pdf,"https://itc.iuh.edu.vn/detail@93-1674-KET-QUA-THI-NGAY-12-03-2022-(CA1,CA2).html",KQThiNgay12-03-2021(ca2),itc.iuh.edu.vn,Trung tâm Ngoại ngữ - Tin học,HCM
https://iuh.edu.vn/Resource/Upload2/files/2015/05/hoc%20phan%20va%20hoc%20phi%202015-2016.pdf,https://iuh.edu.vn/vi/hoc-bong/danh-sach-hssv-duoc-cap-hoc-bong-hoc-ky-i-nam-hoc-2014-2015-co-so-1-1782.html,xem chi tiết,iuh.edu.vn,Trường (trang chính),HCM
https://iuh.edu.vn/Resource/Upload2/files/2015/06/kh%20ndc%202015.pdf,https://iuh.edu.vn/vi/hoc-bong/ke-hoach-xet-hoc-bong-nguyen-duc-canh-nam-hoc-2014-2015-1783.html,tại đây,iuh.edu.vn,Trường (trang chính),HCM
https://iuh.edu.vn/Resource/Upload2/files/2015/10/hoc%20bong%20vuot%20kho%202015.pdf,https://iuh.edu.vn/vi/hoc-bong/thong-bao-v-v-xet-cap-hoc-bong-cho-hssv-vuot-kho-hieu-hoc-2015-1784.html,tại đây,iuh.edu.vn,Trường (trang chính),HCM
https://iuh.edu.vn/Resource/Upload2/files/2016/06/GP%20-%20Tap%20chi%20KHCN%20-%20IUH.pdf,https://iuh.edu.vn/vi/nghien-cuu/giay-phep-hoat-dong-tap-chi-khoa-hoc-va-cong-nghe-truong-dai-hoc-cong-nghiep-tp-hcm-1724.html,tại đây,iuh.edu.vn,Trường (trang chính),HCM
https://iuh.edu.vn/Resource/Upload2/files/2016/06/Thong%20bao%20-%20Ket%20qua%20duyet%20bai%20ICATSD2016.pdf,https://iuh.edu.vn/vi/nghien-cuu/thong-bao-ket-qua-xet-duyet-bai-bao-tham-du-hoi-nghi-khoa-hoc-quoc-te-icatsd2016-1725.html,tại đây,iuh.edu.vn,Trường (trang chính),HCM
https://iuh.edu.vn/Resource/Upload2/files/2016/10/qd2255-.pdf,https://iuh.edu.vn/vi/thanh-tich-hoc-tap/quyet-dinh-v-v-cap-hoc-bong-hoc-ky-ii-nam-hoc-2016-2017-cua-sinh-vien-dai-hoc-chinh-quy-he-chat-luong-cao-1776.html,tại đây,iuh.edu.vn,Trường (trang chính),HCM
https://iuh.edu.vn/Resource/Upload2/files/2017/03/Qd647_xet_va_cap_hoc_bong.pdf,https://iuh.edu.vn/vi/hoc-bong/quyet-dinh-v-v-xet-cap-hoc-bong-khuyen-khich-tiep-tuc-hoc-trinh-do-thac-si-1791.html,tại đây,iuh.edu.vn,Trường (trang chính),HCM
https://iuh.edu.vn/Resource/Upload2/files/2017/05/qd_2114.pdf,https://iuh.edu.vn/vi/thanh-tich-hoc-tap/quyet-dinh-v-v-cap-hoc-bong-hoc-ky-i-nam-hoc-2017-2018-cua-sinh-vien-dai-hoc-he-chat-luong-cao-1777.html,tại đây,iuh.edu.vn,Trường (trang chính),HCM
https://iuh.edu.vn/Resource/Upload2/files/2017/12/qd_3465.pdf,https://iuh.edu.vn/vi/thanh-tich-hoc-tap/quyet-dinh-v-v-cap-hoc-bong-hoc-ky-ii-nam-hoc-2017-2018-cua-sinh-vien-dai-hoc-he-chat-luong-cao-1779.html,tại đây,iuh.edu.vn,Trường (trang chính),HCM
https://iuh.edu.vn/Resource/Upload2/files/2018/10/tb_146.pdf,https://iuh.edu.vn/vi/hoc-bong/thong-bao-v-v-xet-cap-hoc-bong-sinh-vien-vuot-kho-hieu-hoc-1794.html,tại đây,iuh.edu.vn,Trường (trang chính),HCM
https://iuh.edu.vn/Resource/Upload2/files/2019/02/tb07.pdf,https://iuh.edu.vn/vi/thanh-tich-hoc-tap/thong-bao-v-v-chi-tra-tien-mien-giam-hoc-phi-ho-tro-chi-phi-hoc-tap-1780.html,tại đây,iuh.edu.vn,Trường (trang chính),HCM
https://iuh.edu.vn/Resource/Upload2/files/2019/03/kh_hoi_nghi_kh_tre.pdf,https://iuh.edu.vn/vi/nghien-cuu/ke-hoach-to-chuc-hoi-nghi-khoa-hoc-tre-lan-1-nam-2019-1736.html,tại đây,iuh.edu.vn,Trường (trang chính),HCM
https://iuh.edu.vn/Resource/Upload2/files/2019/10/tb124.pdf,https://iuh.edu.vn/vi/hoc-bong/thong-bao-v-v-xet-cap-hoc-bong-sinh-vien-vuot-kho-hieu-hoc-nam-2019-1796.html,tại đây,iuh.edu.vn,Trường (trang chính),HCM
https://iuh.edu.vn/Resource/Upload2/files/2019/11/kh24.pdf,https://iuh.edu.vn/vi/nghien-cuu/ke-hoach-to-chuc-hoi-nghi-khoa-hoc-tre-lan-2-nam-2020-1742.html,tại đây,iuh.edu.vn,Trường (trang chính),HCM
https://iuh.edu.vn/Resource/Upload2/files/2020/09/tb103.pdf,https://iuh.edu.vn/vi/nghien-cuu/thong-bao-v-v-gia-han-thoi-gian-nhan-bai-tham-gia-hoi-nghi-khoa-hoc-tre-2020-1745.html,tại đây,iuh.edu.vn,Trường (trang chính),HCM
https://iuh.edu.vn/Resource/Upload2/files/2021/01/kh02%20-%20to%20chuc%20Hoi%20nghi%20Khoa%20hoc%20tre.pdf,https://iuh.edu.vn/vi/nghien-cuu/ke-hoach-to-chuc-hoi-nghi-khoa-hoc-tre-lan-thu-3-nam-2021-1746.html,tại đây,iuh.edu.vn,Trường (trang chính),HCM
https://iuh.edu.vn/Resource/Upload2/files/2021/03/tb0821-ysc.pdf,https://iuh.edu.vn/vi/nghien-cuu/thong-bao-v-v-gia-han-thoi-gian-nop-bai-bao-hoi-nghi-khoa-hoc-tre-lan-3-nam-2021-1747.html,tại đây,iuh.edu.vn,Trường (trang chính),HCM
https://iuh.edu.vn/Resource/Upload2/files/2023/09/TB-967-2023.pdf,https://iuh.edu.vn/vi/thong-bao/thong-bao-v-v-xet-hoc-bong-quy-chung-mot-tam-long-cho-sinh-vien-truong-dai-hoc-cong-nghiep-thanh-pho-ho-chi-minh-1240.html,tại đây,iuh.edu.vn,Trường (trang chính),HCM
https://iuh.edu.vn/Resource/Upload2/files/2024/02/Thong%20bao%20dang%20ký%20học%20truoc%20HP%20trong%20CTDT%20thac%20si.pdf,https://iuh.edu.vn/vi/sau-dai-hoc.html,Xem chi tiết,iuh.edu.vn,Trường (trang chính),HCM
https://iuh.edu.vn/Resource/Upload2/files/2024/08/QuyTrinhNhapHocTongThe%20(1).pdf,https://iuh.edu.vn/vi/thong-bao/huong-dan-quy-trinh-nhap-hoc-cho-tan-sinh-vien-khoa-20-nam-hoc-2024-2025-1209.html,tại đây,iuh.edu.vn,Trường (trang chính),HCM
https://iuh.edu.vn/Resource/Upload2/files/2024/08/TB-915-2024.pdf,https://iuh.edu.vn/vi/thong-bao/thong-bao-ke-hoach-xet-cong-nhan-tot-nghiep-dot-thang-10-nam-2024-1207.html,tại đây,iuh.edu.vn,Trường (trang chính),HCM
https://iuh.edu.vn/Resource/Upload2/files/2024/08/tb-891-2024.pdf,https://iuh.edu.vn/vi/thong-bao/thong-bao-v-v-nghi-le-quoc-khanh-nam-2024-1208.html,tại đây,iuh.edu.vn,Trường (trang chính),HCM
https://iuh.edu.vn/Resource/Upload2/files/2024/09/HD-02-2024.pdf,https://iuh.edu.vn/vi/thong-bao/huong-dan-nop-ho-so-de-nghi-cap-hoc-bong-tuyen-sinh-nam-hoc-2024-2025-1206.html,tại đây,iuh.edu.vn,Trường (trang chính),HCM
https://iuh.edu.vn/Resource/Upload2/files/2024/09/Thong%20Bao%20SVK20%20TG_BHYT_2024.pdf,https://iuh.edu.vn/vi/thong-bao/thong-bao-v-v-sinh-vien-khoa-20-tham-gia-bao-hiem-y-te-thang-10-11-12-nam-2024-1205.html,tại đây,iuh.edu.vn,Trường (trang chính),HCM
https://iuh.edu.vn/Resource/Upload2/files/2024/09/tb-1579-2024.pdf,https://iuh.edu.vn/vi/thong-bao/thong-bao-thoi-han-hoc-tap-tai-truong-cua-sinh-vien-truong-dai-hoc-cong-nghiep-thanh-pho-ho-chi-minh-1201.html,tại đây,iuh.edu.vn,Trường (trang chính),HCM
https://iuh.edu.vn/Resource/Upload2/files/2024/09/tb-1584-2024.pdf,https://iuh.edu.vn/vi/thong-bao/thong-bao-v-v-to-chuc-le-khai-giang-nam-hoc-2024-2025-1198.html,tại đây,iuh.edu.vn,Trường (trang chính),HCM
https://iuh.edu.vn/Resource/Upload2/files/2024/09/tb924-2024.pdf,https://iuh.edu.vn/vi/thong-bao/thong-bao-v-v-thi-sat-hach-tieng-anh-dau-vao-doi-voi-sinh-vien-k20-1200.html,tại đây,iuh.edu.vn,Trường (trang chính),HCM
https://iuh.edu.vn/Resource/Upload2/files/2024/10/2024_TB%201581.pdf,https://iuh.edu.vn/vi/thong-bao/thong-bao-v-v-to-chuc-giang-day-va-hoc-tap-cac-hoc-phan-tieng-anh-tai-trung-tam-ngoai-ngu-tin-hoc-1199.html,tại đây,iuh.edu.vn,Trường (trang chính),HCM
https://iuh.edu.vn/Resource/Upload2/files/2024/10/TB-1593-2024.pdf,https://iuh.edu.vn/vi/thong-bao/thong-bao-v-v-thay-doi-thoi-gian-to-chuc-le-be-giang-va-trao-bang-tot-nghiep-dot-2-nam-2024-1196.html,tại đây,iuh.edu.vn,Trường (trang chính),HCM
https://iuh.edu.vn/Resource/Upload2/files/2024/10/TB-1595-2024(1).pdf,https://iuh.edu.vn/vi/thong-bao/thong-bao-v-v-nghi-tet-duong-lich-tet-nguyen-dan-at-ty-nam-2025-1195.html,tại đây,iuh.edu.vn,Trường (trang chính),HCM
https://iuh.edu.vn/Resource/Upload2/files/2024/10/tb1598-2024.pdf,https://iuh.edu.vn/vi/thong-bao/thong-bao-v-v-tuyen-chon-sinh-vien-di-thuc-tap-co-huong-luong-tai-dai-loan-1193.html,tại đây,iuh.edu.vn,Trường (trang chính),HCM
https://iuh.edu.vn/Resource/Upload2/files/2024/12/tb-1622-2024.pdf,https://iuh.edu.vn/vi/thong-bao/thong-bao-ke-hoach-xet-cong-nhan-tot-nghiep-dot-thang-02-nam-2025-1190.html,tại đây,iuh.edu.vn,Trường (trang chính),HCM
https://iuh.edu.vn/Resource/Upload2/files/Tap%20chi%20KHCN/Tap%20chi%20KHCN%20-%20So%2024.pdf,https://iuh.edu.vn/vi/nghien-cuu/tap-chi-khoa-hoc-va-cong-nghe-so-24-03-2016-1728.html,tại đây,iuh.edu.vn,Trường (trang chính),HCM
https://iuh.edu.vn/Resource/Upload2/files/Tap%20chi%20KHCN/Tap%20chi%20KHCN%20-%20So%2025.pdf,https://iuh.edu.vn/vi/nghien-cuu/tap-chi-khoa-hoc-va-cong-nghe-so-25-01-2017-1730.html,tại đây,iuh.edu.vn,Trường (trang chính),HCM
https://iuh.edu.vn/Resource/Upload2/files/Tap%20chi%20KHCN/_So%2027%20-%20Web.pdf,https://iuh.edu.vn/vi/nghien-cuu/tap-chi-khoa-hoc-va-cong-nghe-so-27-03-2017-1733.html,tại đây,iuh.edu.vn,Trường (trang chính),HCM
https://iuh.edu.vn/Resource/Upload2/files/Tap%20chi%20KHCN/_So%2029%20-%20Web.pdf,https://iuh.edu.vn/vi/nghien-cuu/tap-chi-khoa-hoc-va-cong-nghe-so-29-05-2017-1734.html,tại đây,iuh.edu.vn,Trường (trang chính),HCM
https://iuh.edu.vn/Resource/Upload2/files/Tap%20chi%20KHCN/_Tap%20chi%20KHCN%20-%20So%2026%20-%20Bia.pdf,https://iuh.edu.vn/vi/nghien-cuu/tap-chi-khoa-hoc-va-cong-nghe-so-26-02-2017-1731.html,tại đây,iuh.edu.vn,Trường (trang chính),HCM
https://iuh.edu.vn/Resource/Upload2/files/documents/tapchiKHCN/TapchiKHCN-Vol23.pdf,https://iuh.edu.vn/vi/nghien-cuu/tap-chi-khoa-hoc-va-cong-nghe-so-23-02-2016-1726.html,tại đây,iuh.edu.vn,Trường (trang chính),HCM
https://iuh.edu.vn/upload/files/2025/10/2025_CV%201447%20Ba%CC%81o%20ca%CC%81o%20thu%CC%9B%CC%A3c%20hie%CC%A3%CC%82n%20Quy%20che%CC%82%CC%81%20co%CC%82ng%20khai%20na%CC%86m%20ho%CC%A3c%202024-2025%20(1).pdf,https://iuh.edu.vn/vi/ba-cong-khai/ba-cong-khai-nam-hoc-2024-2025-2046.html,tại đây,iuh.edu.vn,Trường (trang chính),HCM
https://iuh.edu.vn/upload/files/2025/11/TB-1825-2025.pdf,https://iuh.edu.vn/vi/thong-bao/thong-bao-v-v-sinh-vien-tham-gia-bao-hiem-y-te-nam-2026-2088.html,tại đây,iuh.edu.vn,Trường (trang chính),HCM
https://iuh.edu.vn/upload/files/2025/11/TB-1829-2025.pdf,https://iuh.edu.vn/vi/thong-bao/thong-bao-ke-hoach-xet-cong-nhan-tot-nghiep-bac-dai-hoc-dot-thang-3-nam-2026-2103.html,tại đây,iuh.edu.vn,Trường (trang chính),HCM
https://iuh.edu.vn/upload/files/2025/11/TB1823.pdf,https://iuh.edu.vn/vi/thong-bao/thong-bao-v-v-gia-han-nop-hoc-phi-hoc-ky-ii-nam-hoc-2025-2026-doi-voi-sinh-vien-cua-truong-dai-hoc-cong-nghiep-tphcm-song-tai-cac-dia-phuong-chiu-anh-huong-boi-thien-tai-bao-lu-2085.html,tại đây,iuh.edu.vn,Trường (trang chính),HCM
https://iuh.edu.vn/upload/files/2025/12/TB-1856-2025.pdf,https://iuh.edu.vn/vi/thong-bao/thong-bao-v-v-dieu-chinh-lich-nghi-tet-duong-lich-nam-2026-2114.html,tại đây,iuh.edu.vn,Trường (trang chính),HCM
https://iuh.edu.vn/upload/files/2026/03/TB-100-2026.pdf,https://iuh.edu.vn/vi/thong-bao/thong-bao-v-v-dang-ky-hoc-phan-va-dong-hoc-phi-hoc-ky-iii-nam-hoc-2025-2026-2165.html,tại đây,iuh.edu.vn,Trường (trang chính),HCM
https://iuh.edu.vn/upload/files/2026/03/TB-63-2026.pdf,https://iuh.edu.vn/vi/thong-bao/thong-bao-v-v-nghi-hoc-de-to-chuc-va-tham-gia-bau-cu-dai-bieu-quoc-hoi-va-hoi-dong-nhan-dan-cac-cap-2148.html,tại đây,iuh.edu.vn,Trường (trang chính),HCM
https://iuh.edu.vn/upload/files/2026/03/TB-84-2026.pdf,https://iuh.edu.vn/vi/thong-bao/thong-bao-tuyen-sinh-dao-tao-lien-thong-tu-trinh-do-cao-dang-len-trinh-do-dai-hoc-dot-1-nam-2026-2154.html,tại đây,iuh.edu.vn,Trường (trang chính),HCM
https://iuh.edu.vn/upload/files/2026/03/qd-656-2026.pdf,https://iuh.edu.vn/vi/thong-bao/quyet-dinh-ban-hanh-tien-do-dao-tao-nam-hoc-2026-2027-2156.html,tại đây,iuh.edu.vn,Trường (trang chính),HCM
https://iuh.edu.vn/upload/files/2026/03/qd-736-2026.pdf,https://iuh.edu.vn/vi/thong-bao/quyet-dinh-ban-hanh-bieu-trung-ky-niem-70-nam-thanh-lap-truong-dai-hoc-cong-nghiep-tphcm-11-11-1956-11-11-2026-2169.html,tại đây,iuh.edu.vn,Trường (trang chính),HCM
https://iuh.edu.vn/upload/files/2026/03/tb-82-2026.pdf,https://iuh.edu.vn/vi/thong-bao/thong-bao-v-v-nghi-le-gio-to-hung-vuong-10-3-am-lich-ngay-chien-thang-30-4-va-ngay-quoc-te-lao-dong-01-5-nam-2026-2151.html,tại đây,iuh.edu.vn,Trường (trang chính),HCM
https://iuh.edu.vn/upload/files/2026/03/tb-92-2026.pdf,https://iuh.edu.vn/vi/thong-bao/thong-bao-v-v-nghi-hoc-trong-thoi-gian-to-chuc-ky-thi-danh-gia-nang-luc-dhqg-hcm-dot-1-ngay-05-4-2026-tai-cum-thi-truong-dai-hoc-cong-nghiep-tp-ho-chi-minh-2160.html,tại đây,iuh.edu.vn,Trường (trang chính),HCM
https://iuh.edu.vn/upload/files/2026/04/867_Thongbao_tuyensinh_2026.pdf,https://iuh.edu.vn/vi/thong-bao/thong-bao-tuyen-sinh-dai-hoc-he-chinh-quy-nam-2026-2176.html,tại đây,iuh.edu.vn,Trường (trang chính),HCM
https://iuh.edu.vn/upload/files/2026/04/Ke%CC%82%CC%81%20hoa%CC%A3ch%20so%CC%82%CC%81%2002_2026_Trie%CC%82%CC%89n%20khai%20cuo%CC%A3%CC%82c%20thi%20chi%CC%81nh%20lua%CC%A3%CC%82n%20ve%CC%82%CC%80%20ba%CC%89o%20ve%CC%A3%CC%82%20ne%CC%82%CC%80n%20ta%CC%89ng%20tu%CC%9B%20tu%CC%9Bo%CC%9B%CC%89ng%20cu%CC%89a%20Da%CC%89ng%20la%CC%82%CC%80n%20thu%CC%9B%CC%81%20Sa%CC%81u%20na%CC%86m%202026%20ta%CC%A3i%20Da%CC%89ng%20bo%CC%A3%CC%82%20IUH.pdf,https://iuh.edu.vn/vi/thong-bao/ke-hoach-trien-khai-cuoc-thi-chinh-luan-ve-bao-ve-nen-tang-tu-tuong-cua-dang-lan-thu-6-nam-2026-tai-dang-bo-truong-dh-cong-nghiep-tphcm-2186.html,tại đây,iuh.edu.vn,Trường (trang chính),HCM
https://iuh.edu.vn/upload/files/2026/04/Ke-hoach-99-ke-hoach-to-chuc-cuoc-thi-chinh-luan.pdf,https://iuh.edu.vn/vi/thong-bao/ke-hoach-trien-khai-cuoc-thi-chinh-luan-ve-bao-ve-nen-tang-tu-tuong-cua-dang-lan-thu-6-nam-2026-tai-dang-bo-truong-dh-cong-nghiep-tphcm-2186.html,"Kế hoạch số 99-KH/HVCTQG về tổ chức Cuộc thi chính luận về bảo vệ nền tảng tư tưởng của Đảng lần thứ Sáu, năm 2026",iuh.edu.vn,Trường (trang chính),HCM
https://iuh.edu.vn/upload/files/2026/04/TB-83-2026.pdf,https://iuh.edu.vn/vi/thong-bao/thong-bao-ke-hoach-xet-cong-nhan-tot-nghiep-bac-dai-hoc-dot-thang-7-nam-2026-2174.html,tại đây,iuh.edu.vn,Trường (trang chính),HCM
https://iuh.edu.vn/upload/files/2026/04/TB-866-2026.pdf,https://iuh.edu.vn/vi/thong-bao/thong-bao-ke-hoach-nghi-he-doi-voi-sinh-vien-nam-2026-2177.html,tại đây,iuh.edu.vn,Trường (trang chính),HCM
https://iuh.edu.vn/upload/files/2026/04/tb-868-2026-20260417043726-e.pdf,https://iuh.edu.vn/vi/thong-bao/thong-bao-v-v-van-dong-dong-gop-hinh-anh-tu-lieu-va-hien-vat-huong-toi-ky-niem-70-nam-ngay-thanh-lap-truong-dai-hoc-cong-nghiep-tphcm-11-11-1956-11-11-2026-2179.html,tại đây,iuh.edu.vn,Trường (trang chính),HCM
https://iuh.edu.vn/upload/files/2026/05/TB-889-2026.pdf,https://iuh.edu.vn/vi/thong-bao/thong-bao-v-v-nghi-hoc-trong-thoi-gian-to-chuc-ky-thi-danh-gia-nang-luc-dhqg-hcm-dot-2-ngay-24-5-2026-tai-cum-thi-truong-dai-hoc-cong-nghiep-tphcm-2195.html,tại đây,iuh.edu.vn,Trường (trang chính),HCM
https://iuh.edu.vn/upload/files/2026/05/TB_Dang%20ki%20hoc%20phan%20HK1-nam%20hoc%202026-2027.pdf,https://iuh.edu.vn/vi/thong-bao/thong-bao-v-v-dang-ky-hoc-phan-va-dong-hoc-phi-hoc-ky-i-nam-hoc-2026-2027-2188.html,tại đây,iuh.edu.vn,Trường (trang chính),HCM
https://iuh.edu.vn/upload/files/2026/07/HD%20Mien%20giam%20hoc%20phi%20nam%20hoc%202026%20-%202027.pdf,https://iuh.edu.vn/vi/thong-bao/huong-dan-v-v-thuc-hien-chinh-sach-mien-giam-hoc-phi-va-ho-tro-chi-phi-hoc-tap-nam-hoc-2026-2027-2234.html,tại đây,iuh.edu.vn,Trường (trang chính),HCM
https://iuh.edu.vn/upload/files/2026/07/TB%20923.pdf,https://iuh.edu.vn/vi/thong-bao/thong-bao-ve-ket-qua-du-dieu-kien-trung-tuyen-dien-tuyen-thang-vao-dai-hoc-chinh-quy-nam-2026-2218.html,tại đây,iuh.edu.vn,Trường (trang chính),HCM
https://iuh.edu.vn/upload/files/2026/07/TB%20925.pdf,https://iuh.edu.vn/vi/thong-bao/thong-bao-thoi-han-hoc-tap-tai-truong-cua-sinh-vien-truong-dai-hoc-cong-nghiep-thanh-pho-ho-chi-minh-2215.html,tại đây,iuh.edu.vn,Trường (trang chính),HCM
https://iuh.edu.vn/upload/files/2026/07/TB%20930.pdf,https://iuh.edu.vn/vi/thong-bao/thong-bao-nguong-dam-bao-chat-luong-dau-vao-tuyen-sinh-bac-dai-hoc-he-chinh-quy-nam-2026-2223.html,tại đây,iuh.edu.vn,Trường (trang chính),HCM
https://iuh.edu.vn/upload/files/2026/08/02_Huong_dan_dang_ky_noi_tru_nam_hoc_2026_2027.pdf,https://iuh.edu.vn/vi/huong-dan-nhap-hoc.html,Xem tại đây,iuh.edu.vn,Trường (trang chính),HCM
https://iuh.edu.vn/upload/files/2026/08/TB-957-2026.pdf,https://iuh.edu.vn/vi/thong-bao/thong-bao-v-v-nghi-le-quoc-khanh-nam-2026-2232.html,tại đây,iuh.edu.vn,Trường (trang chính),HCM
https://iuh.edu.vn/upload/files/2026/08/TB-971-2026.pdf,https://iuh.edu.vn/vi/thong-bao/thong-bao-diem-trung-tuyen-bac-dai-hoc-he-chinh-quy-nam-2026-2236.html,tại đây,iuh.edu.vn,Trường (trang chính),HCM
https://iuh.edu.vn/upload/files/2026/08/TB-972-2026.pdf,https://iuh.edu.vn/vi/thong-bao/thong-bao-diem-trung-tuyen-bac-dai-hoc-he-chinh-quy-nam-2026-tai-phan-hieu-quang-ngai-2237.html,tại đây,iuh.edu.vn,Trường (trang chính),HCM
https://iuh.edu.vn/upload/files/2026/08/TB-996-2026.pdf,https://iuh.edu.vn/vi/thong-bao/thong-bao-ke-hoach-xet-cong-nhan-tot-nghiep-bac-dai-hoc-dot-thang-10-nam-2026-2241.html,tại đây,iuh.edu.vn,Trường (trang chính),HCM
https://iuh.edu.vn/upload/files/2026/09/TB-1034-2026.pdf,https://iuh.edu.vn/vi/thong-bao/thong-bao-v-v-sinh-vien-khoa-22-tham-gia-bao-hiem-y-te-thang-10-11-12-nam-2026-2262.html,tại đây,iuh.edu.vn,Trường (trang chính),HCM
https://iuh.edu.vn/upload/files/ISDEA%20%26%20MLCI%202026%20Agenda%20Overview.pdf,https://iuh.edu.vn/vi/su-kien/hoi-nghi-quoc-te-isdea-mlci-2026-hoi-nghi-lan-thu-5-ve-thiet-ke-va-ung-dung-he-thong-thong-minh-isdea-2026-va-hoi-nghi-quoc-te-ve-hoc-may-va-tri-tue-tinh-toan-mlci-2026-2170.html,Xem tại đây,iuh.edu.vn,Trường (trang chính),HCM
https://ktx.iuh.edu.vn/upload/files/2017/08/tb_125.pdf,https://ktx.iuh.edu.vn/vi/tin-tuc-thong-bao/thong-bao-diem-trung-tuyen-he-dai-hoc-chinh-quy-dot-1-nam-2017-2215.html,Tải xuống,ktx.iuh.edu.vn,Phòng Quản lý Ký túc xá,HCM
https://ktx.iuh.edu.vn/upload/files/2017/08/tb_136.pdf,https://ktx.iuh.edu.vn/vi/tin-tuc-thong-bao/thong-bao-ve-viec-nghi-le-quoc-khanh-ngay-2-9-nam-2017-2214.html,Tải xuống,ktx.iuh.edu.vn,Phòng Quản lý Ký túc xá,HCM
https://ktx.iuh.edu.vn/upload/files/2017/08/tb_137.pdf,https://ktx.iuh.edu.vn/vi/tin-tuc-thong-bao/thong-bao-diem-trung-tuyen-dot-xet-tuyen-bo-sung-he-dai-hoc-chinh-quy-nam-2017-2216.html,Tải xuống,ktx.iuh.edu.vn,Phòng Quản lý Ký túc xá,HCM
https://ktx.iuh.edu.vn/upload/files/2017/11/thong_bao_nghi_tet2018.pdf,https://ktx.iuh.edu.vn/vi/tin-tuc-thong-bao/thong-bao-v-v-nghi-tet-nguyen-dan-mau-tuat-2018-2217.html,Tải xuống,ktx.iuh.edu.vn,Phòng Quản lý Ký túc xá,HCM
https://ktx.iuh.edu.vn/upload/files/2021/08/DanhSachSV_1.pdf,https://ktx.iuh.edu.vn/vi/tin-tuc-thong-bao/danh-sach-sv-duoc-xet-o-ktx-nam-hoc-2021-2022-2220.html,- Danh sách sinh viên 1.,ktx.iuh.edu.vn,Phòng Quản lý Ký túc xá,HCM
https://ktx.iuh.edu.vn/upload/files/2021/08/DanhSachSV_2.pdf,https://ktx.iuh.edu.vn/vi/tin-tuc-thong-bao/danh-sach-sv-duoc-xet-o-ktx-nam-hoc-2021-2022-2220.html,- Danh sách sinh viên 2.,ktx.iuh.edu.vn,Phòng Quản lý Ký túc xá,HCM
https://ktx.iuh.edu.vn/upload/files/B%E1%BA%ABy%20l%E1%BB%ABa%20d%E1%BA%A3o%20buon%20ngu%E1%BB%9Di.pdf,https://ktx.iuh.edu.vn/vi/tap-huan-ky-nang/goc-canh-giac-bay-mua-ban-nguoi-tai-campuchia-2259.html,Tải xuống,ktx.iuh.edu.vn,Phòng Quản lý Ký túc xá,HCM
https://ktx.iuh.edu.vn/upload/files/C%E1%BA%A9m%20nang%20PCCC.pdf,https://ktx.iuh.edu.vn/vi/tap-huan-ky-nang/cam-nang-phong-chay-chua-chay-va-thoat-nan-trong-gia-dinh-2261.html,Tải xuống,ktx.iuh.edu.vn,Phòng Quản lý Ký túc xá,HCM
https://ktx.iuh.edu.vn/upload/files/HU%E1%BB%9ANG%20D%E1%BA%AAN%20SINH%20VIEN%20S%E1%BB%AC%20D%E1%BB%A4NG%20WIFI%20DHCN.pdf,https://ktx.iuh.edu.vn/vi/tin-tuc-thong-bao/huong-dan-sinh-vien-su-dung-wifi-dhcn-2224.html,Tải xuống,ktx.iuh.edu.vn,Phòng Quản lý Ký túc xá,HCM
https://ktx.iuh.edu.vn/upload/files/Hu%E1%BB%9Bng%20d%E1%BA%ABn%20dang%20ky%20n%E1%BB%99i%20tru%20nam%20h%E1%BB%8Dc%202021-2022.pdf,https://ktx.iuh.edu.vn/vi/tin-tuc-thong-bao/huong-dan-dang-ky-noi-tru-nam-hoc-2021-2022-2222.html,Tải xuống,ktx.iuh.edu.vn,Phòng Quản lý Ký túc xá,HCM
https://ktx.iuh.edu.vn/upload/files/Hu%E1%BB%9Bng%20d%E1%BA%ABn%20dang%20ky%20n%E1%BB%99i%20tru%20nam%20h%E1%BB%8Dc%202026-2027%20(Danh%20cho%20sinh%20vien%20khoa%20m%E1%BB%9Bi%20nh%E1%BA%ADp%20h%E1%BB%8Dc).pdf,https://ktx.iuh.edu.vn/vi/tin-tuc-thong-bao/huong-dan-dang-ky-noi-tru-bang-hinh-thuc-online-nam-hoc-2026-2027-2254.html,Tải xuống,ktx.iuh.edu.vn,Phòng Quản lý Ký túc xá,HCM
https://ktx.iuh.edu.vn/upload/files/Hu%E1%BB%9Bng%20d%E1%BA%ABn%20v%E1%BB%81%20vi%E1%BB%87c%20mi%E1%BB%85n%2C%20gi%E1%BA%A3m%20phi%20%E1%BB%9F%20ky%20tuc%20xa%20nam%20h%E1%BB%8Dc%202025-2026(1).pdf,https://ktx.iuh.edu.vn/vi/tin-tuc-thong-bao/huong-dan-ve-viec-thuc-hien-mien-giam-phi-o-ky-tuc-xa-nam-hoc-2025-2026-2247.html,Tải xuống,ktx.iuh.edu.vn,Phòng Quản lý Ký túc xá,HCM
https://ktx.iuh.edu.vn/upload/files/HuongDanquytrinhdkktxonline%20_%20Tan%20sinh%20vien%202025.pdf,https://ktx.iuh.edu.vn/vi/tin-tuc-thong-bao/huong-dan-dang-ky-ky-tuc-xa-online-cho-tan-sinh-vien-nam-hoc-2025-2026-2244.html,Tải xuống,ktx.iuh.edu.vn,Phòng Quản lý Ký túc xá,HCM
https://ktx.iuh.edu.vn/upload/files/HuongDanquytrinhdkktxonline.pdf,https://ktx.iuh.edu.vn/vi/tin-tuc-thong-bao/huong-dan-quy-trinh-dang-ky-ktx-online-cho-tan-sinh-vien-nam-hoc-2024-2025-2237.html,Tải xuống,ktx.iuh.edu.vn,Phòng Quản lý Ký túc xá,HCM
https://ktx.iuh.edu.vn/upload/files/N%E1%BB%99i%20Quy%20KTX.pdf,https://ktx.iuh.edu.vn/vi/noi-quy-huong-dan/noi-quy-ktx-2269.html,Tải xuống,ktx.iuh.edu.vn,Phòng Quản lý Ký túc xá,HCM
https://ktx.iuh.edu.vn/upload/files/TB%20951-2023.pdf,https://ktx.iuh.edu.vn/vi/tin-tuc-thong-bao/thong-bao-v-v-dieu-chinh-gia-dien-nuoc-cho-sinh-vien-ktx-2231.html,Tải xuống,ktx.iuh.edu.vn,Phòng Quản lý Ký túc xá,HCM
https://ktx.iuh.edu.vn/upload/files/TB-Di%E1%BB%81u%20ch%E1%BB%89nh%20gia%20nu%E1%BB%9Bc%20sinh%20ho%E1%BA%A1t%20-%20KTX%202025.pdf,https://ktx.iuh.edu.vn/vi/tin-tuc-thong-bao/thong-bao-dieu-chinh-gia-nuoc-sinh-hoat-nam-2025-2241.html,Tải xuống,ktx.iuh.edu.vn,Phòng Quản lý Ký túc xá,HCM
https://ktx.iuh.edu.vn/upload/files/Thong%20bao%20%20dang%20ky%20KTX%20he%202026.pdf,https://ktx.iuh.edu.vn/vi/tin-tuc-thong-bao/thong-bao-ve-viec-sinh-vien-noi-tru-dang-ky-o-lai-dip-he-nam-hoc-2025-2026-2250.html,Tải xuống,ktx.iuh.edu.vn,Phòng Quản lý Ký túc xá,HCM
https://ktx.iuh.edu.vn/upload/files/Thong%20bao%20DK%20%E1%BB%9F%20KTX%20nam%20h%E1%BB%8Dc%202025-2026.pdf,https://ktx.iuh.edu.vn/vi/tin-tuc-thong-bao/thong-bao-ve-viec-dang-ky-ktx-nam-hoc-2025-2026-2243.html,Tải xuống,ktx.iuh.edu.vn,Phòng Quản lý Ký túc xá,HCM
https://ktx.iuh.edu.vn/upload/files/Thong%20bao%20DK%20he%20KTX%202024.pdf,https://ktx.iuh.edu.vn/vi/tin-tuc-thong-bao/thong-bao-ve-viec-dang-ky-o-ktx-he-nam-2024-2235.html,Tải xuống,ktx.iuh.edu.vn,Phòng Quản lý Ký túc xá,HCM
https://ktx.iuh.edu.vn/upload/files/Thong%20bao%20KTX%20he%20nam%20h%E1%BB%8Dc%202023-2024.pdf,https://ktx.iuh.edu.vn/vi/tin-tuc-thong-bao/thong-bao-ve-viec-dang-ky-ktx-he-nam-hoc-2023-2024-online-2236.html,Tải xuống,ktx.iuh.edu.vn,Phòng Quản lý Ký túc xá,HCM
https://ktx.iuh.edu.vn/upload/files/Thong%20bao%20dang%20ky%20%E1%BB%9F%20l%E1%BA%A1i%20KTX%20d%E1%BB%8Bp%20T%E1%BA%BFt%20Nguyen%20Dan%20nam%202026(2).pdf,https://ktx.iuh.edu.vn/vi/tin-tuc-thong-bao/thong-bao-ve-viec-dang-ky-o-lai-ktx-dip-tet-nguyen-dan-nam-2026-2248.html,Tải xuống,ktx.iuh.edu.vn,Phòng Quản lý Ký túc xá,HCM
https://ktx.iuh.edu.vn/upload/files/Thong%20bao%20dang%20ky%20%E1%BB%9F%20l%E1%BA%A1i%20t%E1%BA%BFt%202025.pdf,https://ktx.iuh.edu.vn/vi/tin-tuc-thong-bao/thong-bao-dang-ky-o-lai-ktx-dip-tet-nguyen-dan-at-ty-nam-2025-2240.html,Tải xuống,ktx.iuh.edu.vn,Phòng Quản lý Ký túc xá,HCM
https://ktx.iuh.edu.vn/upload/files/Thong%20bao%20dang%20ky%20KTX%20nam%20h%E1%BB%8Dc%202024-2025.pdf,https://ktx.iuh.edu.vn/vi/tin-tuc-thong-bao/thong-bao-ve-viec-dang-ky-o-noi-tru-nam-hoc-2024-2025-2234.html,Tải xuống,ktx.iuh.edu.vn,Phòng Quản lý Ký túc xá,HCM
https://ktx.iuh.edu.vn/upload/files/Thong%20bao%20dang%20ky%20he%202024-2025.pdf,https://ktx.iuh.edu.vn/vi/tin-tuc-thong-bao/thong-bao-dang-ky-ktx-he-nam-hoc-2024-2025-2242.html,Tải xuống,ktx.iuh.edu.vn,Phòng Quản lý Ký túc xá,HCM
https://ktx.iuh.edu.vn/upload/files/Thong%20bao%20v%E1%BB%81%20vi%E1%BB%87c%20MGKTX%20nam%20h%E1%BB%8Dc%202023-2024.pdf,https://ktx.iuh.edu.vn/vi/tin-tuc-thong-bao/thong-bao-ve-viec-mien-giam-le-phi-o-ktx-nam-hoc-2023-2024-2233.html,Tải xuống,ktx.iuh.edu.vn,Phòng Quản lý Ký túc xá,HCM
https://ktx.iuh.edu.vn/upload/files/Thong%20bao%20v%E1%BB%81%20vi%E1%BB%87c%20dang%20ky%20%E1%BB%9F%20n%E1%BB%99i%20tru%20nam%20h%E1%BB%8Dc%202021-2022.pdf,https://ktx.iuh.edu.vn/vi/tin-tuc-thong-bao/thong-bao-ve-viec-dang-ky-o-noi-tru-nam-hoc-2021-2022-2221.html,Tải xuống,ktx.iuh.edu.vn,Phòng Quản lý Ký túc xá,HCM
https://ktx.iuh.edu.vn/upload/files/Thong%20bao%20v%E1%BB%81%20vi%E1%BB%87c%20dang%20ky%20KTX%20nam%20h%E1%BB%8Dc%202022-2023.pdf,https://ktx.iuh.edu.vn/vi/tin-tuc-thong-bao/thong-bao-ve-viec-dang-ky-ktx-nam-hoc-2022-2023-2228.html,Tải xuống,ktx.iuh.edu.vn,Phòng Quản lý Ký túc xá,HCM
https://ktx.iuh.edu.vn/upload/files/Thong%20bao%20v%E1%BB%81%20vi%E1%BB%87c%20mi%E1%BB%85n%20gi%E1%BA%A3m%20l%E1%BB%87%20phi%20KTX%20nam%20h%E1%BB%8Dc%202024-2025.pdf,https://ktx.iuh.edu.vn/vi/tin-tuc-thong-bao/thong-bao-ve-viec-mien-giam-le-phi-phong-o-ktx-nam-hoc-2024-2025-2239.html,Tải xuống,ktx.iuh.edu.vn,Phòng Quản lý Ký túc xá,HCM
https://ktx.iuh.edu.vn/upload/files/Thong%20tin%20c%E1%BA%A7n%20bi%E1%BA%BFt.pdf,https://ktx.iuh.edu.vn/vi/tap-huan-ky-nang/nhung-dieu-can-biet-ve-cccd-gan-chip-2260.html,Tải xuống,ktx.iuh.edu.vn,Phòng Quản lý Ký túc xá,HCM
https://ktx.iuh.edu.vn/upload/files/Tuyen%20truy%E1%BB%81n%20v%E1%BB%81%20vi%E1%BB%87c%20l%E1%BB%ABa%20d%E1%BA%A3o%20quan%20m%E1%BA%A1ng.pdf,https://ktx.iuh.edu.vn/vi/tap-huan-ky-nang/tuyen-truyen-ve-viec-khuyen-cao-den-nguoi-dan-tren-dia-ban-mot-so-phuong-thuc-thu-doan-hoat-dong-lua-dao-chiem-doat-tai-san-thong-qua-khong-gian-mang-cua-cac-doi-tuong-to-chuc-hoat-dong-pham-toi-2258.html,Tải xuống,ktx.iuh.edu.vn,Phòng Quản lý Ký túc xá,HCM
https://pdt.iuh.edu.vn/Uploads/08f3071f-6d09-4d00-b721-2fc46a60e336_8-Don-thoi-hoc.pdf,https://pdt.iuh.edu.vn/quy-trinh-giai-quyet-hoc-vu,(Tải mẫu đơn),pdt.iuh.edu.vn,Phòng Đào tạo,HCM
https://pdt.iuh.edu.vn/Uploads/152ffa6e-1ac2-439c-816a-75febd546433_4Tam-ngung-hoc_bao-luu.pdf,https://pdt.iuh.edu.vn/%20to-chuc-dao-tao,xem tại đây,pdt.iuh.edu.vn,Phòng Đào tạo,HCM
https://pdt.iuh.edu.vn/Uploads/184bdbe0-55bd-4c96-9bf9-31761077668c_867_Thongbao_tuyensinh_2026.pdf,https://pdt.iuh.edu.vn/thong-bao-tuyen-sinh-dai-hoc-he-chinh-quy-nam-2026,Xem và tải xuống,pdt.iuh.edu.vn,Phòng Đào tạo,HCM
https://pdt.iuh.edu.vn/Uploads/1c2292e1-08fa-46fd-a06a-0340c81410cb_TB_tuyen_sinh_T11_2019.pdf,https://pdt.iuh.edu.vn/thong-bao-tuyen-sinh-dao-tao-lien-thong-hinh-thuc-vua-hoc-vua-lam-tu-trinh-do-cao-dang-len-trinh-do-dai-hoc-dot-2-nam-2019,Xem và tải xuống,pdt.iuh.edu.vn,Phòng Đào tạo,HCM
https://pdt.iuh.edu.vn/Uploads/21d70674-f0f1-47c7-a070-a457bcde7e28_M1.GH_DON DE NGHI MO TAI KHOAN SV (chua HTCTDT).pdf,https://pdt.iuh.edu.vn/quy-trinh-giai-quyet-hoc-vu,(Tài mẫu đơn),pdt.iuh.edu.vn,Phòng Đào tạo,HCM
https://pdt.iuh.edu.vn/Uploads/225a7a6b-0bdf-4bc5-9abd-249a13286c63_1-Don-xin-chuyen-bac-dao-tao.pdf,https://pdt.iuh.edu.vn/quy-trinh-giai-quyet-hoc-vu,(Tải mẫu đơn),pdt.iuh.edu.vn,Phòng Đào tạo,HCM
https://pdt.iuh.edu.vn/Uploads/227fc761-b451-4fbe-8889-83a726bd49dd_03. Don DN xet cap HB TS (DT02).pdf,https://pdt.iuh.edu.vn/thong-bao-nop-ho-so-de-nghi-xet-cap-hoc-bong-tuyen-sinh-nam-hoc-2026---2027,tại đây,pdt.iuh.edu.vn,Phòng Đào tạo,HCM
https://pdt.iuh.edu.vn/Uploads/23e28992-5c98-4f6c-a520-a4c63ff42b63_qd-798-2025.pdf,https://pdt.iuh.edu.vn/ke-hoach-xet-cong-nhan-tot-nghiep-dot-thang-10-nam-2025,Xem và tải xuống,pdt.iuh.edu.vn,Phòng Đào tạo,HCM
https://pdt.iuh.edu.vn/Uploads/2426107a-8e9e-4f7c-97bb-358dcaed6612_TB-63-2026.pdf,https://pdt.iuh.edu.vn/thong-bao-vv-nghi-hoc-de-to-chuc-va-tham-gia-bau-cu-dai-bieu-quoc-hoi-va-hoi-dong-nhan-dan-cac-cap,Xem và tải xuống,pdt.iuh.edu.vn,Phòng Đào tạo,HCM
https://pdt.iuh.edu.vn/Uploads/259f218e-80cd-4c0e-8f96-1a8dcd243ef2_6Canh-bao-ket-qua-hoc-tap-va-buoc-thoi-hoc.pdf,https://pdt.iuh.edu.vn/%20to-chuc-dao-tao,xem tại đây,pdt.iuh.edu.vn,Phòng Đào tạo,HCM
https://pdt.iuh.edu.vn/Uploads/293a3be7-7995-4576-85fd-e2d58e7058f5_tb159.pdf,https://pdt.iuh.edu.vn/thong-bao-ke-hoach-xet-cong-nhan-tot-nghiep-dot-thang-12-nam-2022,Xem và tải xuống,pdt.iuh.edu.vn,Phòng Đào tạo,HCM
https://pdt.iuh.edu.vn/Uploads/29d03f15-d665-4185-a2b5-bb5d99471150_Thong bao HB.TS_K.22.pdf,https://pdt.iuh.edu.vn/thong-bao-nop-ho-so-de-nghi-xet-cap-hoc-bong-tuyen-sinh-nam-hoc-2026---2027,Xem và tải xuống,pdt.iuh.edu.vn,Phòng Đào tạo,HCM
https://pdt.iuh.edu.vn/Uploads/2bb7636d-37fd-47a9-a2c6-182f6763a081_2-Don-xin-chuyen-co-so.pdf,https://pdt.iuh.edu.vn/quy-trinh-giai-quyet-hoc-vu,(Tải mẫu đơn),pdt.iuh.edu.vn,Phòng Đào tạo,HCM
"https://pdt.iuh.edu.vn/Uploads/34c41776-581a-4a23-9da7-24426b29cf76_0. Quy trình chỉnh sửa điểm, bổ sung điểm, xóa cột điểm.pdf",https://pdt.iuh.edu.vn/huong-dan-quy-trinh-bo-sung-diem-dieu-chinh-diem-xoa-va-mo-khoa-cot-diem,Xem và tải xuống,pdt.iuh.edu.vn,Phòng Đào tạo,HCM
https://pdt.iuh.edu.vn/Uploads/38feb5ec-43cb-4bd3-b3e9-f9c124a34b11_03. Don DN xet cap HB TS (DT02).pdf,https://pdt.iuh.edu.vn/thong-bao-nop-ho-so-de-nghi-xet-cap-hoc-bong-tuyen-sinh-nam-hoc-2026---2027,,pdt.iuh.edu.vn,Phòng Đào tạo,HCM
https://pdt.iuh.edu.vn/Uploads/3c7cd44c-20c8-44d0-bda8-bfc5b2a22a29_TB1823.pdf,https://pdt.iuh.edu.vn/thong-bao-vv-gia-han-nop-hoc-phi-hoc-ki-ii-20252026-dia-phuong-chiu-anh-huong-boi-thien-tai,Xem và tải xuống,pdt.iuh.edu.vn,Phòng Đào tạo,HCM
https://pdt.iuh.edu.vn/Uploads/40cf1399-3d6a-4938-a7f9-fd58545a48ef_20. Don xin thi bo sung hoc phan.pdf,https://pdt.iuh.edu.vn/quy-trinh-giai-quyet-hoc-vu,(Tải mẫu đơn),pdt.iuh.edu.vn,Phòng Đào tạo,HCM
https://pdt.iuh.edu.vn/Uploads/4aeb85f5-0fe6-4803-89f6-59b4504eb916_tb1735.pdf,https://pdt.iuh.edu.vn/thong-bao-vv-cap-hoc-bong-khuyen-khich-hoc-tap-trinh-do-thac-si-cho-sinh-vien-tot-nghiep-nam-2023,Xem và tải xuống,pdt.iuh.edu.vn,Phòng Đào tạo,HCM
https://pdt.iuh.edu.vn/Uploads/4b7772b7-143b-4fa4-a881-7c3aa1e2550b_3-MAU-DON-CHUYEN-TRUONG.pdf,https://pdt.iuh.edu.vn/quy-trinh-giai-quyet-hoc-vu,(Tải mẫu đơn),pdt.iuh.edu.vn,Phòng Đào tạo,HCM
https://pdt.iuh.edu.vn/Uploads/4f14bb30-ffe6-4b87-9965-31af67bf5cef_27. Phieu dieu chinh diem (ĐT27).pdf,https://pdt.iuh.edu.vn/bieu-mau-giang-vien,PHIẾU ĐIỀU CHỈNH ĐIỂM,pdt.iuh.edu.vn,Phòng Đào tạo,HCM
https://pdt.iuh.edu.vn/Uploads/50679da0-79ab-43c2-86d6-e8227a6d765f_14_Don-de-nghi-xet-HB.TS_.pdf,https://pdt.iuh.edu.vn/quy-trinh-giai-quyet-hoc-vu,Tải mẫu đơn,pdt.iuh.edu.vn,Phòng Đào tạo,HCM
https://pdt.iuh.edu.vn/Uploads/524b586d-d5e9-4fe5-b287-2b446fbf5a9e_tb_146.pdf,https://pdt.iuh.edu.vn/hoc-bong-hoc-sinh-vuot-kho-hoc-tap-2018,Xem và tải xuống,pdt.iuh.edu.vn,Phòng Đào tạo,HCM
https://pdt.iuh.edu.vn/Uploads/52f4a8c3-8b70-4c51-b69b-608c07601b67_04. Giay Xac Nhan GV cac Truong lien ket_moi.pdf,https://pdt.iuh.edu.vn/thong-bao-nop-ho-so-de-nghi-xet-cap-hoc-bong-tuyen-sinh-nam-hoc-2026---2027,tại đây,pdt.iuh.edu.vn,Phòng Đào tạo,HCM
https://pdt.iuh.edu.vn/Uploads/533e8263-da85-4ca6-906c-67b6494cd494_TB-1856-2025.pdf,https://pdt.iuh.edu.vn/thong-bao-vv-dieu-chinh-lich-nghi-tet-duong-lich-nam-2026,Xem và tải xuống,pdt.iuh.edu.vn,Phòng Đào tạo,HCM
https://pdt.iuh.edu.vn/Uploads/5a60ef07-cb51-41e2-824a-90d6292fbf2e_5Xep-hang-nam-dao-tao-va-hoc-luc.pdf,https://pdt.iuh.edu.vn/%20to-chuc-dao-tao,xem tại đây,pdt.iuh.edu.vn,Phòng Đào tạo,HCM
https://pdt.iuh.edu.vn/Uploads/5d99181c-e4f6-46f3-9069-421718b28f95_1Dang-ky-nhap-hoc.pdf,https://pdt.iuh.edu.vn/%20to-chuc-dao-tao,xem tại đây,pdt.iuh.edu.vn,Phòng Đào tạo,HCM
https://pdt.iuh.edu.vn/Uploads/5de416ca-e39b-44dd-9b35-1ae9caf7ebb0_02. Don DN xet cap HB TS (DT01).pdf,https://pdt.iuh.edu.vn/thong-bao-nop-ho-so-de-nghi-xet-cap-hoc-bong-tuyen-sinh-nam-hoc-2026---2027,tại đây,pdt.iuh.edu.vn,Phòng Đào tạo,HCM
https://pdt.iuh.edu.vn/Uploads/5e0f833e-7940-46c2-b70f-72962ff250fe_HD-02-2024.pdf,https://pdt.iuh.edu.vn/huong-dan-nop-ho-so-de-nghi-cap-hoc-bong-tuyen-sinh-nam-hoc-2024---2025,Xem và tải xuống,pdt.iuh.edu.vn,Phòng Đào tạo,HCM
https://pdt.iuh.edu.vn/Uploads/6045922f-65e2-4dc7-83be-c5e63c17acd7_2026. PĐT 17b_Don de nghi xet TN qua han (co hinh_6.2026).pdf,https://pdt.iuh.edu.vn/bieu-mau-tot-nghiep,Tải về,pdt.iuh.edu.vn,Phòng Đào tạo,HCM
https://pdt.iuh.edu.vn/Uploads/65ec0944-94bc-4b70-aac5-9789e6e79ed6_12-donxinthaydoithongtin.pdf,https://pdt.iuh.edu.vn/quy-trinh-giai-quyet-hoc-vu,Tải mẫu đơn,pdt.iuh.edu.vn,Phòng Đào tạo,HCM
https://pdt.iuh.edu.vn/Uploads/6606e057-153f-4e39-bc2f-a3a0201e460d_TB-889-2026.pdf,https://pdt.iuh.edu.vn/thong-bao-vv-nghi-hoc-trong-thoi-gian-to-chuc-ky-thi-danh-gia-nang-luc-dhqg-hcm-dot-2-ngay-2452026-tai-cum-thi-truong-dai-hoc-cong-nghiep-tphcm,Xem và tải xuống,pdt.iuh.edu.vn,Phòng Đào tạo,HCM
https://pdt.iuh.edu.vn/Uploads/690fa1d7-f23e-47a1-ac7f-dd401cabc031_3Dang-ky-va-rut-bot-hoc-phan.pdf,https://pdt.iuh.edu.vn/%20to-chuc-dao-tao,xem tại đây,pdt.iuh.edu.vn,Phòng Đào tạo,HCM
https://pdt.iuh.edu.vn/Uploads/6dd869f0-1ba0-4ab4-94ca-c9eccc394518_Don_de_nghi_cap_ban_sao_bang_tot_nghiep.pdf,https://pdt.iuh.edu.vn/bieu-mau-tot-nghiep,(Tải về),pdt.iuh.edu.vn,Phòng Đào tạo,HCM
https://pdt.iuh.edu.vn/Uploads/6f800496-c976-4e22-9212-00e0bec79b9b_tb-82-2026.pdf,https://pdt.iuh.edu.vn/thong-bao-vv-nghi-le-gio-to-hung-vuong-103-am-lich-ngay-chien-thang-304-va-ngay-quoc-te-lao-dong-015-nam-2026,Xem và tải xuống,pdt.iuh.edu.vn,Phòng Đào tạo,HCM
https://pdt.iuh.edu.vn/Uploads/7a9d078a-6977-493e-8cfc-d81e822ab750_Biểu mẫu đăng ký học 2 chương trình.pdf,https://pdt.iuh.edu.vn/quy-trinh-giai-quyet-hoc-vu,(Tải mẫu đơn),pdt.iuh.edu.vn,Phòng Đào tạo,HCM
https://pdt.iuh.edu.vn/Uploads/80bd5d06-1c9f-4f85-8276-d2dec382ed5c_thong-bao-xet-tn-10.2024.pdf,https://pdt.iuh.edu.vn/thong-bao-ke-hoach-xet-cong-nhan-tot-nghiep-dot-thang-10-nam-2024,Xem và tải xuống,pdt.iuh.edu.vn,Phòng Đào tạo,HCM
https://pdt.iuh.edu.vn/Uploads/80d1f607-a19d-4b5d-99c0-b7cb23b9a31c_TB_Dang20hoc20HK1-nam202026-2027.pdf,https://pdt.iuh.edu.vn/thong-bao-vv-dang-ky-hoc-phan-va-dong-hoc-phi-hoc-ky-i-nam-hoc-2026---2027,Xem và tải xuống,pdt.iuh.edu.vn,Phòng Đào tạo,HCM
https://pdt.iuh.edu.vn/Uploads/85ffcb8d-6eff-4242-8f1c-522fc2cb6a13_qd-656-2026.pdf,https://pdt.iuh.edu.vn/tien-do-dao-tao,Xem và tải xuống,pdt.iuh.edu.vn,Phòng Đào tạo,HCM
https://pdt.iuh.edu.vn/Uploads/86e30465-a41e-429e-9155-f5dd9fa0458b_tb-891-2024.pdf,https://pdt.iuh.edu.vn/thong-bao-v-v-nghi-le-quoc-khanh-nam-2024,Xem và tải xuống,pdt.iuh.edu.vn,Phòng Đào tạo,HCM
https://pdt.iuh.edu.vn/Uploads/8a9c40d0-9051-4a78-a094-7c69f99062d0_8Chuyen-truong.pdf,https://pdt.iuh.edu.vn/%20to-chuc-dao-tao,xem tại đây,pdt.iuh.edu.vn,Phòng Đào tạo,HCM
https://pdt.iuh.edu.vn/Uploads/8da952c4-c1e9-4365-85ac-e9e289452a68_DOn-phuc-khao.pdf,https://pdt.iuh.edu.vn/quy-trinh-giai-quyet-hoc-vu,(Tải mẫu đơn),pdt.iuh.edu.vn,Phòng Đào tạo,HCM
https://pdt.iuh.edu.vn/Uploads/9565fdd4-388b-4ca8-905f-422d4b3f0f22_7Hoc-cung-luc-2-chuong-trinh-dao-tao.pdf,https://pdt.iuh.edu.vn/%20to-chuc-dao-tao,xem tại đây,pdt.iuh.edu.vn,Phòng Đào tạo,HCM
https://pdt.iuh.edu.vn/Uploads/9895ac44-79c7-4338-9cad-437f37bf6137_TB-1829-2025.pdf,https://pdt.iuh.edu.vn/ke-hoach-xet-cong-nhan-tot-nghiep-bac-dai-hoc-dot-thang-3-nam-2026,Xem và tải xuống,pdt.iuh.edu.vn,Phòng Đào tạo,HCM
https://pdt.iuh.edu.vn/Uploads/9d3cd0af-9801-4a54-92c9-d37aa39458eb_TB-996-2026.pdf,https://pdt.iuh.edu.vn/thong-bao-ke-hoach-xet-cong-nhan-tot-nghiep-bac-dai-hoc-dot-thang-10-nam-2026,Xem và tải xuống,pdt.iuh.edu.vn,Phòng Đào tạo,HCM
"https://pdt.iuh.edu.vn/Uploads/9d4d8f51-922e-4832-acb7-d64727d73bf9_28. Phieu xóa,mo khoa cot diem (ĐT28)..pdf",https://pdt.iuh.edu.vn/bieu-mau-giang-vien,PHIẾU XÓA VÀ MỞ KHÓA CỘT ĐIỂM,pdt.iuh.edu.vn,Phòng Đào tạo,HCM
https://pdt.iuh.edu.vn/Uploads/a2340f5c-6a8c-45e7-805c-34366da78a52_TrinhTuThuTucMoNganhDaoTao.pdf,https://pdt.iuh.edu.vn/trinh-tu-thu-tuc-mo-nganh-dao-tao,Xem và tải xuống,pdt.iuh.edu.vn,Phòng Đào tạo,HCM
https://pdt.iuh.edu.vn/Uploads/a26a045b-bd0a-4401-bd97-adf6a939b0a7_02. Don DN xet cap HB TS (DT01).pdf,https://pdt.iuh.edu.vn/thong-bao-nop-ho-so-de-nghi-xet-cap-hoc-bong-tuyen-sinh-nam-hoc-2026---2027,:,pdt.iuh.edu.vn,Phòng Đào tạo,HCM
https://pdt.iuh.edu.vn/Uploads/aa3bd2f7-5d15-4140-9604-7ab068ef8416_HD03-2025.pdf,https://pdt.iuh.edu.vn/huong-dan-nop-ho-so-de-nghi-xet-cap-hoc-bong-tuyen-sinh-nam-hoc-2025-2026,Xem và tải xuống,pdt.iuh.edu.vn,Phòng Đào tạo,HCM
https://pdt.iuh.edu.vn/Uploads/aeb3e614-a44f-4538-b997-d1049b2ad39c_quy_dinh_giao_trinh_va_tai_lieu_tham_khao.pdf,https://pdt.iuh.edu.vn/quy-dinh-ve-giao-trinh-va-tai-lieu-tham-khao,Xem và tải xuống,pdt.iuh.edu.vn,Phòng Đào tạo,HCM
https://pdt.iuh.edu.vn/Uploads/aef9a185-8a0f-42d6-ae40-6cb8e439e278_2To-chuc-lop-hoc.pdf,https://pdt.iuh.edu.vn/%20to-chuc-dao-tao,xem tại đây,pdt.iuh.edu.vn,Phòng Đào tạo,HCM
https://pdt.iuh.edu.vn/Uploads/b1fdd57a-3cb5-4b58-b148-4051751e47e3_TB-83-2026.pdf,https://pdt.iuh.edu.vn/thong-bao-ke-hoach-xet-cong-nhan-tot-nghiep-bac-dai-hoc-dot-thang-7-nam-2026,Xem và tải xuống,pdt.iuh.edu.vn,Phòng Đào tạo,HCM
https://pdt.iuh.edu.vn/Uploads/b6eab491-befa-4d08-a43b-72795a2cb29b_Don De Nghi Chuyen Diem (1).pdf,https://pdt.iuh.edu.vn/quy-trinh-giai-quyet-hoc-vu,(Tải mẫu đơn),pdt.iuh.edu.vn,Phòng Đào tạo,HCM
https://pdt.iuh.edu.vn/Uploads/b7f1a659-44de-4917-8dc0-7b9550a430fe_Mau cap lai GCN thay bang mat.pdf,https://pdt.iuh.edu.vn/bieu-mau-tot-nghiep,(Tải về),pdt.iuh.edu.vn,Phòng Đào tạo,HCM
https://pdt.iuh.edu.vn/Uploads/c0cfda33-c2b1-4940-865c-6812b4610b6e_4-DonXinChuyenNganh.pdf,https://pdt.iuh.edu.vn/quy-trinh-giai-quyet-hoc-vu,(Tải mẫu đơn),pdt.iuh.edu.vn,Phòng Đào tạo,HCM
https://pdt.iuh.edu.vn/Uploads/c70d6f24-58d6-4ffe-a119-f5af4745311d_TB89.pdf,https://pdt.iuh.edu.vn/thong-bao-chinh-sach-hoc-bong-khuyen-khich-hoc-tap-va-ho-tro-hoc-phi-nam-hoc-2021---2022,Xem và tải xuống,pdt.iuh.edu.vn,Phòng Đào tạo,HCM
https://pdt.iuh.edu.vn/Uploads/cccf5871-8288-4ad3-8c8e-0f400fe834c2_13_Don-de-nghi-xet-HB.TS_.pdf,https://pdt.iuh.edu.vn/quy-trinh-giai-quyet-hoc-vu,Tải mẫu đơn,pdt.iuh.edu.vn,Phòng Đào tạo,HCM
https://pdt.iuh.edu.vn/Uploads/cfdf42e8-ee06-40d0-92e1-c32b8e7a04ab_M2.GH_DON DE NGHI MO TAI KHOAN SV (đã HTCTDT).pdf,https://pdt.iuh.edu.vn/quy-trinh-giai-quyet-hoc-vu,(Tải mẫu đơn),pdt.iuh.edu.vn,Phòng Đào tạo,HCM
https://pdt.iuh.edu.vn/Uploads/d5f1ae48-8f10-4c0c-9064-cd333f5defd2_26. Phieu bo sung diem (ĐT26).pdf,https://pdt.iuh.edu.vn/bieu-mau-giang-vien,PHIẾU BỔ SUNG ĐIỂM,pdt.iuh.edu.vn,Phòng Đào tạo,HCM
https://pdt.iuh.edu.vn/Uploads/d9f267e0-14ec-4196-8320-f676133619cb_tb-92-2026.pdf,https://pdt.iuh.edu.vn/thong-bao-vv-nghi-hoc-trong-thoi-gian-to-chuc-ky-thi-danh-gia-nang-luc-dhqg-hcm-dot-1-ngay-0542026,Xem và tải xuống,pdt.iuh.edu.vn,Phòng Đào tạo,HCM
https://pdt.iuh.edu.vn/Uploads/db8ec7e0-f71a-495b-8760-a157809caf45_07. DON HOC LAI SAU BAO LUU.pdf,https://pdt.iuh.edu.vn/quy-trinh-giai-quyet-hoc-vu,(Tải mẫu đơn),pdt.iuh.edu.vn,Phòng Đào tạo,HCM
https://pdt.iuh.edu.vn/Uploads/df65984d-deba-4ea4-92fa-66ec7e70f35a_TB-788-2025.pdf,https://pdt.iuh.edu.vn/thong-bao-v-v-dang-ky-hoc-phan-va-dong-hoc-phi-hoc-ky-i-nam-hoc-2025-2026,Xem và tải xuống,pdt.iuh.edu.vn,Phòng Đào tạo,HCM
https://pdt.iuh.edu.vn/Uploads/e27ede81-af20-4c6f-99df-cd7d762fbfe1_TB-1595-2024.pdf,https://pdt.iuh.edu.vn/thong-bao-v-v-nghi-tet-duong-lich-tet-nguyen-dan-at-ty-nam-2025,Xem và tải xuống,pdt.iuh.edu.vn,Phòng Đào tạo,HCM
https://pdt.iuh.edu.vn/Uploads/e66a6c80-5a64-4fee-add8-0e24581458ae_tb-1891-2025.pdf,https://pdt.iuh.edu.vn/thong-bao-v-v-nghi-tet-duong-lich-tet-nguyen-dan-binh-ngo-nam-2026,Xem và tải xuống,pdt.iuh.edu.vn,Phòng Đào tạo,HCM
https://pdt.iuh.edu.vn/Uploads/e689d4c8-dd2c-4983-838a-c51c05c2299f_TB-100-2026.pdf,https://pdt.iuh.edu.vn/thong-bao-vv-dang-ky-hoc-phan-va-dong-hoc-phi-hoc-ky-iii-nam-hoc-2025---2026,Xem và tải xuống,pdt.iuh.edu.vn,Phòng Đào tạo,HCM
https://pdt.iuh.edu.vn/Uploads/e9f8b8bf-80f2-4424-a433-0c07a30a7c19_2026. PĐT 17a_Don de nghi xet TN dung han (co hinh_6.2026).pdf,https://pdt.iuh.edu.vn/bieu-mau-tot-nghiep,Tải về,pdt.iuh.edu.vn,Phòng Đào tạo,HCM
https://pdt.iuh.edu.vn/Uploads/ebdfd833-02c0-47a7-a99b-82df2d1f5ac6_tb-785-2025-20250429041107-e.pdf,https://pdt.iuh.edu.vn/thong-bao-ke-hoach-cong-nhan-tot-nghiep-dot-thang-7-nam-2025,Xem và tải xuống,pdt.iuh.edu.vn,Phòng Đào tạo,HCM
https://pdt.iuh.edu.vn/Uploads/ed7ee25b-7837-4811-a26f-3346b8af7c5f_TB20925.pdf,https://pdt.iuh.edu.vn/thoi-han-hoc-tap-tai-truong,Xem và tải xuống,pdt.iuh.edu.vn,Phòng Đào tạo,HCM
https://pdt.iuh.edu.vn/Uploads/f6c4e55c-a6d4-4f0c-b447-ad631310ea59_tb.pdf,https://pdt.iuh.edu.vn/thong-bao-v-v-dang-ky-hoc-phan-va-dong-hoc-phi-hoc-ky-ii-nam-hoc-2025-2026,Xem và tải xuống,pdt.iuh.edu.vn,Phòng Đào tạo,HCM
https://pdt.iuh.edu.vn/Uploads/fa167153-49e0-4fc9-9183-fbadea6b675e_8.don_xin_cap_giay_hoc_het_ct.pdf,https://pdt.iuh.edu.vn/bieu-mau-tot-nghiep,Tải về,pdt.iuh.edu.vn,Phòng Đào tạo,HCM
https://pdt.iuh.edu.vn/Uploads/faa53a38-0fbf-4148-bcbe-66458f60125d_06. DON NGHI HOC TAM THOI.pdf,https://pdt.iuh.edu.vn/quy-trinh-giai-quyet-hoc-vu,(Tải mẫu đơn),pdt.iuh.edu.vn,Phòng Đào tạo,HCM
https://pdt.iuh.edu.vn/Uploads/fc5bb8e2-2234-40fd-8797-318be8c52abf_05. Giay Xac Nhan CB-VC cac So GD cac Tinh TP.pdf,https://pdt.iuh.edu.vn/thong-bao-nop-ho-so-de-nghi-xet-cap-hoc-bong-tuyen-sinh-nam-hoc-2026---2027,tại đây,pdt.iuh.edu.vn,Phòng Đào tạo,HCM
https://pdt.iuh.edu.vn/Uploads/ffe9cf70-5b9a-4319-8b1b-ddc1a96d5f60_tb-846-2025.pdf,https://pdt.iuh.edu.vn/thong-bao-v-v-nghi-le-quoc-khanh-nam-2025,Xem và tải xuống,pdt.iuh.edu.vn,Phòng Đào tạo,HCM
https://ptckt.iuh.edu.vn/upload/files/2016/ke_hoach_cuoc_thi_anh.pdf,https://ptckt.iuh.edu.vn/thong-bao-m163/ke-hoach-cuoc-thi-album-anh,Download file,ptckt.iuh.edu.vn,Phòng Tài chính - Kế toán,HCM
https://ptckt.iuh.edu.vn/upload/files/2016/tb66.pdf,https://ptckt.iuh.edu.vn/thong-bao-m163/thong-bao-ke-hoach-nghi-he-nam-2016,Download file,ptckt.iuh.edu.vn,Phòng Tài chính - Kế toán,HCM
https://ptckt.iuh.edu.vn/upload/files/2016/tb_40.pdf,https://ptckt.iuh.edu.vn/thong-bao-m163/thong-bao-ve-viec-dang-ky-hoc-phan-va-dong-hoc-phi-hoc-ky-1-nam-hoc-2016-2017,Download file,ptckt.iuh.edu.vn,Phòng Tài chính - Kế toán,HCM
https://ptckt.iuh.edu.vn/upload/files/HDSD%20Thanh%20toan%20va%20in%20hoa%20don%20HP.pdf,https://ptckt.iuh.edu.vn/thong-bao-m163/huong-dan-thuc-hien-thanh-toan-truc-tuyen-va-xuat-hoa-don-hoc-phi,Download file,ptckt.iuh.edu.vn,Phòng Tài chính - Kế toán,HCM
https://ptckt.iuh.edu.vn/upload/files/VB%20C%E1%BB%A6A%20TRU%E1%BB%9CNG/1.%20Quy%E1%BA%BFt%20d%E1%BB%8Bnh/TB-848-DKHP-Dong-HP-HK1-2024-2025.pdf,https://ptckt.iuh.edu.vn/thong-bao-m163/thong-bao-v-v-dong-hoc-phi-hoc-ky-i-nam-hoc-2024-2025,Download file,ptckt.iuh.edu.vn,Phòng Tài chính - Kế toán,HCM
https://ptckt.iuh.edu.vn/upload/files/VB%20C%E1%BB%A6A%20TRU%E1%BB%9CNG/1.%20Quy%E1%BA%BFt%20d%E1%BB%8Bnh/tb-764-2025.pdf,https://ptckt.iuh.edu.vn/thong-bao-m163/thong-bao-v-v-dong-hoc-phi-hoc-ky-iii-nam-hoc-2024-2025,Download file,ptckt.iuh.edu.vn,Phòng Tài chính - Kế toán,HCM
https://ptckt.iuh.edu.vn/upload/files/VB%20C%E1%BB%A6A%20TRU%E1%BB%9CNG/Thong%20bao/TB-1797-2025_dongtienHP-HKII_2025-2026.pdf,https://ptckt.iuh.edu.vn/thong-bao-m163/thong-bao-v-v-dong-hoc-phi-hoc-ky-ii-nam-hoc-2025-2026,Download file,ptckt.iuh.edu.vn,Phòng Tài chính - Kế toán,HCM
https://ptckt.iuh.edu.vn/upload/files/VB%20C%E1%BB%A6A%20TRU%E1%BB%9CNG/Thong%20bao/TB889_2025_DHCN-Dong-BHYT-3thangcuoinam.pdf,https://ptckt.iuh.edu.vn/thong-bao-m163/thong-bao-v-v-thu-tien-bhyt-3-thang-101112-2025-cho-tan-sinh-vien-khoa-21-nhap-hoc-2025-2026,Download file,ptckt.iuh.edu.vn,Phòng Tài chính - Kế toán,HCM
http://iuh.edu.vn/Resource/Upload2/files/documents/Bieumaudaotao/01_Don%20xin%20chuyen%20bac%20dao%20tao.pdf,https://qn.iuh.edu.vn/van-ban-tien-ich/bieu-mau-dao-tao/,tải về,qn.iuh.edu.vn,Phân hiệu Quảng Ngãi,Quảng Ngãi
http://iuh.edu.vn/Resource/Upload2/files/documents/Bieumaudaotao/02_Don%20xin%20chuyen%20nganh.pdf,https://qn.iuh.edu.vn/van-ban-tien-ich/bieu-mau-dao-tao/,tải về,qn.iuh.edu.vn,Phân hiệu Quảng Ngãi,Quảng Ngãi
http://iuh.edu.vn/Resource/Upload2/files/documents/Bieumaudaotao/03_Don%20xin%20chuyen%20diem.pdf,https://qn.iuh.edu.vn/van-ban-tien-ich/bieu-mau-dao-tao/,tải về,qn.iuh.edu.vn,Phân hiệu Quảng Ngãi,Quảng Ngãi
http://iuh.edu.vn/Resource/Upload2/files/documents/Bieumaudaotao/04_Don%20xin%20nghi%20hoc%20tam%20thoi.pdf,https://qn.iuh.edu.vn/van-ban-tien-ich/bieu-mau-dao-tao/,tải về,qn.iuh.edu.vn,Phân hiệu Quảng Ngãi,Quảng Ngãi
http://iuh.edu.vn/Resource/Upload2/files/documents/Bieumaudaotao/05_Don%20xin%20nhap%20hoc%20tro%20lai%20(Sau%20thoi%20gian%20nghi%20hoc%20tam%20thoi).pdf,https://qn.iuh.edu.vn/van-ban-tien-ich/bieu-mau-dao-tao/,tải về,qn.iuh.edu.vn,Phân hiệu Quảng Ngãi,Quảng Ngãi
http://iuh.edu.vn/Resource/Upload2/files/documents/Bieumaudaotao/06_Don%20xin%20thoi%20hoc.pdf,https://qn.iuh.edu.vn/van-ban-tien-ich/bieu-mau-dao-tao/,tải về,qn.iuh.edu.vn,Phân hiệu Quảng Ngãi,Quảng Ngãi
http://iuh.edu.vn/Resource/Upload2/files/documents/Bieumaudaotao/07_Don%20xin%20chuyen%20co%20so.pdf,https://qn.iuh.edu.vn/van-ban-tien-ich/bieu-mau-dao-tao/,tải về,qn.iuh.edu.vn,Phân hiệu Quảng Ngãi,Quảng Ngãi
http://iuh.edu.vn/Resource/Upload2/files/documents/Bieumaudaotao/08_Don%20xin%20chuyen%20truong.pdf,https://qn.iuh.edu.vn/van-ban-tien-ich/bieu-mau-dao-tao/,tải về,qn.iuh.edu.vn,Phân hiệu Quảng Ngãi,Quảng Ngãi
http://iuh.edu.vn/Resource/Upload2/files/documents/Bieumaudaotao/09_Don%20xin%20xet%20tot%20nghiep%20-%20He%20nien%20che.pdf,https://qn.iuh.edu.vn/van-ban-tien-ich/bieu-mau-dao-tao/,tải về,qn.iuh.edu.vn,Phân hiệu Quảng Ngãi,Quảng Ngãi
http://iuh.edu.vn/Resource/Upload2/files/documents/Bieumaudaotao/10_Don%20xin%20xet%20tot%20nghiep%20-%20He%20tin%20chi.pdf,https://qn.iuh.edu.vn/van-ban-tien-ich/bieu-mau-dao-tao/,tải về,qn.iuh.edu.vn,Phân hiệu Quảng Ngãi,Quảng Ngãi
http://iuh.edu.vn/Resource/Upload2/files/documents/Bieumaudaotao/11_Don%20xin%20phuc%20khao%20TN%20-%20He%20nien%20che.pdf,https://qn.iuh.edu.vn/van-ban-tien-ich/bieu-mau-dao-tao/,tải về,qn.iuh.edu.vn,Phân hiệu Quảng Ngãi,Quảng Ngãi
http://iuh.edu.vn/Resource/Upload2/files/documents/Bieumaudaotao/12%20_Don%20xin%20thi%20lai%20TN%20-%20He%20nien%20che.pdf,https://qn.iuh.edu.vn/van-ban-tien-ich/bieu-mau-dao-tao/,tải về,qn.iuh.edu.vn,Phân hiệu Quảng Ngãi,Quảng Ngãi
http://iuh.edu.vn/Resource/Upload2/files/documents/Bieumaudaotao/13_Phieu%20xoa%20hoc%20phan.pdf,https://qn.iuh.edu.vn/van-ban-tien-ich/bieu-mau-dao-tao/,tải về,qn.iuh.edu.vn,Phân hiệu Quảng Ngãi,Quảng Ngãi
http://iuh.edu.vn/Resource/Upload2/files/documents/Bieumaudaotao/14_MAU%20de%20nghi%20cham%20phuc%20khao%20diem%20mon%20hoc.pdf,https://qn.iuh.edu.vn/van-ban-tien-ich/bieu-mau-dao-tao/,tải về,qn.iuh.edu.vn,Phân hiệu Quảng Ngãi,Quảng Ngãi
https://qn.iuh.edu.vn/uploads/2016/01/TB-hoc-bong-vuot-kho-2015.pdf,https://qn.iuh.edu.vn/hoc-bong/thong-bao-hoc-bong-vuot-kho-2015/,Tải về và Xem,qn.iuh.edu.vn,Phân hiệu Quảng Ngãi,Quảng Ngãi
https://qn.iuh.edu.vn/uploads/2016/01/tb_207-1.pdf,https://qn.iuh.edu.vn/chuyen-muc-giang-vien/thong-bao-ket-qua-tuyen-dung-giang-vien-dot-2-nam-hoc-2015-2016-2/,Tải về và Xem,qn.iuh.edu.vn,Phân hiệu Quảng Ngãi,Quảng Ngãi
https://qn.iuh.edu.vn/uploads/2016/01/tb_207.pdf,https://qn.iuh.edu.vn/thong-bao/thong-bao-ket-qua-tuyen-dung-giang-vien-dot-2-nam-hoc-2015-2016/,Tải về và Xem,qn.iuh.edu.vn,Phân hiệu Quảng Ngãi,Quảng Ngãi
https://qn.iuh.edu.vn/uploads/2016/01/tb_ngan_hang_dong_a.pdf,https://qn.iuh.edu.vn/thong-bao/thong-bao-ve-viec-ngung-hop-tac-toan-dien-voi-ngan-hang-tmcp-dong-a/,Tải về và Xem,qn.iuh.edu.vn,Phân hiệu Quảng Ngãi,Quảng Ngãi
https://qn.iuh.edu.vn/uploads/2016/01/tuyen_dung_dot_2_2015.pdf,https://qn.iuh.edu.vn/thong-bao/thong-bao-tuyen-dung-giang-vien-dot-2-nam-2015/,Tải về và Xem,qn.iuh.edu.vn,Phân hiệu Quảng Ngãi,Quảng Ngãi
https://qn.iuh.edu.vn/uploads/2016/03/Huong-dan-thu-tuc-cho-sinh-vien-Print.pdf,https://qn.iuh.edu.vn/van-ban-tien-ich/bieu-mau-dao-tao/,Tải về và Xem,qn.iuh.edu.vn,Phân hiệu Quảng Ngãi,Quảng Ngãi
https://qn.iuh.edu.vn/uploads/2016/04/thong_bao_dang_ky_hp_va_dong_hp_hk1_1617.pdf,https://qn.iuh.edu.vn/chuyen-muc-sinh-vien/thong-bao-dang-ky-hoc-phan-va-dong-hoc-phi-hoc-ky-1-nam-hoc-2016-2017/,Tải về và Xem,qn.iuh.edu.vn,Phân hiệu Quảng Ngãi,Quảng Ngãi
https://qn.iuh.edu.vn/uploads/2017/03/DH_QuanTriKinhDoanh.pdf,https://qn.iuh.edu.vn/dai-hoc-chinh-quy/phan-hieu-truong-dai-hoc-cong-nghiep-tp-ho-chi-minh-tai-quang-ngai-dao-tao-08-nganh-dai-hoc-chinh-quy-thong-tin-cu-the-tung-nganh-nhu-sau/,Chuẩn đầu ra,qn.iuh.edu.vn,Phân hiệu Quảng Ngãi,Quảng Ngãi
https://qn.iuh.edu.vn/uploads/2017/05/CTK.DHCK13.pdf,https://qn.iuh.edu.vn/dai-hoc-chinh-quy/phan-hieu-truong-dai-hoc-cong-nghiep-tp-ho-chi-minh-tai-quang-ngai-dao-tao-08-nganh-dai-hoc-chinh-quy-thong-tin-cu-the-tung-nganh-nhu-sau/,Chương trình đào tạo,qn.iuh.edu.vn,Phân hiệu Quảng Ngãi,Quảng Ngãi
https://qn.iuh.edu.vn/uploads/2017/05/CTK.DHCNTT13.pdf,https://qn.iuh.edu.vn/dai-hoc-chinh-quy/phan-hieu-truong-dai-hoc-cong-nghiep-tp-ho-chi-minh-tai-quang-ngai-dao-tao-08-nganh-dai-hoc-chinh-quy-thong-tin-cu-the-tung-nganh-nhu-sau/,Chương trình đào tạo,qn.iuh.edu.vn,Phân hiệu Quảng Ngãi,Quảng Ngãi
https://qn.iuh.edu.vn/uploads/2017/05/CTK.DHDI13.pdf,https://qn.iuh.edu.vn/dai-hoc-chinh-quy/phan-hieu-truong-dai-hoc-cong-nghiep-tp-ho-chi-minh-tai-quang-ngai-dao-tao-08-nganh-dai-hoc-chinh-quy-thong-tin-cu-the-tung-nganh-nhu-sau/,Chương trình đào tạo,qn.iuh.edu.vn,Phân hiệu Quảng Ngãi,Quảng Ngãi
https://qn.iuh.edu.vn/uploads/2017/05/CTK.DHKT13.pdf,https://qn.iuh.edu.vn/dai-hoc-chinh-quy/phan-hieu-truong-dai-hoc-cong-nghiep-tp-ho-chi-minh-tai-quang-ngai-dao-tao-08-nganh-dai-hoc-chinh-quy-thong-tin-cu-the-tung-nganh-nhu-sau/,Chương trình đào tạo,qn.iuh.edu.vn,Phân hiệu Quảng Ngãi,Quảng Ngãi
https://qn.iuh.edu.vn/uploads/2017/05/CTK.DHOTO13.pdf,https://qn.iuh.edu.vn/dai-hoc-chinh-quy/phan-hieu-truong-dai-hoc-cong-nghiep-tp-ho-chi-minh-tai-quang-ngai-dao-tao-08-nganh-dai-hoc-chinh-quy-thong-tin-cu-the-tung-nganh-nhu-sau/,Chương trình đào tạo,qn.iuh.edu.vn,Phân hiệu Quảng Ngãi,Quảng Ngãi
https://qn.iuh.edu.vn/uploads/2017/05/CTK.DHQTKD13.pdf,https://qn.iuh.edu.vn/dai-hoc-chinh-quy/phan-hieu-truong-dai-hoc-cong-nghiep-tp-ho-chi-minh-tai-quang-ngai-dao-tao-08-nganh-dai-hoc-chinh-quy-thong-tin-cu-the-tung-nganh-nhu-sau/,Chương trình đào tạo,qn.iuh.edu.vn,Phân hiệu Quảng Ngãi,Quảng Ngãi
https://qn.iuh.edu.vn/uploads/2017/05/quy_dinh_danh_gia_ket_qua_ren_luyen_sinh_vien_chinh_qui.pdf,https://qn.iuh.edu.vn/quy-che-hoc-vu/thong-bao-quyet-dinh-ve-viec-ban-hanh-quy-dinh-danh-gia-ket-qua-ren-luyen-doi-voi-sinh-vien-he-dai-hoc-chinh-qui-truong-dhcn-tp-hcm/,Tải về và Xem,qn.iuh.edu.vn,Phân hiệu Quảng Ngãi,Quảng Ngãi
https://qn.iuh.edu.vn/uploads/2017/06/0617PGV_CD_chinh_quy_2017-1.pdf,https://qn.iuh.edu.vn/cao-dang-chinh-quy/thong-bao-tuyen-sinh-cao-dang-chinh-quy-nam-2017/,Tải về và Xem,qn.iuh.edu.vn,Phân hiệu Quảng Ngãi,Quảng Ngãi
https://qn.iuh.edu.vn/uploads/2017/07/tb_110.pdf,https://qn.iuh.edu.vn/thong-tin-dao-tao/thong-bao-ke-hoach-xet-tot-nghiep-dot-thang-08-nam-2017/,Tải về và Xem,qn.iuh.edu.vn,Phân hiệu Quảng Ngãi,Quảng Ngãi
https://qn.iuh.edu.vn/uploads/2018/10/thong_bao_ve_viec_cap_hoc_bong_sinh_vien_vuot_kho_hieu_hoc_nam_2018.pdf,https://qn.iuh.edu.vn/hoc-bong/thong-bao-huong-dan-viec-xet-cap-hoc-bong-sinh-vien-vuot-kho-hieu-hoc-nam-2018/,Tải về và Xem,qn.iuh.edu.vn,Phân hiệu Quảng Ngãi,Quảng Ngãi
https://qn.iuh.edu.vn/uploads/2018/11/danh_sach_sinh_vien_nhan_bong_hieu_hoc_nam_2017-2018.pdf,https://qn.iuh.edu.vn/hoc-bong/thong-bao-sinh-vien-nhan-hoc-bong-vuot-kho-hieu-hoc-nam-hoc-2017-2018/,Tải về và Xem,qn.iuh.edu.vn,Phân hiệu Quảng Ngãi,Quảng Ngãi
https://qn.iuh.edu.vn/uploads/2020/06/tb_tuyensinhlienthong2020.pdf,https://qn.iuh.edu.vn/thong-tin-dao-tao/thong-bao-tuyen-sinh-dao-tao-lien-thong-hinh-thuc-vua-lam-vua-hoc-tu-trinh-do-cao-dang-len-trinh-do-dai-hoc-nam-2020/,Tải về và Xem,qn.iuh.edu.vn,Phân hiệu Quảng Ngãi,Quảng Ngãi
https://qn.iuh.edu.vn/uploads/2020/09/KH-TUAN-SINH-HOAT-CONG-DAN.pdf,https://qn.iuh.edu.vn/chuyen-muc-sinh-vien/ke-hoach-to-chuc-tuan-sinh-hoat-cong-dan-dau-khoa-cho-sinh-vien-dai-hoc-khoa-16/,Tải về và Xem,qn.iuh.edu.vn,Phân hiệu Quảng Ngãi,Quảng Ngãi
https://qn.iuh.edu.vn/uploads/2020/11/thong-bao-xet-cap-hoc-bong-vuot-kho-hieu-hoc-nam-20201.pdf,https://qn.iuh.edu.vn/hoc-bong/thong-bao-cap-xet-hoc-bong-sinh-vien-vuot-kho-hieu-hoc-nam-2020/,Tải về và Xem,qn.iuh.edu.vn,Phân hiệu Quảng Ngãi,Quảng Ngãi
https://qn.iuh.edu.vn/uploads/2021/04/01_QuanTriKinhDoanh.pdf,https://qn.iuh.edu.vn/thong-tin-dao-tao/5529/,,qn.iuh.edu.vn,Phân hiệu Quảng Ngãi,Quảng Ngãi
https://qn.iuh.edu.vn/uploads/2021/04/02_KeToan.pdf,https://qn.iuh.edu.vn/thong-tin-dao-tao/5529/,,qn.iuh.edu.vn,Phân hiệu Quảng Ngãi,Quảng Ngãi
https://qn.iuh.edu.vn/uploads/2021/04/03_CongNgheThongTin.pdf,https://qn.iuh.edu.vn/thong-tin-dao-tao/5529/,,qn.iuh.edu.vn,Phân hiệu Quảng Ngãi,Quảng Ngãi
https://qn.iuh.edu.vn/uploads/2021/04/04_CoKhi.pdf,https://qn.iuh.edu.vn/thong-tin-dao-tao/5529/,,qn.iuh.edu.vn,Phân hiệu Quảng Ngãi,Quảng Ngãi
https://qn.iuh.edu.vn/uploads/2021/04/05_OTo.pdf,https://qn.iuh.edu.vn/thong-tin-dao-tao/5529/,,qn.iuh.edu.vn,Phân hiệu Quảng Ngãi,Quảng Ngãi
https://qn.iuh.edu.vn/uploads/2021/04/06_KyThuatDien.pdf,https://qn.iuh.edu.vn/thong-tin-dao-tao/5529/,,qn.iuh.edu.vn,Phân hiệu Quảng Ngãi,Quảng Ngãi
https://qn.iuh.edu.vn/uploads/2021/07/TB-92-dn.pdf,https://qn.iuh.edu.vn/thong-tin-dao-tao/diem-trung-tuyen-bac-dai-hoc-he-chinh-quy-nam-2021-bang-phuong-thuc-xet-tuyen-su-dung-ket-qua-hoc-tap-thpt/,Tải về và Xem,qn.iuh.edu.vn,Phân hiệu Quảng Ngãi,Quảng Ngãi
https://qn.iuh.edu.vn/uploads/2021/09/Chuyên-Số-TB-99-sang-TB101.pdf,https://qn.iuh.edu.vn/ket-qua-tuyen-sinh/thong-bao-diem-trung-tuyen-he-dai-hoc-chinh-quy-nam-2021-bang-phuong-thuc-xet-tuyen-ket-qua-ky-thi-thpt-2021-tai-phan-hieu-quang-ngai/,Tải về và Xem,qn.iuh.edu.vn,Phân hiệu Quảng Ngãi,Quảng Ngãi
https://qn.iuh.edu.vn/uploads/2021/11/TUYEN-DUNG-LAO-DONG.pdf,https://qn.iuh.edu.vn/gioi-thieu-viec-lam/thong-bao-tuyen-dung-lao-dong-2/,Tải về và Xem,qn.iuh.edu.vn,Phân hiệu Quảng Ngãi,Quảng Ngãi
https://qn.iuh.edu.vn/uploads/2022/11/01-LLKH_VoDucAnh.pdf,https://qn.iuh.edu.vn/khoa-cong-nghe/,Lý lịch khoa học,qn.iuh.edu.vn,Phân hiệu Quảng Ngãi,Quảng Ngãi
https://qn.iuh.edu.vn/uploads/2022/11/02-LLKH_LeTrongHien.pdf,https://qn.iuh.edu.vn/khoa-cong-nghe/,Lý lịch khoa học,qn.iuh.edu.vn,Phân hiệu Quảng Ngãi,Quảng Ngãi
https://qn.iuh.edu.vn/uploads/2022/11/03-LLKH_HoThanhHoang.pdf,https://qn.iuh.edu.vn/khoa-cong-nghe/,Lý lịch khoa học,qn.iuh.edu.vn,Phân hiệu Quảng Ngãi,Quảng Ngãi
https://qn.iuh.edu.vn/uploads/2022/11/04-LLKH_TruongVanHuy.pdf,https://qn.iuh.edu.vn/khoa-cong-nghe/,Lý lịch khoa học,qn.iuh.edu.vn,Phân hiệu Quảng Ngãi,Quảng Ngãi
https://qn.iuh.edu.vn/uploads/2022/11/05-LLKH_NguyenHuuThe.pdf,https://qn.iuh.edu.vn/khoa-cong-nghe/,Lý lịch khoa học,qn.iuh.edu.vn,Phân hiệu Quảng Ngãi,Quảng Ngãi
https://qn.iuh.edu.vn/uploads/2022/11/06-LLKH_TruongQuangVinh.pdf,https://qn.iuh.edu.vn/khoa-cong-nghe/,Lý lịch khoa học,qn.iuh.edu.vn,Phân hiệu Quảng Ngãi,Quảng Ngãi
https://qn.iuh.edu.vn/uploads/2022/11/07-LLKH_PhamVanVinh.pdf,https://qn.iuh.edu.vn/khoa-cong-nghe/,Lý lịch khoa học,qn.iuh.edu.vn,Phân hiệu Quảng Ngãi,Quảng Ngãi
https://qn.iuh.edu.vn/uploads/2023/07/TB-935-Nguong_DiemThi_2023.pdf,https://qn.iuh.edu.vn/ket-qua-tuyen-sinh/thong-bao-nguong-dam-bao-chat-luong-dau-vao-dai-hoc-chinh-quy-bang-phuong-thuc-xet-diem-thi-tot-nghiep-thpt-nam-2023/,TB-935-Nguong_DiemThi_2023,qn.iuh.edu.vn,Phân hiệu Quảng Ngãi,Quảng Ngãi
https://qn.iuh.edu.vn/uploads/2023/07/TB_Diem_TTHB_PHQN_2023.pdf,https://qn.iuh.edu.vn/ket-qua-tuyen-sinh/thong-bao-diem-du-dieu-kien-trung-tuyen-bang-phuong-thuc-xet-ket-qua-hoc-tap-lop-12-va-phowng-thuc-uu-tien-xet-tuyen-nam-2023/,TB_Diem_TTHB_PHQN_2023,qn.iuh.edu.vn,Phân hiệu Quảng Ngãi,Quảng Ngãi
https://qn.iuh.edu.vn/uploads/2023/07/TB_Diem_TT_DGNL_PHQN_2023.pdf,https://qn.iuh.edu.vn/ket-qua-tuyen-sinh/thong-bao-diem-du-dieu-kien-trung-tuyen-bang-phuong-thuc-xet-ket-qua-ky-thi-danh-gia-nang-luc-nam-2023/,TB_Diem_TT_DGNL_PHQN_2023,qn.iuh.edu.vn,Phân hiệu Quảng Ngãi,Quảng Ngãi
https://qn.iuh.edu.vn/uploads/2024/07/DOT_BS_PHIEU_DKXT_DT.pdf,https://qn.iuh.edu.vn/van-ban/huong-dan-dkxt-bac-dhcq-nam-2025-dot-bo-sung/,Tải phiếu xét điểm thi THPT 2025,qn.iuh.edu.vn,Phân hiệu Quảng Ngãi,Quảng Ngãi
https://qn.iuh.edu.vn/uploads/2024/08/05.-TB_Diem_TTDT_D1_2024_PHQN.pdf,https://qn.iuh.edu.vn/ket-qua-tuyen-sinh/thong-bao-diem-trung-tuyen-dhcq-nam-2024-bang-phuong-thuc-xet-tuyen-su-dung-ket-qua-thi-tot-nghiep/,05.-TB_Diem_TTDT_D1_2024_PHQN,qn.iuh.edu.vn,Phân hiệu Quảng Ngãi,Quảng Ngãi
https://qn.iuh.edu.vn/uploads/2024/08/B1.-QN_HDTaiGiayBaoNhapHoc_Online.pdf,https://qn.iuh.edu.vn/van-ban/huong-dan-quy-trinh-nhap-hoc-cho-tan-sinh-vien-khoa-20-nam-hoc-2024-2025/,Hướng dẫn tải Giấy báo nhập học điện tử,qn.iuh.edu.vn,Phân hiệu Quảng Ngãi,Quảng Ngãi
https://qn.iuh.edu.vn/uploads/2024/08/B2.-QN_DongHocPhi_Online.pdf,https://qn.iuh.edu.vn/van-ban/huong-dan-quy-trinh-nhap-hoc-cho-tan-sinh-vien-khoa-20-nam-hoc-2024-2025/,Hướng dẫn nộp học phí trực tuyến,qn.iuh.edu.vn,Phân hiệu Quảng Ngãi,Quảng Ngãi
https://qn.iuh.edu.vn/uploads/2024/08/B3.-QN_KhaiHoSoNhapHoc_Online.pdf,https://qn.iuh.edu.vn/van-ban/huong-dan-quy-trinh-nhap-hoc-cho-tan-sinh-vien-khoa-20-nam-hoc-2024-2025/,Hướng dẫn khai báo hồ sơ nhập học trực tuyến,qn.iuh.edu.vn,Phân hiệu Quảng Ngãi,Quảng Ngãi
https://qn.iuh.edu.vn/uploads/2025/05/TB_TS_DHCQ_2025.pdf,https://qn.iuh.edu.vn/dai-hoc-chinh-quy/thong-bao-tuyen-sinh-dhcq-2025/,TB_TS_DHCQ_2025,qn.iuh.edu.vn,Phân hiệu Quảng Ngãi,Quảng Ngãi
https://qn.iuh.edu.vn/uploads/2025/07/KE-HOACH-TRUONG-TRINH-TRAO-HOC-BONG-2.pdf,https://qn.iuh.edu.vn/thong-bao-cong-doan/thong-bao-ke-hoach-trao-thuong-hoc-bong-nguyen-duc-canh-nam-hoc-2024-2025/,KE-HOACH-TRUONG-TRINH-TRAO-HOC-BONG-2,qn.iuh.edu.vn,Phân hiệu Quảng Ngãi,Quảng Ngãi
https://qn.iuh.edu.vn/uploads/2025/07/TB-830-2025-Nguong_Chuan.pdf,https://qn.iuh.edu.vn/thong-tin-dao-tao/thong-bao-nguong-dam-bao-chat-luong-dau-vao-tuyen-sinh-bac-dai-hoc-he-chinh-quy-nam-2025-theo-phuong-thuc-xet-diem-ky-thi-tot-nghiep-thpt-nam-2025-va-quy-tac-quy-doi-diem-trung-tuyen-tuong-duong/,TB-830-2025-Nguong_Chuan,qn.iuh.edu.vn,Phân hiệu Quảng Ngãi,Quảng Ngãi
https://qn.iuh.edu.vn/uploads/2025/08/05-TB-PHQN-1.pdf,https://qn.iuh.edu.vn/thong-tin-dao-tao/thong-bao-ve-viec-hoc-bo-sung-kien-thuc-cua-sinh-vien-tot-nghiep-bac-cao-dang-nghe-va-cao-dang-thuc-hanh-xet-tuyen-lien-thong-len-bac-dai-hoc-hinh-thuc-vua-hoc-vua-lam/,05-TB-PHQN-1,qn.iuh.edu.vn,Phân hiệu Quảng Ngãi,Quảng Ngãi
https://qn.iuh.edu.vn/uploads/2025/08/13-KH-TUAN-SINH-HOAT-CONG-DAN-CHO-SV21.pdf,https://qn.iuh.edu.vn/thong-tin-dao-tao/ke-hoach-to-chuc-tuan-sinh-hoat-cong-dan-dau-khoa-cho-sinh-vien-khoa-21-nam-hoc-2025-2026/,13-KH-TUAN-SINH-HOAT-CONG-DAN-CHO-SV21,qn.iuh.edu.vn,Phân hiệu Quảng Ngãi,Quảng Ngãi
https://qn.iuh.edu.vn/uploads/2025/08/DOT_BS_PHIEU_DKXT_HB.pdf,https://qn.iuh.edu.vn/van-ban/huong-dan-dkxt-bac-dhcq-nam-2025-dot-bo-sung/,Tải phiếu xét điểm lớp 12,qn.iuh.edu.vn,Phân hiệu Quảng Ngãi,Quảng Ngãi
https://qn.iuh.edu.vn/uploads/2025/08/TB-839-1.pdf,https://qn.iuh.edu.vn/thong-tin-dao-tao/thong-bao-tuyen-sinh-dao-tao-lien-thong-tu-trinh-do-cao-dang-len-trinh-do-dai-hoc-dot-2-nam-2025-dat-tai-phan-hieu-quang-ngai-tinh-quang-ngai/,TB-839-1,qn.iuh.edu.vn,Phân hiệu Quảng Ngãi,Quảng Ngãi
https://qn.iuh.edu.vn/uploads/2025/08/TB-839.pdf,https://qn.iuh.edu.vn/lien-thong-dai-hoc/thong-bao-tuyen-sinh-lien-thong-tu-cao-dang-len-dai-hoc-dot-2-nam-2025/,TB-839,qn.iuh.edu.vn,Phân hiệu Quảng Ngãi,Quảng Ngãi
https://qn.iuh.edu.vn/uploads/2025/08/THONG-KE-BAI-BAO-KHOA-HOC-NAM-HOC-2024-2025.pdf,https://qn.iuh.edu.vn/nghien-cuu/thong-ke-bai-bao-khoa-hoc-nam-hoc-2024-2025/,THONG-KE-BAI-BAO-KHOA-HOC-NAM-HOC-2024-2025,qn.iuh.edu.vn,Phân hiệu Quảng Ngãi,Quảng Ngãi
https://qn.iuh.edu.vn/uploads/2025/08/Thong-bao-tuyen-sinh-thac-si-dot-2_2025.pdf,https://qn.iuh.edu.vn/thong-tin-dao-tao/thong-bao-tuyen-sinh-dao-tao-trinh-do-thac-si-dot-2-nam-2025/,Thong-bao-tuyen-sinh-thac-si-dot-2_2025,qn.iuh.edu.vn,Phân hiệu Quảng Ngãi,Quảng Ngãi
https://qn.iuh.edu.vn/uploads/2025/08/kh-50-2025-20250813083612-e.pdf,https://qn.iuh.edu.vn/gioi-thieu-viec-lam/ngay-hoi-viec-lam-dot-2-nam-2025/,kh-50-2025-20250813083612-e,qn.iuh.edu.vn,Phân hiệu Quảng Ngãi,Quảng Ngãi
https://qn.iuh.edu.vn/uploads/2025/09/TB889_2025_DHCN.pdf,https://qn.iuh.edu.vn/thong-bao-phong-tong-hop/thong-bao-v-v-sinh-vien-khoa-21-tham-gia-bao-hiem-y-te-thang-10-11-12-nam-2025/,TB889_2025_DHCN,qn.iuh.edu.vn,Phân hiệu Quảng Ngãi,Quảng Ngãi
https://qn.iuh.edu.vn/uploads/2025/09/hd-05-2025-20250918042027-e.pdf,https://qn.iuh.edu.vn/van-ban-tien-ich/huong-dan-ve-viec-thuc-hien-chinh-sach-mien-giam-hoc-phi-va-ho-tro-chi-phi-hoc-tap-nam-hoc-2025-2026/,hd-05-2025-20250918042027-e,qn.iuh.edu.vn,Phân hiệu Quảng Ngãi,Quảng Ngãi
https://qn.iuh.edu.vn/uploads/2025/09/tb-892-2025-HocPhanTiengAnh.pdf,https://qn.iuh.edu.vn/quy-che-hoc-vu/thong-bao-ve-viec-to-chuc-giang-day-va-hoc-tap-cac-lop-hoc-phan-tieng-anh-tai-truong/,tb-892-2025-HocPhanTiengAnh,qn.iuh.edu.vn,Phân hiệu Quảng Ngãi,Quảng Ngãi
https://qn.iuh.edu.vn/uploads/2025/10/tb-1797-2025-2025.pdf,https://qn.iuh.edu.vn/thong-bao-phong-tong-hop/thong-bao-v-v-dang-ky-hoc-phan-va-dong-hoc-phi-hoc-ky-ii-nam-hoc-2025-2026/,tb-1797-2025-2025,qn.iuh.edu.vn,Phân hiệu Quảng Ngãi,Quảng Ngãi
https://qn.iuh.edu.vn/uploads/2025/11/08-TB-DANG-KY-HOC-PHAN-TIENG-ANH.pdf,https://qn.iuh.edu.vn/quy-che-hoc-vu/dang-ky-hoc-cac-hoc-phan-tieng-anh-tai-phqn/,08-TB-DANG-KY-HOC-PHAN-TIENG-ANH,qn.iuh.edu.vn,Phân hiệu Quảng Ngãi,Quảng Ngãi
https://qn.iuh.edu.vn/uploads/2025/11/TB-1820-2025.pdf,https://qn.iuh.edu.vn/thong-bao-phong-tong-hop/thong-bao-v-v-nghi-tet-duong-lich-tet-nguyen-dan-binh-ngo-nam-2026/,TB-1820-2025,qn.iuh.edu.vn,Phân hiệu Quảng Ngãi,Quảng Ngãi
https://qn.iuh.edu.vn/uploads/2026/03/TB-lien-thongQuangNgai_dot-1_1.pdf,https://qn.iuh.edu.vn/lien-thong-dai-hoc/thong-bao-tuyen-sinh-dao-tao-lien-thong-tu-trinh-do-cao-dang-leeng-trinh-do-dai-hoc-dot-1-nam-2026/,TB-lien-thongQuangNgai_dot-1_1,qn.iuh.edu.vn,Phân hiệu Quảng Ngãi,Quảng Ngãi
https://qn.iuh.edu.vn/uploads/2026/03/qd-656-2026.pdf,https://qn.iuh.edu.vn/lien-thong-dai-hoc/quyet-dinh-ban-hanh-tien-do-dao-tao-nam-hoc-2026-2027/,qd-656-2026,qn.iuh.edu.vn,Phân hiệu Quảng Ngãi,Quảng Ngãi
https://qn.iuh.edu.vn/uploads/2026/04/867_Thongbao_tuyensinh_2026.pdf,https://qn.iuh.edu.vn/thong-bao/thong-bao-tuyen-sinh-dai-hoc-chinh-quy-nam-2026/,867_Thongbao_tuyensinh_2026,qn.iuh.edu.vn,Phân hiệu Quảng Ngãi,Quảng Ngãi
https://qn.iuh.edu.vn/uploads/2026/04/kh-06-2026-20260119052221.pdf,https://qn.iuh.edu.vn/sinh-vien-tinh-nguyen/thong-bao-ke-hoach-to-chuc-ngay-hoi-viec-lam-dot-1-nam-2026/,kh-06-2026-20260119052221,qn.iuh.edu.vn,Phân hiệu Quảng Ngãi,Quảng Ngãi
https://qn.iuh.edu.vn/uploads/2026/04/qd-986-2026_1.pdf,https://qn.iuh.edu.vn/thong-bao/thong-bao-quyet-dinh-so-986-qd-dhcn-ngay-17-4-2026-ve-viec-ban-hanh-thong-tin-tuyen-sinh-dai-hoc-nam-2026-cua-truong-dai-hoc-cong-nghiep-thanh-pho-ho-chi-minh/,qd-986-2026_1,qn.iuh.edu.vn,Phân hiệu Quảng Ngãi,Quảng Ngãi
https://qn.iuh.edu.vn/uploads/2026/04/tb-83-2026.pdf,https://qn.iuh.edu.vn/lien-thong-dai-hoc/thong-bao-ke-hoach-xet-cong-nhan-tot-nghiep-bac-dai-hoc-dot-thang-7-nam-2026/,tb-83-2026,qn.iuh.edu.vn,Phân hiệu Quảng Ngãi,Quảng Ngãi
https://qn.iuh.edu.vn/uploads/2026/05/TB_Dang20ki20hoc20phan20HK1-nam20hoc202026-2027.pdf,https://qn.iuh.edu.vn/dai-hoc-chinh-quy/thong-bao-v-v-dang-ky-hoc-phan-va-dong-hoc-phi-hoc-ky-i-nam-hoc-2026-2027/,TB_Dang20ki20hoc20phan20HK1-nam20hoc202026-2027,qn.iuh.edu.vn,Phân hiệu Quảng Ngãi,Quảng Ngãi
https://qn.iuh.edu.vn/uploads/2026/06/TB-TUYEN-DUNG-DIEN-LUC.pdf,https://qn.iuh.edu.vn/gioi-thieu-viec-lam/thong-bao-cong-ty-dien-luc-quang-ngai-tuyen-dung-lao-dong-dot-2-nam-2026/,TB-TUYEN-DUNG-DIEN-LUC,qn.iuh.edu.vn,Phân hiệu Quảng Ngãi,Quảng Ngãi
https://qn.iuh.edu.vn/uploads/2026/06/Tuyen-dung-vnpt.pdf,https://qn.iuh.edu.vn/gioi-thieu-viec-lam/thu-ngo-vnpt-quang-ngai-tuyen-dung/,Tuyen-dung-vnpt,qn.iuh.edu.vn,Phân hiệu Quảng Ngãi,Quảng Ngãi
https://qn.iuh.edu.vn/uploads/2026/07/DeAnTuyenSinh2026-Nen.pdf,https://qn.iuh.edu.vn/thong-bao-tuyen-sinh/quyet-dinh-ve-viec-cap-nhap-thong-tin-tuyen-sinh-dai-hoc-nam-2026/,DeAnTuyenSinh2026-Nen,qn.iuh.edu.vn,Phân hiệu Quảng Ngãi,Quảng Ngãi
https://qn.iuh.edu.vn/uploads/2026/07/TB20930.pdf,https://qn.iuh.edu.vn/dai-hoc-chinh-quy/thong-bao-nguong-dam-bao-chat-luong-dau-vao-tuyen-sinh-bac-dai-hoc-he-chinh-quy-nam-2026/,TB20930,qn.iuh.edu.vn,Phân hiệu Quảng Ngãi,Quảng Ngãi
https://qn.iuh.edu.vn/uploads/2026/08/DOC140826.pdf,https://qn.iuh.edu.vn/thong-bao/thong-bao-xet-tuyen-bo-sung-bac-dai-hoc-chinh-quy-nam-2026-tai-phan-hieu-quang-ngai/,DOC140826,qn.iuh.edu.vn,Phân hiệu Quảng Ngãi,Quảng Ngãi
https://qn.iuh.edu.vn/uploads/2026/08/HD-Mien-giam-hoc-phi-nam-hoc-2026-2027.pdf,https://qn.iuh.edu.vn/thong-bao/huong-dan-v-v-thuc-hien-chinh-sach-mien-giam-hoc-phi-va-ho-tro-chi-phi-hoc-tap-nam-hoc-2026-2027/,HD-Mien-giam-hoc-phi-nam-hoc-2026-2027,qn.iuh.edu.vn,Phân hiệu Quảng Ngãi,Quảng Ngãi
https://qn.iuh.edu.vn/uploads/2026/08/SO-16-KH-SINH-HOAT-DAU-KHOA-CHO-SV-DAI-HOC-CHINH-QUY-K22.pdf,https://qn.iuh.edu.vn/thong-bao/thong-bao-ke-hoach-sinh-hoat-cong-dan-dau-khoa-cho-sinh-vien-dai-hoc-chinh-quy-khoa-22/,SO-16-KH-SINH-HOAT-DAU-KHOA-CHO-SV-DAI-HOC-CHINH-QUY-K22,qn.iuh.edu.vn,Phân hiệu Quảng Ngãi,Quảng Ngãi
https://qn.iuh.edu.vn/uploads/2026/08/TB-957-2026.pdf,https://qn.iuh.edu.vn/thong-bao-phong-tong-hop/thong-bao-v-v-nghi-le-quoc-khanh-nam-2026/,TB-957-2026,qn.iuh.edu.vn,Phân hiệu Quảng Ngãi,Quảng Ngãi
https://qn.iuh.edu.vn/uploads/2026/08/TB-972-2026.pdf,https://qn.iuh.edu.vn/thong-bao/thong-bao-diem-trung-tuyen-bac-dai-hoc-he-chinh-quy-nam-2026-tai-phan-hieu-quang-ngai/,TB-972-2026,qn.iuh.edu.vn,Phân hiệu Quảng Ngãi,Quảng Ngãi
https://qn.iuh.edu.vn/uploads/2026/08/TB-996-2026.pdf,https://qn.iuh.edu.vn/thong-bao/thong-bao-ke-hoach-xet-cong-nhan-tot-nghiep-bac-dai-hoc-dot-thang-10-nam-2026/,TB-996-2026,qn.iuh.edu.vn,Phân hiệu Quảng Ngãi,Quảng Ngãi
https://qn.iuh.edu.vn/uploads/2026/09/LIEN-THONG-DOT-2.2026.QN-QD-1015.pdf,https://qn.iuh.edu.vn/thong-bao/thong-bao-ve-viec-tuyen-sinh-dao-tao-lien-thong-tu-trinh-do-cao-dang-le-trinh-do-dai-hoc-dot-2-nam-2026/,LIEN-THONG-DOT-2.2026.QN-QD-1015,qn.iuh.edu.vn,Phân hiệu Quảng Ngãi,Quảng Ngãi
https://qn.iuh.edu.vn/uploads/2026/09/TB-1034-2026.pdf,https://qn.iuh.edu.vn/thong-bao/thong-bao-v-v-sinh-vien-khoa-22-tham-gia-bao-hiem-y-te-thang-10-11-12-nam-2026/,TB-1034-2026,qn.iuh.edu.vn,Phân hiệu Quảng Ngãi,Quảng Ngãi
https://qn.iuh.edu.vn/uploads/2026/09/Thong-bao-HB.TS_K.22.pdf,https://qn.iuh.edu.vn/thong-bao/huong-dan-nop-ho-so-de-nghi-xet-cap-hoc-bong-tuyen-sinh-nam-hoc-2026-2027/,Thong-bao-HB.TS_K.22,qn.iuh.edu.vn,Phân hiệu Quảng Ngãi,Quảng Ngãi
https://qptc.iuh.edu.vn/upload/files/2017/Don%20xin%20chuye%CC%82%CC%89n%20die%CC%82%CC%89m.pdf,https://qptc.iuh.edu.vn/news.html@detail@165@304@Don-xin-chuyen-diem,tại đây,qptc.iuh.edu.vn,Trung tâm Giáo dục quốc phòng và Thể chất,HCM
https://qptc.iuh.edu.vn/upload/files/2020/TTLT%20s%E1%BB%91%2018-2015%20BGDDT-BLDTBXH.pdf,"https://qptc.iuh.edu.vn/news.html@detail@150@360@Thong-tu-lien-tich-quy-dinh-ve-to-chuc-day,-hoc-va-danh-gia-ket-qua-hoc-tap-mon-hoc-Giao-duc-quoc-phong-an-ninh",Tải về và xem,qptc.iuh.edu.vn,Trung tâm Giáo dục quốc phòng và Thể chất,HCM
https://qptc.iuh.edu.vn/upload/files/2020/Thong%20tu%20s%E1%BB%91%2005-2020-TT-BGDDT-Chuong%20trinh%20GDQP%26AN.pdf,"https://qptc.iuh.edu.vn/news.html@detail@150@359@Thong-tu-ban-hanh-Chuong-trinh-giao-duc-quoc-phong-va-an-ninh-trong-truong-trung-cap-su-pham,-cao-dang-su-pham-va-co-so-giao-duc-dai-hoc",Tải về và xem,qptc.iuh.edu.vn,Trung tâm Giáo dục quốc phòng và Thể chất,HCM
https://rdtech.iuh.edu.vn/upload/files/huongdan/SV_HuongDanSinhVienSuDungMSTeam300521.pdf,https://rdtech.iuh.edu.vn/vi/du-an/du-an-nha-may-gach-khong-nung-653.html,Download file,rdtech.iuh.edu.vn,Trung tâm Nghiên cứu và Phát triển công nghệ - Máy công nghiệp,HCM
https://rdtech.iuh.edu.vn/upload/files/huongdan/sv_huongdankhoiphucmatkhaulms.pdf,https://rdtech.iuh.edu.vn/vi/du-an/du-an-he-thong-thong-minh-tinh-diem-tu-dong-cho-bia-ban-699.html,Download file,rdtech.iuh.edu.vn,Trung tâm Nghiên cứu và Phát triển công nghệ - Máy công nghiệp,HCM
https://rdtech.iuh.edu.vn/upload/files/huongdan/sv_huongdankhoiphucmkemailiuh.pdf,https://rdtech.iuh.edu.vn/vi/du-an/du-an-he-thong-tuoi-tieu-tu-dong-dieu-khien-phan-tan-thong-qua-mang-khong-day-lora-700.html,Download file,rdtech.iuh.edu.vn,Trung tâm Nghiên cứu và Phát triển công nghệ - Máy công nghiệp,HCM
https://sfa.iuh.edu.vn/upload/files/%5B08-05-2019_11_25_34%5Dtongket_2017_2018%20cong%20doan(1).pdf,https://sfa.iuh.edu.vn/news.html@detail@234@11717@Tong-ket-hoat-dong-cong-doan-nam-2018-2019,,sfa.iuh.edu.vn,Viện Tài chính - Kế toán,HCM
https://sfa.iuh.edu.vn/upload/files/0_%20BOA%20PROGRAMME%20SPEC%202016%20-%20FINAL%20(SAR)(1).pdf,https://sfa.iuh.edu.vn/news.html@detail@320@11834@Ban-dac-ta-chuong-trinh-cap-nhat-2016,,sfa.iuh.edu.vn,Viện Tài chính - Kế toán,HCM
https://sfa.iuh.edu.vn/upload/files/0_%20BOA%20PROGRAMME%20SPEC%202017%20-%20FINAL%20(SAR).pdf,https://sfa.iuh.edu.vn/news.html@detail@320@11929@Ban-dac-ta-chuong-trinh-cap-nhat-2017,,sfa.iuh.edu.vn,Viện Tài chính - Kế toán,HCM
https://sfa.iuh.edu.vn/upload/files/0_0_%20BOA%20OF%20PROGRAMME%20SPEC_FINAL.pdf,https://sfa.iuh.edu.vn/news.html@detail@320@11833@Ban-dac-ta-chuong-trinh-cap-nhat-2018,,sfa.iuh.edu.vn,Viện Tài chính - Kế toán,HCM
https://sfa.iuh.edu.vn/upload/files/1.TS/QD1357_PL13_QD%20cong%20bo%20bai%20bao%20NCKH.pdf,https://sfa.iuh.edu.vn/category.html@393@Quy-dinh-cong-bo-bai-bao-NCKH,Download và xem,sfa.iuh.edu.vn,Viện Tài chính - Kế toán,HCM
https://sfa.iuh.edu.vn/upload/files/2.CTDT%202026/KE%20TOAN-DAI%20TRA.pdf,https://sfa.iuh.edu.vn/news.html@detail@314@13357@Chuong-trinh-dao-tao-Ke-toan-2026,,sfa.iuh.edu.vn,Viện Tài chính - Kế toán,HCM
https://sfa.iuh.edu.vn/upload/files/2.CTDT%202026/KE%20TOAN-TCTA-ACCA.pdf,https://sfa.iuh.edu.vn/news.html@detail@314@13359@Chuong-trinh-dao-tao-Ke-toan-TCTA-(ACCA)-2026,,sfa.iuh.edu.vn,Viện Tài chính - Kế toán,HCM
https://sfa.iuh.edu.vn/upload/files/2.CTDT%202026/KE%20TOAN-TCTA.pdf,https://sfa.iuh.edu.vn/news.html@detail@314@13358@Chuong-trinh-dao-tao-Ke-toan-TCTA-2026,,sfa.iuh.edu.vn,Viện Tài chính - Kế toán,HCM
https://sfa.iuh.edu.vn/upload/files/2.CTDT%202026/KIEM%20TOAN-DAI%20TRA.pdf,https://sfa.iuh.edu.vn/news.html@detail@334@13360@Chuong-trinh-dao-tao-Kiem-toan-2026,,sfa.iuh.edu.vn,Viện Tài chính - Kế toán,HCM
https://sfa.iuh.edu.vn/upload/files/2.CTDT%202026/KIEM%20TOAN-TCTA-ICAEW.pdf,https://sfa.iuh.edu.vn/news.html@detail@334@13362@Chuong-trinh-dao-tao-Kiem-toan-TCTA-(ICAEW)-2026,,sfa.iuh.edu.vn,Viện Tài chính - Kế toán,HCM
https://sfa.iuh.edu.vn/upload/files/2.CTDT%202026/KIEM%20TOAN-TCTA.pdf,https://sfa.iuh.edu.vn/news.html@detail@334@13361@Chuong-trinh-dao-tao-Kiem-toan-TCTA-2026,,sfa.iuh.edu.vn,Viện Tài chính - Kế toán,HCM
https://sfa.iuh.edu.vn/upload/files/2.CTDT%202026/NGAN%20HANG-DAI%20TRA.pdf,https://sfa.iuh.edu.vn/news.html@detail@363@13365@Chuong-trinh-dao-tao-Ngan-hang-2026,,sfa.iuh.edu.vn,Viện Tài chính - Kế toán,HCM
https://sfa.iuh.edu.vn/upload/files/2.CTDT%202026/NGAN%20HANG-TCTA.pdf,https://sfa.iuh.edu.vn/news.html@detail@363@13366@Chuong-trinh-dao-tao-Ngan-hang-TCTA-2026,,sfa.iuh.edu.vn,Viện Tài chính - Kế toán,HCM
https://sfa.iuh.edu.vn/upload/files/2.CTDT%202026/TAI%20CHINH-DAI%20TRA.pdf,https://sfa.iuh.edu.vn/news.html@detail@372@13363@Chuong-trinh-dao-tao-Tai-chinh-2026,,sfa.iuh.edu.vn,Viện Tài chính - Kế toán,HCM
https://sfa.iuh.edu.vn/upload/files/2.CTDT%202026/TAI%20CHINH-TCTA.pdf,https://sfa.iuh.edu.vn/news.html@detail@372@13364@Chuong-trinh-dao-tao-Tai-chinh-TCTA-2026,,sfa.iuh.edu.vn,Viện Tài chính - Kế toán,HCM
https://sfa.iuh.edu.vn/upload/files/2020/2018%20Ths.pdf,https://sfa.iuh.edu.vn/news.html@detail@328@11940@Khung-chuong-trinh-thac-sy-2018,,sfa.iuh.edu.vn,Viện Tài chính - Kế toán,HCM
https://sfa.iuh.edu.vn/upload/files/2020/B%E1%BA%A2N%20MO%20T%E1%BA%A2%20CHUONG%20TRINH%20DAO%20T%E1%BA%A0O_2018-in.pdf,https://sfa.iuh.edu.vn/news.html@detail@342@12379@Ban-mo-ta-chuong-trinh-dao-tao-nam-hoc-2018-2019,,sfa.iuh.edu.vn,Viện Tài chính - Kế toán,HCM
https://sfa.iuh.edu.vn/upload/files/2020/B%E1%BA%A2N%20MO%20T%E1%BA%A2%20CHUONG%20TRINH%20DAO%20T%E1%BA%A0O_2019-in.pdf,https://sfa.iuh.edu.vn/news.html@detail@342@12334@Ban-dac-ta-chuong-trinh-dao-tao-nam-hoc-2019-2020,,sfa.iuh.edu.vn,Viện Tài chính - Kế toán,HCM
https://sfa.iuh.edu.vn/upload/files/2020/B%E1%BA%A2N%20MO%20T%E1%BA%A2%20CHUONG%20TRINH%20DAO%20T%E1%BA%A0O_2020-in.pdf,https://sfa.iuh.edu.vn/news.html@detail@342@12380@Ban-mo-ta-chuong-trinh-dao-tao-nam-hoc-2020-2021,,sfa.iuh.edu.vn,Viện Tài chính - Kế toán,HCM
https://sfa.iuh.edu.vn/upload/files/2020/tb-05-vv-to-chuc-hoi-nghi-kh-tre-lan-3-nam-2021-13012021-20210118100757-e(1).pdf,https://sfa.iuh.edu.vn/news.html@detail@340@12232@Thong-bao-to-chuc-Hoi-nghi-Khoa-hoc-tre-lan-3-nam-2021,,sfa.iuh.edu.vn,Viện Tài chính - Kế toán,HCM
https://sfa.iuh.edu.vn/upload/files/2020/ths%202019.pdf,https://sfa.iuh.edu.vn/news.html@detail@328@11941@Khung-chuong-trinh-thac-sy-2019,,sfa.iuh.edu.vn,Viện Tài chính - Kế toán,HCM
https://sfa.iuh.edu.vn/upload/files/2020/ths%202020.pdf,https://sfa.iuh.edu.vn/news.html@detail@328@12292@Khung-chuong-trinh-thac-sy-2020,,sfa.iuh.edu.vn,Viện Tài chính - Kế toán,HCM
https://sfa.iuh.edu.vn/upload/files/2020/ths%202021.pdf,https://sfa.iuh.edu.vn/news.html@detail@328@12324@Khung-chuong-trinh-Thac-si-2021,,sfa.iuh.edu.vn,Viện Tài chính - Kế toán,HCM
https://sfa.iuh.edu.vn/upload/files/2023/DS%20HDBV-KT_T12_2023_10HV_.pdf,https://sfa.iuh.edu.vn/news.html@detail@312@12847@Thong-bao-lich-bao-ve-luan-van-Thac-si-Ke-toan-thang-12-nam-2023,Download,sfa.iuh.edu.vn,Viện Tài chính - Kế toán,HCM
https://sfa.iuh.edu.vn/upload/files/2024/Ki%E1%BB%83m%20d%E1%BB%8Bnh%202024/QD_1346-QC-quan-ly-cong-tac-thi-va-ket-qua-hoc-tap-2021.pdf,https://sfa.iuh.edu.vn/news.html@detail@312@12870@Quy-che-quan-ly-cong-tac-thi-va-danh-gia-ket-qua-hoc-tap-Truong-DH-Cong-nghiep-TP.-HCM-nam-2021,,sfa.iuh.edu.vn,Viện Tài chính - Kế toán,HCM
https://sfa.iuh.edu.vn/upload/files/2024/Ki%E1%BB%83m%20d%E1%BB%8Bnh%202024/lich%20thi%20ck%20hk1(2023-2024).pdf,https://sfa.iuh.edu.vn/news.html@detail@312@12878@Lich-thi-Hoc-ky-1-nam-hoc-2023-2024,Tải về và xem,sfa.iuh.edu.vn,Viện Tài chính - Kế toán,HCM
https://sfa.iuh.edu.vn/upload/files/3.K22/3_%20Lich%20SHCN%20Tan%20SV%20K22.pdf,https://sfa.iuh.edu.vn/news.html@detail@203@13374@Thong-bao-lich-sinh-hoat-chu-nhiem-Khoa-22,Bấm vào đây để xem,sfa.iuh.edu.vn,Viện Tài chính - Kế toán,HCM
https://sfa.iuh.edu.vn/upload/files/ACFrOgDs7wOwndDHGOEgaYDb7C_a4zNM5_BhpK7wQp3n2wEvzJtin3jzg54TB6DimOlCXYOygdaSzRCp_bEtSLldQ7B_2a-K2svjNHYcmnJ9G27pyNgtbzHixkUKe-DgYgSIHDPqN1mLhl8deg-E.pdf,https://sfa.iuh.edu.vn/news.html@detail@328@11940@Khung-chuong-trinh-thac-sy-2018,Download,sfa.iuh.edu.vn,Viện Tài chính - Kế toán,HCM
https://sfa.iuh.edu.vn/upload/files/AUN%20KT%202024/1_2%20Rubrics%2020_8_2024.pdf,https://sfa.iuh.edu.vn/news.html@detail@321@13221@Rubrics-danh-gia-hoc-phan-Thuc-tap-doanh-nghiep-2024,,sfa.iuh.edu.vn,Viện Tài chính - Kế toán,HCM
https://sfa.iuh.edu.vn/upload/files/AUN%20KT%202024/2_2%20Rubics%20Graduation%20Thesis%2020_8_24.pdf,https://sfa.iuh.edu.vn/news.html@detail@321@13220@Rubrics-hoc-phan-Khoa-luan-tot-nghiep-2024,,sfa.iuh.edu.vn,Viện Tài chính - Kế toán,HCM
https://sfa.iuh.edu.vn/upload/files/AUN%20KT%202024/ALUMNI%20HANDBOOK-da%20nen.pdf,https://sfa.iuh.edu.vn/news.html@detail@388@13219@So-tay-Cuu-sinh-vien-2024,,sfa.iuh.edu.vn,Viện Tài chính - Kế toán,HCM
https://sfa.iuh.edu.vn/upload/files/AUN%20KT%202024/PRO%20SPEC%202020-compressed.pdf,https://sfa.iuh.edu.vn/news.html@detail@320@13214@Ban-mo-ta-chuong-trinh-dao-tao-nam-2020,,sfa.iuh.edu.vn,Viện Tài chính - Kế toán,HCM
https://sfa.iuh.edu.vn/upload/files/AUN%20KT%202024/PRO%20SPEC%202021-da%20nen.pdf,https://sfa.iuh.edu.vn/news.html@detail@320@13213@Ban-mo-ta-chuong-trinh-dao-tao-nam-2021,,sfa.iuh.edu.vn,Viện Tài chính - Kế toán,HCM
https://sfa.iuh.edu.vn/upload/files/AUN%20KT%202024/PRO%20SPEC%202022-da%20nen.pdf,https://sfa.iuh.edu.vn/news.html@detail@320@13212@Ban-mo-ta-chuong-trinh-dao-tao-nam-2022,,sfa.iuh.edu.vn,Viện Tài chính - Kế toán,HCM
https://sfa.iuh.edu.vn/upload/files/AUN%20KT%202024/PRO%20SPEC%202023-da%20nen.pdf,https://sfa.iuh.edu.vn/news.html@detail@320@13211@Ban-mo-ta-chuong-trinh-dao-tao-nam-2023,,sfa.iuh.edu.vn,Viện Tài chính - Kế toán,HCM
https://sfa.iuh.edu.vn/upload/files/AUN%20KT%202024/PRO-SPEC-2024.pdf,https://sfa.iuh.edu.vn/news.html@detail@320@13163@Program-specification-2024,,sfa.iuh.edu.vn,Viện Tài chính - Kế toán,HCM
https://sfa.iuh.edu.vn/upload/files/AUN%20KT%202024/Programme%20Education%20Objectives%20and%20Expected%20Learning%20Outcomes%20of%20Accounting%20Program%202020.pdf,https://sfa.iuh.edu.vn/news.html@detail@313@13095@Programme-Education-Objectives-and-Expected-Learning-Outcomes-of-Accounting-Program-2020,,sfa.iuh.edu.vn,Viện Tài chính - Kế toán,HCM
https://sfa.iuh.edu.vn/upload/files/AUN%20KT%202024/Programme%20Education%20Objectives%20and%20Expected%20Learning%20Outcomes%20of%20Accounting%20Program%202022.pdf,https://sfa.iuh.edu.vn/news.html@detail@313@13096@Programme-Education-Objectives-and-Expected-Learning-Outcomes-of-Accounting-Program-2022,,sfa.iuh.edu.vn,Viện Tài chính - Kế toán,HCM
https://sfa.iuh.edu.vn/upload/files/AUN%20KT%202024/Programme%20Education%20Objectives%20and%20Expected%20Learning%20Outcomes%20of%20Accounting%20Program%202024.pdf,https://sfa.iuh.edu.vn/news.html@detail@313@13097@Programme-Education-Objectives-and-Expected-Learning-Outcomes-of-Accounting-Program-2024,,sfa.iuh.edu.vn,Viện Tài chính - Kế toán,HCM
https://sfa.iuh.edu.vn/upload/files/AUN%20KT%202024/STAFF%20HANDBOOK%20VER%203-compressed.pdf,https://sfa.iuh.edu.vn/news.html@detail@388@13194@So-tay-giang-vien-2024,,sfa.iuh.edu.vn,Viện Tài chính - Kế toán,HCM
https://sfa.iuh.edu.vn/upload/files/AUN%20KT%202024/employer%20handbook-da%20nen.pdf,https://sfa.iuh.edu.vn/news.html@detail@388@13218@So-tay-Nha-tuyen-dung-2024,,sfa.iuh.edu.vn,Viện Tài chính - Kế toán,HCM
https://sfa.iuh.edu.vn/upload/files/AUN%20KT%202024/handbook%20for%20student-compressed.pdf,https://sfa.iuh.edu.vn/news.html@detail@388@13215@So-tay-sinh-vien-Vien-Tai-chinh-Ke-toan-2024,,sfa.iuh.edu.vn,Viện Tài chính - Kế toán,HCM
https://sfa.iuh.edu.vn/upload/files/B%E1%BA%A2N%20MO%20T%E1%BA%A2%20CHUONG%20TRINH%20DAO%20T%E1%BA%A0O_2017-in.pdf,https://sfa.iuh.edu.vn/news.html@detail@342@12333@Ban-mo-ta-chuong-trinh-dao-tao-nam-hoc-2017-2018,,sfa.iuh.edu.vn,Viện Tài chính - Kế toán,HCM
https://sfa.iuh.edu.vn/upload/files/B%E1%BA%A2N%20MO%20T%E1%BA%A2%20CHUONG%20TRINH%20DAO%20T%E1%BA%A0O_2021-in.pdf,https://sfa.iuh.edu.vn/news.html@detail@342@12381@Ban-mo-ta-chuong-trinh-dao-tao-nam-hoc-2021-2022,,sfa.iuh.edu.vn,Viện Tài chính - Kế toán,HCM
https://sfa.iuh.edu.vn/upload/files/Ban%20hanh%20CTDT%20-%20Tien%20si%20-%20Ke%20toan%202021_01_31.pdf,https://sfa.iuh.edu.vn/news.html@detail@347@12587@Chuong-trinh-Tien-si-Ke-toan-2022,,sfa.iuh.edu.vn,Viện Tài chính - Kế toán,HCM
https://sfa.iuh.edu.vn/upload/files/CHU%E1%BA%A8N%20D%E1%BA%A6U%20RA%20VA%20M%E1%BB%A4C%20TIEU%20C%E1%BB%A6A%20CHUONG%20TRINH%20DAO%20T%E1%BA%A0O%20NAM%202018.pdf,https://sfa.iuh.edu.vn/news.html@detail@313@11793@Muc-tieu-dao-tao-va-Chuan-dau-ra-cua-chuong-trinh-dao-tao-nganh-Ke-toan-nam-2018,,sfa.iuh.edu.vn,Viện Tài chính - Kế toán,HCM
https://sfa.iuh.edu.vn/upload/files/CHUAN%20DAU%20RA%20NGANH%20KIEM%20TOAN%20-%20E%202019.pdf,https://sfa.iuh.edu.vn/news.html@detail@313@11819@Muc-tieu-dao-tao-va-Chuan-dau-ra-cua-chuong-trinh-dao-tao-nganh-Ke-toan-nam-2019,,sfa.iuh.edu.vn,Viện Tài chính - Kế toán,HCM
https://sfa.iuh.edu.vn/upload/files/COMPARISONS%20ELOs%202014%20TIENG%20VIET%2025-06-2019(1).pdf,https://sfa.iuh.edu.vn/news.html@detail@313@11806@Muc-tieu-dao-tao-va-Chuan-dau-ra-cua-chuong-trinh-dao-tao-nganh-Ke-toan-nam-2014,,sfa.iuh.edu.vn,Viện Tài chính - Kế toán,HCM
https://sfa.iuh.edu.vn/upload/files/COMPARISONS%20ELOs%202015%20TIENG%20VIET%2025-06-2019.pdf,https://sfa.iuh.edu.vn/news.html@detail@313@11885@Muc-tieu-dao-tao-va-Chuan-dau-ra-cua-chuong-trinh-dao-tao-nganh-Ke-toan-nam-2015,,sfa.iuh.edu.vn,Viện Tài chính - Kế toán,HCM
https://sfa.iuh.edu.vn/upload/files/COMPARISONS%20ELOs%202016%20TIENG%20VIET%2025-06-2019(2).pdf,https://sfa.iuh.edu.vn/news.html@detail@313@11810@Muc-tieu-dao-tao-va-Chuan-dau-ra-cua-chuong-trinh-dao-tao-nganh-Ke-toan-nam-2016,,sfa.iuh.edu.vn,Viện Tài chính - Kế toán,HCM
https://sfa.iuh.edu.vn/upload/files/COMPARISONS%20ELOs%202017%20TIENG%20VIET%2025-06-2019.pdf,https://sfa.iuh.edu.vn/news.html@detail@313@11886@Muc-tieu-dao-tao-va-Chuan-dau-ra-cua-chuong-trinh-dao-tao-nganh-Ke-toan-nam-2017,,sfa.iuh.edu.vn,Viện Tài chính - Kế toán,HCM
https://sfa.iuh.edu.vn/upload/files/CTDT%20KT-kiem%20dinh/CTDT%20KT%20-%202022.pdf,https://sfa.iuh.edu.vn/news.html@detail@314@13105@Chuong-trinh-dao-tao-Ke-toan-2022,,sfa.iuh.edu.vn,Viện Tài chính - Kế toán,HCM
https://sfa.iuh.edu.vn/upload/files/CTDT%20KT-kiem%20dinh/CTDT%20KT%20-%202023.pdf,https://sfa.iuh.edu.vn/news.html@detail@314@13107@Chuong-trinh-dao-tao-Ke-toan-2023,,sfa.iuh.edu.vn,Viện Tài chính - Kế toán,HCM
https://sfa.iuh.edu.vn/upload/files/CTDT%20KT-kiem%20dinh/CTDT%20KT%20-%202024.pdf,https://sfa.iuh.edu.vn/news.html@detail@314@13109@Chuong-trinh-dao-tao-Ke-toan-2024,,sfa.iuh.edu.vn,Viện Tài chính - Kế toán,HCM
https://sfa.iuh.edu.vn/upload/files/CTDT%20KT-kiem%20dinh/CTDT%20KT-CLC-2021.pdf,https://sfa.iuh.edu.vn/news.html@detail@314@13104@Chuong-trinh-dao-tao-Ke-toan-CLC-2021,,sfa.iuh.edu.vn,Viện Tài chính - Kế toán,HCM
https://sfa.iuh.edu.vn/upload/files/CTDT%20KT-kiem%20dinh/CTDT%20KT-CLC-2022.pdf,https://sfa.iuh.edu.vn/news.html@detail@314@13106@Chuong-trinh-dao-tao-Ke-toan-CLC-2022,,sfa.iuh.edu.vn,Viện Tài chính - Kế toán,HCM
https://sfa.iuh.edu.vn/upload/files/CTDT%20KT-kiem%20dinh/CTDT%20KT-CLC-2023.pdf,https://sfa.iuh.edu.vn/news.html@detail@314@13108@Chuong-trinh-dao-tao-Ke-toan-CLC-2023,,sfa.iuh.edu.vn,Viện Tài chính - Kế toán,HCM
https://sfa.iuh.edu.vn/upload/files/CTDT%20KT-kiem%20dinh/CTDT%20KT-TCTA-2024.pdf,https://sfa.iuh.edu.vn/news.html@detail@314@13110@Chuong-trinh-dao-tao-Ke-toan-TCTA-2024,,sfa.iuh.edu.vn,Viện Tài chính - Kế toán,HCM
https://sfa.iuh.edu.vn/upload/files/CTDT%20Ki%E1%BB%83m%20toan%20updated%202024/Ban%20mo%20ta%20CTDT%202018_KIEM%20TOAN.pdf,https://sfa.iuh.edu.vn/news.html@detail@336@12883@Ban-mo-ta-chuong-trinh-dao-tao-nam-2018,,sfa.iuh.edu.vn,Viện Tài chính - Kế toán,HCM
https://sfa.iuh.edu.vn/upload/files/CTDT%20Ki%E1%BB%83m%20toan%20updated%202024/Ban%20mo%20ta%20CTDT%202020_KIEM%20TOAN.pdf,https://sfa.iuh.edu.vn/news.html@detail@336@12884@Ban-mo-ta-chuong-trinh-dao-tao-nam-2020,,sfa.iuh.edu.vn,Viện Tài chính - Kế toán,HCM
https://sfa.iuh.edu.vn/upload/files/CTDT%20Ki%E1%BB%83m%20toan%20updated%202024/Ban%20mo%20ta%20CTDT%202022_KIEM%20TOAN(1).pdf,https://sfa.iuh.edu.vn/news.html@detail@336@12885@Ban-mo-ta-chuong-trinh-dao-tao-nam-2022,,sfa.iuh.edu.vn,Viện Tài chính - Kế toán,HCM
https://sfa.iuh.edu.vn/upload/files/CTDT%20Ki%E1%BB%83m%20toan%20updated%202024/CTDT%202018_KIEM%20TOAN.pdf,https://sfa.iuh.edu.vn/news.html@detail@334@12890@Chuong-trinh-dao-tao-nganh-Kiem-toan-nam-2018,,sfa.iuh.edu.vn,Viện Tài chính - Kế toán,HCM
https://sfa.iuh.edu.vn/upload/files/CTDT%20Ki%E1%BB%83m%20toan%20updated%202024/CTDT%202020_KIEM%20TOAN.pdf,https://sfa.iuh.edu.vn/news.html@detail@334@12891@Chuong-trinh-dao-tao-nganh-Kiem-toan-nam-2020,,sfa.iuh.edu.vn,Viện Tài chính - Kế toán,HCM
https://sfa.iuh.edu.vn/upload/files/CTDT%20Ki%E1%BB%83m%20toan%20updated%202024/CTDT%202022_KIEM%20TOAN.pdf,https://sfa.iuh.edu.vn/news.html@detail@334@12892@Chuong-trinh-dao-tao-nganh-Kiem-toan-nam-2022,,sfa.iuh.edu.vn,Viện Tài chính - Kế toán,HCM
https://sfa.iuh.edu.vn/upload/files/CTDT%20Ki%E1%BB%83m%20toan%20updated%202024/Chu%E1%BA%A9n%20d%E1%BA%A7u%20ra%20CTDT%202018_KIEM%20TOAN.pdf,https://sfa.iuh.edu.vn/news.html@detail@333@12886@Chuan-dau-ra-chuong-trinh-dao-tao-nganh-Kiem-toan-nam-2018,,sfa.iuh.edu.vn,Viện Tài chính - Kế toán,HCM
https://sfa.iuh.edu.vn/upload/files/CTDT%20Ki%E1%BB%83m%20toan%20updated%202024/Chu%E1%BA%A9n%20d%E1%BA%A7u%20ra%20CTDT%202020_KIEM%20TOAN.pdf,https://sfa.iuh.edu.vn/news.html@detail@333@12887@Chuan-dau-ra-chuong-trinh-dao-tao-nganh-Kiem-toan-nam-2020,,sfa.iuh.edu.vn,Viện Tài chính - Kế toán,HCM
https://sfa.iuh.edu.vn/upload/files/CTDT%20Ki%E1%BB%83m%20toan%20updated%202024/Chu%E1%BA%A9n%20d%E1%BA%A7u%20ra%20CTDT%202022_KIEM%20TOAN.pdf,https://sfa.iuh.edu.vn/news.html@detail@333@12888@Chuan-dau-ra-chuong-trinh-dao-tao-nganh-Kiem-toan-nam-2022,,sfa.iuh.edu.vn,Viện Tài chính - Kế toán,HCM
https://sfa.iuh.edu.vn/upload/files/CTDT%20Ki%E1%BB%83m%20toan%20updated%202024/DIEU%20KIEN%20TOT%20NGHIEP.pdf,https://sfa.iuh.edu.vn/news.html@detail@335@12889@Dieu-kien-tot-nghiep-nganh-Kiem-toan-2020,,sfa.iuh.edu.vn,Viện Tài chính - Kế toán,HCM
https://sfa.iuh.edu.vn/upload/files/CTDT%20TCDN%202024/Ban%20mo%20ta%20CTDT%202020_TCDN.pdf,https://sfa.iuh.edu.vn/news.html@detail@374@12918@-Ban-mo-ta-chuong-trinh-dao-tao-nam-2020,,sfa.iuh.edu.vn,Viện Tài chính - Kế toán,HCM
https://sfa.iuh.edu.vn/upload/files/CTDT%20TCDN%202024/Ban%20mo%20ta%20CTDT%202022_TCDN.pdf,https://sfa.iuh.edu.vn/news.html@detail@374@12919@-Ban-mo-ta-chuong-trinh-dao-tao-nam-2022,,sfa.iuh.edu.vn,Viện Tài chính - Kế toán,HCM
https://sfa.iuh.edu.vn/upload/files/CTDT%20TCDN%202024/Ban%20mo%20ta%20CTDT_TCDN_CQ_2018.pdf,https://sfa.iuh.edu.vn/news.html@detail@374@12917@-Ban-mo-ta-chuong-trinh-dao-tao-nam-2018,,sfa.iuh.edu.vn,Viện Tài chính - Kế toán,HCM
https://sfa.iuh.edu.vn/upload/files/CTDT%20TCDN%202024/Chu%E1%BA%A9n%20d%E1%BA%A7u%20ra%20CTDT%202020_TCDN.pdf,https://sfa.iuh.edu.vn/news.html@detail@371@12912@Chuan-dau-ra-chuong-trinh-dao-tao-nganh-Tai-chinh-doanh-nghiep-nam-2020,,sfa.iuh.edu.vn,Viện Tài chính - Kế toán,HCM
https://sfa.iuh.edu.vn/upload/files/CTDT%20TCDN%202024/Chu%E1%BA%A9n%20d%E1%BA%A7u%20ra%20CTDT%202022_TCDN.pdf,https://sfa.iuh.edu.vn/news.html@detail@371@12913@Chuan-dau-ra-chuong-trinh-dao-tao-nganh-Tai-chinh-doanh-nghiep-nam-2022,,sfa.iuh.edu.vn,Viện Tài chính - Kế toán,HCM
https://sfa.iuh.edu.vn/upload/files/CTDT%20TCDN%202024/Chu%E1%BA%A9n%20d%E1%BA%A7u%20ra%20CTDT_2018_TCDN.pdf,https://sfa.iuh.edu.vn/news.html@detail@371@12911@Chuan-dau-ra-chuong-trinh-dao-tao-nganh-Tai-chinh-doanh-nghiep-nam-2018,,sfa.iuh.edu.vn,Viện Tài chính - Kế toán,HCM
https://sfa.iuh.edu.vn/upload/files/CTDT%20TCDN%202024/Chuong%20trinh%20khung%20-TCDN%202018.pdf,https://sfa.iuh.edu.vn/news.html@detail@372@12914@-Chuong-trinh-dao-tao-nganh-Tai-chinh-doanh-nghiep-nam-2018,,sfa.iuh.edu.vn,Viện Tài chính - Kế toán,HCM
https://sfa.iuh.edu.vn/upload/files/CTDT%20TCDN%202024/Chuong%20trinh%20khung-TCDN%202020.pdf,https://sfa.iuh.edu.vn/news.html@detail@372@12915@-Chuong-trinh-dao-tao-nganh-Tai-chinh-doanh-nghiep-nam-2020,,sfa.iuh.edu.vn,Viện Tài chính - Kế toán,HCM
https://sfa.iuh.edu.vn/upload/files/CTDT%20TCDN%202024/Chuong%20trinh%20khung-TCDN%202022.pdf,https://sfa.iuh.edu.vn/news.html@detail@372@12916@-Chuong-trinh-dao-tao-nganh-Tai-chinh-doanh-nghiep-nam-2022,,sfa.iuh.edu.vn,Viện Tài chính - Kế toán,HCM
https://sfa.iuh.edu.vn/upload/files/CTDT%20TCNH%202024/Ban%20mo%20ta%20CTDT%202018_TCNH.pdf,https://sfa.iuh.edu.vn/news.html@detail@365@12902@-Ban-mo-ta-chuong-trinh-dao-tao-nam-2018,,sfa.iuh.edu.vn,Viện Tài chính - Kế toán,HCM
https://sfa.iuh.edu.vn/upload/files/CTDT%20TCNH%202024/Ban%20mo%20ta%20CTDT%202020_TCNH.pdf,https://sfa.iuh.edu.vn/news.html@detail@365@12903@Ban-mo-ta-chuong-trinh-dao-tao-nam-2020,,sfa.iuh.edu.vn,Viện Tài chính - Kế toán,HCM
https://sfa.iuh.edu.vn/upload/files/CTDT%20TCNH%202024/Ban%20mo%20ta%20CTDT%202022_TCNH(1).pdf,https://sfa.iuh.edu.vn/news.html@detail@365@12904@Ban-mo-ta-chuong-trinh-dao-tao-nam-2022,,sfa.iuh.edu.vn,Viện Tài chính - Kế toán,HCM
https://sfa.iuh.edu.vn/upload/files/CTDT%20TCNH%202024/CTDT%202018_TCNH.pdf,https://sfa.iuh.edu.vn/news.html@detail@363@12896@Chuong-trinh-dao-tao-nganh-Tai-chinh-Ngan-hang-nam-2018,,sfa.iuh.edu.vn,Viện Tài chính - Kế toán,HCM
https://sfa.iuh.edu.vn/upload/files/CTDT%20TCNH%202024/CTDT%202020_TCNH.pdf,https://sfa.iuh.edu.vn/news.html@detail@363@12897@Chuong-trinh-dao-tao-nganh-Tai-chinh-Ngan-hang-nam-2020,,sfa.iuh.edu.vn,Viện Tài chính - Kế toán,HCM
https://sfa.iuh.edu.vn/upload/files/CTDT%20TCNH%202024/CTDT%202022_TCNH.pdf,https://sfa.iuh.edu.vn/news.html@detail@363@12898@Chuong-trinh-dao-tao-nganh-Tai-chinh-Ngan-hang-nam-2022,,sfa.iuh.edu.vn,Viện Tài chính - Kế toán,HCM
https://sfa.iuh.edu.vn/upload/files/CTDT%20TCNH%202024/Chu%E1%BA%A9n%20d%E1%BA%A7u%20ra%20CTDT%202018_TCNH.pdf,https://sfa.iuh.edu.vn/news.html@detail@362@12893@Chuan-dau-ra-chuong-trinh-dao-tao-nganh-Tai-chinh-Ngan-hang-nam-2018,,sfa.iuh.edu.vn,Viện Tài chính - Kế toán,HCM
https://sfa.iuh.edu.vn/upload/files/CTDT%20TCNH%202024/Chu%E1%BA%A9n%20d%E1%BA%A7u%20ra%20CTDT%202020_TCNH.pdf,https://sfa.iuh.edu.vn/news.html@detail@362@12894@Chuan-dau-ra-chuong-trinh-dao-tao-nganh-Tai-chinh-Ngan-hang-nam-2020,,sfa.iuh.edu.vn,Viện Tài chính - Kế toán,HCM
https://sfa.iuh.edu.vn/upload/files/CTDT%20TCNH%202024/Chu%E1%BA%A9n%20d%E1%BA%A7u%20ra%20CTDT%202022_TCNH.pdf,https://sfa.iuh.edu.vn/news.html@detail@362@12895@Chuan-dau-ra-chuong-trinh-dao-tao-nganh-Tai-chinh-Ngan-hang-nam-2022,,sfa.iuh.edu.vn,Viện Tài chính - Kế toán,HCM
https://sfa.iuh.edu.vn/upload/files/CTDT%20TCNH%202024/DIEU%20KIEN%20TOT%20NGHIEP.pdf,https://sfa.iuh.edu.vn/news.html@detail@373@12922@Dieu-kien-tot-nghiep-nganh-Tai-doanh-nghiep-nam-2022,,sfa.iuh.edu.vn,Viện Tài chính - Kế toán,HCM
https://sfa.iuh.edu.vn/upload/files/DIEU%20KIEN%20TOT%20NGHIEP%20-%20KE%20TOAN.pdf,https://sfa.iuh.edu.vn/news.html@detail@315@12579@Dieu-kien-tot-nghiep-2022,,sfa.iuh.edu.vn,Viện Tài chính - Kế toán,HCM
https://sfa.iuh.edu.vn/upload/files/DIEU%20KIEN%20TOT%20NGHIEP%20-%20KIEM%20TOAN.pdf,https://sfa.iuh.edu.vn/news.html@detail@335@12581@Dieu-kien-tot-nghiep-nganh-Kiem-toan-2022,,sfa.iuh.edu.vn,Viện Tài chính - Kế toán,HCM
https://sfa.iuh.edu.vn/upload/files/Fintech/KHUNG%20FINTECH%20K20.pdf,https://sfa.iuh.edu.vn/news.html@detail@384@13112@Chuong-trinh-dao-tao-nganh-Cong-nghe-Tai-chinh-nam-2025,,sfa.iuh.edu.vn,Viện Tài chính - Kế toán,HCM
https://sfa.iuh.edu.vn/upload/files/Fintech/M%E1%BB%A5c%20tieu%20dao%20t%E1%BA%A1o%20va%20chu%E1%BA%A9n%20d%E1%BA%A7u%20ra%20CTDT%20FINTECH.pdf,https://sfa.iuh.edu.vn/news.html@detail@383@13113@Chuan-dau-ra-nganh-Cong-nghe-Tai-chinh-nam-2025,,sfa.iuh.edu.vn,Viện Tài chính - Kế toán,HCM
https://sfa.iuh.edu.vn/upload/files/Fintech/QDh%20v_v%20ban%20hanh%20CTDhT%20trinh%20do%20DhHCQ%20nganh%20Fintech%20so%203744%20ngay%2030_12_2024.pdf,https://sfa.iuh.edu.vn/news.html@detail@312@13114@Quyet-dinh-ve-viec-ban-hanh-CTDT-trinh-do-Dai-hoc-chinh-quy-nganh-Fintech-so-3744-ngay-30-12-2024,,sfa.iuh.edu.vn,Viện Tài chính - Kế toán,HCM
https://sfa.iuh.edu.vn/upload/files/Fintech/QDh%20v_v%20mo%20nganh%20DhT%20trinh%20do%20DhHCQ%20nganh%20Fintech%20so%203758%20ngay%2031_12_2024.pdf,https://sfa.iuh.edu.vn/news.html@detail@312@13115@Quyet-dinh-ve-viec-mo-nganh-dao-tao-trinh-do-Dai-hoc-chinh-quy-nganh-Fintech-so-3758-ngay-31-12-2024,,sfa.iuh.edu.vn,Viện Tài chính - Kế toán,HCM
https://sfa.iuh.edu.vn/upload/files/Handbook/IUH%20Hanbook%202024.pdf,https://sfa.iuh.edu.vn/news.html@detail@388@13193@So-tay-sinh-vien-cua-IUH-nam-2024,,sfa.iuh.edu.vn,Viện Tài chính - Kế toán,HCM
https://sfa.iuh.edu.vn/upload/files/KE%20HOACH%20DAO%20TAO%20TOAN%20KHOA%20THAC%20SY%20-%20NGANH%20KE%20TOAN.pdf,https://sfa.iuh.edu.vn/news.html@detail@328@12585@Khung-chuong-trinh-Thac-si-2022,,sfa.iuh.edu.vn,Viện Tài chính - Kế toán,HCM
https://sfa.iuh.edu.vn/upload/files/Khung%20%20chuong%20trinh%20Thac%20Sy%202017(1).pdf,https://sfa.iuh.edu.vn/news.html@detail@328@11939@Khung-chuong-trinh-thac-sy-2017,,sfa.iuh.edu.vn,Viện Tài chính - Kế toán,HCM
https://sfa.iuh.edu.vn/upload/files/MUC%20TIEU%20VA%20CHUAN%20DAU%20RA%20NGANH%20KE%20TOAN%202022.pdf,https://sfa.iuh.edu.vn/news.html@detail@313@12578@Muc-tieu-dao-tao-va-Chuan-dau-ra-cua-chuong-trinh-dao-tao-nganh-Ke-toan-nam-2022,,sfa.iuh.edu.vn,Viện Tài chính - Kế toán,HCM
https://sfa.iuh.edu.vn/upload/files/Mapping%20PI%20-%20Courses.pdf,https://sfa.iuh.edu.vn/news.html@detail@320@11970@Mapping-PI-Courses-2018,,sfa.iuh.edu.vn,Viện Tài chính - Kế toán,HCM
https://sfa.iuh.edu.vn/upload/files/Niem%20giam%20KT/Nien%20giam%20nganh%20K%E1%BA%BF%20toan%20nam%202023.pdf,https://sfa.iuh.edu.vn/news.html@detail@381@13094@Nien-giam-nganh-Ke-toan-nam-2023,,sfa.iuh.edu.vn,Viện Tài chính - Kế toán,HCM
https://sfa.iuh.edu.vn/upload/files/Pro%20Spec%202019%20-%20Final_ghebia.pdf,https://sfa.iuh.edu.vn/news.html@detail@320@11930@Ban-dac-ta-chuong-trinh-cap-nhat-2019,,sfa.iuh.edu.vn,Viện Tài chính - Kế toán,HCM
https://sfa.iuh.edu.vn/upload/files/TAI%20LIEU%20HUONG%20DAN%20SU%20DUNG%20ELEARNING%20-%20SINH%20VIEN.pdf,https://sfa.iuh.edu.vn/news.html@detail@306@12075@Tai-lieu-huong-dan-su-dung-E-Learning,,sfa.iuh.edu.vn,Viện Tài chính - Kế toán,HCM
https://sfa.iuh.edu.vn/upload/files/ThS%202024/2025_03_11%20TB%2016%20Tuyen%20sinh%20tien%20si%202025-1.pdf,https://sfa.iuh.edu.vn/news.html@detail@250@13170@Thong-bao-tuyen-sinh-dao-tao-trinh-do-Tien-si-nam-2025-%E2%80%93-Dot-1,,sfa.iuh.edu.vn,Viện Tài chính - Kế toán,HCM
https://sfa.iuh.edu.vn/upload/files/ThS%202024/BVDC%206HV%205_1_24.pdf,https://sfa.iuh.edu.vn/news.html@detail@312@12856@Thong-bao-lich-bao-ve-de-cuong-luan-van-Thac-si-Ke-toan-thang-01-nam-2024,Download,sfa.iuh.edu.vn,Viện Tài chính - Kế toán,HCM
https://sfa.iuh.edu.vn/upload/files/ThS%202024/BVLV%20KT4_1_24.pdf,https://sfa.iuh.edu.vn/news.html@detail@312@12855@Thong-bao-lich-bao-ve-luan-van-Thac-si-Ke-toan-thang-01-nam-2024,Download,sfa.iuh.edu.vn,Viện Tài chính - Kế toán,HCM
https://sfa.iuh.edu.vn/upload/files/ThS%20TCNH%202024/Ban%20mo%20ta%20CTDT%20cao%20hoc%202016.pdf,https://sfa.iuh.edu.vn/news.html@detail@370@12907@Ban-mo-ta-chuong-trinh-thac-si-Tai-chinh-%E2%80%93-Ngan-hang-nam-2016,,sfa.iuh.edu.vn,Viện Tài chính - Kế toán,HCM
https://sfa.iuh.edu.vn/upload/files/ThS%20TCNH%202024/Ban%20mo%20ta%20CTDT%20cao%20hoc%202022.pdf,https://sfa.iuh.edu.vn/news.html@detail@370@12908@Ban-mo-ta-chuong-trinh-thac-si-Tai-chinh-%E2%80%93-Ngan-hang-nam-2022,,sfa.iuh.edu.vn,Viện Tài chính - Kế toán,HCM
https://sfa.iuh.edu.vn/upload/files/ThS%20TCNH%202024/Khung%20CTDT%202016.pdf,https://sfa.iuh.edu.vn/news.html@detail@368@12909@Khung-chuong-trinh-thac-si-Tai-chinh-%E2%80%93-Ngan-hang-nam-2016,,sfa.iuh.edu.vn,Viện Tài chính - Kế toán,HCM
https://sfa.iuh.edu.vn/upload/files/ThS%20TCNH%202024/Khung%20CTDT%202022.pdf,https://sfa.iuh.edu.vn/news.html@detail@368@12910@Khung-chuong-trinh-thac-si-Tai-chinh-%E2%80%93-Ngan-hang-nam-2022,,sfa.iuh.edu.vn,Viện Tài chính - Kế toán,HCM
https://sfa.iuh.edu.vn/upload/files/ThS%20TCNH%202024/M%E1%BB%A4C%20TIEU%20VA%20CDR%20CTDT%20ThS%202016.pdf,https://sfa.iuh.edu.vn/news.html@detail@367@12905@Muc-tieu-va-chuan-dau-ra-chuong-trinh-thac-si-Tai-chinh-%E2%80%93-Ngan-hang-nam-2016,,sfa.iuh.edu.vn,Viện Tài chính - Kế toán,HCM
https://sfa.iuh.edu.vn/upload/files/ThS%20TCNH%202024/Muc%20tieu%20va%20CDR%20CTDT%20ThS%202022.pdf,https://sfa.iuh.edu.vn/news.html@detail@367@12906@Muc-tieu-va-chuan-dau-ra-chuong-trinh-thac-si-Tai-chinh-%E2%80%93-Ngan-hang-nam-2022,,sfa.iuh.edu.vn,Viện Tài chính - Kế toán,HCM
https://sfa.iuh.edu.vn/upload/files/rubric/RUBRIC-Intership1.pdf,https://sfa.iuh.edu.vn/news.html@detail@321@13188@Rubric-Intership-1,,sfa.iuh.edu.vn,Viện Tài chính - Kế toán,HCM
https://sfa.iuh.edu.vn/upload/files/rubric/RUBRICS-Intership2.pdf,https://sfa.iuh.edu.vn/news.html@detail@321@13189@Rubric-Intership-2,,sfa.iuh.edu.vn,Viện Tài chính - Kế toán,HCM
https://sfa.iuh.edu.vn/upload/files/rubric/Rubrics-Thesis.pdf,https://sfa.iuh.edu.vn/news.html@detail@321@13190@Rubrics-Thesis,,sfa.iuh.edu.vn,Viện Tài chính - Kế toán,HCM
http://khoahocquocte.iuh.edu.vn/upload/files/01_MT_v2.pdf,https://smia.iuh.edu.vn/news.html@detail@214@781@Lich-bao-cao-cua-chu-nhiem-de-tai-(Xet-duyet-de-tai-NCKH-cap-Truong-2016),Xem hoặc download tại đây,smia.iuh.edu.vn,Phòng Quản lý khoa học và hợp tác quốc tế,HCM
http://khoahocquocte.iuh.edu.vn/upload/files/02_CK.pdf,https://smia.iuh.edu.vn/news.html@detail@214@781@Lich-bao-cao-cua-chu-nhiem-de-tai-(Xet-duyet-de-tai-NCKH-cap-Truong-2016),Xem hoặc download tại đây,smia.iuh.edu.vn,Phòng Quản lý khoa học và hợp tác quốc tế,HCM
http://khoahocquocte.iuh.edu.vn/upload/files/03_CNTT.pdf,https://smia.iuh.edu.vn/news.html@detail@214@781@Lich-bao-cao-cua-chu-nhiem-de-tai-(Xet-duyet-de-tai-NCKH-cap-Truong-2016),Xem hoặc download tại đây,smia.iuh.edu.vn,Phòng Quản lý khoa học và hợp tác quốc tế,HCM
http://khoahocquocte.iuh.edu.vn/upload/files/04_KT.pdf,https://smia.iuh.edu.vn/news.html@detail@214@781@Lich-bao-cao-cua-chu-nhiem-de-tai-(Xet-duyet-de-tai-NCKH-cap-Truong-2016),Xem hoặc download tại đây,smia.iuh.edu.vn,Phòng Quản lý khoa học và hợp tác quốc tế,HCM
http://khoahocquocte.iuh.edu.vn/upload/files/05_CB.pdf,https://smia.iuh.edu.vn/news.html@detail@214@781@Lich-bao-cao-cua-chu-nhiem-de-tai-(Xet-duyet-de-tai-NCKH-cap-Truong-2016),Xem hoặc download tại đây,smia.iuh.edu.vn,Phòng Quản lý khoa học và hợp tác quốc tế,HCM
http://khoahocquocte.iuh.edu.vn/upload/files/2016NCKH_IUH/Thuthu_Baocao_KT_L_KHCB_GD_V2.pdf,https://smia.iuh.edu.vn/news.html@detail@214@800@Lich-bao-cao-cua-ung-vien-Chu-nhiem-de-tai-truoc-Hoi-dong-xet-duyet-de-tai-NCKH-cap-Truong-nam-2017,Download tại đây,smia.iuh.edu.vn,Phòng Quản lý khoa học và hợp tác quốc tế,HCM
http://khoahocquocte.iuh.edu.vn/upload/files/2016NCKH_IUH/Thuthu_Baocao_TB_CK_XD.pdf,https://smia.iuh.edu.vn/news.html@detail@214@800@Lich-bao-cao-cua-ung-vien-Chu-nhiem-de-tai-truoc-Hoi-dong-xet-duyet-de-tai-NCKH-cap-Truong-nam-2017,Download tại đây,smia.iuh.edu.vn,Phòng Quản lý khoa học và hợp tác quốc tế,HCM
http://khoahocquocte.iuh.edu.vn/upload/files/2016NCKH_IUH/Thuthu_Baocao_TB_CNTT.pdf,https://smia.iuh.edu.vn/news.html@detail@214@800@Lich-bao-cao-cua-ung-vien-Chu-nhiem-de-tai-truoc-Hoi-dong-xet-duyet-de-tai-NCKH-cap-Truong-nam-2017,Download tại đây,smia.iuh.edu.vn,Phòng Quản lý khoa học và hợp tác quốc tế,HCM
http://khoahocquocte.iuh.edu.vn/upload/files/2016NCKH_IUH/Thutu_Baocao_Hoa_Sinh_MT.pdf,https://smia.iuh.edu.vn/news.html@detail@214@800@Lich-bao-cao-cua-ung-vien-Chu-nhiem-de-tai-truoc-Hoi-dong-xet-duyet-de-tai-NCKH-cap-Truong-nam-2017,Download tại đây.,smia.iuh.edu.vn,Phòng Quản lý khoa học và hợp tác quốc tế,HCM
http://khoahocquocte.iuh.edu.vn/upload/files/2017GS_PGS/TB_116b.pdf,"https://smia.iuh.edu.vn/news.html@detail@257@808@Chuan-bi-va-dang-ky-de-xet-cong-nhan-dat-chuan-chuc-danh-giao-su,-pho-giao-su-nam-2017",Xem tại đây,smia.iuh.edu.vn,Phòng Quản lý khoa học và hợp tác quốc tế,HCM
http://khoahocquocte.iuh.edu.vn/upload/files/2017GS_PGS/Thong_bao_Tap_huan-CV50_WEB.pdf,"https://smia.iuh.edu.vn/news.html@detail@257@810@Tap-huan-xet-cong-nhan-dat-chuan-chuc-danh-giao-su,-pho-giao-su-nam-2017",Xem tại đây,smia.iuh.edu.vn,Phòng Quản lý khoa học và hợp tác quốc tế,HCM
http://khoahocquocte.iuh.edu.vn/upload/files/2017GS_PGS/Thong_bao_va_Lich_xet_2017.pdf,"https://smia.iuh.edu.vn/news.html@detail@257@802@Xet-cong-nhan-chuc-danh-giao-su,-pho-giao-su-nam-2017",Xem tại đây,smia.iuh.edu.vn,Phòng Quản lý khoa học và hợp tác quốc tế,HCM
http://khoahocquocte.iuh.edu.vn/upload/files/2018Eureka/1884_BGDDT-KHCNMT.pdf,https://smia.iuh.edu.vn/news.html@detail@220@819@Giai-thuong-Sinh-vien-nghien-cuu-khoa-hoc-Nam-2018-cua-Bo-GD&DT,Nội dung công văn,smia.iuh.edu.vn,Phòng Quản lý khoa học và hợp tác quốc tế,HCM
http://khoahocquocte.iuh.edu.vn/upload/files/2018Eureka/303_KH-BGDDT.pdf,https://smia.iuh.edu.vn/news.html@detail@220@819@Giai-thuong-Sinh-vien-nghien-cuu-khoa-hoc-Nam-2018-cua-Bo-GD&DT,Kế hoạch triển khai,smia.iuh.edu.vn,Phòng Quản lý khoa học và hợp tác quốc tế,HCM
http://khoahocquocte.iuh.edu.vn/upload/files/2018Eureka/Eureka_cap_Truong_2018.pdf,https://smia.iuh.edu.vn/news.html@detail@220@555@Trien-khai-Giai-thuong-Sinh-vien-NCKH-Eureka-cap-Truong-nam-2018,Download tại đây,smia.iuh.edu.vn,Phòng Quản lý khoa học và hợp tác quốc tế,HCM
http://khoahocquocte.iuh.edu.vn/upload/files/2018Khoahoc_Tre/16Thongbao_sotuyenVUKHTN_dot2_2018.pdf,https://smia.iuh.edu.vn/news.html@detail@214@820@Dang-ky-de-tai-nghien-cuu-khoa-hoc-thuoc-chuong-trinh-Vuon-uom-Khoa-hoc-Thanh-nien-dot-2-nam-2018-[Thanh-Doan-TP.-HCM],Xem thông báo,smia.iuh.edu.vn,Phòng Quản lý khoa học và hợp tác quốc tế,HCM
http://khoahocquocte.iuh.edu.vn/upload/files/2018NCKH/TB_141_Detai_IUH2018.pdf,https://smia.iuh.edu.vn/news.html@detail@214@809@Trien-khai-De-tai-NCKH-cap-Truong-nam-2018,Xem tại đây,smia.iuh.edu.vn,Phòng Quản lý khoa học và hợp tác quốc tế,HCM
http://khoahocquocte.iuh.edu.vn/upload/files/2018NCKH/TB_36.pdf,https://smia.iuh.edu.vn/news.html@detail@214@818@Dang-ky-De-tai-NCKH-cap-Truong-2018-(dot-2),Xem tại đây,smia.iuh.edu.vn,Phòng Quản lý khoa học và hợp tác quốc tế,HCM
http://khoahocquocte.iuh.edu.vn/upload/files/2019Detai_ngoaitruong/2019/%5B19-02-2019_10_17_02%5D40_tb-skhcn_angiang-dexuatdathang.pdf,https://smia.iuh.edu.vn/news.html@detail@221@530@De-xuat-De-tai-cap-Tinh-An-Giang-va-Binh-Phuoc,Download tại đây,smia.iuh.edu.vn,Phòng Quản lý khoa học và hợp tác quốc tế,HCM
http://khoahocquocte.iuh.edu.vn/upload/files/2019Detai_ngoaitruong/2019/%5B19-02-2019_10_25_27%5D66-skhcn-qlkh-dexuatnhiemvukhcnnam2020.pdf,https://smia.iuh.edu.vn/news.html@detail@221@530@De-xuat-De-tai-cap-Tinh-An-Giang-va-Binh-Phuoc,Download tại đây,smia.iuh.edu.vn,Phòng Quản lý khoa học và hợp tác quốc tế,HCM
http://khoahocquocte.iuh.edu.vn/upload/files/2019Eureka/Kehoach_Eureka_2019.pdf,https://smia.iuh.edu.vn/news.html@detail@220@528@Trien-khai-Giai-thuong-Sinh-vien-NCKH-Eureka-cap-Truong-nam-2019,Download tại đây,smia.iuh.edu.vn,Phòng Quản lý khoa học và hợp tác quốc tế,HCM
http://khoahocquocte.iuh.edu.vn/upload/files/2019GS/CV_73_HDCDGSNN.pdf,"https://smia.iuh.edu.vn/news.html@detail@221@524@Lich-xet-cong-nhan-dat-tieu-chuan-chuc-danh-giao-su,-pho-giao-su-nam-2019",Download tại đây,smia.iuh.edu.vn,Phòng Quản lý khoa học và hợp tác quốc tế,HCM
http://khoahocquocte.iuh.edu.vn/upload/files/2019GS/IUH_TB_38.pdf,"https://smia.iuh.edu.vn/news.html@detail@221@524@Lich-xet-cong-nhan-dat-tieu-chuan-chuc-danh-giao-su,-pho-giao-su-nam-2019",Download tại đây,smia.iuh.edu.vn,Phòng Quản lý khoa học và hợp tác quốc tế,HCM
http://khoahocquocte.iuh.edu.vn/upload/files/2019GS/QD_37_2018_QD-TTG_signed.pdf,https://smia.iuh.edu.vn/news.html@detail@257@627@Thong-tin,Download tại đây,smia.iuh.edu.vn,Phòng Quản lý khoa học và hợp tác quốc tế,HCM
http://khoahocquocte.iuh.edu.vn/upload/files/2020Eureka/Ke_hoach_to_chuc_eureka_2020.pdf,https://smia.iuh.edu.vn/news.html@detail@261@577@Ke-hoach-Giai-thuong-Sinh-vien-NCKH-Eureka-cap-Truong-nam-2020-,Download tại đây.,smia.iuh.edu.vn,Phòng Quản lý khoa học và hợp tác quốc tế,HCM
http://khoahocquocte.iuh.edu.vn/upload/files/Hotro_NCKH_Thanhdoan_chuong%20trinh_NCKH_VietA.pdf,https://smia.iuh.edu.vn/news.html@detail@214@794@So-tuyen-De-tai-NCKH-thuoc-Quy-Phat-trien-Khoa-hoc-va-Cong-nghe-Viet-A-nam-2016,tại đây,smia.iuh.edu.vn,Phòng Quản lý khoa học và hợp tác quốc tế,HCM
http://khoahocquocte.iuh.edu.vn/upload/files/TB_169DHCN_detai_nckh_iuh_2016.pdf,https://smia.iuh.edu.vn/news.html@detail@214@769@Dang-ky-De-tai-NCKH-cap-truong-nam-2016,Download,smia.iuh.edu.vn,Phòng Quản lý khoa học và hợp tác quốc tế,HCM
http://khoahocquocte.iuh.edu.vn/upload/files/TB_BRVT_2016.pdf,https://smia.iuh.edu.vn/news.html@detail@214@780@Dang-ky-de-tai-KHCN-Tinh-Ba-Ria-Vung-Tau-nam-2016,Xem thông báo,smia.iuh.edu.vn,Phòng Quản lý khoa học và hợp tác quốc tế,HCM
http://khoahocquocte.iuh.edu.vn/upload/files/TB_KHCN_An_Giang_2016.pdf,https://smia.iuh.edu.vn/news.html@detail@214@773@Dang-ky-de-tai-KHCN-Tinh-An-Giang-nam-2016,thông báo kèm theo,smia.iuh.edu.vn,Phòng Quản lý khoa học và hợp tác quốc tế,HCM
http://khoahocquocte.iuh.edu.vn/upload/files/TB_KHCN_Ninh_thuan_2016.pdf,https://smia.iuh.edu.vn/news.html@detail@214@774@Dang-ky-de-tai-KHCN-Tinh-Ninh-Thuan-nam-2016,thông báo kèm theo,smia.iuh.edu.vn,Phòng Quản lý khoa học và hợp tác quốc tế,HCM
http://khoahocquocte.iuh.edu.vn/upload/files/TB_KHCN_Tay_Ninh_2017.pdf,https://smia.iuh.edu.vn/news.html@detail@214@775@Dang-ky-de-tai-KHCN-Tinh-Tay-Ninh-nam-2017,thông báo kèm theo,smia.iuh.edu.vn,Phòng Quản lý khoa học và hợp tác quốc tế,HCM
http://khoahocquocte.iuh.edu.vn/upload/files/TB_xet_thuong_bai_bao_khoa_hoc_nam_2016.pdf,https://smia.iuh.edu.vn/news.html@detail@220@792@Xet-thuong-bai-bao-khoa-hoc-nam-2016,Xem tại đây,smia.iuh.edu.vn,Phòng Quản lý khoa học và hợp tác quốc tế,HCM
http://khoahocquocte.iuh.edu.vn/upload/files/Trienkhai_NCKH_IUH_2017.pdf,https://smia.iuh.edu.vn/news.html@detail@214@786@Trien-khai-De-tai-NCKH-cap-Truong-nam-2017,Xem tại đây,smia.iuh.edu.vn,Phòng Quản lý khoa học và hợp tác quốc tế,HCM
https://smia.iuh.edu.vn/upload/files/14-bgddt.pdf,https://smia.iuh.edu.vn/bieumau.html@p=1,,smia.iuh.edu.vn,Phòng Quản lý khoa học và hợp tác quốc tế,HCM
https://smia.iuh.edu.vn/upload/files/2020/%5B04-05-2020_15_33_17%5D5360-shtt-ndht_(15_4_2020)_0001.pdf,https://smia.iuh.edu.vn/news.html@detail@221@620@Thong-bao-ve-viec-ho-tro-dang-ky-quoc-te-doi-voi-sang-che-cho-cac-ca-nhan,tại đây,smia.iuh.edu.vn,Phòng Quản lý khoa học và hợp tác quốc tế,HCM
https://smia.iuh.edu.vn/upload/files/2020/2020%20HEAT%20Graduate%20Program_Attachment2(Final)_Korean%20Council%20for%20University%20Education.pdf,https://smia.iuh.edu.vn/news.html@detail@212@600@Hoc-bong-cho-cac-thanh-vien-Dong-Nam-A-tai-Han-Quoc-(HEAT),Tải về,smia.iuh.edu.vn,Phòng Quản lý khoa học và hợp tác quốc tế,HCM
https://smia.iuh.edu.vn/upload/files/2020/2020_TBTS_Lao.pdf,https://smia.iuh.edu.vn/news.html@detail@221@683@Thong-bao-tuyen-sinh-di-hoc-tai-nuoc-CHDCND-Lao-theo-dien-hoc-bong-Hiep-dinh-nam-2020,Tải về,smia.iuh.edu.vn,Phòng Quản lý khoa học và hợp tác quốc tế,HCM
https://smia.iuh.edu.vn/upload/files/2020/HDGS_2020/TB_25.pdf,https://smia.iuh.edu.vn/news.html@detail@257@627@Thong-tin,Xem tại đây,smia.iuh.edu.vn,Phòng Quản lý khoa học và hợp tác quốc tế,HCM
https://smia.iuh.edu.vn/upload/files/2020/HDGS_2020/TB_33a.pdf,https://smia.iuh.edu.vn/news.html@detail@257@627@Thong-tin,Xem tại đây,smia.iuh.edu.vn,Phòng Quản lý khoa học và hợp tác quốc tế,HCM
https://smia.iuh.edu.vn/upload/files/2020/Helmut_Schmidt-Programm_2021_vn.pdf,https://smia.iuh.edu.vn/news.html@detail@212@626@Chuong-trinh-hoc-bong-Thac-si-Helmut-Schmidt-cua-DAAD-nam-2021,TẢI VỀ TẠI ĐÂY,smia.iuh.edu.vn,Phòng Quản lý khoa học và hợp tác quốc tế,HCM
https://smia.iuh.edu.vn/upload/files/2021/Eureka/2021HCMC/97%20-%20ke%20hoach%20Eureka%202021.pdf,https://smia.iuh.edu.vn/news.html@detail@261@908@Giai-thuong-Sinh-vien-NCKH-Eureka-cap-Truong-nam-2021,Kế hoạch,smia.iuh.edu.vn,Phòng Quản lý khoa học và hợp tác quốc tế,HCM
https://smia.iuh.edu.vn/upload/files/2021/Eureka/2021SMIA/Bai%20m%E1%BA%ABu%20da%20d%E1%BA%A1t%20gi%E1%BA%A3i.pdf,https://smia.iuh.edu.vn/news.html@detail@261@915@Mot-so-thong-tin-cho-sinh-vien-tham-gia-Giai-thuong-Sinh-vien-NCKH-Eureka-cap-Truong-nam-20211,Download tại đây,smia.iuh.edu.vn,Phòng Quản lý khoa học và hợp tác quốc tế,HCM
https://smia.iuh.edu.vn/upload/files/2021/Eureka/Cap_Thanh/Thong%20bao%20so%201%20Eureka.pdf,https://smia.iuh.edu.vn/news.html@detail@261@920@-Nop-ho-so-Giai-thuong-Sinh-vien-nghien-cuu-khoa-hoc-Eureka-cap-Thanh-nam-2021-,Xem tại đây,smia.iuh.edu.vn,Phòng Quản lý khoa học và hợp tác quốc tế,HCM
https://smia.iuh.edu.vn/upload/files/2021/Eureka/K%E1%BA%BF%20ho%E1%BA%A1ch%20s%E1%BB%91%2020-KH-DHCN%20(29_4_2021).pdf,https://smia.iuh.edu.vn/news.html@detail@261@908@Giai-thuong-Sinh-vien-NCKH-Eureka-cap-Truong-nam-2021,Download tại đây.,smia.iuh.edu.vn,Phòng Quản lý khoa học và hợp tác quốc tế,HCM
https://smia.iuh.edu.vn/upload/files/2021/Eureka/PGS_Le_Hung_Anh_IUH.pdf,https://smia.iuh.edu.vn/news.html@detail@261@908@Giai-thuong-Sinh-vien-NCKH-Eureka-cap-Truong-nam-2021,Tham luận 2,smia.iuh.edu.vn,Phòng Quản lý khoa học và hợp tác quốc tế,HCM
https://smia.iuh.edu.vn/upload/files/2021/Eureka/TS_Le_Hoang_Anh_BUH.pdf,https://smia.iuh.edu.vn/news.html@detail@261@908@Giai-thuong-Sinh-vien-NCKH-Eureka-cap-Truong-nam-2021,Tham luận 1,smia.iuh.edu.vn,Phòng Quản lý khoa học và hợp tác quốc tế,HCM
https://smia.iuh.edu.vn/upload/files/2021/HDGS_cs_IUH/Kehoach-xet-congnhan-DTC_chucdanh_GS_PGS_tai_IUH_07-06-2021.pdf,"https://smia.iuh.edu.vn/news.html@detail@257@897@Thong-tin-ve-xet-cong-nhan-dat-tieu-chuan-chuc-danh-Giao-su,-Pho-Giao-su-nam-2021",Xem tại đây,smia.iuh.edu.vn,Phòng Quản lý khoa học và hợp tác quốc tế,HCM
https://smia.iuh.edu.vn/upload/files/2021/NNC/Thong%20bao%20NNC.pdf,"https://smia.iuh.edu.vn/news.html@detail@221@900@Thong-bao-ve-viec-dang-ky-thanh-lap-nhom-nghien-cuu-tiem-nang,-nhom-nghien-cuu-manh",xem tại đây,smia.iuh.edu.vn,Phòng Quản lý khoa học và hợp tác quốc tế,HCM
https://smia.iuh.edu.vn/upload/files/2021/qd-814-20210524042749-e_Quanly_nhom_nghiencu_NC_manh_va_tiem_nang.pdf,https://smia.iuh.edu.vn/bieumau.html@218@Quy-trinh_Bieu-mau,,smia.iuh.edu.vn,Phòng Quản lý khoa học và hợp tác quốc tế,HCM
https://smia.iuh.edu.vn/upload/files/2021Detai_IUH/HU%E1%BB%9ANG%20D%E1%BA%AAN%20DANG%20KY%20D%E1%BB%80%20TAI%20NCKH%20C%E1%BA%A4P%20TRU%E1%BB%9CNG%202021.pdf,https://smia.iuh.edu.vn/news.html@detail@214@834@Dang-ky-De-tai-NCKH-cap-Truong-nam-2021-(dot-1),Click xem hướng dẫn đăng ký online tại đây,smia.iuh.edu.vn,Phòng Quản lý khoa học và hợp tác quốc tế,HCM
https://smia.iuh.edu.vn/upload/files/2021Detai_IUH/THONG%20BAO%20TRI%E1%BB%82N%20KHAI%20D%E1%BB%80%20TAI%202021.pdf,https://smia.iuh.edu.vn/news.html@detail@214@834@Dang-ky-De-tai-NCKH-cap-Truong-nam-2021-(dot-1),Click xem thông báo tại đây,smia.iuh.edu.vn,Phòng Quản lý khoa học và hợp tác quốc tế,HCM
https://smia.iuh.edu.vn/upload/files/2022/2022Detai_IUH/Thong-bao-191Detai_IUH.pdf,https://smia.iuh.edu.vn/news.html@detail@214@986@Trien-khai-de-tai-nghien-cuu-khoa-hoc-cap-Truong-nam-2023-(Dot-1),Xem file đính kèm,smia.iuh.edu.vn,Phòng Quản lý khoa học và hợp tác quốc tế,HCM
https://smia.iuh.edu.vn/upload/files/2022/2022HDGS_cs/Ke%20hoach%20xet%20cong%20nhan%20dat%20tieu%20chuan%20chuc%20danh%20GS%2CPGS%202022%20t%E1%BA%A1i%20IUH.pdf,"https://smia.iuh.edu.vn/news.html@detail@257@956@Thong-tin-ve-xet-cong-nhan-dat-tieu-chuan-chuc-danh-Giao-su,-Pho-Giao-su-nam-2022",Xem tại đây,smia.iuh.edu.vn,Phòng Quản lý khoa học và hợp tác quốc tế,HCM
https://smia.iuh.edu.vn/upload/files/2022/2022HDGS_cs/TB67_DHCN_21042022.pdf,"https://smia.iuh.edu.vn/news.html@detail@257@956@Thong-tin-ve-xet-cong-nhan-dat-tieu-chuan-chuc-danh-Giao-su,-Pho-Giao-su-nam-2022",Xem tại đây,smia.iuh.edu.vn,Phòng Quản lý khoa học và hợp tác quốc tế,HCM
https://smia.iuh.edu.vn/upload/files/2022/2023Eureka/K%E1%BA%BE%20HO%E1%BA%A0CH%20TRI%E1%BB%82N%20KHAI%20EUREKA%202023.pdf,https://smia.iuh.edu.vn/news.html@detail@220@988@Ke-hoach-Giai-thuong-Sinh-vien-NCKH-Eureka-cap-Truong-nam-2023,Download tại đây.,smia.iuh.edu.vn,Phòng Quản lý khoa học và hợp tác quốc tế,HCM
https://smia.iuh.edu.vn/upload/files/2023Eureka/K%E1%BA%BE%20HO%E1%BA%A0CH%20TRI%E1%BB%82N%20KHAI%20EUREKA%202023.pdf,https://smia.iuh.edu.vn/news.html@detail@220@988@Ke-hoach-Giai-thuong-Sinh-vien-NCKH-Eureka-cap-Truong-nam-2023,Download tại đây,smia.iuh.edu.vn,Phòng Quản lý khoa học và hợp tác quốc tế,HCM
https://smia.iuh.edu.vn/upload/files/2025HDGS_cs/2025UV_GS_PGS/01_Mau_1_Huynh_Trung_Hieu.pdf,https://smia.iuh.edu.vn/category.html@259@Danh-sach-ung-vien-GS-PGS,Xem tại đây,smia.iuh.edu.vn,Phòng Quản lý khoa học và hợp tác quốc tế,HCM
https://smia.iuh.edu.vn/upload/files/2025HDGS_cs/2025UV_GS_PGS/02_Mau_1_Tran_Nha_Ghi.pdf,https://smia.iuh.edu.vn/category.html@259@Danh-sach-ung-vien-GS-PGS,Xem tại đây,smia.iuh.edu.vn,Phòng Quản lý khoa học và hợp tác quốc tế,HCM
https://smia.iuh.edu.vn/upload/files/2025HDGS_cs/2025UV_GS_PGS/03_Mau_1_Phan_Hong_Hai.pdf,https://smia.iuh.edu.vn/category.html@259@Danh-sach-ung-vien-GS-PGS,Xem tại đây,smia.iuh.edu.vn,Phòng Quản lý khoa học và hợp tác quốc tế,HCM
https://smia.iuh.edu.vn/upload/files/2025HDGS_cs/2025UV_GS_PGS/04_Mau_1_Nguyen_Chi_Hieu.pdf,https://smia.iuh.edu.vn/category.html@259@Danh-sach-ung-vien-GS-PGS,Xem tại đây,smia.iuh.edu.vn,Phòng Quản lý khoa học và hợp tác quốc tế,HCM
https://smia.iuh.edu.vn/upload/files/2025HDGS_cs/2025UV_GS_PGS/05_Mau_1_nguyen_Phuc_Hung.pdf,https://smia.iuh.edu.vn/category.html@259@Danh-sach-ung-vien-GS-PGS,Xem tại đây,smia.iuh.edu.vn,Phòng Quản lý khoa học và hợp tác quốc tế,HCM
https://smia.iuh.edu.vn/upload/files/2025HDGS_cs/2025UV_GS_PGS/06_Mau_1_Bui_Huy_Khoi_v2.pdf,https://smia.iuh.edu.vn/category.html@259@Danh-sach-ung-vien-GS-PGS,Xem tại đây,smia.iuh.edu.vn,Phòng Quản lý khoa học và hợp tác quốc tế,HCM
https://smia.iuh.edu.vn/upload/files/2025HDGS_cs/2025UV_GS_PGS/07_Mau_1_Nguyen_Thanh_Long_v2.pdf,https://smia.iuh.edu.vn/category.html@259@Danh-sach-ung-vien-GS-PGS,Xem tại đây,smia.iuh.edu.vn,Phòng Quản lý khoa học và hợp tác quốc tế,HCM
https://smia.iuh.edu.vn/upload/files/2025HDGS_cs/2025UV_GS_PGS/08_Mau_1_Dang_Hoang_Minh_v2.pdf,https://smia.iuh.edu.vn/category.html@259@Danh-sach-ung-vien-GS-PGS,Xem tại đây,smia.iuh.edu.vn,Phòng Quản lý khoa học và hợp tác quốc tế,HCM
https://smia.iuh.edu.vn/upload/files/2025HDGS_cs/2025UV_GS_PGS/09_Mau_1_Tran_Thanh_Ngoc.pdf,https://smia.iuh.edu.vn/category.html@259@Danh-sach-ung-vien-GS-PGS,Xem tại đây,smia.iuh.edu.vn,Phòng Quản lý khoa học và hợp tác quốc tế,HCM
https://smia.iuh.edu.vn/upload/files/2025HDGS_cs/2025UV_GS_PGS/10_Mau_1_Dang_Huu_Phuc.pdf,https://smia.iuh.edu.vn/category.html@259@Danh-sach-ung-vien-GS-PGS,Xem tại đây,smia.iuh.edu.vn,Phòng Quản lý khoa học và hợp tác quốc tế,HCM
https://smia.iuh.edu.vn/upload/files/2025HDGS_cs/2025UV_GS_PGS/11_Mau_1_Nguyen_Thanh_Thuan.pdf,https://smia.iuh.edu.vn/category.html@259@Danh-sach-ung-vien-GS-PGS,Xem tại đây,smia.iuh.edu.vn,Phòng Quản lý khoa học và hợp tác quốc tế,HCM
https://smia.iuh.edu.vn/upload/files/2025HDGS_cs/2025UV_GS_PGS/13_Mau_1_Nguyen_Khoa_Trieu.pdf,https://smia.iuh.edu.vn/category.html@259@Danh-sach-ung-vien-GS-PGS,Xem tại đây,smia.iuh.edu.vn,Phòng Quản lý khoa học và hợp tác quốc tế,HCM
https://smia.iuh.edu.vn/upload/files/2025HDGS_cs/2025UV_GS_PGS/14_Mau_1_Pham_Tan_Viet.pdf,https://smia.iuh.edu.vn/category.html@259@Danh-sach-ung-vien-GS-PGS,Xem tại đây,smia.iuh.edu.vn,Phòng Quản lý khoa học và hợp tác quốc tế,HCM
https://smia.iuh.edu.vn/upload/files/2025HDGS_cs/2a_QD_892_25_3_2025_TL_HD_GS_coso.pdf,https://smia.iuh.edu.vn/news.html@detail@258@631@Hoi-dong-Giao-su-co-so-Truong-Dai-hoc-Cong-nghiep-Thanh-pho-Ho-Chi-Minh-nam-2025,Xem tại đây,smia.iuh.edu.vn,Phòng Quản lý khoa học và hợp tác quốc tế,HCM
https://smia.iuh.edu.vn/upload/files/2025HDGS_cs/2b_QD_1157_24_4_2025_TL_HD_GS_coso_CT_PCT_TK.pdf,https://smia.iuh.edu.vn/news.html@detail@258@631@Hoi-dong-Giao-su-co-so-Truong-Dai-hoc-Cong-nghiep-Thanh-pho-Ho-Chi-Minh-nam-2025,Xem tại đây,smia.iuh.edu.vn,Phòng Quản lý khoa học và hợp tác quốc tế,HCM
https://smia.iuh.edu.vn/upload/files/2025HDGS_cs/Lich_xet_GS_PGS_tai_IUH_2025.pdf,"https://smia.iuh.edu.vn/news.html@detail@257@1010@Thong-tin-ve-xet-cong-nhan-dat-tieu-chuan-chuc-danh-Giao-su,-Pho-Giao-su-nam-2025",Xem tại đây,smia.iuh.edu.vn,Phòng Quản lý khoa học và hợp tác quốc tế,HCM
https://smia.iuh.edu.vn/upload/files/2025HDGS_cs/tb-18-2025-20250305024128-e.pdf,"https://smia.iuh.edu.vn/news.html@detail@257@1010@Thong-tin-ve-xet-cong-nhan-dat-tieu-chuan-chuc-danh-Giao-su,-Pho-Giao-su-nam-2025",Xem tại đây,smia.iuh.edu.vn,Phòng Quản lý khoa học và hợp tác quốc tế,HCM
https://smia.iuh.edu.vn/upload/files/AUSTRALIA%20AWARDS%202021.pdf,https://smia.iuh.edu.vn/news.html@detail@212@872@HOC-BONG-HE-THAC-SI-CHINH-PHU-AUSTRALIA-VONG-TUYEN-CHON-2021-NHAN-HO-SO-DANG-KY-(1-2-30-04-2021),AUSTRALIA-AWARDS2021.pdf,smia.iuh.edu.vn,Phòng Quản lý khoa học và hợp tác quốc tế,HCM
https://smia.iuh.edu.vn/upload/files/Bi%E1%BB%83u%20m%E1%BA%ABu%20kham%20s%E1%BB%A9c%20kh%E1%BB%8Fe.pdf,"https://smia.iuh.edu.vn/news.html@detail@212@589@Thong-bao-Chuong-trinh-hoc-bong-An-Do-ICCR-2019,-2020",Tải về,smia.iuh.edu.vn,Phòng Quản lý khoa học và hợp tác quốc tế,HCM
https://smia.iuh.edu.vn/upload/files/Cong%20van%20h%E1%BB%8Dc%20b%E1%BB%95ng%20ICCR%20%E1%BA%A4n%20D%E1%BB%99%202020-21(2).pdf,"https://smia.iuh.edu.vn/news.html@detail@212@589@Thong-bao-Chuong-trinh-hoc-bong-An-Do-ICCR-2019,-2020",Tải về,smia.iuh.edu.vn,Phòng Quản lý khoa học và hợp tác quốc tế,HCM
https://smia.iuh.edu.vn/upload/files/Cong%20van%20h%E1%BB%8Dc%20b%E1%BB%95ng%20ICCR%20%E1%BA%A4n%20D%E1%BB%99%202020-21.pdf,"https://smia.iuh.edu.vn/news.html@detail@212@589@Thong-bao-Chuong-trinh-hoc-bong-An-Do-ICCR-2019,-2020",Tải về,smia.iuh.edu.vn,Phòng Quản lý khoa học và hợp tác quốc tế,HCM
https://smia.iuh.edu.vn/upload/files/Fact%20Sheet_2025-2026(1).pdf,https://smia.iuh.edu.vn/news.html@detail@239@1068@Thong-bao-tuyen-sinh-chuong-trinh-Trao-doi-Hoc-bong-Winter-2026-tai-University-of-Regina-(Canada),/upload/files/Fact%20Sheet_2025-2026(1).pdf,smia.iuh.edu.vn,Phòng Quản lý khoa học và hợp tác quốc tế,HCM
https://smia.iuh.edu.vn/upload/files/Guidebook%2Bto%2BACYLS-2020.pdf,https://smia.iuh.edu.vn/news.html@detail@212@599@Chuong-trinh-hoc-bong-Lanh-dao-tre-ASEAN-Trung-Quoc,tại đây,smia.iuh.edu.vn,Phòng Quản lý khoa học và hợp tác quốc tế,HCM
https://smia.iuh.edu.vn/upload/files/HU%E1%BB%9ANG%20D%E1%BA%AAN%20CHEN%20HINH%20%E1%BA%A2NH%20VAO%20PH%E1%BA%A6N%20M%E1%BB%80M%20DANG%20KY%20D%E1%BB%80%20TAI%20NCKH.pdf,https://smia.iuh.edu.vn/bieumau.html@p=1,,smia.iuh.edu.vn,Phòng Quản lý khoa học và hợp tác quốc tế,HCM
https://smia.iuh.edu.vn/upload/files/HU%E1%BB%9ANG%20D%E1%BA%AAN%20DANG%20KY%20D%E1%BB%80%20TAI%20NCKH%20C%E1%BA%A4P%20TRU%E1%BB%9CNG%20IUH%20-%202026.pdf,https://smia.iuh.edu.vn/bieumau.html@p=1,,smia.iuh.edu.vn,Phòng Quản lý khoa học và hợp tác quốc tế,HCM
https://smia.iuh.edu.vn/upload/files/Hungarian%20document_compressed.pdf,https://smia.iuh.edu.vn/news.html@detail@212@975@Dien-dan-thong-tin-ve-giao-duc-dai-hoc-va-co-hoi-hoc-bong-tai-Hungary,Download,smia.iuh.edu.vn,Phòng Quản lý khoa học và hợp tác quốc tế,HCM
https://smia.iuh.edu.vn/upload/files/QD%202649%20D%E1%BB%80%20TAI%20C%E1%BA%A4P%20TRU%E1%BB%9CNG%202026.pdf,https://smia.iuh.edu.vn/bieumau.html@218@Quy-trinh_Bieu-mau,,smia.iuh.edu.vn,Phòng Quản lý khoa học và hợp tác quốc tế,HCM
https://smia.iuh.edu.vn/upload/files/QD%202886%20(28_12_2022)%20s%E1%BB%ADa%20d%E1%BB%95i%2C%20b%E1%BB%95%20sung%20Quy%20d%E1%BB%8Bnh%20915_0001(1).pdf,https://smia.iuh.edu.vn/bieumau.html@218@Quy-trinh_Bieu-mau,,smia.iuh.edu.vn,Phòng Quản lý khoa học và hợp tác quốc tế,HCM
https://smia.iuh.edu.vn/upload/files/QD%203090%20(22_9_2025)%20BienSoanGT(1).pdf,https://smia.iuh.edu.vn/bieumau.html@218@Quy-trinh_Bieu-mau,,smia.iuh.edu.vn,Phòng Quản lý khoa học và hợp tác quốc tế,HCM
https://smia.iuh.edu.vn/upload/files/QD_3058SHTT_V2%20IUH(1).pdf,https://smia.iuh.edu.vn/news.html@detail@226@578@Quy-che-Quan-tri-tai-san-tri-tue-cua-truong-Dai-hoc-Cong-nghiep-Tp.HCM,Tải về,smia.iuh.edu.vn,Phòng Quản lý khoa học và hợp tác quốc tế,HCM
https://smia.iuh.edu.vn/upload/files/The%20IUH%20Exchange%20Student%20Handbook%20provide11111.pdf,https://smia.iuh.edu.vn/news.html@detail@243@559@So-tay-Sinh-vien-Quoc-te,DOWNLOAD,smia.iuh.edu.vn,Phòng Quản lý khoa học và hợp tác quốc tế,HCM
https://smia.iuh.edu.vn/upload/files/Thong-bao-nhan-ho-so_hoc-bong-khcn-du-hoc-cua-vingroup_2020-21-2021-22_vf.pdf,"https://smia.iuh.edu.vn/news.html@detail@212@598@Chuong-trinh-Hoc-bong-Khoa-hoc-Cong-nghe-dao-tao-Thac-si,-Tien-si-Du-hoc-Nuoc-ngoai-cua-Tap-doan-Vingroup",tại đây,smia.iuh.edu.vn,Phòng Quản lý khoa học và hợp tác quốc tế,HCM
https://smia.iuh.edu.vn/upload/files/bieumau/Bo_Luat_Dansu_2015.pdf,https://smia.iuh.edu.vn/bieumau.html@p=2,,smia.iuh.edu.vn,Phòng Quản lý khoa học và hợp tác quốc tế,HCM
https://smia.iuh.edu.vn/upload/files/bieumau/QD%20vv%20xet%20c%E1%BA%A5p%20h%E1%BB%8Dc%20b%E1%BB%95ng%20CT%20lien%20k%E1%BA%BFt%20c%E1%BB%A7a%20IUH.pdf,https://smia.iuh.edu.vn/bieumau.html@p=1,,smia.iuh.edu.vn,Phòng Quản lý khoa học và hợp tác quốc tế,HCM
https://smia.iuh.edu.vn/upload/files/bieumau/QD833%20qu%E1%BA%A3n%20ly%20ngu%E1%BB%9Di%20nu%E1%BB%9Bc%20ngoai%20h%E1%BB%8Dc%20t%E1%BA%A1i%20IUH.pdf,https://smia.iuh.edu.vn/bieumau.html@218@Quy-trinh_Bieu-mau,,smia.iuh.edu.vn,Phòng Quản lý khoa học và hợp tác quốc tế,HCM
https://smia.iuh.edu.vn/upload/files/bieumau/QD_Quydinh_Nhom_NC.pdf,https://smia.iuh.edu.vn/bieumau.html@p=2,,smia.iuh.edu.vn,Phòng Quản lý khoa học và hợp tác quốc tế,HCM
https://smia.iuh.edu.vn/upload/files/bieumau/Quydinh_HTQT_IUH.pdf,https://smia.iuh.edu.vn/bieumau.html@p=2,,smia.iuh.edu.vn,Phòng Quản lý khoa học và hợp tác quốc tế,HCM
https://smia.iuh.edu.vn/upload/files/bieumau/Quydinh_QL_Detai_ngoai_Truong.pdf,https://smia.iuh.edu.vn/bieumau.html@p=3,,smia.iuh.edu.vn,Phòng Quản lý khoa học và hợp tác quốc tế,HCM
https://smia.iuh.edu.vn/upload/files/bieumau/Quydinh_QL_Hoinghi_hoithao_khoahoc.pdf,https://smia.iuh.edu.vn/bieumau.html@p=3,,smia.iuh.edu.vn,Phòng Quản lý khoa học và hợp tác quốc tế,HCM
https://smia.iuh.edu.vn/upload/files/bieumau/Quydinh_quytrinh_NCKH_IUH.pdf,https://smia.iuh.edu.vn/bieumau.html@p=3,,smia.iuh.edu.vn,Phòng Quản lý khoa học và hợp tác quốc tế,HCM
https://smia.iuh.edu.vn/upload/files/bieumau/Quytrinh_Hoatdong_NCKH_SV_IUH_09-10-2017.pdf,https://smia.iuh.edu.vn/bieumau.html@p=2,,smia.iuh.edu.vn,Phòng Quản lý khoa học và hợp tác quốc tế,HCM
https://smia.iuh.edu.vn/upload/files/bieumau/Thong%20bao%20s%E1%BB%91%2015%20TB_DHCN.pdf,https://smia.iuh.edu.vn/bieumau.html@p=2,,smia.iuh.edu.vn,Phòng Quản lý khoa học và hợp tác quốc tế,HCM
https://smia.iuh.edu.vn/upload/files/vanban/%5B27-03-2020_09_33_11%5Dcv_439-tb-skhcn_(18_03_2020)_0001.pdf,https://smia.iuh.edu.vn/news.html@detail@214@618@Thong-bao-Tuyen-chon-to-chuc-va-ca-nhan-chu-tri-thuc-hien-nhiem-vu-khoa-hoc-va-cong-nghe-cap-tinh-su-dung-ngan-sach-nha-nuoc-thuc-hien-nam-2020-(dot-2)-Tinh-Dong-Nai,Tải xuống,smia.iuh.edu.vn,Phòng Quản lý khoa học và hợp tác quốc tế,HCM
https://smia.iuh.edu.vn/upload/files/vanban/14-skhcn-de-xuat-nhiem-vu-khkc-co-so-nam-2022.pdf,https://smia.iuh.edu.vn/news.html@detail@214@864@Thong-bao-de-xuat-nhiem-vu-khoa-hoc-va-cong-nghe-co-so-nam-2022_Tinh-Binh-Phuoc,Xem tại đây,smia.iuh.edu.vn,Phòng Quản lý khoa học và hợp tác quốc tế,HCM
https://smia.iuh.edu.vn/upload/files/vanban/2020_TBTS_Hungary_2021.pdf,https://smia.iuh.edu.vn/news.html@detail@212@847@Thong-bao-tuyen-sinh-di-hoc-tai-Hung-ga-ri-dien-Hiep-dinh-nam-2021,.,smia.iuh.edu.vn,Phòng Quản lý khoa học và hợp tác quốc tế,HCM
https://smia.iuh.edu.vn/upload/files/vanban/912%20thong%20bao%20tuyen%20chon%20lan%201_signed.pdf,"https://smia.iuh.edu.vn/news.html@detail@214@692@Thong-bao-Tuyen-chon-to-chuc,-ca-nhan-chu-tri-thuc-hien-nhiem-vu-KH&CN-lan-1-nam-2020-cua-tinh-Lam-Dong",Tải về,smia.iuh.edu.vn,Phòng Quản lý khoa học và hợp tác quốc tế,HCM
https://smia.iuh.edu.vn/upload/files/vanban/Hu%E1%BB%9Bng%20d%E1%BA%ABn%20Dang%20ky%20t%E1%BB%95%20ch%E1%BB%A9c%20h%E1%BB%99%20th%E1%BA%A3o.pdf,https://smia.iuh.edu.vn/bieumau.html@p=1,,smia.iuh.edu.vn,Phòng Quản lý khoa học và hợp tác quốc tế,HCM
https://smia.iuh.edu.vn/upload/files/vanban/Hu%E1%BB%9Bng%20d%E1%BA%ABn%20c%E1%BA%ADp%20nh%E1%BA%ADt%20LLKH%20.pdf,https://smia.iuh.edu.vn/bieumau.html@p=2,,smia.iuh.edu.vn,Phòng Quản lý khoa học và hợp tác quốc tế,HCM
https://smia.iuh.edu.vn/upload/files/vanban/Hu%E1%BB%9Bng%20d%E1%BA%ABn%20s%E1%BB%AD%20d%E1%BB%A5ng%20ph%E1%BA%A7n%20m%E1%BB%81m%20dang%20ky%20SHTT.pdf,https://smia.iuh.edu.vn/bieumau.html@218@Quy-trinh_Bieu-mau,,smia.iuh.edu.vn,Phòng Quản lý khoa học và hợp tác quốc tế,HCM
https://smia.iuh.edu.vn/upload/files/vanban/Hu%E1%BB%9Bng%20d%E1%BA%ABn%20thanh%20toan%20bai%20bao%20ISIScopus.pdf,https://smia.iuh.edu.vn/bieumau.html@p=2,,smia.iuh.edu.vn,Phòng Quản lý khoa học và hợp tác quốc tế,HCM
https://smia.iuh.edu.vn/upload/files/vanban/JSAM%20Announcement_Techo%20Festa%2025th_202011111.pdf,https://smia.iuh.edu.vn/news.html@detail@221@841@Hoi-nghi-chuyen-de-Le-hoi-cong-nghe-lan-thu-25-Cac-van-de-ve-thuc-pham-do-su-lay-lan-cua-COVID-19,Tại đây,smia.iuh.edu.vn,Phòng Quản lý khoa học và hợp tác quốc tế,HCM
https://smia.iuh.edu.vn/upload/files/vanban/KHOA%20HOA_N%E1%BB%99i%20dung%20H%E1%BB%99i%20th%E1%BA%A3o%20Khoa%20hoa.pdf,https://smia.iuh.edu.vn/news.html@detail@254@669@Hoi-thao-Khoa-hoc-Quoc-te-,tải về,smia.iuh.edu.vn,Phòng Quản lý khoa học và hợp tác quốc tế,HCM
https://smia.iuh.edu.vn/upload/files/vanban/NCNU%202021%20Elite%20Scholarship%20Program.pdf,https://smia.iuh.edu.vn/news.html@detail@212@842@Hoc-bong-Elite-Dai-hoc-Quoc-gia-Chi-Nan-Dai-Loan,tại đây,smia.iuh.edu.vn,Phòng Quản lý khoa học và hợp tác quốc tế,HCM
https://smia.iuh.edu.vn/upload/files/vanban/Ngh%E1%BB%8B%20d%E1%BB%8Bnh%2030_2020_ND-CP.pdf,https://smia.iuh.edu.vn/bieumau.html@p=1,,smia.iuh.edu.vn,Phòng Quản lý khoa học và hợp tác quốc tế,HCM
https://smia.iuh.edu.vn/upload/files/vanban/THONG%20BAO%20M%E1%BB%9CI%20DANG%20KY%20CAC%20D%E1%BB%B0%20AN%20H%E1%BB%96%20TR%E1%BB%A2%20KNDMST%202021%20554signed.pdf,https://smia.iuh.edu.vn/news.html@detail@214@885@Thong-bao-Moi-dang-ky-du-an-ho-tro-hoat-dong-khoi-nghiep-doi-moi-sang-tao-tai-thanh-pho-Ho-Chi-Minh-2021,Tải về,smia.iuh.edu.vn,Phòng Quản lý khoa học và hợp tác quốc tế,HCM
https://smia.iuh.edu.vn/upload/files/vanban/cv-5327-bct-khcn-2372020-0001.pdf,"https://smia.iuh.edu.vn/news.html@detail@214@684@De-xuat-dat-hang-nhiem-vu-KH&CN-thuc-hien-%E2%80%9CChuong-trinh-KH&CN-trong-diem-cap-Quoc-gia-phuc-vu-doi-moi,-hien-dai-hoa-cong-nghe-khai-thac-va-che-bien-khoang-san-den-nam-2025%E2%80%9D",Tải về,smia.iuh.edu.vn,Phòng Quản lý khoa học và hợp tác quốc tế,HCM
https://smia.iuh.edu.vn/upload/files/vanban/cv-543-skhcn-ttttud-2472020-0001.pdf,https://smia.iuh.edu.vn/news.html@detail@221@713@Su-kien-%E2%80%9CKet-noi-cung-cau-cong-nghe-Ba-Ria-%E2%80%93-Vung-Tau-nam-2020%E2%80%9D-tai-thanh-pho-Vung-Tau,Hồ sơ đăng ký tại đây,smia.iuh.edu.vn,Phòng Quản lý khoa học và hợp tác quốc tế,HCM
https://smia.iuh.edu.vn/upload/files/vanban/cv-67-skhcn-qlkhcn-15012021-0001-20210128100252-e.pdf,https://smia.iuh.edu.vn/news.html@detail@214@864@Thong-bao-de-xuat-nhiem-vu-khoa-hoc-va-cong-nghe-co-so-nam-2022_Tinh-Binh-Phuoc,Xem tại đây,smia.iuh.edu.vn,Phòng Quản lý khoa học và hợp tác quốc tế,HCM
https://smia.iuh.edu.vn/upload/files/vanban/cv-8-tb-khcn-15012021-0001-20210125015721-e.pdf,"https://smia.iuh.edu.vn/news.html@detail@214@869@Thong-bao-De-xuat,-dat-hang-nhiem-vu-Khoa-hoc-va-Cong-nghe-tinh-Tay-Ninh-giai-doan-2021-2025",Tải về,smia.iuh.edu.vn,Phòng Quản lý khoa học và hợp tác quốc tế,HCM
https://smia.iuh.edu.vn/upload/files/vanban/scan0002.pdf,https://smia.iuh.edu.vn/news.html@detail@221@633@Thong-bao-ve-viec-thay-doi-thoi-gian-to-chuc-Hoi-thao-khoa-hoc-(Lan-2)-cua-Truong-Cao-dang-Du-lich-Nha-Trang,Tải về,smia.iuh.edu.vn,Phòng Quản lý khoa học và hợp tác quốc tế,HCM
https://media.iuh.edu.vn//Media/1_eOffice_IUH/EOffice/ThongBao/202311/Documents/tb-1738-2023-20231115032517-e.pdf,https://th.iuh.edu.vn/thong-bao/thong-bao-ke-hoach-xet-cong-nhan-tot-nghiep-dot-thang-3-nam-2024/,Thông báo,th.iuh.edu.vn,Cơ sở Thanh Hóa,Thanh Hóa
https://th.iuh.edu.vn/wp-content/uploads/2017/03/IUH-giay_chung_nhan_thanh_vien_aun.pdf,https://th.iuh.edu.vn/thong-bao/giay-chung-nhan-thanh-vien-aun-qa/,Tải về và Xem,th.iuh.edu.vn,Cơ sở Thanh Hóa,Thanh Hóa
https://th.iuh.edu.vn/wp-content/uploads/2017/11/bb_ghi_nho_samsung_02-2017.pdf,https://th.iuh.edu.vn/thong-bao/bien-ban-ghi-nho-ve-viec-tuyen-dung-sinh-vien-giua-co-so-thanh-hoa-va-samsung-viet-nam-thai-nguyen/,Tải về và Xem,th.iuh.edu.vn,Cơ sở Thanh Hóa,Thanh Hóa
https://th.iuh.edu.vn/wp-content/uploads/2017/11/cd_len_dh.pdf,https://th.iuh.edu.vn/thong-bao/thong-bao-tuyen-sinh-lien-thong-trinh-do-cao-dang-len-trinh-do-dai-hoc/,Tải về và Xem,th.iuh.edu.vn,Cơ sở Thanh Hóa,Thanh Hóa
https://th.iuh.edu.vn/wp-content/uploads/2017/11/tc_len_cd_moi.pdf,https://th.iuh.edu.vn/thong-bao/thong-bao-tuyen-sinh-lien-thong-trinh-do-trung-cap-len-trinh-do-cao-dang/,Tải về và Xem,th.iuh.edu.vn,Cơ sở Thanh Hóa,Thanh Hóa
https://th.iuh.edu.vn/wp-content/uploads/2017/12/CVTT_DHCNTPHCM.pdf,https://th.iuh.edu.vn/gioi-thieu-viec-lam/chuong-trinh-thuc-tap-trai-nghiem-thuc-te-tai-cong-ty-samsung/,Tải về và Xem,th.iuh.edu.vn,Cơ sở Thanh Hóa,Thanh Hóa
https://th.iuh.edu.vn/wp-content/uploads/2017/12/danh_sach_a1.pdf,https://th.iuh.edu.vn/thong-bao/lich-thi-va-danh-sach-phong-thi-cuoi-ky-lop-anh-van-so-cap-a1-1/,Tải về và Xem,th.iuh.edu.vn,Cơ sở Thanh Hóa,Thanh Hóa
https://th.iuh.edu.vn/wp-content/uploads/2017/12/k1_2015.pdf,https://th.iuh.edu.vn/thong-bao/thong-bao-lich-thi-hoc-ky-1-2015-2016/,Tải về và Xem,th.iuh.edu.vn,Cơ sở Thanh Hóa,Thanh Hóa
https://th.iuh.edu.vn/wp-content/uploads/2017/12/t12n16_cv_td_vietin_tha.pdf,https://th.iuh.edu.vn/gioi-thieu-viec-lam/thong-bao-ve-viec-tuyen-dung-nhan-su-cong-ty-tnhh-duoc-pham-viet-tin-t-h-a/,Tải về và Xem,th.iuh.edu.vn,Cơ sở Thanh Hóa,Thanh Hóa
https://th.iuh.edu.vn/wp-content/uploads/2017/12/t12n16_starup_vietin_tha.pdf,https://th.iuh.edu.vn/gioi-thieu-viec-lam/thong-bao-ve-viec-tuyen-dung-nhan-su-cong-ty-tnhh-duoc-pham-viet-tin-t-h-a/,Tải về và Xem,th.iuh.edu.vn,Cơ sở Thanh Hóa,Thanh Hóa
https://th.iuh.edu.vn/wp-content/uploads/2017/12/tb_tuyen_lam_viec_japan_cty_sh_t11n16.pdf,https://th.iuh.edu.vn/gioi-thieu-viec-lam/thong-tin-viec-lam-tai-nhat-ban/,Tải về và Xem,th.iuh.edu.vn,Cơ sở Thanh Hóa,Thanh Hóa
https://th.iuh.edu.vn/wp-content/uploads/2017/12/thihoclai2015.pdf,https://th.iuh.edu.vn/thong-bao/lich-thi-hoc-lai-tin-chi-hoc-ky-2-2015-2016/,Tải về và Xem,th.iuh.edu.vn,Cơ sở Thanh Hóa,Thanh Hóa
https://th.iuh.edu.vn/wp-content/uploads/2017/12/thihoclaik1_2015.pdf,https://th.iuh.edu.vn/thong-bao/thong-bao-lich-thi-cua-cd-nghe-hoc-lai-o-hk1-2015-2016/,Tải về và Xem,th.iuh.edu.vn,Cơ sở Thanh Hóa,Thanh Hóa
https://th.iuh.edu.vn/wp-content/uploads/2017/12/thong-bao-ngay-hoi-viec-lam.pdf,https://th.iuh.edu.vn/gioi-thieu-viec-lam/ngay-hoi-viec-lam-tai-dai-hoc-hong-duc/,Tải về và Xem,th.iuh.edu.vn,Cơ sở Thanh Hóa,Thanh Hóa
https://th.iuh.edu.vn/wp-content/uploads/2017/12/tuyen-lao-dong_tts_song_hong.pdf,https://th.iuh.edu.vn/gioi-thieu-viec-lam/tuyen-ky-su-thuc-tap-sinh-tai-nhat-ban/,Tải về và Xem,th.iuh.edu.vn,Cơ sở Thanh Hóa,Thanh Hóa
https://th.iuh.edu.vn/wp-content/uploads/2018/07/tuyendungnd.pdf,https://th.iuh.edu.vn/thong-bao/thong-bao-tuyen-dung-cua-cty-co-phan-dich-vu-sua-chua-dien-mien-bac/,Tải về và Xem,th.iuh.edu.vn,Cơ sở Thanh Hóa,Thanh Hóa
https://th.iuh.edu.vn/wp-content/uploads/2018/08/tuyen_dung_t8n17_vicenza.pdf,https://th.iuh.edu.vn/thong-bao/thong-bao-tuyen-dung-cua-cong-ty-vicenza/,Tải về và Xem,th.iuh.edu.vn,Cơ sở Thanh Hóa,Thanh Hóa
https://th.iuh.edu.vn/wp-content/uploads/2018/10/tb_tuyen_dung_lilama5_t10n18.pdf,https://th.iuh.edu.vn/thong-bao/thong-bao-tuyen-dung-cua-cong-ty-co-phan-lilama-5-thuoc-tong-cong-ty-lap-may-viet-nam/,Tải về và Xem,th.iuh.edu.vn,Cơ sở Thanh Hóa,Thanh Hóa
https://th.iuh.edu.vn/wp-content/uploads/2019/04/DS_thi_B_20.04.2019-1.pdf,https://th.iuh.edu.vn/thong-bao/lich-thi-chung-chi-tieng-anh-trinh-do-b/,Tải về và Xem,th.iuh.edu.vn,Cơ sở Thanh Hóa,Thanh Hóa
https://th.iuh.edu.vn/wp-content/uploads/2019/04/ke_hoach_trien_khai_cong_tac_giao_duc_atgt_2019.pdf,https://th.iuh.edu.vn/thong-bao/ke-hoach-trien-khai-tuyen-truyen-an-toan-giao-thong-trong-truong-hoc-nam-2019/,Tải về và Xem,th.iuh.edu.vn,Cơ sở Thanh Hóa,Thanh Hóa
https://th.iuh.edu.vn/wp-content/uploads/2019/06/Thong-bao-Tuyen-Dung-Loc-Hoa-Dau-Nghi-Son.pdf,https://th.iuh.edu.vn/thong-bao/thong-bao-tuyen-dung-cua-cong-ty-loc-hoa-dau-nghi-son/,Tải về và Xem,th.iuh.edu.vn,Cơ sở Thanh Hóa,Thanh Hóa
https://th.iuh.edu.vn/wp-content/uploads/2019/08/1.-Thong-bao-Tuyen-dung-Lilama-5.pdf,https://th.iuh.edu.vn/thong-bao/thong-bao-tuyen-dung-cua-cong-ty-co-phan-lilama-5/,Tải về và Xem,th.iuh.edu.vn,Cơ sở Thanh Hóa,Thanh Hóa
https://th.iuh.edu.vn/wp-content/uploads/2020/10/II.-9-Technician-Nghi-Son.pdf,https://th.iuh.edu.vn/khong-phan-loai/tuyen-dung-lam-viec-tai-kcn-nghi-son/,Tải về và Xem,th.iuh.edu.vn,Cơ sở Thanh Hóa,Thanh Hóa
https://th.iuh.edu.vn/wp-content/uploads/2021/01/tb08.pdf,https://th.iuh.edu.vn/thong-bao/thong-bao-v-v-tang-cuong-phong-chong-dich-covid-19-trong-truong-hoc/,Tải về và Xem,th.iuh.edu.vn,Cơ sở Thanh Hóa,Thanh Hóa
https://th.iuh.edu.vn/wp-content/uploads/2021/03/Thoi-han-hoc-tap-tai-truong-03.03.2021.pdf,https://th.iuh.edu.vn/thong-bao/thong-bao-thoi-gian-hoc-tap-cua-sinh-vien-truong-dai-hoc-cong-nghiep-tp-ho-chi-minh/,Tải về và Xem,th.iuh.edu.vn,Cơ sở Thanh Hóa,Thanh Hóa
https://th.iuh.edu.vn/wp-content/uploads/2021/04/tb-45-20210426103749-e.pdf,https://th.iuh.edu.vn/thong-bao/thong-bao-v-v-tang-cuong-phong-chong-dich-covid-19-trong-truong-hoc-2/,Tải về và Xem,th.iuh.edu.vn,Cơ sở Thanh Hóa,Thanh Hóa
https://th.iuh.edu.vn/wp-content/uploads/2021/05/TB_Tuyen-sinh-DH-lien-thong-CS-Thanh-Hoa-nam-2023.pdf,https://th.iuh.edu.vn/thong-bao/xet-tuyen-dai-hoc-lien-thong-nam-2023/,Tải về và Xem,th.iuh.edu.vn,Cơ sở Thanh Hóa,Thanh Hóa
https://th.iuh.edu.vn/wp-content/uploads/2021/05/thong-bao-hoc-truc-tuyen-.pdf,https://th.iuh.edu.vn/thong-bao/thong-bao-trien-khai-giang-day-va-hoc-tap-truc-tuyen-de-dam-bao-phong-chong-dich-benh-covid-19-lan-2/,Tải về và Xem,th.iuh.edu.vn,Cơ sở Thanh Hóa,Thanh Hóa
https://th.iuh.edu.vn/wp-content/uploads/2021/06/ThongBaoTuyenDungEVN.pdf,https://th.iuh.edu.vn/thong-bao/thong-bao-tuyen-dung-cua-cong-ty-co-phan-dich-vu-sua-chua-nhiet-dien-mien-bac/,Tải về và Xem,th.iuh.edu.vn,Cơ sở Thanh Hóa,Thanh Hóa
https://th.iuh.edu.vn/wp-content/uploads/2021/06/kh-to-chuc-cuoc-thi-dmst-khoi-nghiep-lan-1-2021.pdf,https://th.iuh.edu.vn/thong-bao/ke-hoach-to-chuc-cuoc-thi-doi-moi-sang-tao-khoi-nghiep-lan-1-nam-2021/,Tải về và Xem,th.iuh.edu.vn,Cơ sở Thanh Hóa,Thanh Hóa
https://th.iuh.edu.vn/wp-content/uploads/2022/04/Sales-Trainee-2022.pdf,https://th.iuh.edu.vn/thong-bao/tap-doan-mondelez-kinh-do-viet-nam-tuyen-dung/,Tải về và Xem,th.iuh.edu.vn,Cơ sở Thanh Hóa,Thanh Hóa
https://th.iuh.edu.vn/wp-content/uploads/2022/04/Thong-bao-chung-chi-Tin-hoc-NN.pdf,https://th.iuh.edu.vn/thong-bao/thong-bao-v-v-su-dung-chung-chi-ngoai-ngu-tin-hoc-phuc-vu-cong-tac-xet-tot-nghiep/,Tải về và Xem,th.iuh.edu.vn,Cơ sở Thanh Hóa,Thanh Hóa
https://th.iuh.edu.vn/wp-content/uploads/2022/08/Tuyen-dung-Giam-doc-chi-nhanh-ViMASS.pdf,https://th.iuh.edu.vn/thong-bao/cong-ty-co-phan-dich-vu-nen-di-dong-viet-nam-vimass-tuyen-dung-giam-doc-chi-nhanh-thanh-hoa/,Tải về và Xem,th.iuh.edu.vn,Cơ sở Thanh Hóa,Thanh Hóa
https://th.iuh.edu.vn/wp-content/uploads/2022/09/00.-Phieu-dang-ky-xet-tuyen.pdf,https://th.iuh.edu.vn/van-ban-huong-dan/bieu-mau-phieu-dang-ky-xet-tuyen-dai-hoc-lien-thong/,Phiếu số 0,th.iuh.edu.vn,Cơ sở Thanh Hóa,Thanh Hóa
https://th.iuh.edu.vn/wp-content/uploads/2022/09/01.-Phieu-dang-ky-xet-tuyen-so-1.pdf,https://th.iuh.edu.vn/van-ban-huong-dan/bieu-mau-phieu-dang-ky-xet-tuyen-dai-hoc-lien-thong/,Phiếu số 1,th.iuh.edu.vn,Cơ sở Thanh Hóa,Thanh Hóa
https://th.iuh.edu.vn/wp-content/uploads/2022/09/02.-Phieu-dang-ky-xet-tuyen-so-2.pdf,https://th.iuh.edu.vn/van-ban-huong-dan/bieu-mau-phieu-dang-ky-xet-tuyen-dai-hoc-lien-thong/,Phiếu số 2,th.iuh.edu.vn,Cơ sở Thanh Hóa,Thanh Hóa
https://th.iuh.edu.vn/wp-content/uploads/2022/09/Huong-dan-mien-giam-hoc-phi-2022.pdf,https://th.iuh.edu.vn/thong-bao/huong-dan-v-v-thuc-hien-chinh-sach-mien-giam-hoc-phi-nam-hoc-2022-2023/,Tải về và Xem,th.iuh.edu.vn,Cơ sở Thanh Hóa,Thanh Hóa
https://th.iuh.edu.vn/wp-content/uploads/2022/11/Xet-TN-dot-Thang4.2023.pdf,https://th.iuh.edu.vn/thong-bao/quyet-dinh-khen-thuong-hoi-dien-van-nghe-khoi-vc-nld-nam-2022/,Tải về và Xem,th.iuh.edu.vn,Cơ sở Thanh Hóa,Thanh Hóa
https://th.iuh.edu.vn/wp-content/uploads/2022/12/Tuyen-dung-SV-lam-them-tai-Thanh-Hoa.pdf,https://th.iuh.edu.vn/thong-bao/cong-ty-co-phan-truyen-thong-an-pham-du-lich-viet-nam-tuyen-dung/,Tải về và Xem,th.iuh.edu.vn,Cơ sở Thanh Hóa,Thanh Hóa
https://th.iuh.edu.vn/wp-content/uploads/2023/04/Xet-TN-dot-thang-7.2023.pdf,https://th.iuh.edu.vn/thong-bao/thong-bao-ke-hoach-xet-cong-nhan-tot-nghiep-dot-thang-7-nam-2023/,Tải về và Xem,th.iuh.edu.vn,Cơ sở Thanh Hóa,Thanh Hóa
https://th.iuh.edu.vn/wp-content/uploads/2023/07/Thong-bao-xet-TN-dot-thang-10.2023.pdf,https://th.iuh.edu.vn/thong-bao/thong-bao-ke-hoach-xet-cong-nhan-tot-nghiep-dot-thang-10-nam-2023/,Thong-bao-xet-TN-dot-thang-10.2023,th.iuh.edu.vn,Cơ sở Thanh Hóa,Thanh Hóa
https://th.iuh.edu.vn/wp-content/uploads/2023/11/Thong-bao-TN-Thang3.2024.pdf,https://th.iuh.edu.vn/thong-bao/thong-bao-ke-hoach-xet-cong-nhan-tot-nghiep-dot-thang-3-nam-2024/,Tải về và Xem,th.iuh.edu.vn,Cơ sở Thanh Hóa,Thanh Hóa
https://th.iuh.edu.vn/wp-content/uploads/2023/11/Thong-bao-nhan-bang-TN-2023.pdf,https://th.iuh.edu.vn/thong-bao/ke-hoach-to-chuc-le-be-giang-va-phat-bang-tot-nghiep-nam-2023/,Tải về và Xem,th.iuh.edu.vn,Cơ sở Thanh Hóa,Thanh Hóa
https://th.iuh.edu.vn/wp-content/uploads/2024/03/TB-Tuyen-sinh-dot-1_2024.pdf,https://th.iuh.edu.vn/thong-bao/xet-tuyen-dai-hoc-lien-thong-dot-1-nam-2024/,Tải về và Xem,th.iuh.edu.vn,Cơ sở Thanh Hóa,Thanh Hóa
https://th.iuh.edu.vn/wp-content/uploads/2024/03/Thong-bao-tuyen-dung-Ky-su-PKTCN.pdf,https://th.iuh.edu.vn/thong-bao/cong-ty-phateco-tuyen-dung-sinh-vien-nganh-co-khi-lam-viec-tai-thanh-hoa/,Tải về và Xem,th.iuh.edu.vn,Cơ sở Thanh Hóa,Thanh Hóa
https://th.iuh.edu.vn/wp-content/uploads/2024/04/KH-xet-TN-thang-7.2024.pdf,https://th.iuh.edu.vn/khong-phan-loai/thong-bao-ke-hoach-xet-cong-nhan-tot-nghiep-dot-thang-7-nam-2024/,Tải về và Xem,th.iuh.edu.vn,Cơ sở Thanh Hóa,Thanh Hóa
https://th.iuh.edu.vn/wp-content/uploads/2024/04/Thong-bao-nghi-Gio-to-Hung-Vuong-30.4-va-01.05.pdf,https://th.iuh.edu.vn/thong-bao/v-v-nghi-le-gio-to-hung-vuong-10-3-am-lich-ngay-giai-phong-mien-nam-30-4-va-ngay-quoc-te-lao-dong-01-05-nam-2024/,Tải về và Xem,th.iuh.edu.vn,Cơ sở Thanh Hóa,Thanh Hóa
https://th.iuh.edu.vn/wp-content/uploads/2024/07/Diem-chuan-2024.pdf,https://th.iuh.edu.vn/thong-bao/cong-bo-diem-du-dieu-kien-trung-tuyen-bac-dai-hoc-he-chinh-quy-nam-2024-bang-phuong-thuc-xet-tuyen-su-dung-ket-qua-hoc-tap-thpt-va-uu-tien-xet-tuyen/,Tải về và Xem,th.iuh.edu.vn,Cơ sở Thanh Hóa,Thanh Hóa
https://th.iuh.edu.vn/wp-content/uploads/2024/08/Thong-bao-trung-tuyen-2024.pdf,https://th.iuh.edu.vn/thong-bao/thong-bao-diem-trung-tuyen-bac-dai-hoc-he-chinh-quy-nam-2024-bang-phuong-thuc-xet-tuyen-su-dung-ket-qua-thi-tot-nghiep-thpt/,Tải về và Xem,th.iuh.edu.vn,Cơ sở Thanh Hóa,Thanh Hóa
https://th.iuh.edu.vn/wp-content/uploads/2024/09/Thong-bao-tuyen-sinh-DH-Lien-thong-dot-2.2024.pdf,https://th.iuh.edu.vn/thong-bao/xet-tuyen-dai-hoc-lien-thong-dot-2-nam-2024/,Tải về và Xem,th.iuh.edu.vn,Cơ sở Thanh Hóa,Thanh Hóa
https://th.iuh.edu.vn/wp-content/uploads/2024/09/thong-bao-xet-tn-10.2024.pdf,https://th.iuh.edu.vn/thong-bao/thong-bao-ke-hoach-xet-cong-nhan-tot-nghiep-dot-thang-10-nam-2024/,Tải về và Xem,th.iuh.edu.vn,Cơ sở Thanh Hóa,Thanh Hóa
https://th.iuh.edu.vn/wp-content/uploads/2024/10/thong-bao-thoi-han-hoc-tap-tai-truong-2024.pdf,https://th.iuh.edu.vn/thong-bao/thong-bao-thoi-han-hoc-tap-tai-truong-cua-sinh-vien-truong-dai-hoc-cong-nghiep-thanh-pho-ho-chi-minh/,Tải về và Xem,th.iuh.edu.vn,Cơ sở Thanh Hóa,Thanh Hóa
https://th.iuh.edu.vn/wp-content/uploads/2025/03/To-roi-tuyen-sinh-CD-2025.pdf,https://th.iuh.edu.vn/thong-bao/tuyen-sinh-trinh-do-cao-dang-nam-hoc-2025-2026/,Tải về và Xem,th.iuh.edu.vn,Cơ sở Thanh Hóa,Thanh Hóa
https://th.iuh.edu.vn/wp-content/uploads/2025/04/TB-tuyen-sinh-DHLT-dot-1.2025.pdf,https://th.iuh.edu.vn/thong-bao/xet-tuyen-dai-hoc-lien-thong-dot-1-nam-2025/,Tải về và Xem,th.iuh.edu.vn,Cơ sở Thanh Hóa,Thanh Hóa
https://th.iuh.edu.vn/wp-content/uploads/2025/08/Thong-bao-tuyen-sinh-dot2_2025.pdf,https://th.iuh.edu.vn/khong-phan-loai/xet-tuyen-dai-hoc-lien-thong-dot-2-nam-2025/,Tải về và Xem,th.iuh.edu.vn,Cơ sở Thanh Hóa,Thanh Hóa
https://th.iuh.edu.vn/wp-content/uploads/2025/10/Thong-bao-tuyen-dung-Cty-XuanThien.pdf,https://th.iuh.edu.vn/thong-bao/cong-ty-co-phan-xuan-thien-thanh-hoa-tuyen-dung/,Tải về và Xem,th.iuh.edu.vn,Cơ sở Thanh Hóa,Thanh Hóa
https://th.iuh.edu.vn/wp-content/uploads/2026/03/00.-Phieu-dang-ky-xet-tuyen.pdf,https://th.iuh.edu.vn/van-ban-tien-ich/phieu-xet-tuyen-dai-hoc-lien-thong/,Tải về và Xem,th.iuh.edu.vn,Cơ sở Thanh Hóa,Thanh Hóa
https://th.iuh.edu.vn/wp-content/uploads/2026/03/01.-Phieu-dang-ky-xet-tuyen-so-1.pdf,https://th.iuh.edu.vn/van-ban-tien-ich/phieu-xet-tuyen-dai-hoc-lien-thong/,Tải về và Xem,th.iuh.edu.vn,Cơ sở Thanh Hóa,Thanh Hóa
https://th.iuh.edu.vn/wp-content/uploads/2026/03/02.-Phieu-dang-ky-xet-tuyen-so-2.pdf,https://th.iuh.edu.vn/van-ban-tien-ich/phieu-xet-tuyen-dai-hoc-lien-thong/,Tải về và Xem,th.iuh.edu.vn,Cơ sở Thanh Hóa,Thanh Hóa
https://th.iuh.edu.vn/wp-content/uploads/2026/03/TB-tuyen-sinh-DHLT-dot-1-2026-CSTH.pdf,https://th.iuh.edu.vn/thong-bao/xet-tuyen-dai-hoc-lien-thong-dot-1-nam-2026/,Tải về và Xem,th.iuh.edu.vn,Cơ sở Thanh Hóa,Thanh Hóa
https://th.iuh.edu.vn/wp-content/uploads/2026/03/Thong-bao-nghi-le-30.4.pdf,https://th.iuh.edu.vn/thong-bao/thong-bao-v-v-nghi-le-gio-to-hung-vuong-10-3-am-lich-ngay-chien-thang-30-4-va-ngay-quoc-te-lao-dong-01-5-nam-2026/,Tải về và Xem,th.iuh.edu.vn,Cơ sở Thanh Hóa,Thanh Hóa
https://th.iuh.edu.vn/wp-content/uploads/2026/03/Tien-do-Dao-tao-2026-2027.pdf,https://th.iuh.edu.vn/thong-bao/quyet-dinh-ban-hanh-tien-do-dao-tao-nam-hoc-2026-2027/,Tải về và Xem,th.iuh.edu.vn,Cơ sở Thanh Hóa,Thanh Hóa
https://th.iuh.edu.vn/wp-content/uploads/2026/04/Xet-TN-dot-thang-7.2026.pdf,https://th.iuh.edu.vn/thong-bao/thong-bao-ke-hoach-xet-cong-nhan-tot-nghiep-bac-dai-hoc-dot-thang-7-nam-2026/,Tải về và Xem,th.iuh.edu.vn,Cơ sở Thanh Hóa,Thanh Hóa
https://th.iuh.edu.vn/wp-content/uploads/2026/05/Thong-bao-nghi-he.pdf,https://th.iuh.edu.vn/thong-bao/thong-bao-ke-hoach-nghi-he-doi-voi-sinh-vien-nam-2026/,Tải về và Xem,th.iuh.edu.vn,Cơ sở Thanh Hóa,Thanh Hóa
https://th.iuh.edu.vn/wp-content/uploads/2026/08/TN-Thang-10.2026.pdf,https://th.iuh.edu.vn/thong-bao/thong-bao-ke-hoach-xet-cong-nhan-tot-nghiep-bac-dai-hoc-dot-thang-10-nam-2026/,Tải về và Xem,th.iuh.edu.vn,Cơ sở Thanh Hóa,Thanh Hóa
http://iuh.edu.vn/Resource/Upload2/files/2020/Ba-cong-khai/01_ThongBao_ThucHien3CongKhai.pdf,https://tqa.iuh.edu.vn/ba-cong-khai/ba-cong-khai-nam-hoc-2019-2020/,Xem chi tiết,tqa.iuh.edu.vn,Phòng Khảo thí và Đảm bảo chất lượng,HCM
http://iuh.edu.vn/Resource/Upload2/files/2020/Ba-cong-khai/02_BieuMau_17.pdf,https://tqa.iuh.edu.vn/ba-cong-khai/ba-cong-khai-nam-hoc-2019-2020/,Xem chi tiết,tqa.iuh.edu.vn,Phòng Khảo thí và Đảm bảo chất lượng,HCM
http://iuh.edu.vn/Resource/Upload2/files/2020/Ba-cong-khai/03_BieuMau_18AB.pdf,https://tqa.iuh.edu.vn/ba-cong-khai/ba-cong-khai-nam-hoc-2019-2020/,Xem chi tiết,tqa.iuh.edu.vn,Phòng Khảo thí và Đảm bảo chất lượng,HCM
http://iuh.edu.vn/Resource/Upload2/files/2020/Ba-cong-khai/04_BieuMau_18C_KhoaCNTT.pdf,https://tqa.iuh.edu.vn/ba-cong-khai/ba-cong-khai-nam-hoc-2019-2020/,Khoa Công nghệ Thông tin,tqa.iuh.edu.vn,Phòng Khảo thí và Đảm bảo chất lượng,HCM
http://iuh.edu.vn/Resource/Upload2/files/2020/Ba-cong-khai/04_BieuMau_18C_KhoaCoKhi.pdf,https://tqa.iuh.edu.vn/ba-cong-khai/ba-cong-khai-nam-hoc-2019-2020/,Khoa Công nghệ Cơ khí,tqa.iuh.edu.vn,Phòng Khảo thí và Đảm bảo chất lượng,HCM
http://iuh.edu.vn/Resource/Upload2/files/2020/Ba-cong-khai/04_BieuMau_18C_KhoaDien.pdf,https://tqa.iuh.edu.vn/ba-cong-khai/ba-cong-khai-nam-hoc-2019-2020/,Khoa Công nghệ Điện,tqa.iuh.edu.vn,Phòng Khảo thí và Đảm bảo chất lượng,HCM
http://iuh.edu.vn/Resource/Upload2/files/2020/Ba-cong-khai/04_BieuMau_18C_KhoaDienTu.pdf,https://tqa.iuh.edu.vn/ba-cong-khai/ba-cong-khai-nam-hoc-2019-2020/,Khoa Công nghệ Điện tử,tqa.iuh.edu.vn,Phòng Khảo thí và Đảm bảo chất lượng,HCM
http://iuh.edu.vn/Resource/Upload2/files/2020/Ba-cong-khai/04_BieuMau_18C_KhoaDongLuc.pdf,https://tqa.iuh.edu.vn/ba-cong-khai/ba-cong-khai-nam-hoc-2019-2020/,Khoa Công nghệ Động lực,tqa.iuh.edu.vn,Phòng Khảo thí và Đảm bảo chất lượng,HCM
http://iuh.edu.vn/Resource/Upload2/files/2020/Ba-cong-khai/04_BieuMau_18C_KhoaHoa.pdf,https://tqa.iuh.edu.vn/ba-cong-khai/ba-cong-khai-nam-hoc-2019-2020/,Khoa Công nghệ Hóa học,tqa.iuh.edu.vn,Phòng Khảo thí và Đảm bảo chất lượng,HCM
http://iuh.edu.vn/Resource/Upload2/files/2020/Ba-cong-khai/04_BieuMau_18C_KhoaKeToan.pdf,https://tqa.iuh.edu.vn/ba-cong-khai/ba-cong-khai-nam-hoc-2019-2020/,Khoa Kế toán – Kiểm toán,tqa.iuh.edu.vn,Phòng Khảo thí và Đảm bảo chất lượng,HCM
http://iuh.edu.vn/Resource/Upload2/files/2020/Ba-cong-khai/04_BieuMau_18C_KhoaLuat.pdf,https://tqa.iuh.edu.vn/ba-cong-khai/ba-cong-khai-nam-hoc-2019-2020/,Khoa Luật,tqa.iuh.edu.vn,Phòng Khảo thí và Đảm bảo chất lượng,HCM
http://iuh.edu.vn/Resource/Upload2/files/2020/Ba-cong-khai/04_BieuMau_18C_KhoaMayThoiTrang.pdf,https://tqa.iuh.edu.vn/ba-cong-khai/ba-cong-khai-nam-hoc-2019-2020/,Khoa Công nghệ may – Thời trang,tqa.iuh.edu.vn,Phòng Khảo thí và Đảm bảo chất lượng,HCM
http://iuh.edu.vn/Resource/Upload2/files/2020/Ba-cong-khai/04_BieuMau_18C_KhoaNgoaiNgu.pdf,https://tqa.iuh.edu.vn/ba-cong-khai/ba-cong-khai-nam-hoc-2019-2020/,Khoa Ngoại ngữ,tqa.iuh.edu.vn,Phòng Khảo thí và Đảm bảo chất lượng,HCM
http://iuh.edu.vn/Resource/Upload2/files/2020/Ba-cong-khai/04_BieuMau_18C_KhoaNhietLanh.pdf,https://tqa.iuh.edu.vn/ba-cong-khai/ba-cong-khai-nam-hoc-2019-2020/,Khoa Công nghệ Nhiệt lạnh,tqa.iuh.edu.vn,Phòng Khảo thí và Đảm bảo chất lượng,HCM
http://iuh.edu.vn/Resource/Upload2/files/2020/Ba-cong-khai/04_BieuMau_18C_KhoaQTKD.pdf,https://tqa.iuh.edu.vn/ba-cong-khai/ba-cong-khai-nam-hoc-2019-2020/,Khoa Quản trị Kinh doanh,tqa.iuh.edu.vn,Phòng Khảo thí và Đảm bảo chất lượng,HCM
http://iuh.edu.vn/Resource/Upload2/files/2020/Ba-cong-khai/04_BieuMau_18C_KhoaTCNH.pdf,https://tqa.iuh.edu.vn/ba-cong-khai/ba-cong-khai-nam-hoc-2019-2020/,Khoa Tài chính – Ngân hàng,tqa.iuh.edu.vn,Phòng Khảo thí và Đảm bảo chất lượng,HCM
http://iuh.edu.vn/Resource/Upload2/files/2020/Ba-cong-khai/04_BieuMau_18C_KhoaTMDL.pdf,https://tqa.iuh.edu.vn/ba-cong-khai/ba-cong-khai-nam-hoc-2019-2020/,Khoa Thương mại Du lịch,tqa.iuh.edu.vn,Phòng Khảo thí và Đảm bảo chất lượng,HCM
http://iuh.edu.vn/Resource/Upload2/files/2020/Ba-cong-khai/04_BieuMau_18C_KhoaXayDung.pdf,https://tqa.iuh.edu.vn/ba-cong-khai/ba-cong-khai-nam-hoc-2019-2020/,Khoa Kỹ thuật Xây dựng,tqa.iuh.edu.vn,Phòng Khảo thí và Đảm bảo chất lượng,HCM
http://iuh.edu.vn/Resource/Upload2/files/2020/Ba-cong-khai/04_BieuMau_18C_VienMoiTruong.pdf,https://tqa.iuh.edu.vn/ba-cong-khai/ba-cong-khai-nam-hoc-2019-2020/,Viện Khoa học công nghệ và quản lý môi trường,tqa.iuh.edu.vn,Phòng Khảo thí và Đảm bảo chất lượng,HCM
http://iuh.edu.vn/Resource/Upload2/files/2020/Ba-cong-khai/04_BieuMau_18C_VienSinhHoc.pdf,https://tqa.iuh.edu.vn/ba-cong-khai/ba-cong-khai-nam-hoc-2019-2020/,Viện Công nghệ sinh học và thực phẩm,tqa.iuh.edu.vn,Phòng Khảo thí và Đảm bảo chất lượng,HCM
http://iuh.edu.vn/Resource/Upload2/files/2020/Ba-cong-khai/05_BieuMau_18D.pdf,https://tqa.iuh.edu.vn/ba-cong-khai/ba-cong-khai-nam-hoc-2019-2020/,Xem chi tiết,tqa.iuh.edu.vn,Phòng Khảo thí và Đảm bảo chất lượng,HCM
http://iuh.edu.vn/Resource/Upload2/files/2020/Ba-cong-khai/06_BieuMau_18E.pdf,https://tqa.iuh.edu.vn/ba-cong-khai/ba-cong-khai-nam-hoc-2019-2020/,Xem chi tiết,tqa.iuh.edu.vn,Phòng Khảo thí và Đảm bảo chất lượng,HCM
http://iuh.edu.vn/Resource/Upload2/files/2020/Ba-cong-khai/07_BieuMau_18G-H-I.pdf,https://tqa.iuh.edu.vn/ba-cong-khai/ba-cong-khai-nam-hoc-2019-2020/,Xem chi tiết,tqa.iuh.edu.vn,Phòng Khảo thí và Đảm bảo chất lượng,HCM
http://iuh.edu.vn/Resource/Upload2/files/2020/Ba-cong-khai/08_BieuMau_19.pdf,https://tqa.iuh.edu.vn/ba-cong-khai/ba-cong-khai-nam-hoc-2019-2020/,Xem chi tiết,tqa.iuh.edu.vn,Phòng Khảo thí và Đảm bảo chất lượng,HCM
http://iuh.edu.vn/Resource/Upload2/files/2020/Ba-cong-khai/09_BieuMau_20.pdf,https://tqa.iuh.edu.vn/ba-cong-khai/ba-cong-khai-nam-hoc-2019-2020/,Xem chi tiết,tqa.iuh.edu.vn,Phòng Khảo thí và Đảm bảo chất lượng,HCM
http://iuh.edu.vn/Resource/Upload2/files/2020/Ba-cong-khai/10_BieuMau_21.pdf,https://tqa.iuh.edu.vn/ba-cong-khai/ba-cong-khai-nam-hoc-2019-2020/,Xem chi tiết,tqa.iuh.edu.vn,Phòng Khảo thí và Đảm bảo chất lượng,HCM
http://iuh.edu.vn/Resource/Upload2/files/2021/Ba-cong-khai/BieuMau17.pdf,https://tqa.iuh.edu.vn/ba-cong-khai/ba-cong-khai-nam-2020-2021/,Xem chi tiết,tqa.iuh.edu.vn,Phòng Khảo thí và Đảm bảo chất lượng,HCM
http://iuh.edu.vn/Resource/Upload2/files/2021/Ba-cong-khai/BieuMau18C_CoKhi.pdf,https://tqa.iuh.edu.vn/ba-cong-khai/ba-cong-khai-nam-2020-2021/,Khoa Công nghệ Cơ khí,tqa.iuh.edu.vn,Phòng Khảo thí và Đảm bảo chất lượng,HCM
http://iuh.edu.vn/Resource/Upload2/files/2021/Ba-cong-khai/BieuMau18C_CongNgheThongTin.pdf,https://tqa.iuh.edu.vn/ba-cong-khai/ba-cong-khai-nam-2020-2021/,Khoa Công nghệ Thông tin,tqa.iuh.edu.vn,Phòng Khảo thí và Đảm bảo chất lượng,HCM
http://iuh.edu.vn/Resource/Upload2/files/2021/Ba-cong-khai/BieuMau18C_Dien.pdf,https://tqa.iuh.edu.vn/ba-cong-khai/ba-cong-khai-nam-2020-2021/,Khoa Công nghệ Điện,tqa.iuh.edu.vn,Phòng Khảo thí và Đảm bảo chất lượng,HCM
http://iuh.edu.vn/Resource/Upload2/files/2021/Ba-cong-khai/BieuMau18C_DienTu.pdf,https://tqa.iuh.edu.vn/ba-cong-khai/ba-cong-khai-nam-2020-2021/,Khoa Công nghệ Điện tử,tqa.iuh.edu.vn,Phòng Khảo thí và Đảm bảo chất lượng,HCM
http://iuh.edu.vn/Resource/Upload2/files/2021/Ba-cong-khai/BieuMau18C_DongLuc.pdf,https://tqa.iuh.edu.vn/ba-cong-khai/ba-cong-khai-nam-2020-2021/,Khoa Công nghệ Động lực,tqa.iuh.edu.vn,Phòng Khảo thí và Đảm bảo chất lượng,HCM
http://iuh.edu.vn/Resource/Upload2/files/2021/Ba-cong-khai/BieuMau18C_Hoa.pdf,https://tqa.iuh.edu.vn/ba-cong-khai/ba-cong-khai-nam-2020-2021/,Khoa Công nghệ Hóa học,tqa.iuh.edu.vn,Phòng Khảo thí và Đảm bảo chất lượng,HCM
http://iuh.edu.vn/Resource/Upload2/files/2021/Ba-cong-khai/BieuMau18C_KeToan.pdf,https://tqa.iuh.edu.vn/ba-cong-khai/ba-cong-khai-nam-2020-2021/,Khoa Kế toán – Kiểm toán,tqa.iuh.edu.vn,Phòng Khảo thí và Đảm bảo chất lượng,HCM
http://iuh.edu.vn/Resource/Upload2/files/2021/Ba-cong-khai/BieuMau18C_Luat.pdf,https://tqa.iuh.edu.vn/ba-cong-khai/ba-cong-khai-nam-2020-2021/,Khoa Luật,tqa.iuh.edu.vn,Phòng Khảo thí và Đảm bảo chất lượng,HCM
http://iuh.edu.vn/Resource/Upload2/files/2021/Ba-cong-khai/BieuMau18C_MayThoiTrang.pdf,https://tqa.iuh.edu.vn/ba-cong-khai/ba-cong-khai-nam-2020-2021/,Khoa Công nghệ may – Thời trang,tqa.iuh.edu.vn,Phòng Khảo thí và Đảm bảo chất lượng,HCM
http://iuh.edu.vn/Resource/Upload2/files/2021/Ba-cong-khai/BieuMau18C_MoiTruong.pdf,https://tqa.iuh.edu.vn/ba-cong-khai/ba-cong-khai-nam-2020-2021/,Viện Khoa học công nghệ và quản lý môi trường,tqa.iuh.edu.vn,Phòng Khảo thí và Đảm bảo chất lượng,HCM
http://iuh.edu.vn/Resource/Upload2/files/2021/Ba-cong-khai/BieuMau18C_NgoaiNgu.pdf,https://tqa.iuh.edu.vn/ba-cong-khai/ba-cong-khai-nam-2020-2021/,Khoa Ngoại ngữ,tqa.iuh.edu.vn,Phòng Khảo thí và Đảm bảo chất lượng,HCM
http://iuh.edu.vn/Resource/Upload2/files/2021/Ba-cong-khai/BieuMau18C_NhietLanh.pdf,https://tqa.iuh.edu.vn/ba-cong-khai/ba-cong-khai-nam-2020-2021/,Khoa Công nghệ Nhiệt lạnh,tqa.iuh.edu.vn,Phòng Khảo thí và Đảm bảo chất lượng,HCM
http://iuh.edu.vn/Resource/Upload2/files/2021/Ba-cong-khai/BieuMau18C_QuanTriKinhDoanh.pdf,https://tqa.iuh.edu.vn/ba-cong-khai/ba-cong-khai-nam-2020-2021/,Khoa Quản trị Kinh doanh,tqa.iuh.edu.vn,Phòng Khảo thí và Đảm bảo chất lượng,HCM
http://iuh.edu.vn/Resource/Upload2/files/2021/Ba-cong-khai/BieuMau18C_SinhHocThucPham.pdf,https://tqa.iuh.edu.vn/ba-cong-khai/ba-cong-khai-nam-2020-2021/,Viện Công nghệ sinh học và thực phẩm,tqa.iuh.edu.vn,Phòng Khảo thí và Đảm bảo chất lượng,HCM
http://iuh.edu.vn/Resource/Upload2/files/2021/Ba-cong-khai/BieuMau18C_TaiChinhNganHang.pdf,https://tqa.iuh.edu.vn/ba-cong-khai/ba-cong-khai-nam-2020-2021/,Khoa Tài chính – Ngân hàng,tqa.iuh.edu.vn,Phòng Khảo thí và Đảm bảo chất lượng,HCM
http://iuh.edu.vn/Resource/Upload2/files/2021/Ba-cong-khai/BieuMau18C_ThuongMaiDuLich.pdf,https://tqa.iuh.edu.vn/ba-cong-khai/ba-cong-khai-nam-2020-2021/,Khoa Thương mại Du lịch,tqa.iuh.edu.vn,Phòng Khảo thí và Đảm bảo chất lượng,HCM
http://iuh.edu.vn/Resource/Upload2/files/2021/Ba-cong-khai/BieuMau18C_XayDung.pdf,https://tqa.iuh.edu.vn/ba-cong-khai/ba-cong-khai-nam-2020-2021/,Khoa Kỹ thuật Xây dựng,tqa.iuh.edu.vn,Phòng Khảo thí và Đảm bảo chất lượng,HCM
http://iuh.edu.vn/Resource/Upload2/files/2021/Ba-cong-khai/BieuMau18D.pdf,https://tqa.iuh.edu.vn/ba-cong-khai/ba-cong-khai-nam-2020-2021/,Xem chi tiết,tqa.iuh.edu.vn,Phòng Khảo thí và Đảm bảo chất lượng,HCM
http://iuh.edu.vn/Resource/Upload2/files/2021/Ba-cong-khai/BieuMau18E.pdf,https://tqa.iuh.edu.vn/ba-cong-khai/ba-cong-khai-nam-2020-2021/,Xem chi tiết,tqa.iuh.edu.vn,Phòng Khảo thí và Đảm bảo chất lượng,HCM
http://iuh.edu.vn/Resource/Upload2/files/2021/Ba-cong-khai/BieuMau18G.pdf,https://tqa.iuh.edu.vn/ba-cong-khai/ba-cong-khai-nam-2020-2021/,Xem chi tiết,tqa.iuh.edu.vn,Phòng Khảo thí và Đảm bảo chất lượng,HCM
http://iuh.edu.vn/Resource/Upload2/files/2021/Ba-cong-khai/BieuMau19.pdf,https://tqa.iuh.edu.vn/ba-cong-khai/ba-cong-khai-nam-2020-2021/,Xem chi tiết,tqa.iuh.edu.vn,Phòng Khảo thí và Đảm bảo chất lượng,HCM
http://iuh.edu.vn/Resource/Upload2/files/2021/Ba-cong-khai/BieuMau20.pdf,https://tqa.iuh.edu.vn/ba-cong-khai/ba-cong-khai-nam-2020-2021/,Xem chi tiết,tqa.iuh.edu.vn,Phòng Khảo thí và Đảm bảo chất lượng,HCM
http://iuh.edu.vn/Resource/Upload2/files/2021/Ba-cong-khai/BieuMau21.pdf,https://tqa.iuh.edu.vn/ba-cong-khai/ba-cong-khai-nam-2020-2021/,Xem chi tiết,tqa.iuh.edu.vn,Phòng Khảo thí và Đảm bảo chất lượng,HCM
http://iuh.edu.vn/Resource/Upload2/files/documents/2015_bacongkhai/bao_cao_tu_danh_gia_sau_tham_dinh_truong_dai_hoc_cong__nghiep_tp.hcm.pdf,https://tqa.iuh.edu.vn/ba-cong-khai/cong-khai-bao-cao-tu-danh-gia-cap-truong-2015/,Tải về tại đây,tqa.iuh.edu.vn,Phòng Khảo thí và Đảm bảo chất lượng,HCM
http://iuh.edu.vn/Resource/Upload2/files/documents/2016_bacongkhai/B21%20-%20Chat%20luong%20dao%20tao.pdf,https://tqa.iuh.edu.vn/ba-cong-khai/ba-cong-khai-nam-hoc-2015-2016/,xem hoặc tải về,tqa.iuh.edu.vn,Phòng Khảo thí và Đảm bảo chất lượng,HCM
http://iuh.edu.vn/Resource/Upload2/files/documents/2016_bacongkhai/B22%20-%20Co%20so%20vat%20chat.pdf,https://tqa.iuh.edu.vn/ba-cong-khai/ba-cong-khai-nam-hoc-2015-2016/,xem hoặc tải về,tqa.iuh.edu.vn,Phòng Khảo thí và Đảm bảo chất lượng,HCM
http://iuh.edu.vn/Resource/Upload2/files/documents/2016_bacongkhai/B23%20-%20Doi%20ngu%20giang%20vien.pdf,https://tqa.iuh.edu.vn/ba-cong-khai/ba-cong-khai-nam-hoc-2015-2016/,xem hoặc tải về,tqa.iuh.edu.vn,Phòng Khảo thí và Đảm bảo chất lượng,HCM
http://iuh.edu.vn/Resource/Upload2/files/documents/2016_bacongkhai/B24%20-%20Tai%20chinh.pdf,https://tqa.iuh.edu.vn/ba-cong-khai/ba-cong-khai-nam-hoc-2015-2016/,xem hoặc tải về,tqa.iuh.edu.vn,Phòng Khảo thí và Đảm bảo chất lượng,HCM
http://iuh.edu.vn/Resource/Upload2/files/documents/2016_bacongkhai/Bieu%20tong%20hop.pdf,https://tqa.iuh.edu.vn/ba-cong-khai/ba-cong-khai-nam-hoc-2015-2016/,xem hoặc tải về,tqa.iuh.edu.vn,Phòng Khảo thí và Đảm bảo chất lượng,HCM
http://iuh.edu.vn/Resource/Upload2/files/documents/2016_bacongkhai/Bieu_20/01_Nganh%20CNKT%20Co%20dien%20tu.pdf,https://tqa.iuh.edu.vn/ba-cong-khai/ba-cong-khai-nam-hoc-2015-2016/,Công nghệ kỹ thuật cơ điện tử,tqa.iuh.edu.vn,Phòng Khảo thí và Đảm bảo chất lượng,HCM
http://iuh.edu.vn/Resource/Upload2/files/documents/2016_bacongkhai/Bieu_20/02_Nganh%20CNKT%20Dien%20Dien%20tu.pdf,https://tqa.iuh.edu.vn/ba-cong-khai/ba-cong-khai-nam-hoc-2015-2016/,"Công nghệ kỹ thuật điện, điện tử",tqa.iuh.edu.vn,Phòng Khảo thí và Đảm bảo chất lượng,HCM
http://iuh.edu.vn/Resource/Upload2/files/documents/2016_bacongkhai/Bieu_20/03_Nganh%20CNKT%20Dien%20tu%20Truyen%20thong.pdf,https://tqa.iuh.edu.vn/ba-cong-khai/ba-cong-khai-nam-hoc-2015-2016/,"Công nghệ kỹ thuật điện tử, truyền thông",tqa.iuh.edu.vn,Phòng Khảo thí và Đảm bảo chất lượng,HCM
http://iuh.edu.vn/Resource/Upload2/files/documents/2016_bacongkhai/Bieu_20/04_Nganh%20CNKT%20Co%20Khi.pdf,https://tqa.iuh.edu.vn/ba-cong-khai/ba-cong-khai-nam-hoc-2015-2016/,Công nghệ kỹ thuật cơ khí,tqa.iuh.edu.vn,Phòng Khảo thí và Đảm bảo chất lượng,HCM
http://iuh.edu.vn/Resource/Upload2/files/documents/2016_bacongkhai/Bieu_20/05_Nganh%20Khoa%20hoc%20May%20tinh.pdf,https://tqa.iuh.edu.vn/ba-cong-khai/ba-cong-khai-nam-hoc-2015-2016/,Khoa học máy tính và công nghệ thông tin,tqa.iuh.edu.vn,Phòng Khảo thí và Đảm bảo chất lượng,HCM
http://iuh.edu.vn/Resource/Upload2/files/documents/2016_bacongkhai/Bieu_20/06_Nganh%20Quan%20ly%20Moi%20truong.pdf,https://tqa.iuh.edu.vn/ba-cong-khai/ba-cong-khai-nam-hoc-2015-2016/,Quản lý tài nguyên và môi trường,tqa.iuh.edu.vn,Phòng Khảo thí và Đảm bảo chất lượng,HCM
http://iuh.edu.vn/Resource/Upload2/files/documents/2016_bacongkhai/Bieu_20/07_Nganh%20CN%20Moi%20truong.pdf,https://tqa.iuh.edu.vn/ba-cong-khai/ba-cong-khai-nam-hoc-2015-2016/,Công nghệ kỹ thuật môi trường,tqa.iuh.edu.vn,Phòng Khảo thí và Đảm bảo chất lượng,HCM
http://iuh.edu.vn/Resource/Upload2/files/documents/2016_bacongkhai/Bieu_20/08_Nganh%20Thuong%20mai%20Dien%20tu.pdf,https://tqa.iuh.edu.vn/ba-cong-khai/ba-cong-khai-nam-hoc-2015-2016/,Thương mại điện tử,tqa.iuh.edu.vn,Phòng Khảo thí và Đảm bảo chất lượng,HCM
http://iuh.edu.vn/Resource/Upload2/files/documents/2016_bacongkhai/Bieu_20/09_Nganh%20Marketing.pdf,https://tqa.iuh.edu.vn/ba-cong-khai/ba-cong-khai-nam-hoc-2015-2016/,Quản trị marketing,tqa.iuh.edu.vn,Phòng Khảo thí và Đảm bảo chất lượng,HCM
http://iuh.edu.vn/Resource/Upload2/files/documents/2016_bacongkhai/Bieu_20/10_Nganh%20Quan%20tri%20kinh%20doanh.pdf,https://tqa.iuh.edu.vn/ba-cong-khai/ba-cong-khai-nam-hoc-2015-2016/,Quản trị kinh doanh,tqa.iuh.edu.vn,Phòng Khảo thí và Đảm bảo chất lượng,HCM
http://iuh.edu.vn/Resource/Upload2/files/documents/2016_bacongkhai/Bieu_20/11_Nganh%20CNKT%20Nhiet.pdf,https://tqa.iuh.edu.vn/ba-cong-khai/ba-cong-khai-nam-hoc-2015-2016/,Công nghệ kỹ thuật nhiệt,tqa.iuh.edu.vn,Phòng Khảo thí và Đảm bảo chất lượng,HCM
http://iuh.edu.vn/Resource/Upload2/files/documents/2016_bacongkhai/Bieu_20/12_Nganh%20Tai%20chinh%20Ngan%20hang.pdf,https://tqa.iuh.edu.vn/ba-cong-khai/ba-cong-khai-nam-hoc-2015-2016/,Tài chính – Ngân hàng,tqa.iuh.edu.vn,Phòng Khảo thí và Đảm bảo chất lượng,HCM
http://iuh.edu.vn/Resource/Upload2/files/documents/2016_bacongkhai/Bieu_20/13_Nganh%20CNKT%20oto.pdf,https://tqa.iuh.edu.vn/ba-cong-khai/ba-cong-khai-nam-hoc-2015-2016/,Công nghệ kỹ thuật ô tô,tqa.iuh.edu.vn,Phòng Khảo thí và Đảm bảo chất lượng,HCM
http://iuh.edu.vn/Resource/Upload2/files/documents/2016_bacongkhai/Bieu_20/14_Nganh%20CN%20May.pdf,https://tqa.iuh.edu.vn/ba-cong-khai/ba-cong-khai-nam-hoc-2015-2016/,Công nghệ may,tqa.iuh.edu.vn,Phòng Khảo thí và Đảm bảo chất lượng,HCM
http://iuh.edu.vn/Resource/Upload2/files/documents/2016_bacongkhai/Bieu_20/16_Nganh%20Ke%20toan.pdf,https://tqa.iuh.edu.vn/ba-cong-khai/ba-cong-khai-nam-hoc-2015-2016/,Ngôn ngữ Anh,tqa.iuh.edu.vn,Phòng Khảo thí và Đảm bảo chất lượng,HCM
http://iuh.edu.vn/Resource/Upload2/files/documents/2016_bacongkhai/Bieu_20/17_Nganh%20CNKT%20Hoa%20hoc.pdf,https://tqa.iuh.edu.vn/ba-cong-khai/ba-cong-khai-nam-hoc-2015-2016/,Công nghệ kỹ thuật hóa học,tqa.iuh.edu.vn,Phòng Khảo thí và Đảm bảo chất lượng,HCM
http://iuh.edu.vn/Resource/Upload2/files/documents/2016_bacongkhai/Bieu_20/18_Nganh%20CN%20Sinh%20hoc.pdf,https://tqa.iuh.edu.vn/ba-cong-khai/ba-cong-khai-nam-hoc-2015-2016/,Công nghệ sinh học,tqa.iuh.edu.vn,Phòng Khảo thí và Đảm bảo chất lượng,HCM
http://iuh.edu.vn/Resource/Upload2/files/documents/2016_bacongkhai/Bieu_20/19_Nganh%20CN%20Thuc%20pham.pdf,https://tqa.iuh.edu.vn/ba-cong-khai/ba-cong-khai-nam-hoc-2015-2016/,Công nghệ thực phẩm,tqa.iuh.edu.vn,Phòng Khảo thí và Đảm bảo chất lượng,HCM
http://iuh.edu.vn/Resource/Upload2/files/documents/2016_bacongkhai/Bieu_20/20_Nganh%20CNKT%20May%20tinh.pdf,https://tqa.iuh.edu.vn/ba-cong-khai/ba-cong-khai-nam-hoc-2015-2016/,Công nghệ kỹ thuật máy tính,tqa.iuh.edu.vn,Phòng Khảo thí và Đảm bảo chất lượng,HCM
http://iuh.edu.vn/Resource/Upload2/files/documents/2016_bacongkhai/Bieu_20/21_Nganh%20Ky%20thuat%20Dien%20tu.pdf,https://tqa.iuh.edu.vn/ba-cong-khai/ba-cong-khai-nam-hoc-2015-2016/,Kỹ thuật điện tử,tqa.iuh.edu.vn,Phòng Khảo thí và Đảm bảo chất lượng,HCM
http://iuh.edu.vn/Resource/Upload2/files/documents/2016_bacongkhai/Bieu_20/22_Nganh%20Kinh%20doanh%20quoc%20te.pdf,https://tqa.iuh.edu.vn/ba-cong-khai/ba-cong-khai-nam-hoc-2015-2016/,Kinh doanh quốc tế,tqa.iuh.edu.vn,Phòng Khảo thí và Đảm bảo chất lượng,HCM
http://iuh.edu.vn/Resource/Upload2/files/documents/2018_bacongkhai/BaoCao_BaCongKhai.pdf,https://tqa.iuh.edu.vn/ba-cong-khai/ba-cong-khai-nam-hoc-2017-2018/,Xem chi tiết,tqa.iuh.edu.vn,Phòng Khảo thí và Đảm bảo chất lượng,HCM
http://iuh.edu.vn/Resource/Upload2/files/documents/2018_bacongkhai/BieuMau_17.pdf,https://tqa.iuh.edu.vn/ba-cong-khai/ba-cong-khai-nam-hoc-2017-2018/,Xem chi tiết,tqa.iuh.edu.vn,Phòng Khảo thí và Đảm bảo chất lượng,HCM
http://iuh.edu.vn/Resource/Upload2/files/documents/2018_bacongkhai/BieuMau_18A%2CB.pdf,https://tqa.iuh.edu.vn/ba-cong-khai/ba-cong-khai-nam-hoc-2017-2018/,Xem chi tiết,tqa.iuh.edu.vn,Phòng Khảo thí và Đảm bảo chất lượng,HCM
http://iuh.edu.vn/Resource/Upload2/files/documents/2018_bacongkhai/BieuMau_18C_KhoaCNTT.pdf,https://tqa.iuh.edu.vn/ba-cong-khai/ba-cong-khai-nam-hoc-2017-2018/,Khoa Công nghệ Thông tin,tqa.iuh.edu.vn,Phòng Khảo thí và Đảm bảo chất lượng,HCM
http://iuh.edu.vn/Resource/Upload2/files/documents/2018_bacongkhai/BieuMau_18C_KhoaCoKhi.pdf,https://tqa.iuh.edu.vn/ba-cong-khai/ba-cong-khai-nam-hoc-2017-2018/,Khoa Công nghệ Cơ khí,tqa.iuh.edu.vn,Phòng Khảo thí và Đảm bảo chất lượng,HCM
http://iuh.edu.vn/Resource/Upload2/files/documents/2018_bacongkhai/BieuMau_18C_KhoaDien.pdf,https://tqa.iuh.edu.vn/ba-cong-khai/ba-cong-khai-nam-hoc-2017-2018/,Khoa Công nghệ Điện,tqa.iuh.edu.vn,Phòng Khảo thí và Đảm bảo chất lượng,HCM
http://iuh.edu.vn/Resource/Upload2/files/documents/2018_bacongkhai/BieuMau_18C_KhoaDienTu.pdf,https://tqa.iuh.edu.vn/ba-cong-khai/ba-cong-khai-nam-hoc-2017-2018/,Khoa Công nghệ Điện tử,tqa.iuh.edu.vn,Phòng Khảo thí và Đảm bảo chất lượng,HCM
http://iuh.edu.vn/Resource/Upload2/files/documents/2018_bacongkhai/BieuMau_18C_KhoaDongLuc.pdf,https://tqa.iuh.edu.vn/ba-cong-khai/ba-cong-khai-nam-hoc-2017-2018/,Khoa Công nghệ Động lực,tqa.iuh.edu.vn,Phòng Khảo thí và Đảm bảo chất lượng,HCM
http://iuh.edu.vn/Resource/Upload2/files/documents/2018_bacongkhai/BieuMau_18C_KhoaHoaHoc.pdf,https://tqa.iuh.edu.vn/ba-cong-khai/ba-cong-khai-nam-hoc-2017-2018/,Khoa Công nghệ Hóa học,tqa.iuh.edu.vn,Phòng Khảo thí và Đảm bảo chất lượng,HCM
http://iuh.edu.vn/Resource/Upload2/files/documents/2018_bacongkhai/BieuMau_18C_KhoaKeToan.pdf,https://tqa.iuh.edu.vn/ba-cong-khai/ba-cong-khai-nam-hoc-2017-2018/,Khoa Kế toán – Kiểm toán,tqa.iuh.edu.vn,Phòng Khảo thí và Đảm bảo chất lượng,HCM
http://iuh.edu.vn/Resource/Upload2/files/documents/2018_bacongkhai/BieuMau_18C_KhoaLuat.pdf,https://tqa.iuh.edu.vn/ba-cong-khai/ba-cong-khai-nam-hoc-2017-2018/,Khoa Luật,tqa.iuh.edu.vn,Phòng Khảo thí và Đảm bảo chất lượng,HCM
http://iuh.edu.vn/Resource/Upload2/files/documents/2018_bacongkhai/BieuMau_18C_KhoaMayThoiTrang.pdf,https://tqa.iuh.edu.vn/ba-cong-khai/ba-cong-khai-nam-hoc-2017-2018/,Khoa Công nghệ may – Thời trang,tqa.iuh.edu.vn,Phòng Khảo thí và Đảm bảo chất lượng,HCM
http://iuh.edu.vn/Resource/Upload2/files/documents/2018_bacongkhai/BieuMau_18C_KhoaNgoaiNgu.pdf,https://tqa.iuh.edu.vn/ba-cong-khai/ba-cong-khai-nam-hoc-2017-2018/,Khoa Ngoại ngữ,tqa.iuh.edu.vn,Phòng Khảo thí và Đảm bảo chất lượng,HCM
http://iuh.edu.vn/Resource/Upload2/files/documents/2018_bacongkhai/BieuMau_18C_KhoaNhietLanh.pdf,https://tqa.iuh.edu.vn/ba-cong-khai/ba-cong-khai-nam-hoc-2017-2018/,Khoa Công nghệ Nhiệt lạnh,tqa.iuh.edu.vn,Phòng Khảo thí và Đảm bảo chất lượng,HCM
http://iuh.edu.vn/Resource/Upload2/files/documents/2018_bacongkhai/BieuMau_18C_KhoaQuanTriKinhDoanh.pdf,https://tqa.iuh.edu.vn/ba-cong-khai/ba-cong-khai-nam-hoc-2017-2018/,Khoa Quản trị Kinh doanh,tqa.iuh.edu.vn,Phòng Khảo thí và Đảm bảo chất lượng,HCM
http://iuh.edu.vn/Resource/Upload2/files/documents/2018_bacongkhai/BieuMau_18C_KhoaTaiChinhNganHang.pdf,https://tqa.iuh.edu.vn/ba-cong-khai/ba-cong-khai-nam-hoc-2017-2018/,Khoa Tài chính – Ngân hàng,tqa.iuh.edu.vn,Phòng Khảo thí và Đảm bảo chất lượng,HCM
http://iuh.edu.vn/Resource/Upload2/files/documents/2018_bacongkhai/BieuMau_18C_KhoaThuongMaiDuLich.pdf,https://tqa.iuh.edu.vn/ba-cong-khai/ba-cong-khai-nam-hoc-2017-2018/,Khoa Thương mại Du lịch,tqa.iuh.edu.vn,Phòng Khảo thí và Đảm bảo chất lượng,HCM
http://iuh.edu.vn/Resource/Upload2/files/documents/2018_bacongkhai/BieuMau_18C_KhoaXayDung.pdf,https://tqa.iuh.edu.vn/ba-cong-khai/ba-cong-khai-nam-hoc-2017-2018/,Khoa Kỹ thuật Xây dựng,tqa.iuh.edu.vn,Phòng Khảo thí và Đảm bảo chất lượng,HCM
http://iuh.edu.vn/Resource/Upload2/files/documents/2018_bacongkhai/BieuMau_18C_VienMoiTruong.pdf,https://tqa.iuh.edu.vn/ba-cong-khai/ba-cong-khai-nam-hoc-2017-2018/,Viện Khoa học công nghệ và quản lý môi trường,tqa.iuh.edu.vn,Phòng Khảo thí và Đảm bảo chất lượng,HCM
http://iuh.edu.vn/Resource/Upload2/files/documents/2018_bacongkhai/BieuMau_18C_VienSinhHoc_ThucPham.pdf,https://tqa.iuh.edu.vn/ba-cong-khai/ba-cong-khai-nam-hoc-2017-2018/,Viện Công nghệ sinh học và thực phẩm,tqa.iuh.edu.vn,Phòng Khảo thí và Đảm bảo chất lượng,HCM
http://iuh.edu.vn/Resource/Upload2/files/documents/2018_bacongkhai/BieuMau_18D.pdf,https://tqa.iuh.edu.vn/ba-cong-khai/ba-cong-khai-nam-hoc-2017-2018/,Xem chi tiết,tqa.iuh.edu.vn,Phòng Khảo thí và Đảm bảo chất lượng,HCM
http://iuh.edu.vn/Resource/Upload2/files/documents/2018_bacongkhai/BieuMau_18E.pdf,https://tqa.iuh.edu.vn/ba-cong-khai/ba-cong-khai-nam-hoc-2017-2018/,Xem chi tiết,tqa.iuh.edu.vn,Phòng Khảo thí và Đảm bảo chất lượng,HCM
http://iuh.edu.vn/Resource/Upload2/files/documents/2018_bacongkhai/BieuMau_18G%2CH%2CI%2CK.pdf,https://tqa.iuh.edu.vn/ba-cong-khai/ba-cong-khai-nam-hoc-2017-2018/,Xem chi tiết,tqa.iuh.edu.vn,Phòng Khảo thí và Đảm bảo chất lượng,HCM
http://iuh.edu.vn/Resource/Upload2/files/documents/2018_bacongkhai/BieuMau_19.pdf,https://tqa.iuh.edu.vn/ba-cong-khai/ba-cong-khai-nam-hoc-2017-2018/,Xem chi tiết,tqa.iuh.edu.vn,Phòng Khảo thí và Đảm bảo chất lượng,HCM
http://iuh.edu.vn/Resource/Upload2/files/documents/2018_bacongkhai/BieuMau_20.pdf,https://tqa.iuh.edu.vn/ba-cong-khai/ba-cong-khai-nam-hoc-2017-2018/,Xem chi tiết,tqa.iuh.edu.vn,Phòng Khảo thí và Đảm bảo chất lượng,HCM
http://iuh.edu.vn/Resource/Upload2/files/documents/2018_bacongkhai/BieuMau_21.pdf,https://tqa.iuh.edu.vn/ba-cong-khai/ba-cong-khai-nam-hoc-2017-2018/,Xem chi tiết,tqa.iuh.edu.vn,Phòng Khảo thí và Đảm bảo chất lượng,HCM
http://iuh.edu.vn/Resource/Upload2/files/documents/2019_bacongkhai/01%20-%20ThongBao_ThucHien3CongKhai.pdf,https://tqa.iuh.edu.vn/ba-cong-khai/ba-cong-khai-nam-hoc-2018-2019/,Xem chi tiết,tqa.iuh.edu.vn,Phòng Khảo thí và Đảm bảo chất lượng,HCM
http://iuh.edu.vn/Resource/Upload2/files/documents/2019_bacongkhai/02%20-%20BieuMau_17.pdf,https://tqa.iuh.edu.vn/ba-cong-khai/ba-cong-khai-nam-hoc-2018-2019/,Xem chi tiết,tqa.iuh.edu.vn,Phòng Khảo thí và Đảm bảo chất lượng,HCM
http://iuh.edu.vn/Resource/Upload2/files/documents/2019_bacongkhai/03%20-%20BieuMau_18AB.pdf,https://tqa.iuh.edu.vn/ba-cong-khai/ba-cong-khai-nam-hoc-2018-2019/,Xem chi tiết,tqa.iuh.edu.vn,Phòng Khảo thí và Đảm bảo chất lượng,HCM
http://iuh.edu.vn/Resource/Upload2/files/documents/2019_bacongkhai/04-01%20-%20BieuMau_18C_OTo.pdf,https://tqa.iuh.edu.vn/ba-cong-khai/ba-cong-khai-nam-hoc-2018-2019/,Khoa Công nghệ Động lực,tqa.iuh.edu.vn,Phòng Khảo thí và Đảm bảo chất lượng,HCM
http://iuh.edu.vn/Resource/Upload2/files/documents/2019_bacongkhai/04-02%20-%20BieuMau_18C_KhoaCongNgheTT.pdf,https://tqa.iuh.edu.vn/ba-cong-khai/ba-cong-khai-nam-hoc-2018-2019/,Khoa Công nghệ Thông tin,tqa.iuh.edu.vn,Phòng Khảo thí và Đảm bảo chất lượng,HCM
http://iuh.edu.vn/Resource/Upload2/files/documents/2019_bacongkhai/04-03%20-%20BieuMau_18C_KhoaNgoaiNgu.pdf,https://tqa.iuh.edu.vn/ba-cong-khai/ba-cong-khai-nam-hoc-2018-2019/,Khoa Ngoại ngữ,tqa.iuh.edu.vn,Phòng Khảo thí và Đảm bảo chất lượng,HCM
http://iuh.edu.vn/Resource/Upload2/files/documents/2019_bacongkhai/04-04%20-%20BieuMau_18C_KhoaLuat_.pdf,https://tqa.iuh.edu.vn/ba-cong-khai/ba-cong-khai-nam-hoc-2018-2019/,Khoa Luật,tqa.iuh.edu.vn,Phòng Khảo thí và Đảm bảo chất lượng,HCM
http://iuh.edu.vn/Resource/Upload2/files/documents/2019_bacongkhai/04-05%20-%20BieuMau_18C_KhoaKeToanKiemToan.pdf,https://tqa.iuh.edu.vn/ba-cong-khai/ba-cong-khai-nam-hoc-2018-2019/,Khoa Kế toán – Kiểm toán,tqa.iuh.edu.vn,Phòng Khảo thí và Đảm bảo chất lượng,HCM
http://iuh.edu.vn/Resource/Upload2/files/documents/2019_bacongkhai/04-06%20-%20BieuMau_18C_KhoaTaiChinhNganHang.pdf,https://tqa.iuh.edu.vn/ba-cong-khai/ba-cong-khai-nam-hoc-2018-2019/,Khoa Tài chính – Ngân hàng,tqa.iuh.edu.vn,Phòng Khảo thí và Đảm bảo chất lượng,HCM
http://iuh.edu.vn/Resource/Upload2/files/documents/2019_bacongkhai/04-07%20-%20BieuMau_18C_KhoaTM_DuLich.pdf,https://tqa.iuh.edu.vn/ba-cong-khai/ba-cong-khai-nam-hoc-2018-2019/,Khoa Thương mại Du lịch,tqa.iuh.edu.vn,Phòng Khảo thí và Đảm bảo chất lượng,HCM
http://iuh.edu.vn/Resource/Upload2/files/documents/2019_bacongkhai/04-08%20-%20BieuMau_18C_KhoaQuanTriKD.pdf,https://tqa.iuh.edu.vn/ba-cong-khai/ba-cong-khai-nam-hoc-2018-2019/,Khoa Quản trị Kinh doanh,tqa.iuh.edu.vn,Phòng Khảo thí và Đảm bảo chất lượng,HCM
http://iuh.edu.vn/Resource/Upload2/files/documents/2019_bacongkhai/04-09%20-%20BieuMau_18C_KhoaMayThoiTrang.pdf,https://tqa.iuh.edu.vn/ba-cong-khai/ba-cong-khai-nam-hoc-2018-2019/,Khoa Công nghệ may – Thời trang,tqa.iuh.edu.vn,Phòng Khảo thí và Đảm bảo chất lượng,HCM
http://iuh.edu.vn/Resource/Upload2/files/documents/2019_bacongkhai/04-10%20-%20BieuMau_18C_KhoaCoKhi.pdf,https://tqa.iuh.edu.vn/ba-cong-khai/ba-cong-khai-nam-hoc-2018-2019/,Khoa Công nghệ Cơ khí,tqa.iuh.edu.vn,Phòng Khảo thí và Đảm bảo chất lượng,HCM
http://iuh.edu.vn/Resource/Upload2/files/documents/2019_bacongkhai/04-11%20-%20BieuMau_18C_NhietLanh.pdf,https://tqa.iuh.edu.vn/ba-cong-khai/ba-cong-khai-nam-hoc-2018-2019/,Khoa Công nghệ Nhiệt lạnh,tqa.iuh.edu.vn,Phòng Khảo thí và Đảm bảo chất lượng,HCM
http://iuh.edu.vn/Resource/Upload2/files/documents/2019_bacongkhai/04-12%20-%20BieuMau_18C_KhoaHoaHoc.pdf,https://tqa.iuh.edu.vn/ba-cong-khai/ba-cong-khai-nam-hoc-2018-2019/,Khoa Công nghệ Hóa học,tqa.iuh.edu.vn,Phòng Khảo thí và Đảm bảo chất lượng,HCM
http://iuh.edu.vn/Resource/Upload2/files/documents/2019_bacongkhai/04-13%20-%20BieuMau_18C_KhoaDien.pdf,https://tqa.iuh.edu.vn/ba-cong-khai/ba-cong-khai-nam-hoc-2018-2019/,Khoa Công nghệ Điện,tqa.iuh.edu.vn,Phòng Khảo thí và Đảm bảo chất lượng,HCM
http://iuh.edu.vn/Resource/Upload2/files/documents/2019_bacongkhai/04-14%20-%20BieuMau_18C_KhoaDienTu.pdf,https://tqa.iuh.edu.vn/ba-cong-khai/ba-cong-khai-nam-hoc-2018-2019/,Khoa Công nghệ Điện tử,tqa.iuh.edu.vn,Phòng Khảo thí và Đảm bảo chất lượng,HCM
http://iuh.edu.vn/Resource/Upload2/files/documents/2019_bacongkhai/04-15%20-%20BieuMau_18C_KhoaXayDung.pdf,https://tqa.iuh.edu.vn/ba-cong-khai/ba-cong-khai-nam-hoc-2018-2019/,Khoa Kỹ thuật Xây dựng,tqa.iuh.edu.vn,Phòng Khảo thí và Đảm bảo chất lượng,HCM
http://iuh.edu.vn/Resource/Upload2/files/documents/2019_bacongkhai/04-16%20-%20BieuMau_18C_VienMoiTruong.pdf,https://tqa.iuh.edu.vn/ba-cong-khai/ba-cong-khai-nam-hoc-2018-2019/,Viện Khoa học công nghệ và quản lý môi trường,tqa.iuh.edu.vn,Phòng Khảo thí và Đảm bảo chất lượng,HCM
http://iuh.edu.vn/Resource/Upload2/files/documents/2019_bacongkhai/04-17%20-%20BieuMau_18C_VienSinhHocTP.pdf,https://tqa.iuh.edu.vn/ba-cong-khai/ba-cong-khai-nam-hoc-2018-2019/,Viện Công nghệ sinh học và thực phẩm,tqa.iuh.edu.vn,Phòng Khảo thí và Đảm bảo chất lượng,HCM
http://iuh.edu.vn/Resource/Upload2/files/documents/2019_bacongkhai/05%20-%20BieuMau_19.pdf,https://tqa.iuh.edu.vn/ba-cong-khai/ba-cong-khai-nam-hoc-2018-2019/,Xem chi tiết,tqa.iuh.edu.vn,Phòng Khảo thí và Đảm bảo chất lượng,HCM
http://iuh.edu.vn/Resource/Upload2/files/documents/2019_bacongkhai/06%20-%20BieuMau_20.pdf,https://tqa.iuh.edu.vn/ba-cong-khai/ba-cong-khai-nam-hoc-2018-2019/,Xem chi tiết,tqa.iuh.edu.vn,Phòng Khảo thí và Đảm bảo chất lượng,HCM
http://iuh.edu.vn/Resource/Upload2/files/documents/2019_bacongkhai/07%20-%20BieuMau_21.pdf,https://tqa.iuh.edu.vn/ba-cong-khai/ba-cong-khai-nam-hoc-2018-2019/,Xem chi tiết,tqa.iuh.edu.vn,Phòng Khảo thí và Đảm bảo chất lượng,HCM
http://iuh.edu.vn/Resource/Upload2/files/documents/2019_bacongkhai/08%20-%20BieuMau_18D.pdf,https://tqa.iuh.edu.vn/ba-cong-khai/ba-cong-khai-nam-hoc-2018-2019/,Xem chi tiết,tqa.iuh.edu.vn,Phòng Khảo thí và Đảm bảo chất lượng,HCM
http://iuh.edu.vn/Resource/Upload2/files/documents/2019_bacongkhai/09%20-%20BieuMau_18E_1.pdf,https://tqa.iuh.edu.vn/ba-cong-khai/ba-cong-khai-nam-hoc-2018-2019/,Xem chi tiết,tqa.iuh.edu.vn,Phòng Khảo thí và Đảm bảo chất lượng,HCM
http://iuh.edu.vn/Resource/Upload2/files/documents/2019_bacongkhai/10%20-%20BieuMau_18G_H_I_K.pdf,https://tqa.iuh.edu.vn/ba-cong-khai/ba-cong-khai-nam-hoc-2018-2019/,Xem chi tiết,tqa.iuh.edu.vn,Phòng Khảo thí và Đảm bảo chất lượng,HCM
http://old.iuh.edu.vn/Resource/Upload/file/2014/20150903174015437.pdf,https://tqa.iuh.edu.vn/ba-cong-khai/ba-cong-khai-nam-hoc-2014-2015/,– Công khai tài chính,tqa.iuh.edu.vn,Phòng Khảo thí và Đảm bảo chất lượng,HCM
http://old.iuh.edu.vn/Resource/Upload/file/2014/3%20ccong%20nghe%20ky%20thuat%20moi%20truong.pdf,https://tqa.iuh.edu.vn/ba-cong-khai/ba-cong-khai-nam-hoc-2014-2015/,Ngành Công nghệ kỹ thuật môi trường,tqa.iuh.edu.vn,Phòng Khảo thí và Đảm bảo chất lượng,HCM
http://old.iuh.edu.vn/Resource/Upload/file/2014/3%20co%20dien%20tu.pdf,https://tqa.iuh.edu.vn/ba-cong-khai/ba-cong-khai-nam-hoc-2014-2015/,Ngành Công nghệ kỹ thuật cơ điện tử,tqa.iuh.edu.vn,Phòng Khảo thí và Đảm bảo chất lượng,HCM
http://old.iuh.edu.vn/Resource/Upload/file/2014/3%20khmt%281%29.pdf,https://tqa.iuh.edu.vn/ba-cong-khai/ba-cong-khai-nam-hoc-2014-2015/,Ngành Khoa học máy tính và công nghệ thông tin,tqa.iuh.edu.vn,Phòng Khảo thí và Đảm bảo chất lượng,HCM
http://old.iuh.edu.vn/Resource/Upload/file/2014/3%20may.pdf,https://tqa.iuh.edu.vn/ba-cong-khai/ba-cong-khai-nam-hoc-2014-2015/,Ngành Công nghệ may,tqa.iuh.edu.vn,Phòng Khảo thí và Đảm bảo chất lượng,HCM
http://old.iuh.edu.vn/Resource/Upload/file/2014/3%20qua%20tri%20marketing.pdf,https://tqa.iuh.edu.vn/ba-cong-khai/ba-cong-khai-nam-hoc-2014-2015/,Quản trị marketing,tqa.iuh.edu.vn,Phòng Khảo thí và Đảm bảo chất lượng,HCM
http://old.iuh.edu.vn/Resource/Upload/file/2014/3%20quan%20ly%20moi%20truong.pdf,https://tqa.iuh.edu.vn/ba-cong-khai/ba-cong-khai-nam-hoc-2014-2015/,Ngành Quản lý tài nguyên và môi trường,tqa.iuh.edu.vn,Phòng Khảo thí và Đảm bảo chất lượng,HCM
http://old.iuh.edu.vn/Resource/Upload/file/2014/TB%20C%C3%B4ng%20khai%20%C4%90%E1%BB%99i%20ng%C5%A9%20GV%20c%C6%A1%20H%E1%BB%AFu%20-%20M%C3%A3u%2023.pdf,https://tqa.iuh.edu.vn/ba-cong-khai/ba-cong-khai-nam-hoc-2014-2015/,Công khai thông tin về đội ngũ giảng viên cơ hữu,tqa.iuh.edu.vn,Phòng Khảo thí và Đảm bảo chất lượng,HCM
http://old.iuh.edu.vn/Resource/Upload/file/2014/TB%20C%C3%B4ng%20khai%20ch%E1%BA%A5t%20l%C6%B0%C6%A1ng%20%C4%90T-BMau%2021_%202.pdf,https://tqa.iuh.edu.vn/ba-cong-khai/ba-cong-khai-nam-hoc-2014-2015/,– Công khai cam kết chất lượng đào tạo thực tế,tqa.iuh.edu.vn,Phòng Khảo thí và Đảm bảo chất lượng,HCM
http://old.iuh.edu.vn/Resource/Upload/file/2014/TB%20Cong%20khai%20CSVC%20-%20Bieu%20M%2022.pdf,https://tqa.iuh.edu.vn/ba-cong-khai/ba-cong-khai-nam-hoc-2014-2015/,Công khai cơ sở vật chất,tqa.iuh.edu.vn,Phòng Khảo thí và Đảm bảo chất lượng,HCM
http://old.iuh.edu.vn/Resource/Upload/file/2014/Thongbao/Bieu%20tong%20hop%20TT%20cong%20khai%20cua%20SG%C4%90T_%201.pdf,https://tqa.iuh.edu.vn/ba-cong-khai/ba-cong-khai-nam-hoc-2014-2015/,– Một số thông tin công khai của cơ sở giáo dục đại học năm học 2014-2015,tqa.iuh.edu.vn,Phòng Khảo thí và Đảm bảo chất lượng,HCM
http://old.iuh.edu.vn/Resource/Upload/file/2014/n%20%20Nhi%E1%BB%87t.pdf,https://tqa.iuh.edu.vn/ba-cong-khai/ba-cong-khai-nam-hoc-2014-2015/,Công nghệ kỹ thuật nhiệt,tqa.iuh.edu.vn,Phòng Khảo thí và Đảm bảo chất lượng,HCM
http://old.iuh.edu.vn/Resource/Upload/file/2014/n%20C%C3%B4ng%20ngh%E1%BB%87%20Sinh%20h%E1%BB%8Dc.pdf,https://tqa.iuh.edu.vn/ba-cong-khai/ba-cong-khai-nam-hoc-2014-2015/,Ngành Công nghệ sinh học,tqa.iuh.edu.vn,Phòng Khảo thí và Đảm bảo chất lượng,HCM
http://old.iuh.edu.vn/Resource/Upload/file/2014/n%20C%C3%B4ng%20ngh%E1%BB%87%20Th%E1%BB%B1c%20ph%E1%BA%A9m.pdf,https://tqa.iuh.edu.vn/ba-cong-khai/ba-cong-khai-nam-hoc-2014-2015/,Ngành Công nghệ thực phẩm,tqa.iuh.edu.vn,Phòng Khảo thí và Đảm bảo chất lượng,HCM
http://old.iuh.edu.vn/Resource/Upload/file/2014/n%20K%E1%BA%BF%20to%C3%A1n.pdf,https://tqa.iuh.edu.vn/ba-cong-khai/ba-cong-khai-nam-hoc-2014-2015/,Ngành Kế toán,tqa.iuh.edu.vn,Phòng Khảo thí và Đảm bảo chất lượng,HCM
http://old.iuh.edu.vn/Resource/Upload/file/2014/n%20Ng%C3%B4n%20ng%C6%B0%20Anh.pdf,https://tqa.iuh.edu.vn/ba-cong-khai/ba-cong-khai-nam-hoc-2014-2015/,Ngành Ngôn ngữ Anh,tqa.iuh.edu.vn,Phòng Khảo thí và Đảm bảo chất lượng,HCM
http://old.iuh.edu.vn/Resource/Upload/file/2014/n%20Qu%E1%BA%A3n%20tr%E1%BB%8B%20Kinh%20doanh%20R.pdf,https://tqa.iuh.edu.vn/ba-cong-khai/ba-cong-khai-nam-hoc-2014-2015/,Quản trị kinh doanh,tqa.iuh.edu.vn,Phòng Khảo thí và Đảm bảo chất lượng,HCM
http://old.iuh.edu.vn/Resource/Upload/file/2014/n%20T%C3%A0i%20Chinh%20-%20Ng%C3%A2n%20h%C3%A0ng.pdf,https://tqa.iuh.edu.vn/ba-cong-khai/ba-cong-khai-nam-hoc-2014-2015/,Ngành Tài chính – Ngân hàng,tqa.iuh.edu.vn,Phòng Khảo thí và Đảm bảo chất lượng,HCM
http://old.iuh.edu.vn/Resource/Upload/file/2014/n%20Th%C6%B0%C6%A1ng%20m%E1%BA%A1i%20%C4%90i%E1%BB%87n%20t%E1%BB%AD%20R.pdf,https://tqa.iuh.edu.vn/ba-cong-khai/ba-cong-khai-nam-hoc-2014-2015/,Thương mại điện tử,tqa.iuh.edu.vn,Phòng Khảo thí và Đảm bảo chất lượng,HCM
http://old.iuh.edu.vn/Resource/Upload/file/2014/n%20co%20khi.pdf,https://tqa.iuh.edu.vn/ba-cong-khai/ba-cong-khai-nam-hoc-2014-2015/,Ngành Công nghệ kỹ thuật cơ khí,tqa.iuh.edu.vn,Phòng Khảo thí và Đảm bảo chất lượng,HCM
http://old.iuh.edu.vn/Resource/Upload/file/2014/n%20dien%20dien%20tu.pdf,https://tqa.iuh.edu.vn/ba-cong-khai/ba-cong-khai-nam-hoc-2014-2015/,"Ngành Công nghệ kỹ thuật điện, điện tử",tqa.iuh.edu.vn,Phòng Khảo thí và Đảm bảo chất lượng,HCM
http://old.iuh.edu.vn/Resource/Upload/file/2014/n%20dien%20tu%20vien%20thong.pdf,https://tqa.iuh.edu.vn/ba-cong-khai/ba-cong-khai-nam-hoc-2014-2015/,"Ngành Công nghệ kỹ thuật điện tử, truyền thông",tqa.iuh.edu.vn,Phòng Khảo thí và Đảm bảo chất lượng,HCM
http://old.iuh.edu.vn/Resource/Upload/file/2014/n%20hoa%20hoc.pdf,https://tqa.iuh.edu.vn/ba-cong-khai/ba-cong-khai-nam-hoc-2014-2015/,Ngành Công nghệ kỹ thuật hóa học,tqa.iuh.edu.vn,Phòng Khảo thí và Đảm bảo chất lượng,HCM
http://old.iuh.edu.vn/Resource/Upload/file/2014/n%20o%20to.pdf,https://tqa.iuh.edu.vn/ba-cong-khai/ba-cong-khai-nam-hoc-2014-2015/,Ngành Công nghệ kỹ thuật ô tô,tqa.iuh.edu.vn,Phòng Khảo thí và Đảm bảo chất lượng,HCM
https://iuh.edu.vn/Resource/Upload/file/2012/3CK/Phu%20luc%20kem%20theo%20bieu%20mau%2022.pdf,https://tqa.iuh.edu.vn/news-events/iuh-ensures-energy-efficiency-in-all-new-and-renovated-buildings/,List of laboratory equipment specialized in IUH laboratories and practice laboratories – equipment meeting energy saving standards.,tqa.iuh.edu.vn,Phòng Khảo thí và Đảm bảo chất lượng,HCM
https://iuh.edu.vn/Resource/Upload2/files/2023/ba-cong-khai/BieuMau_17.pdf,https://tqa.iuh.edu.vn/ba-cong-khai/ba-cong-khai-nam-hoc-2021-2022/,Xem chi tiết,tqa.iuh.edu.vn,Phòng Khảo thí và Đảm bảo chất lượng,HCM
https://iuh.edu.vn/Resource/Upload2/files/2023/ba-cong-khai/BieuMau_18AB.pdf,https://tqa.iuh.edu.vn/ba-cong-khai/ba-cong-khai-nam-hoc-2021-2022/,Xem chi tiết,tqa.iuh.edu.vn,Phòng Khảo thí và Đảm bảo chất lượng,HCM
https://iuh.edu.vn/Resource/Upload2/files/2023/ba-cong-khai/BieuMau_18C_CNTT.pdf,https://tqa.iuh.edu.vn/ba-cong-khai/ba-cong-khai-nam-hoc-2021-2022/,Khoa Công nghệ thông tin,tqa.iuh.edu.vn,Phòng Khảo thí và Đảm bảo chất lượng,HCM
https://iuh.edu.vn/Resource/Upload2/files/2023/ba-cong-khai/BieuMau_18C_KhoaCoKhi.pdf,https://tqa.iuh.edu.vn/ba-cong-khai/ba-cong-khai-nam-hoc-2021-2022/,Khoa Công nghệ cơ khí,tqa.iuh.edu.vn,Phòng Khảo thí và Đảm bảo chất lượng,HCM
https://iuh.edu.vn/Resource/Upload2/files/2023/ba-cong-khai/BieuMau_18C_KhoaDien.pdf,https://tqa.iuh.edu.vn/ba-cong-khai/ba-cong-khai-nam-hoc-2021-2022/,Khoa Công nghệ điện,tqa.iuh.edu.vn,Phòng Khảo thí và Đảm bảo chất lượng,HCM
https://iuh.edu.vn/Resource/Upload2/files/2023/ba-cong-khai/BieuMau_18C_KhoaDienTu.pdf,https://tqa.iuh.edu.vn/ba-cong-khai/ba-cong-khai-nam-hoc-2021-2022/,Khoa Công nghệ điện tử,tqa.iuh.edu.vn,Phòng Khảo thí và Đảm bảo chất lượng,HCM
https://iuh.edu.vn/Resource/Upload2/files/2023/ba-cong-khai/BieuMau_18C_KhoaDongLuc.pdf,https://tqa.iuh.edu.vn/ba-cong-khai/ba-cong-khai-nam-hoc-2021-2022/,Khoa Công nghệ động lực,tqa.iuh.edu.vn,Phòng Khảo thí và Đảm bảo chất lượng,HCM
https://iuh.edu.vn/Resource/Upload2/files/2023/ba-cong-khai/BieuMau_18C_KhoaHoa.pdf,https://tqa.iuh.edu.vn/ba-cong-khai/ba-cong-khai-nam-hoc-2021-2022/,Khoa Công nghệ hóa học,tqa.iuh.edu.vn,Phòng Khảo thí và Đảm bảo chất lượng,HCM
https://iuh.edu.vn/Resource/Upload2/files/2023/ba-cong-khai/BieuMau_18C_KhoaKTKT.pdf,https://tqa.iuh.edu.vn/ba-cong-khai/ba-cong-khai-nam-hoc-2021-2022/,Khoa Kế toán kiểm toán,tqa.iuh.edu.vn,Phòng Khảo thí và Đảm bảo chất lượng,HCM
https://iuh.edu.vn/Resource/Upload2/files/2023/ba-cong-khai/BieuMau_18C_KhoaLuat.pdf,https://tqa.iuh.edu.vn/ba-cong-khai/ba-cong-khai-nam-hoc-2021-2022/,Khoa Luật,tqa.iuh.edu.vn,Phòng Khảo thí và Đảm bảo chất lượng,HCM
https://iuh.edu.vn/Resource/Upload2/files/2023/ba-cong-khai/BieuMau_18C_KhoaMayThoiTrang.pdf,https://tqa.iuh.edu.vn/ba-cong-khai/ba-cong-khai-nam-hoc-2021-2022/,Khoa Công nghệ may – Thời trang,tqa.iuh.edu.vn,Phòng Khảo thí và Đảm bảo chất lượng,HCM
https://iuh.edu.vn/Resource/Upload2/files/2023/ba-cong-khai/BieuMau_18C_KhoaNgoaiNgu.pdf,https://tqa.iuh.edu.vn/ba-cong-khai/ba-cong-khai-nam-hoc-2021-2022/,Khoa Ngoại Ngữ,tqa.iuh.edu.vn,Phòng Khảo thí và Đảm bảo chất lượng,HCM
https://iuh.edu.vn/Resource/Upload2/files/2023/ba-cong-khai/BieuMau_18C_KhoaNhietLanh.pdf,https://tqa.iuh.edu.vn/ba-cong-khai/ba-cong-khai-nam-hoc-2021-2022/,Khoa Công nghệ nhiệt lạnh,tqa.iuh.edu.vn,Phòng Khảo thí và Đảm bảo chất lượng,HCM
https://iuh.edu.vn/Resource/Upload2/files/2023/ba-cong-khai/BieuMau_18C_KhoaQTKD.pdf,https://tqa.iuh.edu.vn/ba-cong-khai/ba-cong-khai-nam-hoc-2021-2022/,Khoa Quản trị kinh doanh,tqa.iuh.edu.vn,Phòng Khảo thí và Đảm bảo chất lượng,HCM
https://iuh.edu.vn/Resource/Upload2/files/2023/ba-cong-khai/BieuMau_18C_KhoaTCNH.pdf,https://tqa.iuh.edu.vn/ba-cong-khai/ba-cong-khai-nam-hoc-2021-2022/,Khoa Tài chính ngân hàng,tqa.iuh.edu.vn,Phòng Khảo thí và Đảm bảo chất lượng,HCM
https://iuh.edu.vn/Resource/Upload2/files/2023/ba-cong-khai/BieuMau_18C_KhoaTMDL.pdf,https://tqa.iuh.edu.vn/ba-cong-khai/ba-cong-khai-nam-hoc-2021-2022/,Khoa Thương mại du lịch,tqa.iuh.edu.vn,Phòng Khảo thí và Đảm bảo chất lượng,HCM
https://iuh.edu.vn/Resource/Upload2/files/2023/ba-cong-khai/BieuMau_18C_KhoaXayDung.pdf,https://tqa.iuh.edu.vn/ba-cong-khai/ba-cong-khai-nam-hoc-2021-2022/,Khoa Xây dựng,tqa.iuh.edu.vn,Phòng Khảo thí và Đảm bảo chất lượng,HCM
https://iuh.edu.vn/Resource/Upload2/files/2023/ba-cong-khai/BieuMau_18C_VienMoiTruong.pdf,https://tqa.iuh.edu.vn/ba-cong-khai/ba-cong-khai-nam-hoc-2021-2022/,Viện Khoa học công nghệ và quản lý môi trường,tqa.iuh.edu.vn,Phòng Khảo thí và Đảm bảo chất lượng,HCM
https://iuh.edu.vn/Resource/Upload2/files/2023/ba-cong-khai/BieuMau_18C_VienSHTP.pdf,https://tqa.iuh.edu.vn/ba-cong-khai/ba-cong-khai-nam-hoc-2021-2022/,Viện Công nghệ sinh học và thực phẩm,tqa.iuh.edu.vn,Phòng Khảo thí và Đảm bảo chất lượng,HCM
https://iuh.edu.vn/Resource/Upload2/files/2023/ba-cong-khai/BieuMau_18D.pdf,https://tqa.iuh.edu.vn/ba-cong-khai/ba-cong-khai-nam-hoc-2021-2022/,Xem chi tiết,tqa.iuh.edu.vn,Phòng Khảo thí và Đảm bảo chất lượng,HCM
https://iuh.edu.vn/Resource/Upload2/files/2023/ba-cong-khai/BieuMau_18E.pdf,https://tqa.iuh.edu.vn/ba-cong-khai/ba-cong-khai-nam-hoc-2021-2022/,Xem chi tiết,tqa.iuh.edu.vn,Phòng Khảo thí và Đảm bảo chất lượng,HCM
https://iuh.edu.vn/Resource/Upload2/files/2023/ba-cong-khai/BieuMau_18GH.pdf,https://tqa.iuh.edu.vn/ba-cong-khai/ba-cong-khai-nam-hoc-2021-2022/,Xem chi tiết,tqa.iuh.edu.vn,Phòng Khảo thí và Đảm bảo chất lượng,HCM
https://iuh.edu.vn/Resource/Upload2/files/2023/ba-cong-khai/BieuMau_19.pdf,https://tqa.iuh.edu.vn/ba-cong-khai/ba-cong-khai-nam-hoc-2021-2022/,Xem chi tiết,tqa.iuh.edu.vn,Phòng Khảo thí và Đảm bảo chất lượng,HCM
https://iuh.edu.vn/Resource/Upload2/files/2023/ba-cong-khai/BieuMau_20.pdf,https://tqa.iuh.edu.vn/ba-cong-khai/ba-cong-khai-nam-hoc-2021-2022/,Xem chi tiết,tqa.iuh.edu.vn,Phòng Khảo thí và Đảm bảo chất lượng,HCM
https://iuh.edu.vn/Resource/Upload2/files/2023/ba-cong-khai/CongKhaiTaiChinh_Bieu21.pdf,https://tqa.iuh.edu.vn/ba-cong-khai/ba-cong-khai-nam-hoc-2021-2022/,Xem chi tiết,tqa.iuh.edu.vn,Phòng Khảo thí và Đảm bảo chất lượng,HCM
https://iuh.edu.vn/Resource/Upload2/files/2023/ba-cong-khai/QD1567_DHCN.pdf,https://tqa.iuh.edu.vn/ba-cong-khai/ba-cong-khai-nam-hoc-2021-2022/,Xem chi tiết,tqa.iuh.edu.vn,Phòng Khảo thí và Đảm bảo chất lượng,HCM
https://iuh.edu.vn/Resource/Upload2/files/ba-cong-khai/2022-2023/Bieu_17.pdf,https://tqa.iuh.edu.vn/ba-cong-khai/ba-cong-khai-nam-hoc-2022-2023/,Xem chi tiết,tqa.iuh.edu.vn,Phòng Khảo thí và Đảm bảo chất lượng,HCM
https://iuh.edu.vn/Resource/Upload2/files/ba-cong-khai/2022-2023/Bieu_18AB.pdf,https://tqa.iuh.edu.vn/ba-cong-khai/ba-cong-khai-nam-hoc-2022-2023/,Xem chi tiết,tqa.iuh.edu.vn,Phòng Khảo thí và Đảm bảo chất lượng,HCM
https://iuh.edu.vn/Resource/Upload2/files/ba-cong-khai/2022-2023/Bieu_18C_KhoaCoKhi.pdf,https://tqa.iuh.edu.vn/ba-cong-khai/ba-cong-khai-nam-hoc-2022-2023/,Khoa Công nghệ Cơ khí,tqa.iuh.edu.vn,Phòng Khảo thí và Đảm bảo chất lượng,HCM
https://iuh.edu.vn/Resource/Upload2/files/ba-cong-khai/2022-2023/Bieu_18C_KhoaCongNgheThongTin.pdf,https://tqa.iuh.edu.vn/ba-cong-khai/ba-cong-khai-nam-hoc-2022-2023/,Khoa Công nghệ thông tin,tqa.iuh.edu.vn,Phòng Khảo thí và Đảm bảo chất lượng,HCM
https://iuh.edu.vn/Resource/Upload2/files/ba-cong-khai/2022-2023/Bieu_18C_KhoaDien.pdf,https://tqa.iuh.edu.vn/ba-cong-khai/ba-cong-khai-nam-hoc-2022-2023/,Khoa Công nghệ điện,tqa.iuh.edu.vn,Phòng Khảo thí và Đảm bảo chất lượng,HCM
https://iuh.edu.vn/Resource/Upload2/files/ba-cong-khai/2022-2023/Bieu_18C_KhoaDienTu.pdf,https://tqa.iuh.edu.vn/ba-cong-khai/ba-cong-khai-nam-hoc-2022-2023/,Khoa Công nghệ điện tử,tqa.iuh.edu.vn,Phòng Khảo thí và Đảm bảo chất lượng,HCM
https://iuh.edu.vn/Resource/Upload2/files/ba-cong-khai/2022-2023/Bieu_18C_KhoaDongLuc.pdf,https://tqa.iuh.edu.vn/ba-cong-khai/ba-cong-khai-nam-hoc-2022-2023/,Khoa Công nghệ động lực,tqa.iuh.edu.vn,Phòng Khảo thí và Đảm bảo chất lượng,HCM
https://iuh.edu.vn/Resource/Upload2/files/ba-cong-khai/2022-2023/Bieu_18C_KhoaHoaHoc.pdf,https://tqa.iuh.edu.vn/ba-cong-khai/ba-cong-khai-nam-hoc-2022-2023/,Khoa Công nghệ Hóa học,tqa.iuh.edu.vn,Phòng Khảo thí và Đảm bảo chất lượng,HCM
https://iuh.edu.vn/Resource/Upload2/files/ba-cong-khai/2022-2023/Bieu_18C_KhoaKeToanKiemToan.pdf,https://tqa.iuh.edu.vn/ba-cong-khai/ba-cong-khai-nam-hoc-2022-2023/,Khoa Kế toán kiểm toán,tqa.iuh.edu.vn,Phòng Khảo thí và Đảm bảo chất lượng,HCM
https://iuh.edu.vn/Resource/Upload2/files/ba-cong-khai/2022-2023/Bieu_18C_KhoaLuat.pdf,https://tqa.iuh.edu.vn/ba-cong-khai/ba-cong-khai-nam-hoc-2022-2023/,Khoa Luật,tqa.iuh.edu.vn,Phòng Khảo thí và Đảm bảo chất lượng,HCM
https://iuh.edu.vn/Resource/Upload2/files/ba-cong-khai/2022-2023/Bieu_18C_KhoaMayThoiTrang.pdf,https://tqa.iuh.edu.vn/ba-cong-khai/ba-cong-khai-nam-hoc-2022-2023/,Khoa Công nghệ may – Thời trang,tqa.iuh.edu.vn,Phòng Khảo thí và Đảm bảo chất lượng,HCM
https://iuh.edu.vn/Resource/Upload2/files/ba-cong-khai/2022-2023/Bieu_18C_KhoaNgoaiNgu.pdf,https://tqa.iuh.edu.vn/ba-cong-khai/ba-cong-khai-nam-hoc-2022-2023/,Khoa Ngoại Ngữ,tqa.iuh.edu.vn,Phòng Khảo thí và Đảm bảo chất lượng,HCM
https://iuh.edu.vn/Resource/Upload2/files/ba-cong-khai/2022-2023/Bieu_18C_KhoaNhietLanh.pdf,https://tqa.iuh.edu.vn/ba-cong-khai/ba-cong-khai-nam-hoc-2022-2023/,Khoa Công nghệ Nhiệt lạnh,tqa.iuh.edu.vn,Phòng Khảo thí và Đảm bảo chất lượng,HCM
https://iuh.edu.vn/Resource/Upload2/files/ba-cong-khai/2022-2023/Bieu_18C_KhoaQuanTriKinhDoanh.pdf,https://tqa.iuh.edu.vn/ba-cong-khai/ba-cong-khai-nam-hoc-2022-2023/,Khoa Quản trị kinh doanh,tqa.iuh.edu.vn,Phòng Khảo thí và Đảm bảo chất lượng,HCM
https://iuh.edu.vn/Resource/Upload2/files/ba-cong-khai/2022-2023/Bieu_18C_KhoaTaiChinhNganHang.pdf,https://tqa.iuh.edu.vn/ba-cong-khai/ba-cong-khai-nam-hoc-2022-2023/,Khoa Tài chính ngân hàng,tqa.iuh.edu.vn,Phòng Khảo thí và Đảm bảo chất lượng,HCM
https://iuh.edu.vn/Resource/Upload2/files/ba-cong-khai/2022-2023/Bieu_18C_KhoaThuongMaiDuLich.pdf,https://tqa.iuh.edu.vn/ba-cong-khai/ba-cong-khai-nam-hoc-2022-2023/,Khoa Thương mại du lịch,tqa.iuh.edu.vn,Phòng Khảo thí và Đảm bảo chất lượng,HCM
https://iuh.edu.vn/Resource/Upload2/files/ba-cong-khai/2022-2023/Bieu_18C_KhoaXayDung.pdf,https://tqa.iuh.edu.vn/ba-cong-khai/ba-cong-khai-nam-hoc-2022-2023/,Khoa Xây dựng,tqa.iuh.edu.vn,Phòng Khảo thí và Đảm bảo chất lượng,HCM
https://iuh.edu.vn/Resource/Upload2/files/ba-cong-khai/2022-2023/Bieu_18C_VienQuanLyTaiNguyenMoiTruong.pdf,https://tqa.iuh.edu.vn/ba-cong-khai/ba-cong-khai-nam-hoc-2022-2023/,Viện Khoa học công nghệ và quản lý môi trường,tqa.iuh.edu.vn,Phòng Khảo thí và Đảm bảo chất lượng,HCM
https://iuh.edu.vn/Resource/Upload2/files/ba-cong-khai/2022-2023/Bieu_18C_VienSinhHocThucPham.pdf,https://tqa.iuh.edu.vn/ba-cong-khai/ba-cong-khai-nam-hoc-2022-2023/,Viện Công nghệ sinh học và thực phẩm,tqa.iuh.edu.vn,Phòng Khảo thí và Đảm bảo chất lượng,HCM
https://iuh.edu.vn/Resource/Upload2/files/ba-cong-khai/2022-2023/Bieu_18D.pdf,https://tqa.iuh.edu.vn/ba-cong-khai/ba-cong-khai-nam-hoc-2022-2023/,Xem chi tiết,tqa.iuh.edu.vn,Phòng Khảo thí và Đảm bảo chất lượng,HCM
https://iuh.edu.vn/Resource/Upload2/files/ba-cong-khai/2022-2023/Bieu_18E.pdf,https://tqa.iuh.edu.vn/ba-cong-khai/ba-cong-khai-nam-hoc-2022-2023/,Xem chi tiết,tqa.iuh.edu.vn,Phòng Khảo thí và Đảm bảo chất lượng,HCM
https://iuh.edu.vn/Resource/Upload2/files/ba-cong-khai/2022-2023/Bieu_18GHI.pdf,https://tqa.iuh.edu.vn/ba-cong-khai/ba-cong-khai-nam-hoc-2022-2023/,Xem chi tiết,tqa.iuh.edu.vn,Phòng Khảo thí và Đảm bảo chất lượng,HCM
https://iuh.edu.vn/Resource/Upload2/files/ba-cong-khai/2022-2023/Bieu_18K.pdf,https://tqa.iuh.edu.vn/ba-cong-khai/ba-cong-khai-nam-hoc-2022-2023/,Xem chi tiết,tqa.iuh.edu.vn,Phòng Khảo thí và Đảm bảo chất lượng,HCM
https://iuh.edu.vn/Resource/Upload2/files/ba-cong-khai/2022-2023/Bieu_19ABCD.pdf,https://tqa.iuh.edu.vn/ba-cong-khai/ba-cong-khai-nam-hoc-2022-2023/,Xem chi tiết,tqa.iuh.edu.vn,Phòng Khảo thí và Đảm bảo chất lượng,HCM
https://iuh.edu.vn/Resource/Upload2/files/ba-cong-khai/2022-2023/Bieu_20.pdf,https://tqa.iuh.edu.vn/ba-cong-khai/ba-cong-khai-nam-hoc-2022-2023/,Xem chi tiết,tqa.iuh.edu.vn,Phòng Khảo thí và Đảm bảo chất lượng,HCM
https://iuh.edu.vn/Resource/Upload2/files/ba-cong-khai/2022-2023/Bieu_21.pdf,https://tqa.iuh.edu.vn/ba-cong-khai/ba-cong-khai-nam-hoc-2022-2023/,Xem chi tiết,tqa.iuh.edu.vn,Phòng Khảo thí và Đảm bảo chất lượng,HCM
https://iuh.edu.vn/Resource/Upload2/files/ba-cong-khai/2022-2023/QD_1313_DHCN_DT.pdf,https://tqa.iuh.edu.vn/ba-cong-khai/ba-cong-khai-nam-hoc-2022-2023/,Xem chi tiết,tqa.iuh.edu.vn,Phòng Khảo thí và Đảm bảo chất lượng,HCM
https://qn.iuh.edu.vn/uploads/2023/08/HD-02-2023.pdf,https://tqa.iuh.edu.vn/sdgs-article-2/equality-diversity-and-inclusion-edi-at-industrial-university-of-ho-chi-minh-city-iuh/,https://qn.iuh.edu.vn/uploads/2023/08/HD-02-2023.pdf,tqa.iuh.edu.vn,Phòng Khảo thí và Đảm bảo chất lượng,HCM
https://tqa.iuh.edu.vn/wp-content/uploads/2017/02/QUI-DINH-THI_894.2016.pdf,https://tqa.iuh.edu.vn/thong-bao/quy-dinh-quan-ly-cong-tac-thi-va-danh-gia-ket-qua-hoc-tap/,Tải về và Xem,tqa.iuh.edu.vn,Phòng Khảo thí và Đảm bảo chất lượng,HCM
https://tqa.iuh.edu.vn/wp-content/uploads/2017/04/24-04-2017_14.44.37tai_lieu_tieng_anh__v3.0_guide_to_aun-qa_assessment_at_programme_level_en.pdf,https://tqa.iuh.edu.vn/danh-gia-chuong-trinh-dao-tao-theo-aun-qa/,Guide to AUN-QA Assessment at programme level version 3,tqa.iuh.edu.vn,Phòng Khảo thí và Đảm bảo chất lượng,HCM
https://tqa.iuh.edu.vn/wp-content/uploads/2017/04/QUYET-DINH-AUN-2154.pdf,https://tqa.iuh.edu.vn/danh-gia-chuong-trinh-dao-tao-theo-aun-qa/,Quyết định số 2154 Về việc điều chỉnh và bổ sung các đơn vị xây dựng chương trình đào tạo theo tiêu chuẩn AUN-QA,tqa.iuh.edu.vn,Phòng Khảo thí và Đảm bảo chất lượng,HCM
https://tqa.iuh.edu.vn/wp-content/uploads/2017/04/QUYET-DINH-BAN-CHI-DAO.pdf,https://tqa.iuh.edu.vn/danh-gia-chuong-trinh-dao-tao-theo-aun-qa/,"Quyết định số 489 thành lập Ban chỉ đạo, Ban thư ký kiểm định chương trình đào tạo theo tiêu chuẩn AUN-QA năm 2018",tqa.iuh.edu.vn,Phòng Khảo thí và Đảm bảo chất lượng,HCM
https://tqa.iuh.edu.vn/wp-content/uploads/2017/04/TL-HƯỚNG-DẪN-ĐÁNH-GIÁ-CHẤT-LƯỢNG-CẤP-CHƯƠNG-TRÌNH-THEO-TIÊU-CHUẨN-AUN-QA-PHIÊN-BẢN-3.0.pdf,https://tqa.iuh.edu.vn/danh-gia-chuong-trinh-dao-tao-theo-aun-qa/,Tài liệu hướng dẫn ĐÁNH GIÁ CHẤT LƯỢNG CHƯƠNG TRÌNH theo tiêu chuẩn AUN-QA phiên bản 3.0,tqa.iuh.edu.vn,Phòng Khảo thí và Đảm bảo chất lượng,HCM
https://tqa.iuh.edu.vn/wp-content/uploads/2017/04/Viet-SARViết-báo-cáo-tự-đánh-giá.pdf,https://tqa.iuh.edu.vn/danh-gia-chuong-trinh-dao-tao-theo-aun-qa/,Kỹ năng viết báo cáo tự đánh giá chương trình đào tạo theo tiêu chuẩn AUN-QA (SAR) TS.Nguyễn Kim Dung,tqa.iuh.edu.vn,Phòng Khảo thí và Đảm bảo chất lượng,HCM
https://tqa.iuh.edu.vn/wp-content/uploads/2017/05/BO-GDDT-QD-06_Bo-tieu-chuan-danh-gia-truong-DH_2014.pdf,https://tqa.iuh.edu.vn/bo-giao-duc-dao-tao/,BO-GDDT-QD-06_Bo-tieu-chuan-danh-gia-truong-DH_2014,tqa.iuh.edu.vn,Phòng Khảo thí và Đảm bảo chất lượng,HCM
https://tqa.iuh.edu.vn/wp-content/uploads/2017/05/Guide_to_AUN-QA_Assessment_at_Programme_Level_Version_3_2015.pdf,https://tqa.iuh.edu.vn/aun-qa-asian-university-network-qa/,AUN-QA phiên bản 3 (11 tiêu chuẩn),tqa.iuh.edu.vn,Phòng Khảo thí và Đảm bảo chất lượng,HCM
https://tqa.iuh.edu.vn/wp-content/uploads/2017/05/TCVN-ISO-9001_2008-.pdf,https://tqa.iuh.edu.vn/iso-90012008/,Tải về và Xem,tqa.iuh.edu.vn,Phòng Khảo thí và Đảm bảo chất lượng,HCM
https://tqa.iuh.edu.vn/wp-content/uploads/2017/05/TEIU-CHUAN-AUN-GuidetoAUNActualQualityAssessmentatProgrammeLevel.pdf,https://tqa.iuh.edu.vn/aun-qa-asian-university-network-qa/,AUN-QA phiên bản 2 (15 tiêu chuẩn),tqa.iuh.edu.vn,Phòng Khảo thí và Đảm bảo chất lượng,HCM
https://tqa.iuh.edu.vn/wp-content/uploads/2017/10/13-10-2017_10.21.2324-08-2017_14.55.32ke_hoach_khao_sat_2017_-2018_2.pdf,https://tqa.iuh.edu.vn/thong-bao/ke-hoach-khao-sat-cac-ben-lien-quan-nam-hoc-2017-2018/,Tải về và Xem,tqa.iuh.edu.vn,Phòng Khảo thí và Đảm bảo chất lượng,HCM
https://tqa.iuh.edu.vn/wp-content/uploads/2017/12/Stakeholder-Survey-Plan-for-the-Academic-Year-of-2017-2018.pdf,https://tqa.iuh.edu.vn/survey-plan/stakeholders-survey-plans-for-the-academic-year-of-2017-2018/,Tải về và Xem,tqa.iuh.edu.vn,Phòng Khảo thí và Đảm bảo chất lượng,HCM
https://tqa.iuh.edu.vn/wp-content/uploads/2018/03/16-03-2018_10.01.11epics-student-recruitment-flyer-en.pdf,https://tqa.iuh.edu.vn/announcement/the-engineering-projects-in-community-serivice-course/,Tải về và Xem,tqa.iuh.edu.vn,Phòng Khảo thí và Đảm bảo chất lượng,HCM
https://tqa.iuh.edu.vn/wp-content/uploads/2018/03/16-03-2018_10.02.07stemcon_2018_invitation.pdf,https://tqa.iuh.edu.vn/announcement/invatation-letter-steamcon-2018-industry-4-0-and-steam-people-will-the-be-key-to-success-and-competitiveness/,Tải về và Xem,tqa.iuh.edu.vn,Phòng Khảo thí và Đảm bảo chất lượng,HCM
https://tqa.iuh.edu.vn/wp-content/uploads/2018/03/Appendix_2_Revised_Blooms_Verbs_Explanation_T.phuc_.pdf,https://tqa.iuh.edu.vn/tai-lieu-dam-bao-chat-luong/,Tải về và Xem,tqa.iuh.edu.vn,Phòng Khảo thí và Đảm bảo chất lượng,HCM
https://tqa.iuh.edu.vn/wp-content/uploads/2018/03/Appendix_3_-_Types_of_Instructional_Methods.pdf,https://tqa.iuh.edu.vn/tai-lieu-kiem-dinh-chat-luong/,Tải về và Xem,tqa.iuh.edu.vn,Phòng Khảo thí và Đảm bảo chất lượng,HCM
https://tqa.iuh.edu.vn/wp-content/uploads/2018/03/Appendix_4_-_Types_of_Assessment_Method.pdf,https://tqa.iuh.edu.vn/appendix_4_types_of_assessment_method/,Tải về và Xem,tqa.iuh.edu.vn,Phòng Khảo thí và Đảm bảo chất lượng,HCM
https://tqa.iuh.edu.vn/wp-content/uploads/2018/03/SieQA-2017_International.pdf,https://tqa.iuh.edu.vn/announcement/seminar-on-internal-external-quality-assurance-sieqa-iv-2017/,SieQA 2017_International,tqa.iuh.edu.vn,Phòng Khảo thí và Đảm bảo chất lượng,HCM
https://tqa.iuh.edu.vn/wp-content/uploads/2018/04/Appendix_1a_-_Revised_bloom_taxonomy_why_and_changes.pdf,https://tqa.iuh.edu.vn/appendix_1a_revised_bloom_taxonomy_why_and_changes/,Tải về và Xem,tqa.iuh.edu.vn,Phòng Khảo thí và Đảm bảo chất lượng,HCM
https://tqa.iuh.edu.vn/wp-content/uploads/2018/04/Appendix_1b_Guide_to_writing_learning_outcomes.pdf,https://tqa.iuh.edu.vn/appendix_1b_guide_to_writing_learning_outcomes/,Tải về và Xem,tqa.iuh.edu.vn,Phòng Khảo thí và Đảm bảo chất lượng,HCM
https://tqa.iuh.edu.vn/wp-content/uploads/2018/04/Appendix_2a_Programme_specification_ba-economics_ul.pdf,https://tqa.iuh.edu.vn/appendix_2a_programme_specification_ba-economics_ul/,Tải về và Xem,tqa.iuh.edu.vn,Phòng Khảo thí và Đảm bảo chất lượng,HCM
https://tqa.iuh.edu.vn/wp-content/uploads/2018/04/Appendix_5b_Writing_assessment_criteria_standards.pdf,https://tqa.iuh.edu.vn/appendix_5b_writing_assessment_criteria_standards-2/,Tải về và Xem,tqa.iuh.edu.vn,Phòng Khảo thí và Đảm bảo chất lượng,HCM
https://tqa.iuh.edu.vn/wp-content/uploads/2018/04/Appendix_7_What_make_a_good_sar_version_3.pdf,https://tqa.iuh.edu.vn/appendix_7_what_make_a_good_sar_version_3/,Tải về và Xem,tqa.iuh.edu.vn,Phòng Khảo thí và Đảm bảo chất lượng,HCM
https://tqa.iuh.edu.vn/wp-content/uploads/2018/04/Quy-che-dao-tao-tin-chi.pdf,https://tqa.iuh.edu.vn/documents/academic-rules-in-iuh/,Tải về và Xem,tqa.iuh.edu.vn,Phòng Khảo thí và Đảm bảo chất lượng,HCM
https://tqa.iuh.edu.vn/wp-content/uploads/2018/04/QĐ_don_vi_abet-1.pdf,https://tqa.iuh.edu.vn/documents/quyet-dinh-cac-don-vi-xay-dung-chuong-trinh-dao-tao-theo-tieu-chuan-abet/,Tải về và Xem,tqa.iuh.edu.vn,Phòng Khảo thí và Đảm bảo chất lượng,HCM
https://tqa.iuh.edu.vn/wp-content/uploads/2018/04/QĐ_don_vi_aun-qa.pdf,https://tqa.iuh.edu.vn/documents/quyet-dinh-cac-don-vi-xay-dung-chuong-trinh-dao-tao-theo-tieu-chuan-aun-qa/,Tải về và Xem,tqa.iuh.edu.vn,Phòng Khảo thí và Đảm bảo chất lượng,HCM
https://tqa.iuh.edu.vn/wp-content/uploads/2018/04/Thuật-ngữ-thông-dụng-trong-ĐBCL_final.pdf,https://tqa.iuh.edu.vn/thuat-ngu-thong-dung-trong-dam-bao-chat-luong/,Tải về và Xem,tqa.iuh.edu.vn,Phòng Khảo thí và Đảm bảo chất lượng,HCM
https://tqa.iuh.edu.vn/wp-content/uploads/2019/05/Ke_hoach_khao_sat_nam_hoc_2018-2019.pdf,https://tqa.iuh.edu.vn/survey-plan/stakeholders-survey-plans-for-the-academic-year-of-2018-2019/,Tải về và Xem,tqa.iuh.edu.vn,Phòng Khảo thí và Đảm bảo chất lượng,HCM
https://tqa.iuh.edu.vn/wp-content/uploads/2019/09/Ke_hoach_khao_sat_nam_hoc_2019-2020.pdf,https://tqa.iuh.edu.vn/chua-duoc-phan-loai-en/stakeholders-survey-plans-for-the-academic-year-of-2019-2020/,Tải về và Xem,tqa.iuh.edu.vn,Phòng Khảo thí và Đảm bảo chất lượng,HCM
https://tqa.iuh.edu.vn/wp-content/uploads/2020/06/Thong-bao-huong-dan-thu-tuc-xac-nhan-y-kien-phan-hoi-cua-nguoi-hoc.pdf,https://tqa.iuh.edu.vn/bieu-mau/mau-xac-nhan-y-kien-phan-hoi-cua-nguoi-hoc-de-hoan-thien-ho-so-xet-cong-nhan-dat-tieu-chuan-va-bo-nhiem-chuc-danh-giao-su-pho-giao-su/,Tải về và Xem,tqa.iuh.edu.vn,Phòng Khảo thí và Đảm bảo chất lượng,HCM
https://tqa.iuh.edu.vn/wp-content/uploads/2021/05/01.-TT-04.pdf,https://tqa.iuh.edu.vn/tieu-chuan-kdcl/moet/,01. Thông tư 04/2016/QĐ-BGDĐT ngày 14 tháng 03 năm 2016 của Bộ trưởng Bộ Giáo dục và đào tạo ban hành Quy định về tiêu chuẩn đánh giá chất lượng chương trình đào tạo các trình độ của giáo dục đại học,tqa.iuh.edu.vn,Phòng Khảo thí và Đảm bảo chất lượng,HCM
https://tqa.iuh.edu.vn/wp-content/uploads/2021/05/02a.-CV-1669.pdf,https://tqa.iuh.edu.vn/tieu-chuan-kdcl/moet/,02a. Công văn số 1669/QLCL-KĐCLGD ngày 31 tháng 12 năm 2019 của Cục Quản lý chất lượng về việc thay thế Tài liệu đánh giá chất lượng chương trình đào tạo các trình độ của giáo dục đại học ban hành kèm,tqa.iuh.edu.vn,Phòng Khảo thí và Đảm bảo chất lượng,HCM
https://tqa.iuh.edu.vn/wp-content/uploads/2021/05/03.-CV-1074.pdf,https://tqa.iuh.edu.vn/tieu-chuan-kdcl/moet/,03. Công văn số 1074/KTKĐCLGD-KĐĐH ngày 28 tháng 6 năm 2016 của Cục Khảo thí và Kiểm định chất lượng giáo dục về việc hướng dẫn chung về sử dụng tiêu chuẩn đánh giá chất lượng chương trình đào tạo các,tqa.iuh.edu.vn,Phòng Khảo thí và Đảm bảo chất lượng,HCM
https://tqa.iuh.edu.vn/wp-content/uploads/2021/05/04.-CV-1075.pdf,https://tqa.iuh.edu.vn/tieu-chuan-kdcl/moet/,04. Công văn số 1075/KTKĐCLGD-KĐĐH ngày 28 tháng 6 năm 2016 của Cục Khảo thí và Kiểm định chất lượng giáo dục về việc hướng dẫn tự đánh giá chương trình đào tạo,tqa.iuh.edu.vn,Phòng Khảo thí và Đảm bảo chất lượng,HCM
https://tqa.iuh.edu.vn/wp-content/uploads/2021/05/05.-CV-1076.pdf,https://tqa.iuh.edu.vn/tieu-chuan-kdcl/moet/,05. Công văn số 1076/KTKĐCLGD-KĐĐH ngày 28 tháng 6 năm 2016 của Cục Khảo thí và Kiểm định chất lượng giáo dục về việc hướng dẫn đánh giá ngoài chương trình đào tạo,tqa.iuh.edu.vn,Phòng Khảo thí và Đảm bảo chất lượng,HCM
https://tqa.iuh.edu.vn/wp-content/uploads/2021/05/06a.-CV-2085.pdf,https://tqa.iuh.edu.vn/tieu-chuan-kdcl/moet/,06a. Công văn số 2085/QLCL-KĐCLGD ngày 31 tháng 12 năm 2020 của Cục Quản lý chất lượng về việc hướng dẫn tự đánh giá và đánh giá ngoài chương trình đào tạo,tqa.iuh.edu.vn,Phòng Khảo thí và Đảm bảo chất lượng,HCM
https://tqa.iuh.edu.vn/wp-content/uploads/2021/05/06b_-PHU-LUC-CV-2085.pdf,https://tqa.iuh.edu.vn/tieu-chuan-kdcl/moet/,06b_Phụ lục công văn 2085/QLCL ngày 31 tháng 12 năm 2020 của Cục Quản lý chất lượng về việc hướng dẫn tự đánh giá và đánh giá ngoài chương trình đào tạo,tqa.iuh.edu.vn,Phòng Khảo thí và Đảm bảo chất lượng,HCM
https://tqa.iuh.edu.vn/wp-content/uploads/2021/05/07.-TT38.pdf,https://tqa.iuh.edu.vn/tieu-chuan-kdcl/moet/,07. Thông tư số 38/2013/TT-BGDĐT ngày 29 tháng 11 năm 2013 của Bộ Giáo dục và Đào tạo về ban hành Quy định về quy trình và chu kỳ kiểm định chất lượng,tqa.iuh.edu.vn,Phòng Khảo thí và Đảm bảo chất lượng,HCM
https://tqa.iuh.edu.vn/wp-content/uploads/2021/05/08.-LUAT-GD-2019.pdf,https://tqa.iuh.edu.vn/tieu-chuan-kdcl/moet/,08. Luật Giáo dục số 43/2019/QH14,tqa.iuh.edu.vn,Phòng Khảo thí và Đảm bảo chất lượng,HCM
https://tqa.iuh.edu.vn/wp-content/uploads/2021/05/09.-LUAT-GDĐH.pdf,https://tqa.iuh.edu.vn/tieu-chuan-kdcl/moet/,09. Luật Giáo dục Đại học số 08/2012/QH13,tqa.iuh.edu.vn,Phòng Khảo thí và Đảm bảo chất lượng,HCM
https://tqa.iuh.edu.vn/wp-content/uploads/2021/05/10.-LUAT-SUA-DOI-BO-SUNG-LUAT-GDĐH.pdf,https://tqa.iuh.edu.vn/tieu-chuan-kdcl/moet/,"10. Luật sửa đổi, bổ sung một số điều của Luật Giáo dục Đại học số 34/2018/QH14",tqa.iuh.edu.vn,Phòng Khảo thí và Đảm bảo chất lượng,HCM
https://tqa.iuh.edu.vn/wp-content/uploads/2021/05/11.-QĐ-1982.pdf,https://tqa.iuh.edu.vn/tieu-chuan-kdcl/moet/,11. Quyết định số 1982/QĐ-TTg ngày 18 tháng 10 năm 2016 của Thủ tướng Chính phủ về phê duyệt Khung trình độ quốc gia Việt Nam,tqa.iuh.edu.vn,Phòng Khảo thí và Đảm bảo chất lượng,HCM
https://tqa.iuh.edu.vn/wp-content/uploads/2021/05/bao_cao_tinh-hinh-phuc-khao-HK1-2016-2017.pdf,https://tqa.iuh.edu.vn/cong-tac-khao-thi/tong-hop-ket-qua-phuc-khao/,Xem kết quả tại đây,tqa.iuh.edu.vn,Phòng Khảo thí và Đảm bảo chất lượng,HCM
https://tqa.iuh.edu.vn/wp-content/uploads/2021/05/bao_cao_tinh-hinh-phuc-khao-HK1-2017-2018.pdf,https://tqa.iuh.edu.vn/cong-tac-khao-thi/tong-hop-ket-qua-phuc-khao/,Xem kết quả tại đây,tqa.iuh.edu.vn,Phòng Khảo thí và Đảm bảo chất lượng,HCM
https://tqa.iuh.edu.vn/wp-content/uploads/2021/05/bao_cao_tinh-hinh-phuc-khao-HK1-2018-2019.pdf,https://tqa.iuh.edu.vn/cong-tac-khao-thi/tong-hop-ket-qua-phuc-khao/,Xem kết quả tại đây,tqa.iuh.edu.vn,Phòng Khảo thí và Đảm bảo chất lượng,HCM
https://tqa.iuh.edu.vn/wp-content/uploads/2021/05/bao_cao_tinh-hinh-phuc-khao-HK1-2019-2020.pdf,https://tqa.iuh.edu.vn/cong-tac-khao-thi/tong-hop-ket-qua-phuc-khao/,Xem kết quả tại đây,tqa.iuh.edu.vn,Phòng Khảo thí và Đảm bảo chất lượng,HCM
https://tqa.iuh.edu.vn/wp-content/uploads/2021/05/bao_cao_tinh-hinh-phuc-khao-HK2-2016-2017.pdf,https://tqa.iuh.edu.vn/cong-tac-khao-thi/tong-hop-ket-qua-phuc-khao/,Xem kết quả tại đây,tqa.iuh.edu.vn,Phòng Khảo thí và Đảm bảo chất lượng,HCM
https://tqa.iuh.edu.vn/wp-content/uploads/2021/05/bao_cao_tinh-hinh-phuc-khao-HK2-2017-2018.pdf,https://tqa.iuh.edu.vn/cong-tac-khao-thi/tong-hop-ket-qua-phuc-khao/,Xem kết quả tại đây,tqa.iuh.edu.vn,Phòng Khảo thí và Đảm bảo chất lượng,HCM
https://tqa.iuh.edu.vn/wp-content/uploads/2021/05/bao_cao_tinh-hinh-phuc-khao-HK2-2018-2019.pdf,https://tqa.iuh.edu.vn/cong-tac-khao-thi/tong-hop-ket-qua-phuc-khao/,Xem kết quả tại đây,tqa.iuh.edu.vn,Phòng Khảo thí và Đảm bảo chất lượng,HCM
https://tqa.iuh.edu.vn/wp-content/uploads/2021/05/bao_cao_tinh-hinh-phuc-khao-HK2-2019-2020.pdf,https://tqa.iuh.edu.vn/cong-tac-khao-thi/tong-hop-ket-qua-phuc-khao/,Xem kết quả tại đây,tqa.iuh.edu.vn,Phòng Khảo thí và Đảm bảo chất lượng,HCM
https://tqa.iuh.edu.vn/wp-content/uploads/2021/05/bao_cao_tinh-hinh-phuc-khao-HK3-2016-2017.pdf,https://tqa.iuh.edu.vn/cong-tac-khao-thi/tong-hop-ket-qua-phuc-khao/,Xem kết quả tại đây,tqa.iuh.edu.vn,Phòng Khảo thí và Đảm bảo chất lượng,HCM
https://tqa.iuh.edu.vn/wp-content/uploads/2021/05/bao_cao_tinh-hinh-phuc-khao-HK3-2017-2018.pdf,https://tqa.iuh.edu.vn/cong-tac-khao-thi/tong-hop-ket-qua-phuc-khao/,Xem kết quả tại đây,tqa.iuh.edu.vn,Phòng Khảo thí và Đảm bảo chất lượng,HCM
https://tqa.iuh.edu.vn/wp-content/uploads/2021/05/bao_cao_tinh-hinh-phuc-khao-HK3-2018-2019.pdf,https://tqa.iuh.edu.vn/cong-tac-khao-thi/tong-hop-ket-qua-phuc-khao/,Xem kết quả tại đây,tqa.iuh.edu.vn,Phòng Khảo thí và Đảm bảo chất lượng,HCM
https://tqa.iuh.edu.vn/wp-content/uploads/2021/05/bao_cao_tinh-hinh-phuc-khao-HK3-2019-2020.pdf,https://tqa.iuh.edu.vn/cong-tac-khao-thi/tong-hop-ket-qua-phuc-khao/,Xem kết quả tại đây,tqa.iuh.edu.vn,Phòng Khảo thí và Đảm bảo chất lượng,HCM
https://tqa.iuh.edu.vn/wp-content/uploads/2021/05/ke-hoach-khao-sat-nam-2020-2021.pdf,https://tqa.iuh.edu.vn/survey-plan/stakeholders-survey-plans-for-the-academic-year-of-2020-2021/,Tải về và Xem,tqa.iuh.edu.vn,Phòng Khảo thí và Đảm bảo chất lượng,HCM
https://tqa.iuh.edu.vn/wp-content/uploads/2021/05/thong_ke_tinh_hinh_phuc_khao_HK-I_20-21.pdf,https://tqa.iuh.edu.vn/cong-tac-khao-thi/tong-hop-ket-qua-phuc-khao/,Xem kết quả tại đây,tqa.iuh.edu.vn,Phòng Khảo thí và Đảm bảo chất lượng,HCM
https://tqa.iuh.edu.vn/wp-content/uploads/2021/09/01-IUH-SAR-Chemical-Engineering-2018.pdf,https://tqa.iuh.edu.vn/ket-qua-va-bao-cao-sar/,SAR for CE,tqa.iuh.edu.vn,Phòng Khảo thí và Đảm bảo chất lượng,HCM
https://tqa.iuh.edu.vn/wp-content/uploads/2021/09/01-IUH-SAR-EEET-2018.pdf,https://tqa.iuh.edu.vn/ket-qua-va-bao-cao-sar/,SAR for EEET,tqa.iuh.edu.vn,Phòng Khảo thí và Đảm bảo chất lượng,HCM
https://tqa.iuh.edu.vn/wp-content/uploads/2021/09/Bachelor-in-English-Language.pdf,https://tqa.iuh.edu.vn/ket-qua-va-bao-cao-sar/,Bachelor in English Language,tqa.iuh.edu.vn,Phòng Khảo thí và Đảm bảo chất lượng,HCM
https://tqa.iuh.edu.vn/wp-content/uploads/2021/09/Bachelor-of-Accounting.pdf,https://tqa.iuh.edu.vn/ket-qua-va-bao-cao-sar/,Bachelor of Accounting,tqa.iuh.edu.vn,Phòng Khảo thí và Đảm bảo chất lượng,HCM
https://tqa.iuh.edu.vn/wp-content/uploads/2021/09/Bachelor-of-Business-Administration.pdf,https://tqa.iuh.edu.vn/ket-qua-va-bao-cao-sar/,Bachelor of Business Administration,tqa.iuh.edu.vn,Phòng Khảo thí và Đảm bảo chất lượng,HCM
https://tqa.iuh.edu.vn/wp-content/uploads/2021/09/Bachelor-of-Engineering-in-Automotive-Engineering-Technology.pdf,https://tqa.iuh.edu.vn/ket-qua-va-bao-cao-sar/,Bachelor of Engineering in Automotive Engineering Technology,tqa.iuh.edu.vn,Phòng Khảo thí và Đảm bảo chất lượng,HCM
https://tqa.iuh.edu.vn/wp-content/uploads/2021/09/Bachelor-of-Engineering-in-Chemical-Engineering.pdf,https://tqa.iuh.edu.vn/ket-qua-va-bao-cao-sar/,Bachelor of Engineering in Chemical Engineering,tqa.iuh.edu.vn,Phòng Khảo thí và Đảm bảo chất lượng,HCM
https://tqa.iuh.edu.vn/wp-content/uploads/2021/09/Bachelor-of-Engineering-in-Electrical-and-Electronics-Engineering-Technology.pdf,https://tqa.iuh.edu.vn/ket-qua-va-bao-cao-sar/,Bachelor of Engineering in Electrical and Electronics Engineering Technology,tqa.iuh.edu.vn,Phòng Khảo thí và Đảm bảo chất lượng,HCM
https://tqa.iuh.edu.vn/wp-content/uploads/2021/09/Bachelor-of-Engineering-in-Electronic-Engineering-Technology-Communications.pdf,https://tqa.iuh.edu.vn/ket-qua-va-bao-cao-sar/,Bachelor of Engineering in Electronic Engineering Technology – Communications,tqa.iuh.edu.vn,Phòng Khảo thí và Đảm bảo chất lượng,HCM
https://tqa.iuh.edu.vn/wp-content/uploads/2021/09/Bachelor-of-Engineering-in-Environmental-Engineering-Technology.pdf,https://tqa.iuh.edu.vn/ket-qua-va-bao-cao-sar/,Bachelor of Engineering in Environmental Engineering Technology,tqa.iuh.edu.vn,Phòng Khảo thí và Đảm bảo chất lượng,HCM
https://tqa.iuh.edu.vn/wp-content/uploads/2021/09/IUH-SAR-EET-Programme-2018.pdf,https://tqa.iuh.edu.vn/ket-qua-va-bao-cao-sar/,SAR for EET,tqa.iuh.edu.vn,Phòng Khảo thí và Đảm bảo chất lượng,HCM
https://tqa.iuh.edu.vn/wp-content/uploads/2021/09/IUH-SAR-EETC-2018.pdf,https://tqa.iuh.edu.vn/ket-qua-va-bao-cao-sar/,SAR for EETC,tqa.iuh.edu.vn,Phòng Khảo thí và Đảm bảo chất lượng,HCM
https://tqa.iuh.edu.vn/wp-content/uploads/2021/09/SAR-Automotive-Engineering-Technology.pdf,https://tqa.iuh.edu.vn/ket-qua-va-bao-cao-sar/,SAR for AET,tqa.iuh.edu.vn,Phòng Khảo thí và Đảm bảo chất lượng,HCM
https://tqa.iuh.edu.vn/wp-content/uploads/2021/09/SAR-for-BA.pdf,https://tqa.iuh.edu.vn/ket-qua-va-bao-cao-sar/,SAR for BA,tqa.iuh.edu.vn,Phòng Khảo thí và Đảm bảo chất lượng,HCM
https://tqa.iuh.edu.vn/wp-content/uploads/2021/09/SAR-for-BEL.pdf,https://tqa.iuh.edu.vn/ket-qua-va-bao-cao-sar/,SAR for BEL,tqa.iuh.edu.vn,Phòng Khảo thí và Đảm bảo chất lượng,HCM
https://tqa.iuh.edu.vn/wp-content/uploads/2021/09/SAR-for-BOA.pdf,https://tqa.iuh.edu.vn/ket-qua-va-bao-cao-sar/,SAR for BOA,tqa.iuh.edu.vn,Phòng Khảo thí và Đảm bảo chất lượng,HCM
https://tqa.iuh.edu.vn/wp-content/uploads/2022/06/Thong-bao-huong-dan-thu-tuc-xac-nhan-y-kien-phan-hoi.pdf,https://tqa.iuh.edu.vn/thong-bao/mau-xac-nhan-y-kien-phan-hoi-cua-nguoi-hoc-de-hoan-thien-ho-so-xet-cong-nhan-dat-tieu-chuan-va-bo-nhiem-chuc-danh-giao-su-pho-giao-su-ap-dung-tu-ngay-10-06-2022/,Tải về và Xem,tqa.iuh.edu.vn,Phòng Khảo thí và Đảm bảo chất lượng,HCM
https://tqa.iuh.edu.vn/wp-content/uploads/2022/09/KH-khảo-sát-2022-2023.pdf,https://tqa.iuh.edu.vn/thong-bao/ke-hoach-khao-sat-cac-ben-lien-quan-nam-hoc-2021-2022/,KH khảo sát 2022-2023,tqa.iuh.edu.vn,Phòng Khảo thí và Đảm bảo chất lượng,HCM
https://tqa.iuh.edu.vn/wp-content/uploads/2022/10/QĐ_1346-QC-quan-ly-cong-tac-thi-và-ket-qua-hoc-tap-2021.pdf,https://tqa.iuh.edu.vn/thong-bao/quy-che-quan-ly-cong-tac-thi-va-danh-gia-ket-qua-hoc-tap-cua-truong-dai-hoc-cong-nghiep-thanh-pho-ho-chi-minh/,QĐ_1346-QC quan ly cong tac thi và ket qua hoc tap 2021,tqa.iuh.edu.vn,Phòng Khảo thí và Đảm bảo chất lượng,HCM
https://tqa.iuh.edu.vn/wp-content/uploads/2022/11/Bieu-tong-hop.pdf,https://tqa.iuh.edu.vn/ba-cong-khai/ba-cong-khai-nam-2020-2021/,Xem chi tiết,tqa.iuh.edu.vn,Phòng Khảo thí và Đảm bảo chất lượng,HCM
https://tqa.iuh.edu.vn/wp-content/uploads/2022/11/BieuMau18AB.pdf,https://tqa.iuh.edu.vn/ba-cong-khai/ba-cong-khai-nam-2020-2021/,Xem chi tiết,tqa.iuh.edu.vn,Phòng Khảo thí và Đảm bảo chất lượng,HCM
https://tqa.iuh.edu.vn/wp-content/uploads/2023/02/Guide-to-AUN-QA-Assessment-at-Programme-Level-Version-4.0.pdf,https://tqa.iuh.edu.vn/aun-qa-asian-university-network-qa/,AUN-QA phiên bản 4 (8 tiêu chuẩn),tqa.iuh.edu.vn,Phòng Khảo thí và Đảm bảo chất lượng,HCM
https://tqa.iuh.edu.vn/wp-content/uploads/2023/03/1.Engineering-in-Computer-Engineering-Technology.pdf,https://tqa.iuh.edu.vn/nam-2021/,Bachelor of Engineering in Computer Engineer Technology,tqa.iuh.edu.vn,Phòng Khảo thí và Đảm bảo chất lượng,HCM
https://tqa.iuh.edu.vn/wp-content/uploads/2023/03/2.Engineering-in-Garment-Technology.pdf,https://tqa.iuh.edu.vn/nam-2021/,Bachelor of Engineering in Garment Technology,tqa.iuh.edu.vn,Phòng Khảo thí và Đảm bảo chất lượng,HCM
https://tqa.iuh.edu.vn/wp-content/uploads/2023/03/3.Electronic-Commerce.pdf,https://tqa.iuh.edu.vn/nam-2021/,Bachelor of Electronic Commerce,tqa.iuh.edu.vn,Phòng Khảo thí và Đảm bảo chất lượng,HCM
https://tqa.iuh.edu.vn/wp-content/uploads/2023/03/4.Engineering-in-thermal-Engineering-Technology.pdf,https://tqa.iuh.edu.vn/nam-2021/,Bachelor of Engineering in Thermal Engineering Technology,tqa.iuh.edu.vn,Phòng Khảo thí và Đảm bảo chất lượng,HCM
https://tqa.iuh.edu.vn/wp-content/uploads/2023/03/Thong_ke_tinh_hinh_phuc_khao_HK-I_22-23.pdf,https://tqa.iuh.edu.vn/cong-tac-khao-thi/tong-hop-ket-qua-phuc-khao/,Xem kết quả tại đây,tqa.iuh.edu.vn,Phòng Khảo thí và Đảm bảo chất lượng,HCM
https://tqa.iuh.edu.vn/wp-content/uploads/2023/08/KE-HOACH-KHAO-SAT-CAC-BEN-LIEN-QUAN-2023-2024.pdf,https://tqa.iuh.edu.vn/thong-bao/ke-hoach-khao-sat-cac-ben-lien-quan-nam-hoc-2023-2024/,KH khảo sát 2023-2024,tqa.iuh.edu.vn,Phòng Khảo thí và Đảm bảo chất lượng,HCM
https://tqa.iuh.edu.vn/wp-content/uploads/2023/10/phuc-khao-HK2-2022-2023-dang-web.pdf,https://tqa.iuh.edu.vn/cong-tac-khao-thi/tong-hop-ket-qua-phuc-khao/,Xem kết quả tại đây,tqa.iuh.edu.vn,Phòng Khảo thí và Đảm bảo chất lượng,HCM
https://tqa.iuh.edu.vn/wp-content/uploads/2023/10/phuc-khao-HK3-2022-2023-dang-web.pdf,https://tqa.iuh.edu.vn/cong-tac-khao-thi/tong-hop-ket-qua-phuc-khao/,Xem kết quả tại đây,tqa.iuh.edu.vn,Phòng Khảo thí và Đảm bảo chất lượng,HCM
https://tqa.iuh.edu.vn/wp-content/uploads/2024/06/2.-QD-2222-_2022-Quy-dinh-ve-hoat-dong-BDCLGD-1.pdf,https://tqa.iuh.edu.vn/quy-dinh-ve-hoat-dong-dbcl/,2.-QD-2222-_2022-Quy-dinh-ve-hoat-dong-BDCLGD-1,tqa.iuh.edu.vn,Phòng Khảo thí và Đảm bảo chất lượng,HCM
https://tqa.iuh.edu.vn/wp-content/uploads/2024/09/3.-Ke-hoach-khao-sat-cac-ben-lien-quan-nam-hoc-2021-2022-1.pdf,https://tqa.iuh.edu.vn/survey-plan/stakeholders-survey-plans-for-the-academic-year-of-2021-2022/,3.-Ke-hoach-khao-sat-cac-ben-lien-quan-nam-hoc-2021-2022-1,tqa.iuh.edu.vn,Phòng Khảo thí và Đảm bảo chất lượng,HCM
https://tqa.iuh.edu.vn/wp-content/uploads/2024/09/3.-Ke-hoach-khao-sat-cac-ben-lien-quan-nam-hoc-2021-2022.pdf,https://tqa.iuh.edu.vn/thong-bao/ke-hoach-khao-sat-cac-ben-lien-quan-nam-hoc-2021-2022-2/,3.-Ke-hoach-khao-sat-cac-ben-lien-quan-nam-hoc-2021-2022,tqa.iuh.edu.vn,Phòng Khảo thí và Đảm bảo chất lượng,HCM
https://tqa.iuh.edu.vn/wp-content/uploads/2024/09/KE-HOACH-KHAO-SAT-CAC-BEN-LIEN-QUAN-2023-2024-1.pdf,https://tqa.iuh.edu.vn/survey-plan/stakeholders-survey-plans-for-the-academic-year-of-2023-2024-2/,KE-HOACH-KHAO-SAT-CAC-BEN-LIEN-QUAN-2023-2024-1,tqa.iuh.edu.vn,Phòng Khảo thí và Đảm bảo chất lượng,HCM
https://tqa.iuh.edu.vn/wp-content/uploads/2024/09/KE-HOACH-KHAO-SAT-CAC-BEN-LIEN-QUAN_2024-2025-1.pdf,https://tqa.iuh.edu.vn/thong-bao/ke-hoach-khao-sat-cac-ben-lien-quan-nam-hoc-2023-2024-2/,KE-HOACH-KHAO-SAT-CAC-BEN-LIEN-QUAN_2024-2025-1,tqa.iuh.edu.vn,Phòng Khảo thí và Đảm bảo chất lượng,HCM
https://tqa.iuh.edu.vn/wp-content/uploads/2024/09/KE-HOACH-KHAO-SAT-CAC-BEN-LIEN-QUAN_2024-2025.pdf,https://tqa.iuh.edu.vn/survey-plan/stakeholders-survey-plans-for-the-academic-year-of-2024-2025/,KE-HOACH-KHAO-SAT-CAC-BEN-LIEN-QUAN_2024-2025,tqa.iuh.edu.vn,Phòng Khảo thí và Đảm bảo chất lượng,HCM
https://tqa.iuh.edu.vn/wp-content/uploads/2024/09/KH-khao-sat-2022-2023.pdf,https://tqa.iuh.edu.vn/survey-plan/stakeholders-survey-plans-for-the-academic-year-of-2020-2021-2/,KH-khao-sat-2022-2023,tqa.iuh.edu.vn,Phòng Khảo thí và Đảm bảo chất lượng,HCM
https://tqa.iuh.edu.vn/wp-content/uploads/2024/09/So-tay-sinh-vien-IUH-2024-2.pdf,https://tqa.iuh.edu.vn/thong-bao/so-tay-sinh-vien-cua-iuh-nam-2024/,So-tay-sinh-vien-IUH-2024-2,tqa.iuh.edu.vn,Phòng Khảo thí và Đảm bảo chất lượng,HCM
https://tqa.iuh.edu.vn/wp-content/uploads/2025/08/Ke-hoach-khao-sat-2025-2026-1.pdf,https://tqa.iuh.edu.vn/survey-plan/survey-plan-for-stakeholders-in-the-academic-year-2024-2025/,Ke-hoach-khao-sat-2025-2026-1,tqa.iuh.edu.vn,Phòng Khảo thí và Đảm bảo chất lượng,HCM
https://tqa.iuh.edu.vn/wp-content/uploads/2025/08/Ke-hoach-khao-sat-2025-2026.pdf,https://tqa.iuh.edu.vn/thong-bao/ke-hoach-khao-sat-cac-ben-lien-quan-nam-hoc-2024-2025/,Ke-hoach-khao-sat-2025-2026,tqa.iuh.edu.vn,Phòng Khảo thí và Đảm bảo chất lượng,HCM
https://tqa.iuh.edu.vn/wp-content/uploads/2025/08/qd-610-Cong-tac-thi-va-danh-gia-KQ-1-1.pdf,https://tqa.iuh.edu.vn/thong-bao/quy-che-quan-ly-cong-tac-thi-va-danh-gia-ket-qua-hoc-tap-tai-truong-dai-hoc-cong-nghiep-tp-ho-chi-minh-nam-2025/,qd-610-Cong-tac-thi-va-danh-gia-KQ-1-1,tqa.iuh.edu.vn,Phòng Khảo thí và Đảm bảo chất lượng,HCM
https://tqa.iuh.edu.vn/wp-content/uploads/2025/11/IUH-SUSTAINABILITY-REPORT-2025-1.pdf,https://tqa.iuh.edu.vn/sdg/,IUH-SUSTAINABILITY-REPORT-2025-1,tqa.iuh.edu.vn,Phòng Khảo thí và Đảm bảo chất lượng,HCM
https://tqa.iuh.edu.vn/wp-content/uploads/2025/12/Quyet-dinh-so-610-QD-DHCN-ve-viec-ban-hanh-Quy-che-quan-ly-cong-tac-thi-va-danh-gia-ket-qua-hoc-tap..pdf,https://tqa.iuh.edu.vn/quy-che-quan-ly-cong-tac-thi/,Quyet-dinh-so-610-QD-DHCN-ve-viec-ban-hanh-Quy-che-quan-ly-cong-tac-thi-va-danh-gia-ket-qua-hoc-tap.,tqa.iuh.edu.vn,Phòng Khảo thí và Đảm bảo chất lượng,HCM
https://tqa.iuh.edu.vn/wp-content/uploads/2026/03/Phuc-khao-HK1-2023-2024.pdf,https://tqa.iuh.edu.vn/cong-tac-khao-thi/tong-hop-ket-qua-phuc-khao/,Xem kết quả tại đây,tqa.iuh.edu.vn,Phòng Khảo thí và Đảm bảo chất lượng,HCM
https://tqa.iuh.edu.vn/wp-content/uploads/2026/03/Phuc-khao-HK1-2024-2025.pdf,https://tqa.iuh.edu.vn/cong-tac-khao-thi/tong-hop-ket-qua-phuc-khao/,Xem kết quả tại đây,tqa.iuh.edu.vn,Phòng Khảo thí và Đảm bảo chất lượng,HCM
https://tqa.iuh.edu.vn/wp-content/uploads/2026/03/Phuc-khao-HK2-2023-2024.pdf,https://tqa.iuh.edu.vn/cong-tac-khao-thi/tong-hop-ket-qua-phuc-khao/,Xem kết quả tại đây,tqa.iuh.edu.vn,Phòng Khảo thí và Đảm bảo chất lượng,HCM
https://tqa.iuh.edu.vn/wp-content/uploads/2026/03/Phuc-khao-HK3-2023-2024.pdf,https://tqa.iuh.edu.vn/cong-tac-khao-thi/tong-hop-ket-qua-phuc-khao/,Xem kết quả tại đây,tqa.iuh.edu.vn,Phòng Khảo thí và Đảm bảo chất lượng,HCM
https://tqa.iuh.edu.vn/wp-content/uploads/2026/03/bao_cao_tinh-hinh-phuc-khao-HK2_24-25_DANG-WEB.pdf,https://tqa.iuh.edu.vn/cong-tac-khao-thi/tong-hop-ket-qua-phuc-khao/,Xem kết quả tại đây,tqa.iuh.edu.vn,Phòng Khảo thí và Đảm bảo chất lượng,HCM
https://tqa.iuh.edu.vn/wp-content/uploads/2026/03/phuc-khao-HK1-2025-2026_dang-web.pdf,https://tqa.iuh.edu.vn/cong-tac-khao-thi/tong-hop-ket-qua-phuc-khao/,Xem kết quả tại đây,tqa.iuh.edu.vn,Phòng Khảo thí và Đảm bảo chất lượng,HCM
https://tqa.iuh.edu.vn/wp-content/uploads/2026/03/phuc-khao-HK3-2024-2025-dang-web.pdf,https://tqa.iuh.edu.vn/cong-tac-khao-thi/tong-hop-ket-qua-phuc-khao/,Xem kết quả tại đây,tqa.iuh.edu.vn,Phòng Khảo thí và Đảm bảo chất lượng,HCM
https://tqa.iuh.edu.vn/wp-content/uploads/2026/05/1.-Working-Regulations-for-Academic-Staff-of-IUH-1.pdf,https://tqa.iuh.edu.vn/sdgs-article-2/iuh-strengthens-policies-to-prevent-forced-labour-and-promote-ethical-working-conditions/,1.-Working-Regulations-for-Academic-Staff-of-IUH-1,tqa.iuh.edu.vn,Phòng Khảo thí và Đảm bảo chất lượng,HCM
https://tqa.iuh.edu.vn/wp-content/uploads/2026/05/2.-The-Regulation-on-the-Code-of-Conduct-for-public-employees-and-workers-of-the-IUH.pdf,https://tqa.iuh.edu.vn/sdgs-article-2/iuh-strengthens-policies-to-prevent-forced-labour-and-promote-ethical-working-conditions/,2.-The-Regulation-on-the-Code-of-Conduct-for-public-employees-and-workers-of-the-IUH,tqa.iuh.edu.vn,Phòng Khảo thí và Đảm bảo chất lượng,HCM
https://tqa.iuh.edu.vn/wp-content/uploads/2026/05/3.-Decision-Internal-expenditure-regulations-2025.pdf,https://tqa.iuh.edu.vn/sdgs-article-2/iuh-strengthens-policies-to-prevent-forced-labour-and-promote-ethical-working-conditions/,3.-Decision-Internal-expenditure-regulations-2025,tqa.iuh.edu.vn,Phòng Khảo thí và Đảm bảo chất lượng,HCM
https://tqa.iuh.edu.vn/wp-content/uploads/2026/05/4.-Regulation-on-the-Implementation-of-Democracy-in-the-Operations-of-IUH.pdf,https://tqa.iuh.edu.vn/sdgs-article-2/iuh-strengthens-policies-to-prevent-forced-labour-and-promote-ethical-working-conditions/,4.-Regulation-on-the-Implementation-of-Democracy-in-the-Operations-of-IUH,tqa.iuh.edu.vn,Phòng Khảo thí và Đảm bảo chất lượng,HCM
https://tqa.iuh.edu.vn/wp-content/uploads/2026/05/Anti-terrorism-work-of-Industrial-University-of-Ho-Chi-Minh-City-in-2025.pdf,https://tqa.iuh.edu.vn/sdgs-article-2/iuh-strengthens-a-safe-healthy-and-supportive-learning-environment-for-students/,Anti-terrorism-work-of-Industrial-University-of-Ho-Chi-Minh-City-in-2025,tqa.iuh.edu.vn,Phòng Khảo thí và Đảm bảo chất lượng,HCM
https://tqa.iuh.edu.vn/wp-content/uploads/2026/05/Code-of-Conduct.pdf,https://tqa.iuh.edu.vn/sdgs-article-2/iuh-strengthens-a-safe-healthy-and-supportive-learning-environment-for-students/,Code-of-Conduct,tqa.iuh.edu.vn,Phòng Khảo thí và Đảm bảo chất lượng,HCM
https://tqa.iuh.edu.vn/wp-content/uploads/2026/05/Equipping-students-with-knowledge-on-the-prevention-and-control-of-school-..pdf,https://tqa.iuh.edu.vn/sdgs-article-2/iuh-strengthens-a-safe-healthy-and-supportive-learning-environment-for-students/,Equipping-students-with-knowledge-on-the-prevention-and-control-of-school-.,tqa.iuh.edu.vn,Phòng Khảo thí và Đảm bảo chất lượng,HCM
https://tqa.iuh.edu.vn/wp-content/uploads/2026/05/Health-check-schedule-for-students-2020-2021-2021-2022-1.pdf,https://tqa.iuh.edu.vn/sdgs-article-2/iuh-strengthens-a-safe-healthy-and-supportive-learning-environment-for-students/,Health-check-schedule-for-students-2020-2021-2021-2022-1,tqa.iuh.edu.vn,Phòng Khảo thí và Đảm bảo chất lượng,HCM
https://tqa.iuh.edu.vn/wp-content/uploads/2026/05/Plan-for-Implementing-the-Student-Crime-Prevention-and-Legal-Education-Project-1.pdf,https://tqa.iuh.edu.vn/sdgs-article-2/iuh-strengthens-a-safe-healthy-and-supportive-learning-environment-for-students/,Plan-for-Implementing-the-Student-Crime-Prevention-and-Legal-Education-Project-1,tqa.iuh.edu.vn,Phòng Khảo thí và Đảm bảo chất lượng,HCM
https://tqa.iuh.edu.vn/wp-content/uploads/2026/05/Plan-for-Prevention-of-School-Social-Evils-and-Traffic-Safety-2025..pdf,https://tqa.iuh.edu.vn/sdgs-article-2/iuh-strengthens-a-safe-healthy-and-supportive-learning-environment-for-students/,Plan-for-Prevention-of-School-Social-Evils-and-Traffic-Safety-2025.,tqa.iuh.edu.vn,Phòng Khảo thí và Đảm bảo chất lượng,HCM
https://tqa.iuh.edu.vn/wp-content/uploads/2026/05/SUPPORT-SERVICES-HANDBOOK.pdf,https://tqa.iuh.edu.vn/sdgs-article-2/iuh-strengthens-a-safe-healthy-and-supportive-learning-environment-for-students/,SUPPORT-SERVICES-HANDBOOK,tqa.iuh.edu.vn,Phòng Khảo thí và Đảm bảo chất lượng,HCM
https://tqa.iuh.edu.vn/wp-content/uploads/2026/07/2.-Summary-of-the-conclusion-of-the-meeting-2024.pdf,https://tqa.iuh.edu.vn/sdgs-article-2/iuh-maintains-a-regular-governance-meeting-mechanism-to-ensure-transparent-decision-making-and-effective-institutional-management/,2.-Summary-of-the-conclusion-of-the-meeting-2024,tqa.iuh.edu.vn,Phòng Khảo thí và Đảm bảo chất lượng,HCM
https://tqa.iuh.edu.vn/wp-content/uploads/2026/07/Environmental-Health-and-School-Safety-Regulations-Rules-and-Standards.pdf,https://tqa.iuh.edu.vn/sdgs-article-2/iuh-strengthens-a-safe-healthy-and-supportive-learning-environment-for-students/,Environmental-Health-and-School-Safety-Regulations-Rules-and-Standards,tqa.iuh.edu.vn,Phòng Khảo thí và Đảm bảo chất lượng,HCM
https://tqa.iuh.edu.vn/wp-content/uploads/2026/07/IUH-Strategic-Quality-Enhancement-Plan-2026–2031.pdf,https://tqa.iuh.edu.vn/documents/public-announcement-iuh-issues-strategic-quality-enhancementplan-2026-2031-following-the-qaa-global-international-quality-review/,IUH-Strategic-Quality-Enhancement-Plan-2026–2031,tqa.iuh.edu.vn,Phòng Khảo thí và Đảm bảo chất lượng,HCM
https://tqa.iuh.edu.vn/wp-content/uploads/2026/08/Ke-hoach-khao-sat-2026-2027.pdf,https://tqa.iuh.edu.vn/thong-bao/ke-hoach-khao-sat-cac-ben-lien-quan-nam-hoc-2025-2026/,Ke-hoach-khao-sat-2026-2027,tqa.iuh.edu.vn,Phòng Khảo thí và Đảm bảo chất lượng,HCM
http://tuyensinh.iuh.edu.vn/Files_thongBao/IUH-de-an-tuyensinh-2026-dang-web.pdf,http://tuyensinh.iuh.edu.vn/deAnTS,Tải file PDF để xem chi tiết,tuyensinh.iuh.edu.vn,Tuyển sinh,HCM
http://tuyensinh.iuh.edu.vn/Files_thongBao/TB_Vanbang2_Dot2_2025.pdf,https://tuyensinh.iuh.edu.vn/,,tuyensinh.iuh.edu.vn,Tuyển sinh,HCM
http://tuyensinh.iuh.edu.vn/Files_thongBao/thongbaotuyensinhlienthongdot12026.pdf,https://tuyensinh.iuh.edu.vn/,,tuyensinh.iuh.edu.vn,Tuyển sinh,HCM
http://tuyensinh.iuh.edu.vn/HoSoTuyenSinh/IUH_ThuGioiThieu_2026.pdf,http://tuyensinh.iuh.edu.vn,Mẫu thư giới thiệu,tuyensinh.iuh.edu.vn,Tuyển sinh,HCM
http://tuyensinh.iuh.edu.vn/HoSoTuyenSinh/PhuLucTBTS_01_2026.pdf,http://tuyensinh.iuh.edu.vn,tại đây,tuyensinh.iuh.edu.vn,Tuyển sinh,HCM
http://tuyensinh.iuh.edu.vn/HoSoTuyenSinh/PhuLucTBTS_02_2026.pdf,http://tuyensinh.iuh.edu.vn,tại đây,tuyensinh.iuh.edu.vn,Tuyển sinh,HCM
http://tuyensinh.iuh.edu.vn/HoSoTuyenSinh/cong-thuc-xet-tuyen-iuh-2026.pdf,http://tuyensinh.iuh.edu.vn,tại đây,tuyensinh.iuh.edu.vn,Tuyển sinh,HCM
http://tuyensinh.iuh.edu.vn/QC/HDSD_Thisinh_DKXT_T72025_IUH.pdf,http://tuyensinh.iuh.edu.vn,HD đăng ký NVXT trên hệ thống BGDĐT,tuyensinh.iuh.edu.vn,Tuyển sinh,HCM
http://tuyensinh.iuh.edu.vn/QC/TB 930.pdf,http://tuyensinh.iuh.edu.vn/quyChe,click vào link để xem chi tiết,tuyensinh.iuh.edu.vn,Tuyển sinh,HCM
http://tuyensinh.iuh.edu.vn/QC/iuh-quy-che-tuyen-sinh-2026.pdf,http://tuyensinh.iuh.edu.vn/quyChe,click vào link để xem chi tiết,tuyensinh.iuh.edu.vn,Tuyển sinh,HCM
http://tuyensinh.iuh.edu.vn/QC/iuh-thong-bao-tuyen-sinh-2026.pdf,http://tuyensinh.iuh.edu.vn/quyChe,click vào link để xem chi tiết,tuyensinh.iuh.edu.vn,Tuyển sinh,HCM
https://tuyensinh.iuh.edu.vn/Files_thongBao/IUH-de-an-tuyensinh-2026-dang-web.pdf,https://tuyensinh.iuh.edu.vn/deAnTS,Tải file PDF để xem chi tiết,tuyensinh.iuh.edu.vn,Tuyển sinh,HCM
https://tuyensinh.iuh.edu.vn/Files_thongBao/thongbaotuyensinhlienthongdot12026.pdf,https://tuyensinh.iuh.edu.vn/,LIÊN THÔNG ĐH,tuyensinh.iuh.edu.vn,Tuyển sinh,HCM
https://tuyensinh.iuh.edu.vn/HoSoTuyenSinh/IUH_PhieuDangKyXetTuyenHB_2024_New.pdf,https://tuyensinh.iuh.edu.vn/,tại đây,tuyensinh.iuh.edu.vn,Tuyển sinh,HCM
https://tuyensinh.iuh.edu.vn/HoSoTuyenSinh/IUH_PhieuDangKyXetTuyenUTX_2024_New.pdf,https://tuyensinh.iuh.edu.vn/,tại đây,tuyensinh.iuh.edu.vn,Tuyển sinh,HCM
https://tuyensinh.iuh.edu.vn/HoSoTuyenSinh/IUH_ThuGioiThieu_2026.pdf,https://tuyensinh.iuh.edu.vn/,Mẫu thư giới thiệu,tuyensinh.iuh.edu.vn,Tuyển sinh,HCM
https://tuyensinh.iuh.edu.vn/HoSoTuyenSinh/PhuLucTBTS_01_2026.pdf,https://tuyensinh.iuh.edu.vn/,tại đây,tuyensinh.iuh.edu.vn,Tuyển sinh,HCM
https://tuyensinh.iuh.edu.vn/HoSoTuyenSinh/PhuLucTBTS_02_2026.pdf,https://tuyensinh.iuh.edu.vn/,tại đây,tuyensinh.iuh.edu.vn,Tuyển sinh,HCM
https://tuyensinh.iuh.edu.vn/HoSoTuyenSinh/cong-thuc-xet-tuyen-iuh-2026.pdf,https://tuyensinh.iuh.edu.vn/,tại đây,tuyensinh.iuh.edu.vn,Tuyển sinh,HCM
https://tuyensinh.iuh.edu.vn/QC/HDSD_Thisinh_DKXT_T72025_IUH.pdf,https://tuyensinh.iuh.edu.vn/,HD đăng ký NVXT trên hệ thống BGDĐT,tuyensinh.iuh.edu.vn,Tuyển sinh,HCM
https://tuyensinh.iuh.edu.vn/QC/TB 930.pdf,https://tuyensinh.iuh.edu.vn/quyChe,click vào link để xem chi tiết,tuyensinh.iuh.edu.vn,Tuyển sinh,HCM
https://tuyensinh.iuh.edu.vn/QC/iuh-quy-che-tuyen-sinh-2026.pdf,https://tuyensinh.iuh.edu.vn/quyChe,click vào link để xem chi tiết,tuyensinh.iuh.edu.vn,Tuyển sinh,HCM
https://tuyensinh.iuh.edu.vn/QC/iuh-thong-bao-tuyen-sinh-2026.pdf,https://tuyensinh.iuh.edu.vn/quyChe,click vào link để xem chi tiết,tuyensinh.iuh.edu.vn,Tuyển sinh,HCM
