file_id,file_name,source_url,source_page,unit,campus,department_id,is_public,access_level,label_source,pages,text_chars,quality,size_bytes,sha256,local_path,tls_verified,crawled_at,selected,ingest_status,document_id
032f6605717c,ThongBaoTuyenDungEVN.pdf,https://th.iuh.edu.vn/wp-content/uploads/2021/06/ThongBaoTuyenDungEVN.pdf,https://th.iuh.edu.vn/thong-bao/thong-bao-tuyen-dung-cua-cong-ty-co-phan-dich-vu-sua-chua-nhiet-dien-mien-bac/,Cơ sở Thanh Hóa,Thanh Hóa,CO_SO_THANH_HOA,true,,auto,2,0,scanned,678006,032f6605717c86b8d0370c6e845e7cd7c7aaa46c1b6644be891ccb52a90a8c7c,scanned_pdf/co-so-thanh-hoa/032f6605717c.pdf,false,2026-09-30T07:42:51+00:00,false,,
03a0dc7e807e,kh-to-chuc-cuoc-thi-dmst-khoi-nghiep-lan-1-2021.pdf,https://th.iuh.edu.vn/wp-content/uploads/2021/06/kh-to-chuc-cuoc-thi-dmst-khoi-nghiep-lan-1-2021.pdf,https://th.iuh.edu.vn/thong-bao/ke-hoach-to-chuc-cuoc-thi-doi-moi-sang-tao-khoi-nghiep-lan-1-nam-2021/,Cơ sở Thanh Hóa,Thanh Hóa,CO_SO_THANH_HOA,true,,auto,7,0,scanned,3031005,03a0dc7e807e6599f4a54e9cb8293aa6e22c115f1f5daf9e93282418d21382d7,scanned_pdf/co-so-thanh-hoa/03a0dc7e807e.pdf,false,2026-09-30T07:42:52+00:00,false,,
06c14973d86e,01.-Phieu-dang-ky-xet-tuyen-so-1.pdf,https://th.iuh.edu.vn/wp-content/uploads/2026/03/01.-Phieu-dang-ky-xet-tuyen-so-1.pdf,https://th.iuh.edu.vn/van-ban-tien-ich/phieu-xet-tuyen-dai-hoc-lien-thong/,Cơ sở Thanh Hóa,Thanh Hóa,CO_SO_THANH_HOA,true,,auto,1,2565,ok,284738,06c14973d86e04d54b2d5c4b478ad5da8e852166bc25a978d6b29921aee7fda4,files/co-so-thanh-hoa/06c14973d86e.pdf,false,2026-09-30T07:43:52+00:00,true,,
09396bae6793,Thong-bao-nghi-Gio-to-Hung-Vuong-30.4-va-01.05.pdf,https://th.iuh.edu.vn/wp-content/uploads/2024/04/Thong-bao-nghi-Gio-to-Hung-Vuong-30.4-va-01.05.pdf,https://th.iuh.edu.vn/thong-bao/v-v-nghi-le-gio-to-hung-vuong-10-3-am-lich-ngay-giai-phong-mien-nam-30-4-va-ngay-quoc-te-lao-dong-01-05-nam-2024/,Cơ sở Thanh Hóa,Thanh Hóa,CO_SO_THANH_HOA,true,,auto,1,0,scanned,296526,09396bae67935924fa18cecf907e7c2236d3e75f8cf54c59a88133c970a379dd,scanned_pdf/co-so-thanh-hoa/09396bae6793.pdf,false,2026-09-30T07:43:30+00:00,false,,
0fedf90a47d6,thihoclaik1_2015.pdf,https://th.iuh.edu.vn/wp-content/uploads/2017/12/thihoclaik1_2015.pdf,https://th.iuh.edu.vn/thong-bao/thong-bao-lich-thi-cua-cd-nghe-hoc-lai-o-hk1-2015-2016/,Cơ sở Thanh Hóa,Thanh Hóa,CO_SO_THANH_HOA,true,,auto,1,869,ok,406833,0fedf90a47d6447a030bcfbd7099258542642a358d7cd83457fc56b18f8f474f,files/co-so-thanh-hoa/0fedf90a47d6.pdf,false,2026-09-30T07:42:17+00:00,true,,
137b173c731c,TB-Tuyen-sinh-dot-1_2024.pdf,https://th.iuh.edu.vn/wp-content/uploads/2024/03/TB-Tuyen-sinh-dot-1_2024.pdf,https://th.iuh.edu.vn/thong-bao/xet-tuyen-dai-hoc-lien-thong-dot-1-nam-2024/,Cơ sở Thanh Hóa,Thanh Hóa,CO_SO_THANH_HOA,true,,auto,2,0,scanned,574890,137b173c731ce1558bb19759120654030f6e4631b4dcc38e90a356430d9a6787,scanned_pdf/co-so-thanh-hoa/137b173c731c.pdf,false,2026-09-30T07:43:24+00:00,false,,
1585186c60ba,Thong-bao-tuyen-sinh-dot2_2025.pdf,https://th.iuh.edu.vn/wp-content/uploads/2025/08/Thong-bao-tuyen-sinh-dot2_2025.pdf,https://th.iuh.edu.vn/khong-phan-loai/xet-tuyen-dai-hoc-lien-thong-dot-2-nam-2025/,Cơ sở Thanh Hóa,Thanh Hóa,CO_SO_THANH_HOA,true,,auto,2,0,scanned,763825,1585186c60ba57d65677fe80a218ed1519c22eac1ae16ee8e85a256de19cef40,scanned_pdf/co-so-thanh-hoa/1585186c60ba.pdf,false,2026-09-30T07:43:47+00:00,false,,
1aa55188a6dc,tb-45-20210426103749-e.pdf,https://th.iuh.edu.vn/wp-content/uploads/2021/04/tb-45-20210426103749-e.pdf,https://th.iuh.edu.vn/thong-bao/thong-bao-v-v-tang-cuong-phong-chong-dich-covid-19-trong-truong-hoc-2/,Cơ sở Thanh Hóa,Thanh Hóa,CO_SO_THANH_HOA,false,1,auto,1,0,scanned,493016,1aa55188a6dc72f7dd9c9f631124c615a5d4d0d553b2b854fe551e7daf9bd890,scanned_pdf/co-so-thanh-hoa/1aa55188a6dc.pdf,false,2026-09-30T07:42:45+00:00,false,,
22af3b30b67b,Thong-bao-chung-chi-Tin-hoc-NN.pdf,https://th.iuh.edu.vn/wp-content/uploads/2022/04/Thong-bao-chung-chi-Tin-hoc-NN.pdf,https://th.iuh.edu.vn/thong-bao/thong-bao-v-v-su-dung-chung-chi-ngoai-ngu-tin-hoc-phuc-vu-cong-tac-xet-tot-nghiep/,Cơ sở Thanh Hóa,Thanh Hóa,CO_SO_THANH_HOA,true,,auto,1,0,scanned,491535,22af3b30b67b040b42f90e17cdfbe5ab94782fa107d7a45396b9d4d63eaae4d1,scanned_pdf/co-so-thanh-hoa/22af3b30b67b.pdf,false,2026-09-30T07:43:00+00:00,false,,
2527fcf7f40b,Thoi-han-hoc-tap-tai-truong-03.03.2021.pdf,https://th.iuh.edu.vn/wp-content/uploads/2021/03/Thoi-han-hoc-tap-tai-truong-03.03.2021.pdf,https://th.iuh.edu.vn/thong-bao/thong-bao-thoi-gian-hoc-tap-cua-sinh-vien-truong-dai-hoc-cong-nghiep-tp-ho-chi-minh/,Cơ sở Thanh Hóa,Thanh Hóa,CO_SO_THANH_HOA,true,,auto,2,0,scanned,607312,2527fcf7f40b23c620e83610482ddc7b590a125bd786d12bacdd547372eac906,scanned_pdf/co-so-thanh-hoa/2527fcf7f40b.pdf,false,2026-09-30T07:42:43+00:00,false,,
25429ff57ea0,tuyendungnd.pdf,https://th.iuh.edu.vn/wp-content/uploads/2018/07/tuyendungnd.pdf,https://th.iuh.edu.vn/thong-bao/thong-bao-tuyen-dung-cua-cty-co-phan-dich-vu-sua-chua-dien-mien-bac/,Cơ sở Thanh Hóa,Thanh Hóa,CO_SO_THANH_HOA,false,4,auto,3,3774,garbled_ocr,863372,25429ff57ea01313e854291f80418b46a75111a16113b4be35206c3ae2772ed6,scanned_pdf/co-so-thanh-hoa/25429ff57ea0.pdf,false,2026-09-30T07:42:25+00:00,false,,
2f9c177b0d60,tuyen_dung_t8n17_vicenza.pdf,https://th.iuh.edu.vn/wp-content/uploads/2018/08/tuyen_dung_t8n17_vicenza.pdf,https://th.iuh.edu.vn/thong-bao/thong-bao-tuyen-dung-cua-cong-ty-vicenza/,Cơ sở Thanh Hóa,Thanh Hóa,CO_SO_THANH_HOA,true,,auto,4,6791,garbled_ocr,2437492,2f9c177b0d60195c1cf745566b696653537540a619c512334ab3d0f9719f18ee,scanned_pdf/co-so-thanh-hoa/2f9c177b0d60.pdf,false,2026-09-30T07:42:27+00:00,false,,
31542a85f7ff,00.-Phieu-dang-ky-xet-tuyen.pdf,https://th.iuh.edu.vn/wp-content/uploads/2026/03/00.-Phieu-dang-ky-xet-tuyen.pdf,https://th.iuh.edu.vn/van-ban-tien-ich/phieu-xet-tuyen-dai-hoc-lien-thong/,Cơ sở Thanh Hóa,Thanh Hóa,CO_SO_THANH_HOA,true,,auto,1,3425,ok,545878,31542a85f7ff9c81c25e9d31271f7d854c8cc9686da06cf9efee7ac25a865963,files/co-so-thanh-hoa/31542a85f7ff.pdf,false,2026-09-30T07:43:50+00:00,true,,
31a149b31d70,Thong-bao-trung-tuyen-2024.pdf,https://th.iuh.edu.vn/wp-content/uploads/2024/08/Thong-bao-trung-tuyen-2024.pdf,https://th.iuh.edu.vn/thong-bao/thong-bao-diem-trung-tuyen-bac-dai-hoc-he-chinh-quy-nam-2024-bang-phuong-thuc-xet-tuyen-su-dung-ket-qua-thi-tot-nghiep-thpt/,Cơ sở Thanh Hóa,Thanh Hóa,CO_SO_THANH_HOA,true,,auto,5,0,scanned,2286454,31a149b31d70eb68b2c844bf67ce84a5048280f8157798626b7a616756f8c45d,scanned_pdf/co-so-thanh-hoa/31a149b31d70.pdf,false,2026-09-30T07:43:34+00:00,false,,
3232c37453e1,Thong-bao-tuyen-sinh-DH-Lien-thong-dot-2.2024.pdf,https://th.iuh.edu.vn/wp-content/uploads/2024/09/Thong-bao-tuyen-sinh-DH-Lien-thong-dot-2.2024.pdf,https://th.iuh.edu.vn/thong-bao/xet-tuyen-dai-hoc-lien-thong-dot-2-nam-2024/,Cơ sở Thanh Hóa,Thanh Hóa,CO_SO_THANH_HOA,true,,auto,2,0,scanned,551938,3232c37453e1583ce290d5271c82eff50a8e5a60ce17fbbecca39d8a2da7bc67,scanned_pdf/co-so-thanh-hoa/3232c37453e1.pdf,false,2026-09-30T07:43:36+00:00,false,,
3debb6d2f105,00.-Phieu-dang-ky-xet-tuyen.pdf,https://th.iuh.edu.vn/wp-content/uploads/2022/09/00.-Phieu-dang-ky-xet-tuyen.pdf,https://th.iuh.edu.vn/van-ban-huong-dan/bieu-mau-phieu-dang-ky-xet-tuyen-dai-hoc-lien-thong/,Cơ sở Thanh Hóa,Thanh Hóa,CO_SO_THANH_HOA,false,4,auto,1,3465,ok,503045,3debb6d2f10575655070a1fbd5e6edec93f3d735e9236d38be2b5feb59a33179,files/co-so-thanh-hoa/3debb6d2f105.pdf,false,2026-09-30T07:43:05+00:00,true,,
47ed9611c001,To-roi-tuyen-sinh-CD-2025.pdf,https://th.iuh.edu.vn/wp-content/uploads/2025/03/To-roi-tuyen-sinh-CD-2025.pdf,https://th.iuh.edu.vn/thong-bao/tuyen-sinh-trinh-do-cao-dang-nam-hoc-2025-2026/,Cơ sở Thanh Hóa,Thanh Hóa,CO_SO_THANH_HOA,false,1,auto,2,2213,ok,988422,47ed9611c00159a88f219d636bfdeaa8c4b42f1dbf68e16d0362276c73dcf556,files/co-so-thanh-hoa/47ed9611c001.pdf,false,2026-09-30T07:43:42+00:00,true,,
53b64c496aea,TB_Tuyen-sinh-DH-lien-thong-CS-Thanh-Hoa-nam-2023.pdf,https://th.iuh.edu.vn/wp-content/uploads/2021/05/TB_Tuyen-sinh-DH-lien-thong-CS-Thanh-Hoa-nam-2023.pdf,https://th.iuh.edu.vn/thong-bao/xet-tuyen-dai-hoc-lien-thong-nam-2023/,Cơ sở Thanh Hóa,Thanh Hóa,CO_SO_THANH_HOA,false,3,auto,2,0,scanned,517285,53b64c496aeab07d77984280533e3d673a0f5e8d90348b46b36a1f421d7b407e,scanned_pdf/co-so-thanh-hoa/53b64c496aea.pdf,false,2026-09-30T07:42:47+00:00,false,,
5689bf44e7c5,k1_2015.pdf,https://th.iuh.edu.vn/wp-content/uploads/2017/12/k1_2015.pdf,https://th.iuh.edu.vn/thong-bao/thong-bao-lich-thi-hoc-ky-1-2015-2016/,Cơ sở Thanh Hóa,Thanh Hóa,CO_SO_THANH_HOA,true,,auto,1,1413,ok,338168,5689bf44e7c5850410695ff4bf48e5f9455fd38e0976a25c66f4315964cc38a4,files/co-so-thanh-hoa/5689bf44e7c5.pdf,false,2026-09-30T07:42:01+00:00,true,,
56f43f34d317,1.-Thong-bao-Tuyen-dung-Lilama-5.pdf,https://th.iuh.edu.vn/wp-content/uploads/2019/08/1.-Thong-bao-Tuyen-dung-Lilama-5.pdf,https://th.iuh.edu.vn/thong-bao/thong-bao-tuyen-dung-cua-cong-ty-co-phan-lilama-5/,Cơ sở Thanh Hóa,Thanh Hóa,CO_SO_THANH_HOA,true,,auto,1,0,scanned,679076,56f43f34d317ee5a9dbd28b407e067719ab85875924c3c6f1ff19558be57f99d,scanned_pdf/co-so-thanh-hoa/56f43f34d317.pdf,false,2026-09-30T07:42:37+00:00,false,,
589637044230,tb_tuyen_lam_viec_japan_cty_sh_t11n16.pdf,https://th.iuh.edu.vn/wp-content/uploads/2017/12/tb_tuyen_lam_viec_japan_cty_sh_t11n16.pdf,https://th.iuh.edu.vn/gioi-thieu-viec-lam/thong-tin-viec-lam-tai-nhat-ban/,Cơ sở Thanh Hóa,Thanh Hóa,CO_SO_THANH_HOA,true,,auto,2,2395,garbled_ocr,1249594,5896370442308c9f321b53dccae2934e7525464cf454e33d5f434acf7c14982b,scanned_pdf/co-so-thanh-hoa/589637044230.pdf,false,2026-09-30T07:42:11+00:00,false,,
59cdcaa68246,tc_len_cd_moi.pdf,https://th.iuh.edu.vn/wp-content/uploads/2017/11/tc_len_cd_moi.pdf,https://th.iuh.edu.vn/thong-bao/thong-bao-tuyen-sinh-lien-thong-trinh-do-trung-cap-len-trinh-do-cao-dang/,Cơ sở Thanh Hóa,Thanh Hóa,CO_SO_THANH_HOA,false,3,auto,2,2290,garbled_ocr,1163893,59cdcaa68246bf80383791ca66f4dc54ac6104052963a1558887af68cae7afd9,scanned_pdf/co-so-thanh-hoa/59cdcaa68246.pdf,false,2026-09-30T07:41:53+00:00,false,,
5d343b67fbd4,danh_sach_a1.pdf,https://th.iuh.edu.vn/wp-content/uploads/2017/12/danh_sach_a1.pdf,https://th.iuh.edu.vn/thong-bao/lich-thi-va-danh-sach-phong-thi-cuoi-ky-lop-anh-van-so-cap-a1-1/,Cơ sở Thanh Hóa,Thanh Hóa,CO_SO_THANH_HOA,true,,auto,1,1068,ok,360871,5d343b67fbd48f7e3bd9a76f2830dcdf1e479a74d9426ceb359fa92b8e96f0a2,files/co-so-thanh-hoa/5d343b67fbd4.pdf,false,2026-09-30T07:41:59+00:00,true,,
63c8e724d292,Thong-bao-tuyen-dung-Ky-su-PKTCN.pdf,https://th.iuh.edu.vn/wp-content/uploads/2024/03/Thong-bao-tuyen-dung-Ky-su-PKTCN.pdf,https://th.iuh.edu.vn/thong-bao/cong-ty-phateco-tuyen-dung-sinh-vien-nganh-co-khi-lam-viec-tai-thanh-hoa/,Cơ sở Thanh Hóa,Thanh Hóa,CO_SO_THANH_HOA,true,,auto,2,0,scanned,474971,63c8e724d292463ddaf04a74eea737fa7cb0be9c07fe58b8f762ec75bfef6a32,scanned_pdf/co-so-thanh-hoa/63c8e724d292.pdf,false,2026-09-30T07:43:26+00:00,false,,
67af86167e8e,II.-9-Technician-Nghi-Son.pdf,https://th.iuh.edu.vn/wp-content/uploads/2020/10/II.-9-Technician-Nghi-Son.pdf,https://th.iuh.edu.vn/khong-phan-loai/tuyen-dung-lam-viec-tai-kcn-nghi-son/,Cơ sở Thanh Hóa,Thanh Hóa,CO_SO_THANH_HOA,true,,auto,1,2580,ok,292277,67af86167e8e529206918075979d46531cd8ca6b555bf39d006f6e01f2533cce,files/co-so-thanh-hoa/67af86167e8e.pdf,false,2026-09-30T07:42:38+00:00,true,,
68a766fe5362,t12n16_cv_td_vietin_tha.pdf,https://th.iuh.edu.vn/wp-content/uploads/2017/12/t12n16_cv_td_vietin_tha.pdf,https://th.iuh.edu.vn/gioi-thieu-viec-lam/thong-bao-ve-viec-tuyen-dung-nhan-su-cong-ty-tnhh-duoc-pham-viet-tin-t-h-a/,Cơ sở Thanh Hóa,Thanh Hóa,CO_SO_THANH_HOA,true,,auto,1,2785,ok,437747,68a766fe53623a5a0ed8a43eb5b5636424db365277e3298fd2e3dbf8111ee6f7,files/co-so-thanh-hoa/68a766fe5362.pdf,false,2026-09-30T07:42:05+00:00,true,,
6d51a0e5c48f,tb_tuyen_dung_lilama5_t10n18.pdf,https://th.iuh.edu.vn/wp-content/uploads/2018/10/tb_tuyen_dung_lilama5_t10n18.pdf,https://th.iuh.edu.vn/thong-bao/thong-bao-tuyen-dung-cua-cong-ty-co-phan-lilama-5-thuoc-tong-cong-ty-lap-may-viet-nam/,Cơ sở Thanh Hóa,Thanh Hóa,CO_SO_THANH_HOA,true,,auto,1,1453,garbled_ocr,377286,6d51a0e5c48fc4a248d4b573b101144c587e3eced6f5c75b6ca65d2c9e0518b6,scanned_pdf/co-so-thanh-hoa/6d51a0e5c48f.pdf,false,2026-09-30T07:42:29+00:00,false,,
7a0b62816d9a,t12n16_starup_vietin_tha.pdf,https://th.iuh.edu.vn/wp-content/uploads/2017/12/t12n16_starup_vietin_tha.pdf,https://th.iuh.edu.vn/gioi-thieu-viec-lam/thong-bao-ve-viec-tuyen-dung-nhan-su-cong-ty-tnhh-duoc-pham-viet-tin-t-h-a/,Cơ sở Thanh Hóa,Thanh Hóa,CO_SO_THANH_HOA,false,1,auto,2,1598,ok,477994,7a0b62816d9aaf8546d96232e368f23b6c22dc5c14c61df8fd628efd9e85cf1f,files/co-so-thanh-hoa/7a0b62816d9a.pdf,false,2026-09-30T07:42:09+00:00,true,,
802bb79f1f37,IUH-giay_chung_nhan_thanh_vien_aun.pdf,https://th.iuh.edu.vn/wp-content/uploads/2017/03/IUH-giay_chung_nhan_thanh_vien_aun.pdf,https://th.iuh.edu.vn/thong-bao/giay-chung-nhan-thanh-vien-aun-qa/,Cơ sở Thanh Hóa,Thanh Hóa,CO_SO_THANH_HOA,true,,auto,1,0,scanned,320885,802bb79f1f378e5ea4cf8e8fd23490b69d4fea43627dcc90e4e0e7b466215a3c,scanned_pdf/co-so-thanh-hoa/802bb79f1f37.pdf,false,2026-09-30T07:41:48+00:00,false,,
8852323e826e,TB-tuyen-sinh-DHLT-dot-1.2025.pdf,https://th.iuh.edu.vn/wp-content/uploads/2025/04/TB-tuyen-sinh-DHLT-dot-1.2025.pdf,https://th.iuh.edu.vn/thong-bao/xet-tuyen-dai-hoc-lien-thong-dot-1-nam-2025/,Cơ sở Thanh Hóa,Thanh Hóa,CO_SO_THANH_HOA,false,1,auto,2,0,scanned,556370,8852323e826e875603c60b0e6d90924d1956d3d42a5f6dff6737020417434727,scanned_pdf/co-so-thanh-hoa/8852323e826e.pdf,false,2026-09-30T07:43:44+00:00,false,,
945ce26f09b7,Diem-chuan-2024.pdf,https://th.iuh.edu.vn/wp-content/uploads/2024/07/Diem-chuan-2024.pdf,https://th.iuh.edu.vn/thong-bao/cong-bo-diem-du-dieu-kien-trung-tuyen-bac-dai-hoc-he-chinh-quy-nam-2024-bang-phuong-thuc-xet-tuyen-su-dung-ket-qua-hoc-tap-thpt-va-uu-tien-xet-tuyen/,Cơ sở Thanh Hóa,Thanh Hóa,CO_SO_THANH_HOA,false,1,auto,5,0,scanned,2147362,945ce26f09b76fcc291faebccd61cecc983570cb9faff579f9effaed87fcf48a,scanned_pdf/co-so-thanh-hoa/945ce26f09b7.pdf,false,2026-09-30T07:43:32+00:00,false,,
946601c209c0,Thong-bao-nhan-bang-TN-2023.pdf,https://th.iuh.edu.vn/wp-content/uploads/2023/11/Thong-bao-nhan-bang-TN-2023.pdf,https://th.iuh.edu.vn/thong-bao/ke-hoach-to-chuc-le-be-giang-va-phat-bang-tot-nghiep-nam-2023/,Cơ sở Thanh Hóa,Thanh Hóa,CO_SO_THANH_HOA,true,,auto,3,0,scanned,1088672,946601c209c032e365ba64c13b2a2a7c3c1ea1e2737261e690b3ebd394a098a3,scanned_pdf/co-so-thanh-hoa/946601c209c0.pdf,false,2026-09-30T07:43:22+00:00,false,,
a02e902eebba,thong-bao-hoc-truc-tuyen-.pdf,https://th.iuh.edu.vn/wp-content/uploads/2021/05/thong-bao-hoc-truc-tuyen-.pdf,https://th.iuh.edu.vn/thong-bao/thong-bao-trien-khai-giang-day-va-hoc-tap-truc-tuyen-de-dam-bao-phong-chong-dich-benh-covid-19-lan-2/,Cơ sở Thanh Hóa,Thanh Hóa,CO_SO_THANH_HOA,true,,auto,2,0,scanned,608515,a02e902eebba229cea214c9bfa2b5d0109d1df84440caf9c80f6bda92f06725d,scanned_pdf/co-so-thanh-hoa/a02e902eebba.pdf,false,2026-09-30T07:42:49+00:00,false,,
a48fc024ccd7,02.-Phieu-dang-ky-xet-tuyen-so-2.pdf,https://th.iuh.edu.vn/wp-content/uploads/2022/09/02.-Phieu-dang-ky-xet-tuyen-so-2.pdf,https://th.iuh.edu.vn/van-ban-huong-dan/bieu-mau-phieu-dang-ky-xet-tuyen-dai-hoc-lien-thong/,Cơ sở Thanh Hóa,Thanh Hóa,CO_SO_THANH_HOA,true,,auto,1,2570,ok,296928,a48fc024ccd74439e007f2ad74f78d908d5a00a64eb261dc06c051ca7bff974f,files/co-so-thanh-hoa/a48fc024ccd7.pdf,false,2026-09-30T07:43:08+00:00,true,,
a6090a1cf910,Tuyen-dung-Giam-doc-chi-nhanh-ViMASS.pdf,https://th.iuh.edu.vn/wp-content/uploads/2022/08/Tuyen-dung-Giam-doc-chi-nhanh-ViMASS.pdf,https://th.iuh.edu.vn/thong-bao/cong-ty-co-phan-dich-vu-nen-di-dong-viet-nam-vimass-tuyen-dung-giam-doc-chi-nhanh-thanh-hoa/,Cơ sở Thanh Hóa,Thanh Hóa,CO_SO_THANH_HOA,true,,auto,2,0,scanned,709889,a6090a1cf9100194f20655a60a972e7544fcce5e2b51be67281ec5630bfc0dec,scanned_pdf/co-so-thanh-hoa/a6090a1cf910.pdf,false,2026-09-30T07:43:03+00:00,false,,
a75328181c94,cd_len_dh.pdf,https://th.iuh.edu.vn/wp-content/uploads/2017/11/cd_len_dh.pdf,https://th.iuh.edu.vn/thong-bao/thong-bao-tuyen-sinh-lien-thong-trinh-do-cao-dang-len-trinh-do-dai-hoc/,Cơ sở Thanh Hóa,Thanh Hóa,CO_SO_THANH_HOA,true,,auto,2,2809,garbled_ocr,1329811,a75328181c94f72b64d4a05523d3d2f1e1a0c42758623bbedfc88c2df38deb8a,scanned_pdf/co-so-thanh-hoa/a75328181c94.pdf,false,2026-09-30T07:41:50+00:00,false,,
a8185eae9b9b,tb08.pdf,https://th.iuh.edu.vn/wp-content/uploads/2021/01/tb08.pdf,https://th.iuh.edu.vn/thong-bao/thong-bao-v-v-tang-cuong-phong-chong-dich-covid-19-trong-truong-hoc/,Cơ sở Thanh Hóa,Thanh Hóa,CO_SO_THANH_HOA,false,4,auto,1,0,scanned,412455,a8185eae9b9be630a1551b2f292115ccb79ba2d69bf8fe064263d473d120e0b9,scanned_pdf/co-so-thanh-hoa/a8185eae9b9b.pdf,false,2026-09-30T07:42:40+00:00,false,,
acce795d322b,Thong-bao-tuyen-dung-Cty-XuanThien.pdf,https://th.iuh.edu.vn/wp-content/uploads/2025/10/Thong-bao-tuyen-dung-Cty-XuanThien.pdf,https://th.iuh.edu.vn/thong-bao/cong-ty-co-phan-xuan-thien-thanh-hoa-tuyen-dung/,Cơ sở Thanh Hóa,Thanh Hóa,CO_SO_THANH_HOA,true,,auto,2,0,scanned,375275,acce795d322b9a5abfc658a9ffbce463fd9ef689166959d617b71a91ee8ff2cf,scanned_pdf/co-so-thanh-hoa/acce795d322b.pdf,false,2026-09-30T07:43:48+00:00,false,,
bd735143cb1f,Huong-dan-mien-giam-hoc-phi-2022.pdf,https://th.iuh.edu.vn/wp-content/uploads/2022/09/Huong-dan-mien-giam-hoc-phi-2022.pdf,https://th.iuh.edu.vn/thong-bao/huong-dan-v-v-thuc-hien-chinh-sach-mien-giam-hoc-phi-nam-hoc-2022-2023/,Cơ sở Thanh Hóa,Thanh Hóa,CO_SO_THANH_HOA,false,2,auto,5,0,scanned,1189722,bd735143cb1fc1dc6ec82d85161cf375030468bdccc0250b90b3c002e8496b28,scanned_pdf/co-so-thanh-hoa/bd735143cb1f.pdf,false,2026-09-30T07:43:10+00:00,false,,
c0b1fbaafd7f,02.-Phieu-dang-ky-xet-tuyen-so-2.pdf,https://th.iuh.edu.vn/wp-content/uploads/2026/03/02.-Phieu-dang-ky-xet-tuyen-so-2.pdf,https://th.iuh.edu.vn/van-ban-tien-ich/phieu-xet-tuyen-dai-hoc-lien-thong/,Cơ sở Thanh Hóa,Thanh Hóa,CO_SO_THANH_HOA,false,2,auto,1,2536,ok,280221,c0b1fbaafd7f636e56b9e54a9c03bba2eb4bc102b4ebaad6dd680902d823562c,files/co-so-thanh-hoa/c0b1fbaafd7f.pdf,false,2026-09-30T07:43:55+00:00,true,,
c11e36e8e770,DS_thi_B_20.04.2019-1.pdf,https://th.iuh.edu.vn/wp-content/uploads/2019/04/DS_thi_B_20.04.2019-1.pdf,https://th.iuh.edu.vn/thong-bao/lich-thi-chung-chi-tieng-anh-trinh-do-b/,Cơ sở Thanh Hóa,Thanh Hóa,CO_SO_THANH_HOA,true,,auto,1,2040,ok,404739,c11e36e8e7703876fc81e62c9a08edcc47b5c67b7f91f83c51be3c02915b539f,files/co-so-thanh-hoa/c11e36e8e770.pdf,false,2026-09-30T07:42:30+00:00,true,,
c1c5047ec4fc,thong-bao-ngay-hoi-viec-lam.pdf,https://th.iuh.edu.vn/wp-content/uploads/2017/12/thong-bao-ngay-hoi-viec-lam.pdf,https://th.iuh.edu.vn/gioi-thieu-viec-lam/ngay-hoi-viec-lam-tai-dai-hoc-hong-duc/,Cơ sở Thanh Hóa,Thanh Hóa,CO_SO_THANH_HOA,false,4,auto,4,7763,ok,1863508,c1c5047ec4fc1ea2d0af189cea8977a51a86767a302e42f23cd9286650863e23,files/co-so-thanh-hoa/c1c5047ec4fc.pdf,false,2026-09-30T07:42:20+00:00,true,,
c5562f7c1ecd,Tuyen-dung-SV-lam-them-tai-Thanh-Hoa.pdf,https://th.iuh.edu.vn/wp-content/uploads/2022/12/Tuyen-dung-SV-lam-them-tai-Thanh-Hoa.pdf,https://th.iuh.edu.vn/thong-bao/cong-ty-co-phan-truyen-thong-an-pham-du-lich-viet-nam-tuyen-dung/,Cơ sở Thanh Hóa,Thanh Hóa,CO_SO_THANH_HOA,true,,auto,2,3993,ok,458964,c5562f7c1ecde96b7c9217bd14b05d4398a5a1e76b1ecab3d9ca3578aabea3cb,files/co-so-thanh-hoa/c5562f7c1ecd.pdf,false,2026-09-30T07:43:14+00:00,true,,
c708e20c86ce,Thong-bao-TN-Thang3.2024.pdf,https://th.iuh.edu.vn/wp-content/uploads/2023/11/Thong-bao-TN-Thang3.2024.pdf,https://th.iuh.edu.vn/thong-bao/thong-bao-ke-hoach-xet-cong-nhan-tot-nghiep-dot-thang-3-nam-2024/,Cơ sở Thanh Hóa,Thanh Hóa,CO_SO_THANH_HOA,false,1,auto,1,0,scanned,389087,c708e20c86ce03944bacd44fde6692302c55c7b884779d0676a415254d3f40a2,scanned_pdf/co-so-thanh-hoa/c708e20c86ce.pdf,false,2026-09-30T07:43:20+00:00,false,,
d1b77581710b,tuyen-lao-dong_tts_song_hong.pdf,https://th.iuh.edu.vn/wp-content/uploads/2017/12/tuyen-lao-dong_tts_song_hong.pdf,https://th.iuh.edu.vn/gioi-thieu-viec-lam/tuyen-ky-su-thuc-tap-sinh-tai-nhat-ban/,Cơ sở Thanh Hóa,Thanh Hóa,CO_SO_THANH_HOA,true,,auto,4,4946,garbled_ocr,1793255,d1b77581710bbcf82b7649cceed024a735a4fbfb05697030fde50b8e937b0214,scanned_pdf/co-so-thanh-hoa/d1b77581710b.pdf,false,2026-09-30T07:42:23+00:00,false,,
d43169d4eba0,TB-tuyen-sinh-DHLT-dot-1-2026-CSTH.pdf,https://th.iuh.edu.vn/wp-content/uploads/2026/03/TB-tuyen-sinh-DHLT-dot-1-2026-CSTH.pdf,https://th.iuh.edu.vn/thong-bao/xet-tuyen-dai-hoc-lien-thong-dot-1-nam-2026/,Cơ sở Thanh Hóa,Thanh Hóa,CO_SO_THANH_HOA,true,,auto,2,0,scanned,560191,d43169d4eba07a88590dbadf4c0094da8ee492e6d5a80b41d120035df97242e7,scanned_pdf/co-so-thanh-hoa/d43169d4eba0.pdf,false,2026-09-30T07:43:57+00:00,false,,
d8be31c03108,Thong-bao-xet-TN-dot-thang-10.2023.pdf,https://th.iuh.edu.vn/wp-content/uploads/2023/07/Thong-bao-xet-TN-dot-thang-10.2023.pdf,https://th.iuh.edu.vn/thong-bao/thong-bao-ke-hoach-xet-cong-nhan-tot-nghiep-dot-thang-10-nam-2023/,Cơ sở Thanh Hóa,Thanh Hóa,CO_SO_THANH_HOA,false,1,auto,2,0,scanned,702792,d8be31c03108afeb4c6aad3d33e8f3717c25d5d5c8d6cc0c718b494922f7a8ad,scanned_pdf/co-so-thanh-hoa/d8be31c03108.pdf,false,2026-09-30T07:43:19+00:00,false,,
e4422510c09a,CVTT_DHCNTPHCM.pdf,https://th.iuh.edu.vn/wp-content/uploads/2017/12/CVTT_DHCNTPHCM.pdf,https://th.iuh.edu.vn/gioi-thieu-viec-lam/chuong-trinh-thuc-tap-trai-nghiem-thuc-te-tai-cong-ty-samsung/,Cơ sở Thanh Hóa,Thanh Hóa,CO_SO_THANH_HOA,true,,auto,1,0,scanned,275022,e4422510c09a6818cae1db3634857698de0c22ed84a303e8b23a61993eb68182,scanned_pdf/co-so-thanh-hoa/e4422510c09a.pdf,false,2026-09-30T07:41:56+00:00,false,,
e48b760cc923,Xet-TN-dot-thang-7.2023.pdf,https://th.iuh.edu.vn/wp-content/uploads/2023/04/Xet-TN-dot-thang-7.2023.pdf,https://th.iuh.edu.vn/thong-bao/thong-bao-ke-hoach-xet-cong-nhan-tot-nghiep-dot-thang-7-nam-2023/,Cơ sở Thanh Hóa,Thanh Hóa,CO_SO_THANH_HOA,false,3,auto,2,0,scanned,711359,e48b760cc923faad79ec80dbf5e3cca2993f358e5064c06ff8f75f6218877756,scanned_pdf/co-so-thanh-hoa/e48b760cc923.pdf,false,2026-09-30T07:43:17+00:00,false,,
e63e0df418e8,01.-Phieu-dang-ky-xet-tuyen-so-1.pdf,https://th.iuh.edu.vn/wp-content/uploads/2022/09/01.-Phieu-dang-ky-xet-tuyen-so-1.pdf,https://th.iuh.edu.vn/van-ban-huong-dan/bieu-mau-phieu-dang-ky-xet-tuyen-dai-hoc-lien-thong/,Cơ sở Thanh Hóa,Thanh Hóa,CO_SO_THANH_HOA,true,,auto,1,2600,ok,300650,e63e0df418e86fbf822ecfb80bfa7b024bf953e4a041afc6c9da9c7c05cc0f5a,files/co-so-thanh-hoa/e63e0df418e8.pdf,false,2026-09-30T07:43:06+00:00,true,,
e7025cf550c4,bb_ghi_nho_samsung_02-2017.pdf,https://th.iuh.edu.vn/wp-content/uploads/2017/11/bb_ghi_nho_samsung_02-2017.pdf,https://th.iuh.edu.vn/thong-bao/bien-ban-ghi-nho-ve-viec-tuyen-dung-sinh-vien-giua-co-so-thanh-hoa-va-samsung-viet-nam-thai-nguyen/,Cơ sở Thanh Hóa,Thanh Hóa,CO_SO_THANH_HOA,true,,auto,3,3865,garbled_ocr,946366,e7025cf550c473b66f06457acc5512e7b8fb9fe40fe3fa6deb77663b86b253b6,scanned_pdf/co-so-thanh-hoa/e7025cf550c4.pdf,false,2026-09-30T07:41:49+00:00,false,,
e93ddc8bb2e8,Xet-TN-dot-Thang4.2023.pdf,https://th.iuh.edu.vn/wp-content/uploads/2022/11/Xet-TN-dot-Thang4.2023.pdf,https://th.iuh.edu.vn/thong-bao/quyet-dinh-khen-thuong-hoi-dien-van-nghe-khoi-vc-nld-nam-2022/,Cơ sở Thanh Hóa,Thanh Hóa,CO_SO_THANH_HOA,true,,auto,2,0,scanned,519971,e93ddc8bb2e8d4a3b575229981e2f954c8663014a4ea87e664b572aee271842f,scanned_pdf/co-so-thanh-hoa/e93ddc8bb2e8.pdf,false,2026-09-30T07:43:12+00:00,false,,
e94fc0e615b8,Sales-Trainee-2022.pdf,https://th.iuh.edu.vn/wp-content/uploads/2022/04/Sales-Trainee-2022.pdf,https://th.iuh.edu.vn/thong-bao/tap-doan-mondelez-kinh-do-viet-nam-tuyen-dung/,Cơ sở Thanh Hóa,Thanh Hóa,CO_SO_THANH_HOA,true,,auto,3,3558,ok,1255638,e94fc0e615b8b6a5c10e64f258f9e9db199def97484b55db1fac7c97abac61f8,files/co-so-thanh-hoa/e94fc0e615b8.pdf,false,2026-09-30T07:42:54+00:00,true,,
eb2e4833537f,KH-xet-TN-thang-7.2024.pdf,https://th.iuh.edu.vn/wp-content/uploads/2024/04/KH-xet-TN-thang-7.2024.pdf,https://th.iuh.edu.vn/khong-phan-loai/thong-bao-ke-hoach-xet-cong-nhan-tot-nghiep-dot-thang-7-nam-2024/,Cơ sở Thanh Hóa,Thanh Hóa,CO_SO_THANH_HOA,false,4,auto,1,0,scanned,399574,eb2e4833537f89d620826797275f4626876511b4fcda816e8f4f64ccb7997b6a,scanned_pdf/co-so-thanh-hoa/eb2e4833537f.pdf,false,2026-09-30T07:43:28+00:00,false,,
f0075047a694,ke_hoach_trien_khai_cong_tac_giao_duc_atgt_2019.pdf,https://th.iuh.edu.vn/wp-content/uploads/2019/04/ke_hoach_trien_khai_cong_tac_giao_duc_atgt_2019.pdf,https://th.iuh.edu.vn/thong-bao/ke-hoach-trien-khai-tuyen-truyen-an-toan-giao-thong-trong-truong-hoc-nam-2019/,Cơ sở Thanh Hóa,Thanh Hóa,CO_SO_THANH_HOA,true,,auto,3,0,scanned,2085178,f0075047a69458d4810000286166f152f637504f30cd1b3fdc6e3138da645481,scanned_pdf/co-so-thanh-hoa/f0075047a694.pdf,false,2026-09-30T07:42:33+00:00,false,,
f32549697284,thihoclai2015.pdf,https://th.iuh.edu.vn/wp-content/uploads/2017/12/thihoclai2015.pdf,https://th.iuh.edu.vn/thong-bao/lich-thi-hoc-lai-tin-chi-hoc-ky-2-2015-2016/,Cơ sở Thanh Hóa,Thanh Hóa,CO_SO_THANH_HOA,true,,auto,1,720,ok,397815,f32549697284628dad5e5df0ee8ec30ddc89c35c63726e6e4616072e2679bfda,files/co-so-thanh-hoa/f32549697284.pdf,false,2026-09-30T07:42:14+00:00,true,,
fe6b9408fe7e,Thong-bao-Tuyen-Dung-Loc-Hoa-Dau-Nghi-Son.pdf,https://th.iuh.edu.vn/wp-content/uploads/2019/06/Thong-bao-Tuyen-Dung-Loc-Hoa-Dau-Nghi-Son.pdf,https://th.iuh.edu.vn/thong-bao/thong-bao-tuyen-dung-cua-cong-ty-loc-hoa-dau-nghi-son/,Cơ sở Thanh Hóa,Thanh Hóa,CO_SO_THANH_HOA,true,,auto,1,0,scanned,2033777,fe6b9408fe7ec178ceaa3f8495e671812a6af327d69195ecbf40aa5c9bdc9659,scanned_pdf/co-so-thanh-hoa/fe6b9408fe7e.pdf,false,2026-09-30T07:42:35+00:00,false,,
c058e5b3f380,qd966_2021.pdf,https://iuh.edu.vn/Resource/Upload2/files/2021/07/qd966_2021.pdf,https://camnang.iuh.edu.vn/tam-nhin.php,Cẩm nang người học,HCM,PHONG_CTSV,true,,auto,11,0,scanned,3668948,c058e5b3f3804e96a0a832bb0f34523df17e8ec791afe6badd727e5607791525,scanned_pdf/cam-nang-nguoi-hoc/c058e5b3f380.pdf,true,2026-09-30T07:41:44+00:00,false,,
011a1201c893,THI-Y-TUONG-KH-SINH-VIEN-KCK-2012-2013.pdf,https://fme.iuh.edu.vn/wp-content/uploads/2016/11/THI-Y-TUONG-KH-SINH-VIEN-KCK-2012-2013.pdf,https://fme.iuh.edu.vn/nghien-cuu-khoa-hoc/cuoc-thi-y-tuong-khoa-hoc-khoa-cong-nghe-co-khi/,Khoa Công nghệ Cơ khí,HCM,KHOA_CN_CO_KHI,true,,auto,4,6440,ok,159239,011a1201c893a2aa7e0a39bcf63c414a8f67e1008e45d5c9beeb7b27ddbeca7c,files/khoa-cong-nghe-co-khi/011a1201c893.pdf,false,2026-09-30T07:42:13+00:00,true,,
021339e41a60,K14-CTK-CNKTCK.pdf,https://fme.iuh.edu.vn/wp-content/uploads/2019/04/K14-CTK-CNKTCK.pdf,https://fme.iuh.edu.vn/nganh-cong-nghe-ky-thuat-co-khi/chuong-trinh-khung-nganh-cong-nghe-ky-thuat-co-khi-khoa-14/,Khoa Công nghệ Cơ khí,HCM,KHOA_CN_CO_KHI,true,,auto,5,8868,ok,746994,021339e41a606d72ed56d9e9e9b7037a7fc979b353c46426115384556ead8707,files/khoa-cong-nghe-co-khi/021339e41a60.pdf,false,2026-09-30T07:42:54+00:00,true,,
05c5a90feec5,ctm-k15.pdf,https://fme.iuh.edu.vn/wp-content/uploads/2021/06/ctm-k15.pdf,https://fme.iuh.edu.vn/bo-mon-che-tao-may/chuong-trinh-khung-nganh-cong-nghe-che-tao-may-khoa-15/,Khoa Công nghệ Cơ khí,HCM,KHOA_CN_CO_KHI,false,3,auto,4,12570,ok,253187,05c5a90feec5ab48f643237bbabd0a5e32db7adc8e96307c06e631e8d202ebea,files/khoa-cong-nghe-co-khi/05c5a90feec5.pdf,false,2026-09-30T07:43:14+00:00,true,,
0a98f53cee30,ktck-k16.pdf,https://fme.iuh.edu.vn/wp-content/uploads/2021/06/ktck-k16.pdf,https://fme.iuh.edu.vn/bo-mon-co-so-thiet-ke/chuong-trinh-khung-nganh-cong-nghe-ky-thuat-co-khi-khoa-16/,Khoa Công nghệ Cơ khí,HCM,KHOA_CN_CO_KHI,true,,auto,4,12757,ok,432248,0a98f53cee307163551ef3553a9a28ae82c2a623c3d79010afde7ebbf27e8128,files/khoa-cong-nghe-co-khi/0a98f53cee30.pdf,false,2026-09-30T07:43:20+00:00,true,,
0b7aca1653ed,DHCK21_TCTA.pdf,https://fme.iuh.edu.vn/wp-content/uploads/2025/11/DHCK21_TCTA.pdf,https://fme.iuh.edu.vn/nganh-cong-nghe-ky-thuat-co-khi/chuong-trinh-khung-nganh-cong-nghe-ky-thuat-co-khi-khoa-21-he-tang-cuong-tieng-anh/,Khoa Công nghệ Cơ khí,HCM,KHOA_CN_CO_KHI,true,,auto,4,13527,ok,481652,0b7aca1653ed548bc29c00ddc62ba721c6aaed8cfb3b957fc854876a07901119,files/khoa-cong-nghe-co-khi/0b7aca1653ed.pdf,false,2026-09-30T07:44:52+00:00,true,,
0c126f0c89b7,Mau-don-xin-thuc-tap.pdf,https://fme.iuh.edu.vn/wp-content/uploads/2022/07/Mau-don-xin-thuc-tap.pdf,https://fme.iuh.edu.vn/thong-bao-sinh-vien/thong-bao-v-v-dang-ky-thuc-tap-doanh-nghiep-trong-hoc-ky-1-dot-2-nam-hoc-2024-2025/,Khoa Công nghệ Cơ khí,HCM,KHOA_CN_CO_KHI,true,,auto,1,1373,ok,349373,0c126f0c89b7e6c3f09cd97c60863420ac88fc9bef6c50d7b2627d1a3b6d8106,files/khoa-cong-nghe-co-khi/0c126f0c89b7.pdf,false,2026-09-30T07:43:27+00:00,true,,
0cb41770ffb9,TB-66-2024.pdf,https://fme.iuh.edu.vn/wp-content/uploads/2024/08/TB-66-2024.pdf,https://fme.iuh.edu.vn/dai-hoc-chinh-quy/thong-bao-tuyen-sinh-bac-dai-hoc-he-chinh-quy-nam-2024/,Khoa Công nghệ Cơ khí,HCM,KHOA_CN_CO_KHI,false,2,auto,11,0,scanned,4680482,0cb41770ffb9876a1b796b0d2a5b1c94a774561e585b67dd8c6bdf825823893f,scanned_pdf/khoa-cong-nghe-co-khi/0cb41770ffb9.pdf,false,2026-09-30T07:44:16+00:00,false,,
0db21631cd5a,DHCT18_TT-1.pdf,https://fme.iuh.edu.vn/wp-content/uploads/2025/11/DHCT18_TT-1.pdf,https://fme.iuh.edu.vn/bo-mon-che-tao-may/chuong-trinh-khung-nganh-cong-nghe-che-tao-may-khoa-18-he-tien-tien/,Khoa Công nghệ Cơ khí,HCM,KHOA_CN_CO_KHI,false,3,auto,4,13973,ok,480841,0db21631cd5a073d89ed619bae687642716cff6e2fc55a4b69c8fc6a2315a4ca,files/khoa-cong-nghe-co-khi/0db21631cd5a.pdf,false,2026-09-30T07:44:54+00:00,true,,
0e552f643f22,DS-thuc-tap-doanh-nghiep_HK2-2025-2026_dot_2ver.02-3.pdf,https://fme.iuh.edu.vn/wp-content/uploads/2026/03/DS-thuc-tap-doanh-nghiep_HK2-2025-2026_dot_2ver.02-3.pdf,https://fme.iuh.edu.vn/thong-bao-sinh-vien/thong-bao-danh-sach-sinh-vien-di-thuc-tap-doanh-nghiep-trong-hk2-nam-hoc-2025-2026-dot-2/,Khoa Công nghệ Cơ khí,HCM,KHOA_CN_CO_KHI,true,,auto,18,17277,ok,605087,0e552f643f22ac586dde1e8dc8471562085c40364f7aebe28980600cd0ce4636,files/khoa-cong-nghe-co-khi/0e552f643f22.pdf,false,2026-09-30T07:45:04+00:00,true,,
0e6c7f21602c,Don-xin-chuyen-bac-dao-tao.pdf,https://fme.iuh.edu.vn/wp-content/uploads/2015/11/Don-xin-chuyen-bac-dao-tao.pdf,https://fme.iuh.edu.vn/bieu-mau/bieu-mau-giai-quyet-hoc-vu-cho-sinh-vien/,Khoa Công nghệ Cơ khí,HCM,KHOA_CN_CO_KHI,true,,auto,1,1979,ok,144609,0e6c7f21602c705fc5227ef346c82cbd93cd62b320ae28f2426a81830a6c21aa,files/khoa-cong-nghe-co-khi/0e6c7f21602c.pdf,false,2026-09-30T07:41:46+00:00,true,,
199defa77bd3,CTDT-CDT-K17-2021.pdf,https://fme.iuh.edu.vn/wp-content/uploads/2021/11/CTDT-CDT-K17-2021.pdf,https://fme.iuh.edu.vn/bo-mon-co-dien-tu/chuong-trinh-khung-nganh-cong-nghe-ky-thuat-co-dien-tu-khoa-17/,Khoa Công nghệ Cơ khí,HCM,KHOA_CN_CO_KHI,true,,auto,4,13003,ok,429633,199defa77bd330223cc0b34a89855fc796ba1fca7484eef8dad657685511c885,files/khoa-cong-nghe-co-khi/199defa77bd3.pdf,false,2026-09-30T07:43:21+00:00,true,,
19a29cc5fe5b,GUIDE-HANDBOOK-FOR-STUDENT-2023-web.pdf,https://fme.iuh.edu.vn/wp-content/uploads/2023/04/GUIDE-HANDBOOK-FOR-STUDENT-2023-web.pdf,https://fme.iuh.edu.vn/bo-mon-co-dien-tu/so-tay-huong-dan-cho-sinh-vien/,Khoa Công nghệ Cơ khí,HCM,KHOA_CN_CO_KHI,true,,auto,64,113002,ok,2048369,19a29cc5fe5bf1465934de6b72e88c6b028eada4c128a802a7ea393da6f539c5,files/khoa-cong-nghe-co-khi/19a29cc5fe5b.pdf,false,2026-09-30T07:43:40+00:00,true,,
1a6a72feda55,De-tai-Co-so-thiet-ke.pdf,https://fme.iuh.edu.vn/wp-content/uploads/2017/01/De-tai-Co-so-thiet-ke.pdf,https://fme.iuh.edu.vn/thong-bao-sinh-vien/de-tai-tot-nghiep-hk2-nam-hoc-2016-2017/,Khoa Công nghệ Cơ khí,HCM,KHOA_CN_CO_KHI,true,,auto,4,6589,ok,409142,1a6a72feda557052d48993062e8a3a2801288cd0fd1331eb3b91dffe74a0aa69,files/khoa-cong-nghe-co-khi/1a6a72feda55.pdf,false,2026-09-30T07:42:32+00:00,true,,
242b1421832c,DHCT20.pdf,https://fme.iuh.edu.vn/wp-content/uploads/2025/11/DHCT20.pdf,https://fme.iuh.edu.vn/bo-mon-che-tao-may/chuong-trinh-khung-nganh-cong-nghe-che-tao-may-khoa-20-he-dai-tra/,Khoa Công nghệ Cơ khí,HCM,KHOA_CN_CO_KHI,false,4,auto,4,13450,ok,481074,242b1421832c5d507c5e0e77877b2193db4496c7307249a79f5cdd0cc34275fa,files/khoa-cong-nghe-co-khi/242b1421832c.pdf,false,2026-09-30T07:44:57+00:00,true,,
24491ece0c31,cnktck_-_2016.pdf,https://fme.iuh.edu.vn/wp-content/uploads/2016/12/cnktck_-_2016.pdf,https://fme.iuh.edu.vn/bo-mon-co-so-thiet-ke/chuong-trinh-khung-nganh-cong-nghe-ky-thuat-co-khi/,Khoa Công nghệ Cơ khí,HCM,KHOA_CN_CO_KHI,false,3,auto,6,8217,ok,297833,24491ece0c31842b6ced41be259f6854669464181e66e57a693f928d4ef468f7,files/khoa-cong-nghe-co-khi/24491ece0c31.pdf,false,2026-09-30T07:42:24+00:00,true,,
2be8384fa1cf,DHCT21.pdf,https://fme.iuh.edu.vn/wp-content/uploads/2025/11/DHCT21.pdf,https://fme.iuh.edu.vn/bo-mon-che-tao-may/chuong-trinh-khung-nganh-cong-nghe-che-tao-may-khoa-21-he-dai-tra/,Khoa Công nghệ Cơ khí,HCM,KHOA_CN_CO_KHI,true,,auto,4,13332,ok,480576,2be8384fa1cf18c6439d2542396cce1280450829187840b46f199d5eb81b72cb,files/khoa-cong-nghe-co-khi/2be8384fa1cf.pdf,false,2026-09-30T07:44:59+00:00,true,,
2e206e8c09dd,Esuwork-vi-tri-ky-su-cong-ty-ve-kiem.pdf,https://fme.iuh.edu.vn/wp-content/uploads/2024/12/Esuwork-vi-tri-ky-su-cong-ty-ve-kiem.pdf,https://fme.iuh.edu.vn/thong-bao-sinh-vien/cong-ty-esuworks-thong-bao-tuyen-dung-ky-su-co-khi-thiet-ke-may-va-nhan-vien-thu-mua-kiem-phu-trach-kho/,Khoa Công nghệ Cơ khí,HCM,KHOA_CN_CO_KHI,true,,auto,3,3773,ok,198508,2e206e8c09dd41cb377c59fdbe42ba84d6871f908fe1f8965d464f4aa7b52a1f,files/khoa-cong-nghe-co-khi/2e206e8c09dd.pdf,false,2026-09-30T07:44:27+00:00,true,,
2f24fd498314,Mau-danh-gia_dn_ve_sv_thuc_tap_CTM.pdf,https://fme.iuh.edu.vn/wp-content/uploads/2016/11/Mau-danh-gia_dn_ve_sv_thuc_tap_CTM.pdf,https://fme.iuh.edu.vn/bieu-mau/mau-bao-cao-thuc-tap-tot-nghiep/,Khoa Công nghệ Cơ khí,HCM,KHOA_CN_CO_KHI,true,,auto,2,6685,ok,232833,2f24fd4983140ab19813e915b1a822def877624693883509054bf1f079bcd6cc,files/khoa-cong-nghe-co-khi/2f24fd498314.pdf,false,2026-09-30T07:42:08+00:00,true,,
3294766c6936,THU-NGO-CO-HOI-VIEC-LAM-SV-DA-SVD-signed.pdf,https://fme.iuh.edu.vn/wp-content/uploads/2026/09/THU-NGO-CO-HOI-VIEC-LAM-SV-DA-SVD-signed.pdf,https://fme.iuh.edu.vn/thong-bao-sinh-vien/cong-ty-cp-co-khi-xay-dung-thuong-mai-dai-dung-ddc-tuyen-dung-20-ky-su-co-khi-thu-nhap-len-den-18-trieu-dong/,Khoa Công nghệ Cơ khí,HCM,KHOA_CN_CO_KHI,true,,auto,2,0,scanned,833878,3294766c693621295e18f419fa2db170e5857d8eb93ee1f6ce38d4945139ffe8,scanned_pdf/khoa-cong-nghe-co-khi/3294766c6936.pdf,false,2026-09-30T07:45:12+00:00,false,,
33594be5d5e3,De-tai-Che-tao-may.pdf,https://fme.iuh.edu.vn/wp-content/uploads/2017/01/De-tai-Che-tao-may.pdf,https://fme.iuh.edu.vn/thong-bao-sinh-vien/de-tai-tot-nghiep-hk2-nam-hoc-2016-2017/,Khoa Công nghệ Cơ khí,HCM,KHOA_CN_CO_KHI,false,4,auto,1,1550,ok,238626,33594be5d5e34adcbc22d8bf3a70534a8e7aa368002976a72ecf4504cd505108,files/khoa-cong-nghe-co-khi/33594be5d5e3.pdf,false,2026-09-30T07:42:28+00:00,true,,
347ec666dc12,GUIDE-HANDBOOK-FOR-STUDENT-2024.pdf,https://fme.iuh.edu.vn/wp-content/uploads/2024/03/GUIDE-HANDBOOK-FOR-STUDENT-2024.pdf,https://fme.iuh.edu.vn/sau-dai-hoc/so-tay-huong-dan-cho-hoc-vien-cao-hoc-nganh-ky-thuat-co-khi-2024/,Khoa Công nghệ Cơ khí,HCM,KHOA_CN_CO_KHI,false,1,auto,63,105801,ok,1451341,347ec666dc12b5ec466951ece257ef21859a6755b6057138e5ca778fd30fdc7e,files/khoa-cong-nghe-co-khi/347ec666dc12.pdf,false,2026-09-30T07:44:02+00:00,true,,
35de2b80d05f,102-THONG-BAO-TUYEN-DUNG.pdf,https://fme.iuh.edu.vn/wp-content/uploads/2026/05/102-THONG-BAO-TUYEN-DUNG.pdf,https://fme.iuh.edu.vn/viec-lam-tuyen-dung/trung-tam-kiem-dinh-cong-nghiep-ii-thong-bao-tuyen-dung/,Khoa Công nghệ Cơ khí,HCM,KHOA_CN_CO_KHI,false,1,auto,2,0,scanned,418036,35de2b80d05f1df1a964124d606a2a2ee5f62bff822c6ee4f0c8a9cb2c5bf6da,scanned_pdf/khoa-cong-nghe-co-khi/35de2b80d05f.pdf,false,2026-09-30T07:45:05+00:00,false,,
365e2d6023b6,CTDT-KTCK-K17-2021.pdf,https://fme.iuh.edu.vn/wp-content/uploads/2021/11/CTDT-KTCK-K17-2021.pdf,https://fme.iuh.edu.vn/bo-mon-co-so-thiet-ke/chuong-trinh-khung-nganh-cong-nghe-ky-thuat-co-khi-khoa-17/,Khoa Công nghệ Cơ khí,HCM,KHOA_CN_CO_KHI,false,3,auto,4,12763,ok,426596,365e2d6023b60ce01b6cde4bd223aae2a3e42cba77bcca954cedcf9e08a7a2da,files/khoa-cong-nghe-co-khi/365e2d6023b6.pdf,false,2026-09-30T07:43:26+00:00,true,,
3720a5843a18,DHCT20_TCTA.pdf,https://fme.iuh.edu.vn/wp-content/uploads/2025/11/DHCT20_TCTA.pdf,https://fme.iuh.edu.vn/bo-mon-che-tao-may/chuong-trinh-khung-nganh-cong-nghe-che-tao-may-khoa-20-he-tang-cuong-tieng-anh/,Khoa Công nghệ Cơ khí,HCM,KHOA_CN_CO_KHI,true,,auto,4,13644,ok,480865,3720a5843a182ab8d412d87fc636eee7222dda0a262a67f2a53e150222e6c081,files/khoa-cong-nghe-co-khi/3720a5843a18.pdf,false,2026-09-30T07:44:58+00:00,true,,
39c99865c2c2,cnctm_-_2016.pdf,https://fme.iuh.edu.vn/wp-content/uploads/2016/12/cnctm_-_2016.pdf,https://fme.iuh.edu.vn/bo-mon-che-tao-may/chuong-trinh-khung-nganh-cong-nghe-che-tao-may/,Khoa Công nghệ Cơ khí,HCM,KHOA_CN_CO_KHI,false,3,auto,6,8441,ok,300822,39c99865c2c261b6fe37a1bb457566a4b41b1a10014b3d4a10431eb957ff99a2,files/khoa-cong-nghe-co-khi/39c99865c2c2.pdf,false,2026-09-30T07:42:22+00:00,true,,
3fd38eb16956,STAFF-HANDBOOK-2023-web.pdf,https://fme.iuh.edu.vn/wp-content/uploads/2023/04/STAFF-HANDBOOK-2023-web.pdf,https://fme.iuh.edu.vn/bo-mon-co-dien-tu/so-tay-giang-vien/,Khoa Công nghệ Cơ khí,HCM,KHOA_CN_CO_KHI,false,1,auto,71,113677,ok,4127366,3fd38eb16956c1139544acd1a3e32cef76a22c2bd8c0be53b73abe63ffa20c21,files/khoa-cong-nghe-co-khi/3fd38eb16956.pdf,false,2026-09-30T07:43:46+00:00,true,,
43ae5eef65bb,De-tai-Xuong-gia-con-cat-got.pdf,https://fme.iuh.edu.vn/wp-content/uploads/2017/01/De-tai-Xuong-gia-con-cat-got.pdf,https://fme.iuh.edu.vn/thong-bao-sinh-vien/de-tai-tot-nghiep-hk2-nam-hoc-2016-2017/,Khoa Công nghệ Cơ khí,HCM,KHOA_CN_CO_KHI,true,,auto,1,758,ok,183507,43ae5eef65bb667c34a34ce5b9b9cbea995f3e20ba93eaa769868bc9bed8a04b,files/khoa-cong-nghe-co-khi/43ae5eef65bb.pdf,false,2026-09-30T07:42:36+00:00,true,,
44679fbd2641,DHCDT20_TCTA.pdf,https://fme.iuh.edu.vn/wp-content/uploads/2025/11/DHCDT20_TCTA.pdf,https://fme.iuh.edu.vn/bo-mon-co-dien-tu/chuong-trinh-khung-nganh-cong-nghe-co-dien-tu-khoa-20-he-tang-cuong-tieng-anh/,Khoa Công nghệ Cơ khí,HCM,KHOA_CN_CO_KHI,true,,auto,4,14100,ok,488149,44679fbd2641950b730332e94f622b5c07205ef88794e315d3d8d0133d4fdf8f,files/khoa-cong-nghe-co-khi/44679fbd2641.pdf,false,2026-09-30T07:44:42+00:00,true,,
47fa3fd6db7e,DHCDT19_TT.pdf,https://fme.iuh.edu.vn/wp-content/uploads/2025/11/DHCDT19_TT.pdf,https://fme.iuh.edu.vn/bo-mon-co-dien-tu/chuong-trinh-khung-nganh-cong-nghe-co-dien-tu-khoa-19-he-tien-tien/,Khoa Công nghệ Cơ khí,HCM,KHOA_CN_CO_KHI,true,,auto,4,14255,ok,488128,47fa3fd6db7ecfa1391526435f8bb848a7093c77cae7bdf338c1fcfbada78432,files/khoa-cong-nghe-co-khi/47fa3fd6db7e.pdf,false,2026-09-30T07:44:40+00:00,true,,
48808347ee5d,Programme-specification-2020-web.pdf,https://fme.iuh.edu.vn/wp-content/uploads/2023/04/Programme-specification-2020-web.pdf,https://fme.iuh.edu.vn/bo-mon-co-dien-tu/chuong-trinh-dac-ta-nganh-cong-nghe-ky-thuat-co-dien-tu-2020/,Khoa Công nghệ Cơ khí,HCM,KHOA_CN_CO_KHI,true,,auto,47,87605,ok,2845786,48808347ee5d3566e2f8dff90d90cde4dc1a94f556d5cdf9abdddacedcb8e106,files/khoa-cong-nghe-co-khi/48808347ee5d.pdf,false,2026-09-30T07:43:42+00:00,true,,
48af980c4eb6,DHCDT20.pdf,https://fme.iuh.edu.vn/wp-content/uploads/2025/11/DHCDT20.pdf,https://fme.iuh.edu.vn/bo-mon-co-dien-tu/chuong-trinh-khung-nganh-cong-nghe-co-dien-tu-khoa-20-he-tien-tien/,Khoa Công nghệ Cơ khí,HCM,KHOA_CN_CO_KHI,true,,auto,4,13911,ok,488387,48af980c4eb6c529ff8de58351484f33b5f36feeeccc4c6be6c974fc24dfa190,files/khoa-cong-nghe-co-khi/48af980c4eb6.pdf,false,2026-09-30T07:44:41+00:00,true,,
4b4657a9924e,tb953.pdf,https://fme.iuh.edu.vn/wp-content/uploads/2024/08/tb953.pdf,https://fme.iuh.edu.vn/dai-hoc-he-lien-thong/thong-bao-v-v-tuyen-sinh-dao-tao-lien-thong-tu-trinh-do-cao-dang-len-trinh-do-dai-hoc-dot-2-nam-2023/,Khoa Công nghệ Cơ khí,HCM,KHOA_CN_CO_KHI,true,,auto,2,0,scanned,738455,4b4657a9924e5535316eaeccad89a086c8c11f45ca7fd2cfe1fa12afba580c28,scanned_pdf/khoa-cong-nghe-co-khi/4b4657a9924e.pdf,false,2026-09-30T07:44:22+00:00,false,,
4cb722fc0aeb,DHCK19.pdf,https://fme.iuh.edu.vn/wp-content/uploads/2025/11/DHCK19.pdf,https://fme.iuh.edu.vn/nganh-cong-nghe-ky-thuat-co-khi/chuong-trinh-khung-nganh-cong-nghe-ky-thuat-co-khi-khoa-19-he-dai-tra/,Khoa Công nghệ Cơ khí,HCM,KHOA_CN_CO_KHI,true,,auto,4,13616,ok,479401,4cb722fc0aeb691e3d41436f010f6e4c660dfc1cb80120d4d0b198ef3df56682,files/khoa-cong-nghe-co-khi/4cb722fc0aeb.pdf,false,2026-09-30T07:44:47+00:00,true,,
4ddd73d67e5c,Programme-specification-2022-web.pdf,https://fme.iuh.edu.vn/wp-content/uploads/2023/04/Programme-specification-2022-web.pdf,https://fme.iuh.edu.vn/bo-mon-co-dien-tu/chuong-trinh-dac-ta-nganh-cong-nghe-ky-thuat-co-dien-tu-2022/,Khoa Công nghệ Cơ khí,HCM,KHOA_CN_CO_KHI,true,,auto,66,114982,ok,5009980,4ddd73d67e5c776127eeda0f5b341035bbdca6325888b131b76dac26acbc4243,files/khoa-cong-nghe-co-khi/4ddd73d67e5c.pdf,false,2026-09-30T07:43:44+00:00,true,,
528cc72f2350,AMTEK-PROFILE.eng_29.06.2025.pdf,https://fme.iuh.edu.vn/wp-content/uploads/2025/07/AMTEK-PROFILE.eng_29.06.2025.pdf,https://fme.iuh.edu.vn/thong-bao-sinh-vien/cong-ty-amtek-thong-bao-tuyen-dung/,Khoa Công nghệ Cơ khí,HCM,KHOA_CN_CO_KHI,false,2,auto,8,1798,ok,1735588,528cc72f2350485839bdf657daa199a658233d87b0ad42d7aaa92ea8cbcc0325,files/khoa-cong-nghe-co-khi/528cc72f2350.pdf,false,2026-09-30T07:44:34+00:00,true,,
54a7ba887996,cdt-k16.pdf,https://fme.iuh.edu.vn/wp-content/uploads/2021/06/cdt-k16.pdf,https://fme.iuh.edu.vn/bo-mon-co-dien-tu/chuong-trinh-khung-nganh-cong-nghe-ky-thuat-co-dien-tu-khoa-16/,Khoa Công nghệ Cơ khí,HCM,KHOA_CN_CO_KHI,true,,auto,4,12996,ok,435381,54a7ba887996bca676d881abf8faaae08b92db6ee79f7e4d6caa7d4736fcbefd,files/khoa-cong-nghe-co-khi/54a7ba887996.pdf,false,2026-09-30T07:43:12+00:00,true,,
583209e343e1,Mau-don-Chuong-trinh-hoc-bong.pdf,https://fme.iuh.edu.vn/wp-content/uploads/2019/10/Mau-don-Chuong-trinh-hoc-bong.pdf,https://fme.iuh.edu.vn/thong-bao-sinh-vien/thong-bao-chuong-trinh-hoc-bong-gieo-hat-giong-tuong-lai/,Khoa Công nghệ Cơ khí,HCM,KHOA_CN_CO_KHI,true,,auto,1,0,scanned,3801,583209e343e108c604014827408a097f7a69376213cb2c28004ee0da5600597e,scanned_pdf/khoa-cong-nghe-co-khi/583209e343e1.pdf,false,2026-09-30T07:43:06+00:00,false,,
5893a6d91d6c,tb-hb-intel.pdf,https://fme.iuh.edu.vn/wp-content/uploads/2014/10/tb-hb-intel.pdf,https://fme.iuh.edu.vn/tin-tuc-su-kien/co-hoi-nhan-hoc-bong-va-lam-viec-tai-intel/,Khoa Công nghệ Cơ khí,HCM,KHOA_CN_CO_KHI,true,,auto,1,4749,ok,363982,5893a6d91d6c92807b355509c00c6fb48ff45955a55795388191c10a6cb767c4,files/khoa-cong-nghe-co-khi/5893a6d91d6c.pdf,false,2026-09-30T07:41:45+00:00,true,,
5d13a12954d6,CTY-VIJA-TUYEN-DUNG-NHAN-SU-2025.pdf,https://fme.iuh.edu.vn/wp-content/uploads/2025/02/CTY-VIJA-TUYEN-DUNG-NHAN-SU-2025.pdf,https://fme.iuh.edu.vn/thong-bao-sinh-vien/chi-nhanh-cong-ty-co-phan-ky-thuat-vija-thong-bao-tuyen-dung/,Khoa Công nghệ Cơ khí,HCM,KHOA_CN_CO_KHI,true,,auto,3,4213,ok,468568,5d13a12954d6fd6bb05a1e27d119a47b0ef29e6b2381c3498dbd26a64e4fe9e6,files/khoa-cong-nghe-co-khi/5d13a12954d6.pdf,false,2026-09-30T07:44:32+00:00,true,,
5e6b388de32b,DS-thuc-tap-doanh-nghiep_HK1-2026-2027-1.pdf,https://fme.iuh.edu.vn/wp-content/uploads/2026/07/DS-thuc-tap-doanh-nghiep_HK1-2026-2027-1.pdf,https://fme.iuh.edu.vn/thong-bao-sinh-vien/thong-bao-danh-sach-sinh-vien-di-thuc-tap-doanh-nghiep-trong-hk1-nam-hoc-2026-2027/,Khoa Công nghệ Cơ khí,HCM,KHOA_CN_CO_KHI,true,,auto,6,4498,ok,227005,5e6b388de32b20b8b5dc5429096f72a0087ad92f65d1dce8dea49171303fae6a,files/khoa-cong-nghe-co-khi/5e6b388de32b.pdf,false,2026-09-30T07:45:09+00:00,true,,
625e7c43c1b7,TUYEN-DUNG-KY-SU-DDC.pdf,https://fme.iuh.edu.vn/wp-content/uploads/2025/12/TUYEN-DUNG-KY-SU-DDC.pdf,https://fme.iuh.edu.vn/thong-bao-sinh-vien/thong-bao-tuyen-dung-ky-su-tai-tap-doan-dai-dung/,Khoa Công nghệ Cơ khí,HCM,KHOA_CN_CO_KHI,false,3,auto,1,1170,ok,513458,625e7c43c1b7806749e0dfe9cc658238bcbed06f5aca52b485b5a72f271f72a1,files/khoa-cong-nghe-co-khi/625e7c43c1b7.pdf,false,2026-09-30T07:45:03+00:00,true,,
636c834eddd9,TUYEN-DUNG-KY-SU-2025-CTY-VAN-NGHIA-MIEN-NAM.pdf,https://fme.iuh.edu.vn/wp-content/uploads/2025/07/TUYEN-DUNG-KY-SU-2025-CTY-VAN-NGHIA-MIEN-NAM.pdf,https://fme.iuh.edu.vn/thong-bao-sinh-vien/cong-ty-tnhh-sx-tm-dv-van-nghia-mien-nam-thong-bao-tuyen-dung-nhan-su/,Khoa Công nghệ Cơ khí,HCM,KHOA_CN_CO_KHI,false,3,auto,1,1822,ok,567148,636c834eddd9d5765c873d5e780343a1bd36fd47954996359b56acc678084a7b,files/khoa-cong-nghe-co-khi/636c834eddd9.pdf,false,2026-09-30T07:44:35+00:00,true,,
63b4169559cc,TBTD_DHCNHCM.pdf,https://fme.iuh.edu.vn/wp-content/uploads/2024/12/TBTD_DHCNHCM.pdf,https://fme.iuh.edu.vn/thong-bao-sinh-vien/cong-ty-tnhh-sx-tm-hoang-bao-thong-bao-tuyen-dung/,Khoa Công nghệ Cơ khí,HCM,KHOA_CN_CO_KHI,true,,auto,2,0,scanned,896401,63b4169559ccccdc6585cca5dba555424f2a8ff930c7b19545771dfb82887bdc,scanned_pdf/khoa-cong-nghe-co-khi/63b4169559cc.pdf,false,2026-09-30T07:44:31+00:00,false,,
68761ae5cf0b,Bai-tap-Thuc-hanh-CAD-CAM.pdf,https://fme.iuh.edu.vn/wp-content/uploads/2016/11/Bai-tap-Thuc-hanh-CAD-CAM.pdf,https://fme.iuh.edu.vn/bo-mon-cadcamcnc/he-thong-bai-tap-mon-thuc-hanh-cadcam/,Khoa Công nghệ Cơ khí,HCM,KHOA_CN_CO_KHI,false,4,auto,58,9101,ok,4689704,68761ae5cf0bdabe169ad665d530304494a38dddb7c8e814d31f041b90b60b96,files/khoa-cong-nghe-co-khi/68761ae5cf0b.pdf,false,2026-09-30T07:41:58+00:00,true,,
6b2e6d695f2b,STAFF-HANDBOOK-2024-1.pdf,https://fme.iuh.edu.vn/wp-content/uploads/2024/03/STAFF-HANDBOOK-2024-1.pdf,https://fme.iuh.edu.vn/sau-dai-hoc/so-tay-giang-vien-thac-si-nganh-ky-thuat-co-khi-2024/,Khoa Công nghệ Cơ khí,HCM,KHOA_CN_CO_KHI,false,4,auto,74,116533,ok,3551083,6b2e6d695f2b6a5fa360f058293f9fa02f5065941e80c48600f315c65100ebf1,files/khoa-cong-nghe-co-khi/6b2e6d695f2b.pdf,false,2026-09-30T07:44:07+00:00,true,,
6cc723725a6d,Tuyensinh_SDH_2018.pdf,https://fme.iuh.edu.vn/wp-content/uploads/2018/12/Tuyensinh_SDH_2018.pdf,https://fme.iuh.edu.vn/thong-bao-sinh-vien/thong-bao-tuyen-sinh-dao-tao-trinh-do-tien-si-nam-hoc-2018-2019/,Khoa Công nghệ Cơ khí,HCM,KHOA_CN_CO_KHI,true,,auto,4,0,scanned,2933718,6cc723725a6d608c42b3d61b1b39ee4368229fa41a52c5de8e7209ec0d374013,scanned_pdf/khoa-cong-nghe-co-khi/6cc723725a6d.pdf,false,2026-09-30T07:42:48+00:00,false,,
6ed2a695cdfb,DHCT19_TT.pdf,https://fme.iuh.edu.vn/wp-content/uploads/2025/11/DHCT19_TT.pdf,https://fme.iuh.edu.vn/bo-mon-che-tao-may/chuong-trinh-khung-nganh-cong-nghe-che-tao-may-khoa-19-he-tien-tien/,Khoa Công nghệ Cơ khí,HCM,KHOA_CN_CO_KHI,true,,auto,4,13823,ok,481233,6ed2a695cdfbc75bd4e1732d3d79e12e7a15bb0e258165cc6c40576fb88f374d,files/khoa-cong-nghe-co-khi/6ed2a695cdfb.pdf,false,2026-09-30T07:44:56+00:00,true,,
6f8c833ddef0,K14-CTK-CTM.pdf,https://fme.iuh.edu.vn/wp-content/uploads/2019/04/K14-CTK-CTM.pdf,https://fme.iuh.edu.vn/nganh-cong-nghe-che-tao-may/chuong-trinh-khung-nganh-cong-nghe-che-tao-may-khoa-14/,Khoa Công nghệ Cơ khí,HCM,KHOA_CN_CO_KHI,true,,auto,5,8961,ok,746793,6f8c833ddef07f29904ad0a4cfbbbb5923a7ca702f8dcb1ac76332ef23948874,files/khoa-cong-nghe-co-khi/6f8c833ddef0.pdf,false,2026-09-30T07:43:00+00:00,true,,
6fe0674e8158,DHCK18_TT.pdf,https://fme.iuh.edu.vn/wp-content/uploads/2025/11/DHCK18_TT.pdf,https://fme.iuh.edu.vn/nganh-cong-nghe-ky-thuat-co-khi/chuong-trinh-khung-nganh-cong-nghe-ky-thuat-co-khi-khoa-18-he-tien-tien/,Khoa Công nghệ Cơ khí,HCM,KHOA_CN_CO_KHI,true,,auto,4,13989,ok,482708,6fe0674e81582c4f12d03672c30b341da1abfee8941e04d35ac71bf2a63cdf38,files/khoa-cong-nghe-co-khi/6fe0674e8158.pdf,false,2026-09-30T07:44:46+00:00,true,,
733f89906773,Ito-Viet-Nam-_Thong-bao-tuyen-dung.pdf,https://fme.iuh.edu.vn/wp-content/uploads/2024/11/Ito-Viet-Nam-_Thong-bao-tuyen-dung.pdf,https://fme.iuh.edu.vn/thong-bao-sinh-vien/cong-ty-tnhh-ito-viet-nam-thong-bao-tuyen-dung/,Khoa Công nghệ Cơ khí,HCM,KHOA_CN_CO_KHI,true,,auto,1,0,scanned,549757,733f8990677314a72c33d11e5f373c39f664cddf695b6415317353b8b4f1c30a,scanned_pdf/khoa-cong-nghe-co-khi/733f89906773.pdf,false,2026-09-30T07:44:25+00:00,false,,
74243d6d5b06,VPCHEM-_-THONG-BAO-TUYEN-DUNG-PO-va-MO.pdf,https://fme.iuh.edu.vn/wp-content/uploads/2026/07/VPCHEM-_-THONG-BAO-TUYEN-DUNG-PO-va-MO.pdf,https://fme.iuh.edu.vn/viec-lam-tuyen-dung/cong-ty-tnhh-hoa-chat-chat-hoa-deo-vina-thong-bao-tuyen-dung/,Khoa Công nghệ Cơ khí,HCM,KHOA_CN_CO_KHI,true,,auto,1,1370,ok,176462,74243d6d5b069b563e753ac45020aca0cbc05ca5f9b0d742c190038df4e3fe56,files/khoa-cong-nghe-co-khi/74243d6d5b06.pdf,false,2026-09-30T07:45:10+00:00,true,,
74a3e3442d10,Programme-specification-2020.pdf,https://fme.iuh.edu.vn/wp-content/uploads/2024/03/Programme-specification-2020.pdf,https://fme.iuh.edu.vn/sau-dai-hoc/ban-mo-ta-chuong-trinh-thac-si-nganh-ky-thuat-co-khi-2020/,Khoa Công nghệ Cơ khí,HCM,KHOA_CN_CO_KHI,true,,auto,40,60140,ok,2360734,74a3e3442d104bdceaa1c6e47c28ff9f65476763e08110df2b7a9c69117601af,files/khoa-cong-nghe-co-khi/74a3e3442d10.pdf,false,2026-09-30T07:44:04+00:00,true,,
761d2c016b4b,Hoc-bong-vuot-kho-2019.pdf,https://fme.iuh.edu.vn/wp-content/uploads/2019/10/Hoc-bong-vuot-kho-2019.pdf,https://fme.iuh.edu.vn/thong-bao-sinh-vien/khoa-co-khi-thong-bao-v-v-xet-cap-hoc-bong-sinh-vien-vuot-kho-hieu-hoc-nam-2019/,Khoa Công nghệ Cơ khí,HCM,KHOA_CN_CO_KHI,false,3,auto,2,0,scanned,706219,761d2c016b4b3e6bde5def3a748a566c0cdaf188562ecd37a5a00a0fc6768d9c,scanned_pdf/khoa-cong-nghe-co-khi/761d2c016b4b.pdf,false,2026-09-30T07:43:04+00:00,false,,
7fcad5bfd6bd,Thong-baoTS-Lien-thong-CS1.pdf,https://fme.iuh.edu.vn/wp-content/uploads/2024/08/Thong-baoTS-Lien-thong-CS1.pdf,https://fme.iuh.edu.vn/dai-hoc-he-lien-thong/thong-bao-tuyen-sinh-dao-tao-lien-thong-tu-trinh-do-cao-dang-len-trinh-do-dai-hoc-dot-1-nam-2024/,Khoa Công nghệ Cơ khí,HCM,KHOA_CN_CO_KHI,true,,auto,2,0,scanned,738257,7fcad5bfd6bd4a3a622de3bbb123e9757de9141cc5e305d433018ceb5e8a6c92,scanned_pdf/khoa-cong-nghe-co-khi/7fcad5bfd6bd.pdf,false,2026-09-30T07:44:20+00:00,false,,
7fd6a052d657,TB-Tuyen-dung-CTY-PHAN-BACH-12-2024-1.pdf,https://fme.iuh.edu.vn/wp-content/uploads/2024/12/TB-Tuyen-dung-CTY-PHAN-BACH-12-2024-1.pdf,https://fme.iuh.edu.vn/thong-bao-sinh-vien/cong-ty-co-phan-cong-nghe-co-dien-lanh-phan-bach-thong-bao-tuyen-dung/,Khoa Công nghệ Cơ khí,HCM,KHOA_CN_CO_KHI,false,4,auto,1,1059,ok,241987,7fd6a052d65727865f58606f78660bbc269bd9922bfd92c3b7f3854f6e48f3c8,files/khoa-cong-nghe-co-khi/7fd6a052d657.pdf,false,2026-09-30T07:44:30+00:00,true,,
833b22a9d086,Esuwork-vi-tri-ky-su-cong-ty-ve-san-xuat-linh-kien-O-to.pdf,https://fme.iuh.edu.vn/wp-content/uploads/2024/12/Esuwork-vi-tri-ky-su-cong-ty-ve-san-xuat-linh-kien-O-to.pdf,https://fme.iuh.edu.vn/thong-bao-sinh-vien/cong-ty-esuworks-thong-bao-tuyen-dung/,Khoa Công nghệ Cơ khí,HCM,KHOA_CN_CO_KHI,true,,auto,3,3727,ok,235348,833b22a9d0862e0e8a2d090dcba150ecc71376fb57a67b50703d822fe14c9082,files/khoa-cong-nghe-co-khi/833b22a9d086.pdf,false,2026-09-30T07:44:29+00:00,true,,
83f533c9cb2c,2024-Thong-bao-Tuyen-sinh-Thac-si-Dot-1_.pdf,https://fme.iuh.edu.vn/wp-content/uploads/2024/03/2024-Thong-bao-Tuyen-sinh-Thac-si-Dot-1_.pdf,https://fme.iuh.edu.vn/thong-bao-sinh-vien/thong-bao-tuyen-sinh-dao-tao-trinh-do-thac-si-nam-2024-dot-1/,Khoa Công nghệ Cơ khí,HCM,KHOA_CN_CO_KHI,false,4,auto,10,0,scanned,1564776,83f533c9cb2ca2ccd2113642c11f16e204328b1eead57fdaab6b4d81e06fadf2,scanned_pdf/khoa-cong-nghe-co-khi/83f533c9cb2c.pdf,false,2026-09-30T07:43:54+00:00,false,,
892a36dbe09a,tb179_12_nganh.pdf,https://fme.iuh.edu.vn/wp-content/uploads/2018/03/tb179_12_nganh.pdf,https://fme.iuh.edu.vn/thong-bao-sinh-vien/thong-bao-tuyen-sinh-dao-tao-thac-si-nganh-ky-thuat-co-khi-dot-1-nam-2018/,Khoa Công nghệ Cơ khí,HCM,KHOA_CN_CO_KHI,true,,auto,8,12229,garbled_ocr,3455731,892a36dbe09ad02cb4d3e8108e49251ada6c3c67fa148d22cc2595c77bac9914,scanned_pdf/khoa-cong-nghe-co-khi/892a36dbe09a.pdf,false,2026-09-30T07:42:42+00:00,false,,
8a496e194321,DHCK21.pdf,https://fme.iuh.edu.vn/wp-content/uploads/2025/11/DHCK21.pdf,https://fme.iuh.edu.vn/nganh-cong-nghe-ky-thuat-co-khi/chuong-trinh-khung-nganh-cong-nghe-ky-thuat-co-khi-khoa-21-he-dai-tra/,Khoa Công nghệ Cơ khí,HCM,KHOA_CN_CO_KHI,true,,auto,4,13224,ok,480610,8a496e194321ca1442bbcb9e8f635c802cd4c36c0caa1a2a63b8f254ea4b4a60,files/khoa-cong-nghe-co-khi/8a496e194321.pdf,false,2026-09-30T07:44:51+00:00,true,,
979803b587ec,Don-xin-phuc-khao-TN-He-nien-che.pdf,https://fme.iuh.edu.vn/wp-content/uploads/2015/11/Don-xin-phuc-khao-TN-He-nien-che.pdf,https://fme.iuh.edu.vn/bieu-mau/bieu-mau-giai-quyet-hoc-vu-cho-sinh-vien/,Khoa Công nghệ Cơ khí,HCM,KHOA_CN_CO_KHI,true,,auto,2,1119,ok,67177,979803b587ec6582df4540398868cbec4bce0c58c914a7fd4112a1b8b9e6318a,files/khoa-cong-nghe-co-khi/979803b587ec.pdf,false,2026-09-30T07:41:48+00:00,true,,
97e8d97d65a7,ds-thuc-tap-DN_HK2-2024-2025_dot-2_final_rev01-2.pdf,https://fme.iuh.edu.vn/wp-content/uploads/2025/03/ds-thuc-tap-DN_HK2-2024-2025_dot-2_final_rev01-2.pdf,https://fme.iuh.edu.vn/chua-duoc-phan-loai/thong-bao-cap-nhat-danh-sach-sinh-vien-di-thuc-tap-doanh-nghiep-trong-hk2-nam-hoc-2024-2025-dot-2/,Khoa Công nghệ Cơ khí,HCM,KHOA_CN_CO_KHI,true,,auto,50,51750,ok,399495,97e8d97d65a72cf13963e8f834a6f5a3e323513210bef5436f5f7a0ece4f7124,files/khoa-cong-nghe-co-khi/97e8d97d65a7.pdf,false,2026-09-30T07:44:33+00:00,true,,
985f80a4cb3b,Hoc-bong-Gieo-hat-giong-tuong-lai.pdf,https://fme.iuh.edu.vn/wp-content/uploads/2019/10/Hoc-bong-Gieo-hat-giong-tuong-lai.pdf,https://fme.iuh.edu.vn/thong-bao-sinh-vien/thong-bao-chuong-trinh-hoc-bong-gieo-hat-giong-tuong-lai/,Khoa Công nghệ Cơ khí,HCM,KHOA_CN_CO_KHI,false,3,auto,3,0,scanned,716321,985f80a4cb3b6c15fa6b5c17b14f11d5c396ac9eb3c0872542775c51991971dd,scanned_pdf/khoa-cong-nghe-co-khi/985f80a4cb3b.pdf,false,2026-09-30T07:43:03+00:00,false,,
9aef9725e8f3,DS-thuc-tap-doanh-nghiep_HK3-2025-2026-cap-nhat.pdf,https://fme.iuh.edu.vn/wp-content/uploads/2026/05/DS-thuc-tap-doanh-nghiep_HK3-2025-2026-cap-nhat.pdf,https://fme.iuh.edu.vn/thong-bao-sinh-vien/thong-bao-danh-sach-sinh-vien-di-thuc-tap-doanh-nghiep-trong-hk3-nam-hoc-2025-2026/,Khoa Công nghệ Cơ khí,HCM,KHOA_CN_CO_KHI,false,4,auto,37,40192,ok,1257441,9aef9725e8f3ba5e08764e260164edd5ef6f712e0bc11b5dd34cb4e660ad886e,files/khoa-cong-nghe-co-khi/9aef9725e8f3.pdf,false,2026-09-30T07:45:06+00:00,true,,
9e28d1acf619,ktck-k15.pdf,https://fme.iuh.edu.vn/wp-content/uploads/2021/06/ktck-k15.pdf,https://fme.iuh.edu.vn/bo-mon-co-so-thiet-ke/chuong-trinh-khung-nganh-cong-nghe-ky-thuat-co-khi-khoa-15/,Khoa Công nghệ Cơ khí,HCM,KHOA_CN_CO_KHI,true,,auto,4,12411,ok,422211,9e28d1acf6198b73f2348980cac94f2e8ba5915beafec9f8ad2a1c4fd5d4e9fa,files/khoa-cong-nghe-co-khi/9e28d1acf619.pdf,false,2026-09-30T07:43:18+00:00,true,,
a1ce7378d551,DHCDT21_TCTA.pdf,https://fme.iuh.edu.vn/wp-content/uploads/2025/11/DHCDT21_TCTA.pdf,https://fme.iuh.edu.vn/bo-mon-co-dien-tu/chuong-trinh-khung-nganh-cong-nghe-co-dien-tu-khoa-21-he-tang-cuong-tieng-anh/,Khoa Công nghệ Cơ khí,HCM,KHOA_CN_CO_KHI,false,2,auto,4,14097,ok,488905,a1ce7378d551c64988482255566f200810a74e9e210e7758271a88dc762eab30,files/khoa-cong-nghe-co-khi/a1ce7378d551.pdf,false,2026-09-30T07:44:44+00:00,true,,
a30510b65b94,DS-thuc-tap-doanh-nghiep_HK2-2025-2026-Dot-1-1.pdf,https://fme.iuh.edu.vn/wp-content/uploads/2025/12/DS-thuc-tap-doanh-nghiep_HK2-2025-2026-Dot-1-1.pdf,https://fme.iuh.edu.vn/chua-duoc-phan-loai/danh-sach-sinh-vien-di-thuc-tap-doanh-nghiep-trong-hk2-nam-hoc-2025-2026/,Khoa Công nghệ Cơ khí,HCM,KHOA_CN_CO_KHI,true,,auto,35,38633,ok,717242,a30510b65b9468d0c12b27f7aa8c25f720126b2ffe33d5e993cefa87171c53b8,files/khoa-cong-nghe-co-khi/a30510b65b94.pdf,false,2026-09-30T07:45:02+00:00,true,,
a338d7a9d550,ctm-k16.pdf,https://fme.iuh.edu.vn/wp-content/uploads/2021/06/ctm-k16.pdf,https://fme.iuh.edu.vn/bo-mon-che-tao-may/chuong-trinh-khung-nganh-cong-nghe-che-tao-may-khoa-16/,Khoa Công nghệ Cơ khí,HCM,KHOA_CN_CO_KHI,false,1,auto,4,12722,ok,431444,a338d7a9d550847173ecfa4f3ba9588538f31047f3d0da754266a8fb38de172b,files/khoa-cong-nghe-co-khi/a338d7a9d550.pdf,false,2026-09-30T07:43:16+00:00,true,,
a6322862531c,Mau-don-xin-thuc-tapnew-1.pdf,https://fme.iuh.edu.vn/wp-content/uploads/2025/11/Mau-don-xin-thuc-tapnew-1.pdf,https://fme.iuh.edu.vn/thong-bao-sinh-vien/thong-bao-nop-don-dang-ky-thuc-tap-doanh-nghiep-trong-hoc-ky-i-nam-hoc-2026-2027_dot-2/,Khoa Công nghệ Cơ khí,HCM,KHOA_CN_CO_KHI,false,4,auto,1,1399,ok,342264,a6322862531c6f2b7172ecf7bbb5954b589ca52b86ab6820075c873eccc3164f,files/khoa-cong-nghe-co-khi/a6322862531c.pdf,false,2026-09-30T07:45:01+00:00,true,,
a9f178a7d92a,He-thong-bai-tap-Tin-hoc-ung-dung.pdf,https://fme.iuh.edu.vn/wp-content/uploads/2016/11/He-thong-bai-tap-Tin-hoc-ung-dung.pdf,https://fme.iuh.edu.vn/bo-mon-cadcamcnc/he-thong-bai-tap-mon-tin-hoc-ung-dung-nganh-co-khi/,Khoa Công nghệ Cơ khí,HCM,KHOA_CN_CO_KHI,true,,auto,35,6584,ok,3178072,a9f178a7d92a4de3bbb60772fc991016c6e57a2b137b7b50ade258a3dea8a794,files/khoa-cong-nghe-co-khi/a9f178a7d92a.pdf,false,2026-09-30T07:42:00+00:00,true,,
b17f57dcd19b,DHCDT18.pdf,https://fme.iuh.edu.vn/wp-content/uploads/2025/11/DHCDT18.pdf,https://fme.iuh.edu.vn/bo-mon-co-dien-tu/chuong-trinh-khung-nganh-cong-nghe-co-dien-tu-khoa-18-he-dai-tra/,Khoa Công nghệ Cơ khí,HCM,KHOA_CN_CO_KHI,true,,auto,4,14143,ok,484818,b17f57dcd19bdde0814df7b63bc79d5bd10951f87d61098c6d6915bdbe1fb919,files/khoa-cong-nghe-co-khi/b17f57dcd19b.pdf,false,2026-09-30T07:44:37+00:00,true,,
b341dd38f0e1,Chuong-trinh-hoc-bong-nu-sinh-ky-thuat-2019.pdf,https://fme.iuh.edu.vn/wp-content/uploads/2019/04/Chuong-trinh-hoc-bong-nu-sinh-ky-thuat-2019.pdf,https://fme.iuh.edu.vn/thong-bao-sinh-vien/chuong-trinh-hoc-bong-danh-cho-nu-sinh-ky-thuat-nam-2019-amcham-women-in-engineering-scholarship/,Khoa Công nghệ Cơ khí,HCM,KHOA_CN_CO_KHI,true,,auto,6,0,scanned,1035409,b341dd38f0e1e48f7abe870d48a171aaaae5a3d904407f3560e850959f264e17,scanned_pdf/khoa-cong-nghe-co-khi/b341dd38f0e1.pdf,false,2026-09-30T07:42:50+00:00,false,,
b5fdf2034962,thong-bao-tuyen-dung-cty-quan-dat-1.pdf,https://fme.iuh.edu.vn/wp-content/uploads/2025/09/thong-bao-tuyen-dung-cty-quan-dat-1.pdf,https://fme.iuh.edu.vn/chua-duoc-phan-loai/cong-ty-tnhh-san-xuat-thuong-mai-quan-dat-thong-bao-tuyen-dung/,Khoa Công nghệ Cơ khí,HCM,KHOA_CN_CO_KHI,true,,auto,1,2150,ok,203679,b5fdf203496287a958f655be2deba7136ed3e5c5a40819123d7d0c4b8ba4b2ea,files/khoa-cong-nghe-co-khi/b5fdf2034962.pdf,false,2026-09-30T07:44:36+00:00,true,,
b932e625aaf5,K14-CTK-CNKTCDT.pdf,https://fme.iuh.edu.vn/wp-content/uploads/2019/04/K14-CTK-CNKTCDT.pdf,https://fme.iuh.edu.vn/bo-mon-co-dien-tu/chuong-trinh-khung-nganh-cong-nghe-ky-thuat-co-dien-tu-khoa-13-2/,Khoa Công nghệ Cơ khí,HCM,KHOA_CN_CO_KHI,false,2,auto,5,9069,ok,749763,b932e625aaf5a917055771686c648e0c2067e6609b10596ac2406e50b8083fc8,files/khoa-cong-nghe-co-khi/b932e625aaf5.pdf,false,2026-09-30T07:42:52+00:00,true,,
bf5851d22dbc,cncdt_-_2016.pdf,https://fme.iuh.edu.vn/wp-content/uploads/2016/12/cncdt_-_2016.pdf,https://fme.iuh.edu.vn/bo-mon-co-dien-tu/chuong-trinh-khung-nganh-cong-nghe-ky-thuat-co-dien-tu-khoa-13/,Khoa Công nghệ Cơ khí,HCM,KHOA_CN_CO_KHI,true,,auto,6,7559,ok,289908,bf5851d22dbc66c9eb7ee3a8cdeacee47ee94fcc020a3c82fd9418b61b127778,files/khoa-cong-nghe-co-khi/bf5851d22dbc.pdf,false,2026-09-30T07:42:19+00:00,true,,
c0cb862f86f5,cdt-k15.pdf,https://fme.iuh.edu.vn/wp-content/uploads/2021/06/cdt-k15.pdf,https://fme.iuh.edu.vn/bo-mon-co-dien-tu/chuong-trinh-khung-nganh-cong-nghe-ky-thuat-co-dien-tu-khoa-15/,Khoa Công nghệ Cơ khí,HCM,KHOA_CN_CO_KHI,false,4,auto,4,12789,ok,431134,c0cb862f86f50cfe5b7b32bce973ecf5d09a75d929bc4e04b506a969383b3a2f,files/khoa-cong-nghe-co-khi/c0cb862f86f5.pdf,false,2026-09-30T07:43:09+00:00,true,,
c1a9907ad465,HuongDanXemLichHoc_K20.pdf,https://fme.iuh.edu.vn/wp-content/uploads/2024/08/HuongDanXemLichHoc_K20.pdf,https://fme.iuh.edu.vn/thong-bao-sinh-vien/ho-tro-tan-sinh-vien-khoa-cong-nghe-co-khi-khoa-20-nhap-hoc/,Khoa Công nghệ Cơ khí,HCM,KHOA_CN_CO_KHI,true,,auto,1,1038,ok,323882,c1a9907ad465f53c372383665b3a848a67d9f8085399aa2a1b3ef27e342eb10a,files/khoa-cong-nghe-co-khi/c1a9907ad465.pdf,false,2026-09-30T07:44:13+00:00,true,,
c2c8b9423872,De-tai-Co-dien-tu.pdf,https://fme.iuh.edu.vn/wp-content/uploads/2017/01/De-tai-Co-dien-tu.pdf,https://fme.iuh.edu.vn/thong-bao-sinh-vien/de-tai-tot-nghiep-hk2-nam-hoc-2016-2017/,Khoa Công nghệ Cơ khí,HCM,KHOA_CN_CO_KHI,false,2,auto,2,3234,ok,309181,c2c8b94238724db391c936bd906f3f244ae73bf10a2f991d6e2fc64168a4246d,files/khoa-cong-nghe-co-khi/c2c8b9423872.pdf,false,2026-09-30T07:42:30+00:00,true,,
c396a3052796,Don-xin-thi-lai-TN-He-nien-che.pdf,https://fme.iuh.edu.vn/wp-content/uploads/2015/11/Don-xin-thi-lai-TN-He-nien-che.pdf,https://fme.iuh.edu.vn/bieu-mau/bieu-mau-giai-quyet-hoc-vu-cho-sinh-vien/,Khoa Công nghệ Cơ khí,HCM,KHOA_CN_CO_KHI,true,,auto,1,2036,ok,75538,c396a3052796bdcdf15760fbeea102de617ca288f2e871d7e2e084693bf5f0e6,files/khoa-cong-nghe-co-khi/c396a3052796.pdf,false,2026-09-30T07:41:49+00:00,true,,
c71cfae2d1f8,DHCK19_TT.pdf,https://fme.iuh.edu.vn/wp-content/uploads/2025/11/DHCK19_TT.pdf,https://fme.iuh.edu.vn/nganh-cong-nghe-ky-thuat-co-khi/chuong-trinh-khung-nganh-cong-nghe-ky-thuat-co-khi-khoa-19-he-tien-tien/,Khoa Công nghệ Cơ khí,HCM,KHOA_CN_CO_KHI,true,,auto,4,13851,ok,483032,c71cfae2d1f8242f89937bf1dabfd5e96555b0c0d92dd908165c30aa5512c83b,files/khoa-cong-nghe-co-khi/c71cfae2d1f8.pdf,false,2026-09-30T07:44:48+00:00,true,,
c721156d1164,DHCT21_TCTA.pdf,https://fme.iuh.edu.vn/wp-content/uploads/2025/11/DHCT21_TCTA.pdf,https://fme.iuh.edu.vn/bo-mon-che-tao-may/chuong-trinh-khung-nganh-cong-nghe-che-tao-may-khoa-21-he-tang-cuong-tieng-anh/,Khoa Công nghệ Cơ khí,HCM,KHOA_CN_CO_KHI,true,,auto,4,13642,ok,481550,c721156d1164d093493bfa72de6afecf25c341eeb3cf649b8fa9928dccf3af9a,files/khoa-cong-nghe-co-khi/c721156d1164.pdf,false,2026-09-30T07:45:00+00:00,true,,
cc7fe61a8356,De-tai-CADCAMCNC.pdf,https://fme.iuh.edu.vn/wp-content/uploads/2017/01/De-tai-CADCAMCNC.pdf,https://fme.iuh.edu.vn/thong-bao-sinh-vien/de-tai-tot-nghiep-hk2-nam-hoc-2016-2017/,Khoa Công nghệ Cơ khí,HCM,KHOA_CN_CO_KHI,true,,auto,1,2011,ok,306906,cc7fe61a8356312768ed69fe74e701b5e7dc16aa3d87e7088e07e58311bb14b1,files/khoa-cong-nghe-co-khi/cc7fe61a8356.pdf,false,2026-09-30T07:42:26+00:00,true,,
ce6ad1002188,DHCT19.pdf,https://fme.iuh.edu.vn/wp-content/uploads/2025/11/DHCT19.pdf,https://fme.iuh.edu.vn/bo-mon-che-tao-may/chuong-trinh-khung-nganh-cong-nghe-che-tao-may-khoa-19-he-dai-tra/,Khoa Công nghệ Cơ khí,HCM,KHOA_CN_CO_KHI,false,4,auto,4,13593,ok,478243,ce6ad1002188048737e747f4e70073ca0e526cb0e003fcfc2cdbe87b4efe8f1a,files/khoa-cong-nghe-co-khi/ce6ad1002188.pdf,false,2026-09-30T07:44:55+00:00,true,,
cead79bc71c6,Mau-danh-gia_dn_ve_sv_thuc_tap_CDT.pdf,https://fme.iuh.edu.vn/wp-content/uploads/2016/11/Mau-danh-gia_dn_ve_sv_thuc_tap_CDT.pdf,https://fme.iuh.edu.vn/bieu-mau/mau-bao-cao-thuc-tap-tot-nghiep/,Khoa Công nghệ Cơ khí,HCM,KHOA_CN_CO_KHI,false,2,auto,2,6431,ok,233644,cead79bc71c6c173ba7f7265ddae4e602e149c578be5b8a17dfb19373bd28812,files/khoa-cong-nghe-co-khi/cead79bc71c6.pdf,false,2026-09-30T07:42:04+00:00,true,,
cf50053a3bd5,De-tai-tot-nghiep-CSTK-New.pdf,https://fme.iuh.edu.vn/wp-content/uploads/2020/07/De-tai-tot-nghiep-CSTK-New.pdf,https://fme.iuh.edu.vn/thong-bao-sinh-vien/de-tai-luan-van-tot-nghiep-nganh-ky-thuat-co-khi-bo-mon-co-so-thiet-ke/,Khoa Công nghệ Cơ khí,HCM,KHOA_CN_CO_KHI,true,,auto,9,16664,ok,686886,cf50053a3bd5d6634dfdd4beac66b07b9ffbbf2ca7c56cc9dafc76d030c6b678,files/khoa-cong-nghe-co-khi/cf50053a3bd5.pdf,false,2026-09-30T07:43:08+00:00,true,,
d01f82b675cc,Don-xin-xet-tot-nghiep-He-nien-che.pdf,https://fme.iuh.edu.vn/wp-content/uploads/2015/11/Don-xin-xet-tot-nghiep-He-nien-che.pdf,https://fme.iuh.edu.vn/bieu-mau/bieu-mau-giai-quyet-hoc-vu-cho-sinh-vien/,Khoa Công nghệ Cơ khí,HCM,KHOA_CN_CO_KHI,true,,auto,1,1758,ok,74635,d01f82b675cc41c77d92b75998e877b82ac1e5906e82032369bdffd36f00ce6a,files/khoa-cong-nghe-co-khi/d01f82b675cc.pdf,false,2026-09-30T07:41:51+00:00,true,,
d201792653eb,DHCK20_TCTA.pdf,https://fme.iuh.edu.vn/wp-content/uploads/2025/11/DHCK20_TCTA.pdf,https://fme.iuh.edu.vn/nganh-cong-nghe-ky-thuat-co-khi/chuong-trinh-khung-nganh-cong-nghe-ky-thuat-co-khi-khoa-20-he-tang-cuong-tieng-anh/,Khoa Công nghệ Cơ khí,HCM,KHOA_CN_CO_KHI,true,,auto,4,13525,ok,481010,d201792653eba898e57e7fbc8304780c9eea1be6f15e6d5557264d75770daac1,files/khoa-cong-nghe-co-khi/d201792653eb.pdf,false,2026-09-30T07:44:50+00:00,true,,
d2849ab3307a,DHCT18-1.pdf,https://fme.iuh.edu.vn/wp-content/uploads/2025/11/DHCT18-1.pdf,https://fme.iuh.edu.vn/bo-mon-che-tao-may/chuong-trinh-khung-nganh-cong-nghe-che-tao-may-khoa-18-he-dai-tra/,Khoa Công nghệ Cơ khí,HCM,KHOA_CN_CO_KHI,true,,auto,4,13739,ok,477789,d2849ab3307aff0e8b65346bee07ad183ae5f4280441356093e94bd42766e77e,files/khoa-cong-nghe-co-khi/d2849ab3307a.pdf,false,2026-09-30T07:44:53+00:00,true,,
d97a5e98093e,DHCDT18_TT.pdf,https://fme.iuh.edu.vn/wp-content/uploads/2025/11/DHCDT18_TT.pdf,https://fme.iuh.edu.vn/bo-mon-co-dien-tu/chuong-trinh-khung-nganh-cong-nghe-co-dien-tu-khoa-18-he-tien-tien/,Khoa Công nghệ Cơ khí,HCM,KHOA_CN_CO_KHI,true,,auto,4,14401,ok,488972,d97a5e98093e45aaa073b7e38fcde7b6dfa852319d0641218a0771ba5f0313a0,files/khoa-cong-nghe-co-khi/d97a5e98093e.pdf,false,2026-09-30T07:44:38+00:00,true,,
e38776236881,CTDT-CTM-K17-2021.pdf,https://fme.iuh.edu.vn/wp-content/uploads/2021/11/CTDT-CTM-K17-2021.pdf,https://fme.iuh.edu.vn/bo-mon-che-tao-may/chuong-trinh-khung-nganh-cong-nghe-che-tao-may-khoa-17/,Khoa Công nghệ Cơ khí,HCM,KHOA_CN_CO_KHI,true,,auto,4,12728,ok,425815,e387762368810ec364893acc31645eba13e5fa169e70ea6afb88f1ee1eab10be,files/khoa-cong-nghe-co-khi/e38776236881.pdf,false,2026-09-30T07:43:23+00:00,true,,
e3d154ee9625,Mau-danh-gia_dn_ve_sv_thuc_tap_KTCK.pdf,https://fme.iuh.edu.vn/wp-content/uploads/2016/11/Mau-danh-gia_dn_ve_sv_thuc_tap_KTCK.pdf,https://fme.iuh.edu.vn/bieu-mau/mau-bao-cao-thuc-tap-tot-nghiep/,Khoa Công nghệ Cơ khí,HCM,KHOA_CN_CO_KHI,true,,auto,2,6752,ok,233308,e3d154ee9625a11dc9cf6da8b7a278466cec024d9f77b6d63d9610b380d4c331,files/khoa-cong-nghe-co-khi/e3d154ee9625.pdf,false,2026-09-30T07:42:10+00:00,true,,
e806854f3a17,DHCDT19.pdf,https://fme.iuh.edu.vn/wp-content/uploads/2025/11/DHCDT19.pdf,https://fme.iuh.edu.vn/bo-mon-co-dien-tu/chuong-trinh-khung-nganh-cong-nghe-co-dien-tu-khoa-19-he-dai-tra/,Khoa Công nghệ Cơ khí,HCM,KHOA_CN_CO_KHI,true,,auto,4,13996,ok,484022,e806854f3a17448f84e8280ca53fd280ee0392eaba3de2ea0b7b8358cf1a9dc0,files/khoa-cong-nghe-co-khi/e806854f3a17.pdf,false,2026-09-30T07:44:39+00:00,true,,
ecd12e7177cc,2023-dot-1-2023.08.01-TB-942-Tuyen-sinh-Ths-CS1_compressed.pdf,https://fme.iuh.edu.vn/wp-content/uploads/2023/09/2023-dot-1-2023.08.01-TB-942-Tuyen-sinh-Ths-CS1_compressed.pdf,https://fme.iuh.edu.vn/thong-bao-sinh-vien/thong-bao-tuyen-sinh-dao-tao-trinh-do-thac-si-nam-2023-dot-2/,Khoa Công nghệ Cơ khí,HCM,KHOA_CN_CO_KHI,true,,auto,10,0,scanned,3470105,ecd12e7177cce6f5780e65de9c98b4cf35fae27219ef49377d69f81fff346e87,scanned_pdf/khoa-cong-nghe-co-khi/ecd12e7177cc.pdf,false,2026-09-30T07:43:50+00:00,false,,
efbfb4e8ed4d,9c_Programme-specification-2024.pdf,https://fme.iuh.edu.vn/wp-content/uploads/2024/03/9c_Programme-specification-2024.pdf,https://fme.iuh.edu.vn/sau-dai-hoc/ban-mo-ta-chuong-trinh-thac-si-nganh-ky-thuat-co-khi-2022/,Khoa Công nghệ Cơ khí,HCM,KHOA_CN_CO_KHI,true,,auto,54,87898,ok,3513572,efbfb4e8ed4d7fc20d38356bb9b0129f876dc93cb70e3869ea75d3d7b7c035bc,files/khoa-cong-nghe-co-khi/efbfb4e8ed4d.pdf,false,2026-09-30T07:43:57+00:00,true,,
f05dc6bc0d5e,DHCK20.pdf,https://fme.iuh.edu.vn/wp-content/uploads/2025/11/DHCK20.pdf,https://fme.iuh.edu.vn/nganh-cong-nghe-ky-thuat-co-khi/chuong-trinh-khung-nganh-cong-nghe-ky-thuat-co-khi-khoa-20-he-dai-tra/,Khoa Công nghệ Cơ khí,HCM,KHOA_CN_CO_KHI,false,2,auto,4,13342,ok,481212,f05dc6bc0d5e85885022c6f7172d4baec7d287affefaeb53f2d6ab0699f5bcac,files/khoa-cong-nghe-co-khi/f05dc6bc0d5e.pdf,false,2026-09-30T07:44:49+00:00,true,,
f20a32c6df3d,DHCDT21.pdf,https://fme.iuh.edu.vn/wp-content/uploads/2025/11/DHCDT21.pdf,https://fme.iuh.edu.vn/bo-mon-co-dien-tu/chuong-trinh-khung-nganh-cong-nghe-co-dien-tu-khoa-21-he-dai-tra/,Khoa Công nghệ Cơ khí,HCM,KHOA_CN_CO_KHI,true,,auto,4,13793,ok,487844,f20a32c6df3d5a50a4fd52482f602a92e64080ff591e2c61632ff95bc86f760f,files/khoa-cong-nghe-co-khi/f20a32c6df3d.pdf,false,2026-09-30T07:44:43+00:00,true,,
f2362311e8f2,Danh-sach-cac-de-tai-thac-si_2023.pdf,https://fme.iuh.edu.vn/wp-content/uploads/2024/03/Danh-sach-cac-de-tai-thac-si_2023.pdf,https://fme.iuh.edu.vn/graduate/announcement-list-of-master-of-mechanical-engineering-graduation-topics-2023/,Khoa Công nghệ Cơ khí,HCM,KHOA_CN_CO_KHI,true,,auto,6,12527,ok,174168,f2362311e8f274959bc629ba6f9dc5df6819768d4efc86661442db74a79835d6,files/khoa-cong-nghe-co-khi/f2362311e8f2.pdf,false,2026-09-30T07:43:59+00:00,true,,
f3b6d7f1f30c,01b.-SYMPOSIUM-Agenda-FME-IUH-and-TUT-20230905_MechanicalEng.pdf,https://fme.iuh.edu.vn/wp-content/uploads/2023/09/01b.-SYMPOSIUM-Agenda-FME-IUH-and-TUT-20230905_MechanicalEng.pdf,https://fme.iuh.edu.vn/announcement/announcement-organizing-a-workshop-towards-collaboration-between-iuh-and-tokyo-university-of-technology-tut-in-the-fields-of-mechanical-engineering-and-mechatronics/,Khoa Công nghệ Cơ khí,HCM,KHOA_CN_CO_KHI,true,,auto,1,2268,ok,118202,f3b6d7f1f30c6e1f8dabba428608963ae249fdc2045c2490abd2c44c9631c703,files/khoa-cong-nghe-co-khi/f3b6d7f1f30c.pdf,false,2026-09-30T07:43:48+00:00,true,,
f5353279d429,Danh-sách-công-ty-nhận-thực-tập-HK1-đợt-tháng-10-2022-rev01.pdf,https://fme.iuh.edu.vn/wp-content/uploads/2022/09/Danh-sách-công-ty-nhận-thực-tập-HK1-đợt-tháng-10-2022-rev01.pdf,https://fme.iuh.edu.vn/thong-bao-sinh-vien/thong-bao-nop-don-dang-ky-cong-ty-thuc-tap-danh-cho-cac-lop-dh-k15-clc-va-khoa-cu/,Khoa Công nghệ Cơ khí,HCM,KHOA_CN_CO_KHI,true,,auto,3,3268,ok,122545,f5353279d429b843b7c32f14f4d01cf72129f194b8365fbc260d6f80af097518,files/khoa-cong-nghe-co-khi/f5353279d429.pdf,false,2026-09-30T07:43:29+00:00,true,,
f7af26687e08,DHCK18.pdf,https://fme.iuh.edu.vn/wp-content/uploads/2025/11/DHCK18.pdf,https://fme.iuh.edu.vn/nganh-cong-nghe-ky-thuat-co-khi/chuong-trinh-khung-nganh-cong-nghe-ky-thuat-co-khi-khoa-18-he-dai-tra/,Khoa Công nghệ Cơ khí,HCM,KHOA_CN_CO_KHI,true,,auto,4,13132,ok,467300,f7af26687e080b191427cf0c6ff95d43f04bc28c1184b9a8fcd6acd7f627880f,files/khoa-cong-nghe-co-khi/f7af26687e08.pdf,false,2026-09-30T07:44:45+00:00,true,,
f7e54a25ae38,Mau-de-nghi-cham-phuc-khao-diem-mon-hoc.pdf,https://fme.iuh.edu.vn/wp-content/uploads/2015/11/Mau-de-nghi-cham-phuc-khao-diem-mon-hoc.pdf,https://fme.iuh.edu.vn/bieu-mau/bieu-mau-giai-quyet-hoc-vu-cho-sinh-vien/,Khoa Công nghệ Cơ khí,HCM,KHOA_CN_CO_KHI,true,,auto,1,908,ok,333538,f7e54a25ae38d4202cc8a4419efbfff837d42d5a587148630078c7ff15b2b63a,files/khoa-cong-nghe-co-khi/f7e54a25ae38.pdf,false,2026-09-30T07:41:55+00:00,true,,
f83c6c31a5de,thu-ngo-cong-nghe-cao.pdf,https://fme.iuh.edu.vn/wp-content/uploads/2017/05/thu-ngo-cong-nghe-cao.pdf,https://fme.iuh.edu.vn/viec-lam-tuyen-dung/co-hoi-nhan-hoc-bong-toan-phan-va-viec-tai-khu-cong-nghe-cao/,Khoa Công nghệ Cơ khí,HCM,KHOA_CN_CO_KHI,true,,auto,2,3069,garbled_ocr,1023083,f83c6c31a5deedf10ef8d052671f1a2b0956bce2851dc61513286d9d282e41c5,scanned_pdf/khoa-cong-nghe-co-khi/f83c6c31a5de.pdf,false,2026-09-30T07:42:38+00:00,false,,
f858890d52a8,ds-thuc-tap-DN_HK2-2023-2024_dot-02_update-01.pdf,https://fme.iuh.edu.vn/wp-content/uploads/2024/03/ds-thuc-tap-DN_HK2-2023-2024_dot-02_update-01.pdf,https://fme.iuh.edu.vn/thong-bao-sinh-vien/thong-bao-danh-sach-phan-cong-ty-thuc-tap-trong-hk2-dot-2-nam-hoc-2023-2024/,Khoa Công nghệ Cơ khí,HCM,KHOA_CN_CO_KHI,false,3,auto,7,7755,ok,145974,f858890d52a856ea0e98d988afd70462d1ff52dfb003a978be5a972f0bb49f37,files/khoa-cong-nghe-co-khi/f858890d52a8.pdf,false,2026-09-30T07:44:10+00:00,true,,
f9f339f92a7e,esilicon-scholarship-2018-flyer.pdf,https://fme.iuh.edu.vn/wp-content/uploads/2018/01/esilicon-scholarship-2018-flyer.pdf,https://fme.iuh.edu.vn/thong-bao-sinh-vien/hoc-bong-nu-sinh-esilicon-build-it-female-engineering-student-scholarship/,Khoa Công nghệ Cơ khí,HCM,KHOA_CN_CO_KHI,true,,auto,1,1553,ok,443716,f9f339f92a7e8dce5b4291a66e41580a66c54c18a098e57853c7c7b988a748e3,files/khoa-cong-nghe-co-khi/f9f339f92a7e.pdf,false,2026-09-30T07:42:40+00:00,true,,
fb7065f35f4c,De-tai-Xuong-co-dien.pdf,https://fme.iuh.edu.vn/wp-content/uploads/2017/01/De-tai-Xuong-co-dien.pdf,https://fme.iuh.edu.vn/thong-bao-sinh-vien/de-tai-tot-nghiep-hk2-nam-hoc-2016-2017/,Khoa Công nghệ Cơ khí,HCM,KHOA_CN_CO_KHI,true,,auto,1,678,ok,181213,fb7065f35f4c180b2f4b4f0f438d4c6f0207823926e69a3d5c4aa9f347d96528,files/khoa-cong-nghe-co-khi/fb7065f35f4c.pdf,false,2026-09-30T07:42:34+00:00,true,,
000b95488dde,THONG-BAO-TUYEN-DUNG.pdf,https://fce.iuh.edu.vn/wp-content/uploads/2026/08/THONG-BAO-TUYEN-DUNG.pdf,https://fce.iuh.edu.vn/viec-lam-tuyen-dung/cong-ty-tnhh-cong-nghe-univ-lac-phat-tuyen-dung/,Khoa Công nghệ Hóa học,HCM,KHOA_CN_HOA_HOC,false,3,auto,2,1699,ok,592942,000b95488dde7eeea3bffe27d0360e26d279f043b9408ec5c7a9f1331aecf67c,files/khoa-cong-nghe-hoa-hoc/000b95488dde.pdf,false,2026-09-30T07:45:06+00:00,true,,
018d968c6ccb,program_specification_chemical_engineering_Eh.pdf,https://fce.iuh.edu.vn/wp-content/uploads/2018/04/program_specification_chemical_engineering_Eh.pdf,https://fce.iuh.edu.vn/enterprise-linkages/programme-specification/,Khoa Công nghệ Hóa học,HCM,KHOA_CN_HOA_HOC,false,4,auto,39,80220,ok,796636,018d968c6ccb90cd783ba59c6f42935eb405543d09b36fd42ad2cc441ae33df3,files/khoa-cong-nghe-hoa-hoc/018d968c6ccb.pdf,false,2026-09-30T07:41:48+00:00,true,,
03c534632a5c,PROGRAM_CAC_27052019.pdf,https://fce.iuh.edu.vn/wp-content/uploads/2019/05/PROGRAM_CAC_27052019.pdf,https://fce.iuh.edu.vn/bieu-mau/danh-sach-poster-tinh-den-16g-ngay-07-05-2019/,Khoa Công nghệ Hóa học,HCM,KHOA_CN_HOA_HOC,false,1,auto,3,5372,ok,132142,03c534632a5ce610c4ff06d50c36abf678156a953f6fbd404c16f298f72c0b5a,files/khoa-cong-nghe-hoa-hoc/03c534632a5c.pdf,false,2026-09-30T07:42:51+00:00,true,,
050bff4b7718,Agenda-15052024_phamcy-1.pdf,https://fce.iuh.edu.vn/wp-content/uploads/2024/05/Agenda-15052024_phamcy-1.pdf,https://fce.iuh.edu.vn/dao-tao/hoi-thao-quoc-te-nganh-duoc/,Khoa Công nghệ Hóa học,HCM,KHOA_CN_HOA_HOC,true,,auto,1,970,ok,751553,050bff4b77187f446b32592aaaeed6a17096fee85bc18f33ccd167d94bc58d55,files/khoa-cong-nghe-hoa-hoc/050bff4b7718.pdf,false,2026-09-30T07:44:33+00:00,true,,
07120daf1b42,tb_3_nop_khoa_luan_truoc_han.pdf,https://fce.iuh.edu.vn/wp-content/uploads/2025/08/tb_3_nop_khoa_luan_truoc_han.pdf,https://fce.iuh.edu.vn/hoc-vu/thong-bao-ve-viec-nop-khoa-luan-tn-truoc-han-hk1-2025-2026/,Khoa Công nghệ Hóa học,HCM,KHOA_CN_HOA_HOC,false,4,auto,2,2262,ok,213039,07120daf1b42d3dceb1eef0cce07e94752a0740e7e014c66c21d5b790b75bfd4,files/khoa-cong-nghe-hoa-hoc/07120daf1b42.pdf,false,2026-09-30T07:44:50+00:00,true,,
09d80bca4af6,List-publication-2020-da-gop.pdf,https://fce.iuh.edu.vn/wp-content/uploads/2024/05/List-publication-2020-da-gop.pdf,https://fce.iuh.edu.vn/news-events/list-of-publication-papers-of-fce-from-2020-to-2024/,Khoa Công nghệ Hóa học,HCM,KHOA_CN_HOA_HOC,true,,auto,24,123904,ok,2268026,09d80bca4af68ac0751d5c6d9af8233a0187f3903cdb8eec9dc07ba441af2386,files/khoa-cong-nghe-hoa-hoc/09d80bca4af6.pdf,false,2026-09-30T07:44:35+00:00,true,,
0b49b0b1e34b,2025-tb-879-Le-tot-nghiep-11.2025.pdf,https://fce.iuh.edu.vn/wp-content/uploads/2025/08/2025-tb-879-Le-tot-nghiep-11.2025.pdf,https://fce.iuh.edu.vn/hoc-vu/ke-hoach-to-chuc-le-tot-nghiep-nam-2025/,Khoa Công nghệ Hóa học,HCM,KHOA_CN_HOA_HOC,true,,auto,3,0,scanned,834775,0b49b0b1e34ba5dd4d20678437ebf4e086daaecd67e73ac284ca1b70e3b9be07,scanned_pdf/khoa-cong-nghe-hoa-hoc/0b49b0b1e34b.pdf,false,2026-09-30T07:44:46+00:00,false,,
0b545e8ff884,15_DS-GVCN-Khoa-Cong-nghe-Hoa.pdf,https://fce.iuh.edu.vn/wp-content/uploads/2023/10/15_DS-GVCN-Khoa-Cong-nghe-Hoa.pdf,https://fce.iuh.edu.vn/gioi-thieu/danh-sach-gvcn-nam-hoc-2023-2024/,Khoa Công nghệ Hóa học,HCM,KHOA_CN_HOA_HOC,true,,auto,2,1509,no_diacritics,437855,0b545e8ff88471481c83cffb757c5be54a4ed9b9e450a526e3a4368f61bfc766,scanned_pdf/khoa-cong-nghe-hoa-hoc/0b545e8ff884.pdf,false,2026-09-30T07:43:58+00:00,false,,
0bf06c75f9ae,Hoi-dong_bao-ve-som-KLTN_2025-2026.pdf,https://fce.iuh.edu.vn/wp-content/uploads/2025/09/Hoi-dong_bao-ve-som-KLTN_2025-2026.pdf,https://fce.iuh.edu.vn/hoc-vu/thong-bao-hoi-dong-cham-kltn-sv-xin-bao-ve-som-trong-hk1-2025-2026/,Khoa Công nghệ Hóa học,HCM,KHOA_CN_HOA_HOC,true,,auto,1,928,ok,157916,0bf06c75f9ae9b6caeb04c6dbee02eef1da2b1461d9be32239560cb85f26a479,files/khoa-cong-nghe-hoa-hoc/0bf06c75f9ae.pdf,false,2026-09-30T07:44:52+00:00,true,,
110fa1d0b714,1B.Quyetdinbh-thanhlap.pdf,https://fce.iuh.edu.vn/wp-content/uploads/2026/09/1B.Quyetdinbh-thanhlap.pdf,https://fce.iuh.edu.vn/tin-tuc-su-kien/hoi-nghi-khoa-hoc-ky-thuat-phan-tich-hoa-ly-va-sinh-hoctoan-quoc-lan-thu-xii/,Khoa Công nghệ Hóa học,HCM,KHOA_CN_HOA_HOC,true,,auto,7,0,scanned,3591101,110fa1d0b7140a0ff4bdb7c2d44d44b2219f42c69a5be678d9efe6e4107b699b,scanned_pdf/khoa-cong-nghe-hoa-hoc/110fa1d0b714.pdf,false,2026-09-30T07:45:10+00:00,false,,
11c2f6718f5f,CHUONG-TRINH-BUOI-GIAO-LUU.pdf,https://fce.iuh.edu.vn/wp-content/uploads/2018/05/CHUONG-TRINH-BUOI-GIAO-LUU.pdf,https://fce.iuh.edu.vn/enterprise-linkages/announcement-of-professional-seminars-on-analytical-chemstry/,Khoa Công nghệ Hóa học,HCM,KHOA_CN_HOA_HOC,true,,auto,1,1608,ok,276100,11c2f6718f5f026e3c7ea8e5301687b0cce461b86609830914e8a4ff38bc5ded,files/khoa-cong-nghe-hoa-hoc/11c2f6718f5f.pdf,false,2026-09-30T07:41:57+00:00,true,,
1675d076d99f,Cyclobenzoins-Bridging-the-Extrinsic-and-Intrinsic-Porosity-Prof-Ognjen-S-Miljanic.pdf,https://fce.iuh.edu.vn/wp-content/uploads/2023/11/Cyclobenzoins-Bridging-the-Extrinsic-and-Intrinsic-Porosity-Prof-Ognjen-S-Miljanic.pdf,https://fce.iuh.edu.vn/tin-tuc-su-kien/semiar-vat-lieu-y-sinh-va-pin-nhien-lieu/,Khoa Công nghệ Hóa học,HCM,KHOA_CN_HOA_HOC,true,,auto,4,0,scanned,1051763,1675d076d99f06d85c5422bfa4299460aa54f84c6f7b8b019ab4a84dec0e90d8,scanned_pdf/khoa-cong-nghe-hoa-hoc/1675d076d99f.pdf,false,2026-09-30T07:44:15+00:00,false,,
17c90f633a49,Poster_Cretion_01_Vietnamese.pdf,https://fce.iuh.edu.vn/wp-content/uploads/2023/10/Poster_Cretion_01_Vietnamese.pdf,https://fce.iuh.edu.vn/hoc-vu/muc-tieu-va-chuan-dau-ra-cua-ctdt-dai-hoc-nganh-cong-nghe-ky-thuat-hoa-hoc/,Khoa Công nghệ Hóa học,HCM,KHOA_CN_HOA_HOC,true,,auto,1,2086,ok,1018079,17c90f633a49a6296e49a78c1fc0d73d1ce455eae230cd2b87d56b4bae9e402e,files/khoa-cong-nghe-hoa-hoc/17c90f633a49.pdf,false,2026-09-30T07:44:03+00:00,true,,
19f01ce7311b,Thong_bao_02_06032020-1.pdf,https://fce.iuh.edu.vn/wp-content/uploads/2020/03/Thong_bao_02_06032020-1.pdf,https://fce.iuh.edu.vn/ket-noi-doanh-nghiep/thong-bao-so-2-hoi-thao-quoc-te-lan-thu-4-khoa-cong-nghe-hoa-hoc/,Khoa Công nghệ Hóa học,HCM,KHOA_CN_HOA_HOC,false,1,auto,4,7982,ok,266014,19f01ce7311bcf8de08cd48b74e225f54c91e06dfcf000cb2caac164e6d0e892,files/khoa-cong-nghe-hoa-hoc/19f01ce7311b.pdf,false,2026-09-30T07:43:01+00:00,true,,
2062ecb81dda,tb55.pdf,https://fce.iuh.edu.vn/wp-content/uploads/2023/04/tb55.pdf,https://fce.iuh.edu.vn/hoc-vu/thong-bao-v-v-ho-tro-chi-phi-hoc-tap-hoc-ky-ii-nam-hoc-2022-2023/,Khoa Công nghệ Hóa học,HCM,KHOA_CN_HOA_HOC,true,,auto,2,0,scanned,676520,2062ecb81ddab3ccb6515d7b08b8f8e7f3cfa12cf5a80726f9b5dff327d60f11,scanned_pdf/khoa-cong-nghe-hoa-hoc/2062ecb81dda.pdf,false,2026-09-30T07:43:41+00:00,false,,
222b70f75879,Seminar-XRD_26_1_2016-full.pdf,https://fce.iuh.edu.vn/wp-content/uploads/2017/04/Seminar-XRD_26_1_2016-full.pdf,https://fce.iuh.edu.vn/department/seminar-xrd-analytical-technique/,Khoa Công nghệ Hóa học,HCM,KHOA_CN_HOA_HOC,true,,auto,58,9791,ok,6370826,222b70f75879f67bacfcdf37027fc5202d853b6c629f525242dd9c734d37a79d,files/khoa-cong-nghe-hoa-hoc/222b70f75879.pdf,false,2026-09-30T07:41:48+00:00,true,,
23e89ef440c1,KLTN_Thong-bao_GK-_BM-PT.pdf,https://fce.iuh.edu.vn/wp-content/uploads/2025/10/KLTN_Thong-bao_GK-_BM-PT.pdf,https://fce.iuh.edu.vn/hoc-vu/bm-phan-tich-thong-bao-ve-viec-bao-cao-giua-ky-kltn-2025-2026/,Khoa Công nghệ Hóa học,HCM,KHOA_CN_HOA_HOC,false,3,auto,1,1046,ok,183903,23e89ef440c10cb3f6e41ec9e435c709251d474e9033d41863ce1ff67b11ca30,files/khoa-cong-nghe-hoa-hoc/23e89ef440c1.pdf,false,2026-09-30T07:44:57+00:00,true,,
281229589ccd,CAA-2022-KTKVO-SZ6.pdf,https://fce.iuh.edu.vn/wp-content/uploads/2022/06/CAA-2022-KTKVO-SZ6.pdf,https://fce.iuh.edu.vn/thong-bao/chuong-trinh-hoi-thao-quoc-te-hoa-hoc-ung-dung-nganh-hoa-14-15-07-2022/,Khoa Công nghệ Hóa học,HCM,KHOA_CN_HOA_HOC,true,,auto,4,5662,ok,1020137,281229589ccde64c2e5c90aa86d14cfd76951160bd92e172c021553fc4b578f3,files/khoa-cong-nghe-hoa-hoc/281229589ccd.pdf,false,2026-09-30T07:43:25+00:00,true,,
2b71927a6256,19-01-2018_16.06.30thong_bao_bao_cao_thuc_tap_dhpt10a.pdf,https://fce.iuh.edu.vn/wp-content/uploads/2018/05/19-01-2018_16.06.30thong_bao_bao_cao_thuc_tap_dhpt10a.pdf,https://fce.iuh.edu.vn/department/announcement-about-internship-report-for-class-dhpt10a/,Khoa Công nghệ Hóa học,HCM,KHOA_CN_HOA_HOC,true,,auto,1,2249,ok,192653,2b71927a62568e5d439bd4a0e36ad3894e6075a96126c6d3f6f332eb687aaf8b,files/khoa-cong-nghe-hoa-hoc/2b71927a6256.pdf,false,2026-09-30T07:41:51+00:00,true,,
2bdc764cbcc9,Application-Form-for-Mobility-Inbound-2025.pdf,https://fce.iuh.edu.vn/wp-content/uploads/2025/05/Application-Form-for-Mobility-Inbound-2025.pdf,https://fce.iuh.edu.vn/hoc-vu/chuong-trinh-trao-doi-sinh-vien-hoc-ky-mua-thu-nam-2025-dai-hoc-pahang-malaysia/,Khoa Công nghệ Hóa học,HCM,KHOA_CN_HOA_HOC,true,,auto,7,5475,ok,199307,2bdc764cbcc9657bc4ba6cfaea55cf961bd0848ab7439f4b37cdc732440b1afe,files/khoa-cong-nghe-hoa-hoc/2bdc764cbcc9.pdf,false,2026-09-30T07:44:41+00:00,true,,
2bf5b01597f3,Lich-hoc-khoa-22-Khoa-CNHH.pdf,https://fce.iuh.edu.vn/wp-content/uploads/2026/08/Lich-hoc-khoa-22-Khoa-CNHH.pdf,https://fce.iuh.edu.vn/hoc-vu/thoi-khoa-bieu-hk1-2026-2027-cua-tan-sinh-vien-khoa-22-khoa-cong-nghe-hoa-hoc/,Khoa Công nghệ Hóa học,HCM,KHOA_CN_HOA_HOC,false,4,auto,4,7625,ok,220411,2bf5b01597f361289955f6147d3fea5d4152a3fc4306945c7f473fd66a255e34,files/khoa-cong-nghe-hoa-hoc/2bf5b01597f3.pdf,false,2026-09-30T07:45:05+00:00,true,,
324851bcfc02,Marking-plan-final-exam.pdf,https://fce.iuh.edu.vn/wp-content/uploads/2018/05/Marking-plan-final-exam.pdf,https://fce.iuh.edu.vn/department/exam-and-marking-plan-solution/,Khoa Công nghệ Hóa học,HCM,KHOA_CN_HOA_HOC,false,2,auto,4,5149,ok,360054,324851bcfc02a55617655b7992b5d77a0e2e0ac1a066ae6d727b0c6403e615b9,files/khoa-cong-nghe-hoa-hoc/324851bcfc02.pdf,false,2026-09-30T07:42:06+00:00,true,,
334e68c043de,AGENDA_CONFERENCE_IUH_2016_HOA.pdf,https://fce.iuh.edu.vn/wp-content/uploads/2018/05/AGENDA_CONFERENCE_IUH_2016_HOA.pdf,https://fce.iuh.edu.vn/department/green-chemical-technology-conference-schedule-august-22-2016/,Khoa Công nghệ Hóa học,HCM,KHOA_CN_HOA_HOC,false,1,auto,2,1673,ok,217569,334e68c043de937dd76662d7342eaf442235f137d7724e6d0b4036e8c58b1f69,files/khoa-cong-nghe-hoa-hoc/334e68c043de.pdf,false,2026-09-30T07:41:54+00:00,true,,
34bdbaf0ce35,Tuyen-Dung-Duong-Huynh.pdf,https://fce.iuh.edu.vn/wp-content/uploads/2025/12/Tuyen-Dung-Duong-Huynh.pdf,https://fce.iuh.edu.vn/viec-lam-tuyen-dung/cong-ty-tnhh-moi-truong-duong-huynh-tuyen-dung-2/,Khoa Công nghệ Hóa học,HCM,KHOA_CN_HOA_HOC,true,,auto,2,0,scanned,515097,34bdbaf0ce35d0faed9560ac8b7e6757d36241b0805c873f0cb1342cd589f55d,scanned_pdf/khoa-cong-nghe-hoa-hoc/34bdbaf0ce35.pdf,false,2026-09-30T07:44:59+00:00,false,,
35c0fdad7ade,formdangkygiangdaytienganh_FCE_19042022.pdf,https://fce.iuh.edu.vn/wp-content/uploads/2022/04/formdangkygiangdaytienganh_FCE_19042022.pdf,https://fce.iuh.edu.vn/thong-bao/danh-sach-gv-fce-va-nuoc-ngoai-giang-day-co-ho-tro-tieng-anh-va-hoan-toan-tieng-anh-tu-2022/,Khoa Công nghệ Hóa học,HCM,KHOA_CN_HOA_HOC,true,,auto,2,3133,ok,141373,35c0fdad7adec598876ee7720087108b312b765f8e4d4bdce4fc45f8cd2a355b,files/khoa-cong-nghe-hoa-hoc/35c0fdad7ade.pdf,false,2026-09-30T07:43:21+00:00,true,,
35f58006397e,Final-exam.pdf,https://fce.iuh.edu.vn/wp-content/uploads/2018/05/Final-exam.pdf,https://fce.iuh.edu.vn/department/final-exam-organic-chemistry-course-2104419-dhho-11-examination-day-1-6-2017/,Khoa Công nghệ Hóa học,HCM,KHOA_CN_HOA_HOC,true,,auto,4,4447,ok,585924,35f58006397e0ffa7d7c118b0b54234e14e188c071925a8233500d1ca9015c7a,files/khoa-cong-nghe-hoa-hoc/35f58006397e.pdf,false,2026-09-30T07:42:00+00:00,true,,
3c08b3fec1a3,Hoi-dong-danh-gia-KLTN-2026-2027_BV-som.pdf,https://fce.iuh.edu.vn/wp-content/uploads/2026/09/Hoi-dong-danh-gia-KLTN-2026-2027_BV-som.pdf,https://fce.iuh.edu.vn/hoc-vu/lich-hoi-dong-danh-gia-kltn-2026-2027-danh-cho-sv-xin-bao-ve-som/,Khoa Công nghệ Hóa học,HCM,KHOA_CN_HOA_HOC,true,,auto,1,960,ok,116144,3c08b3fec1a38278203d1f93b6d6680628e6fe6bae56d650ac78bf48081dc9db,files/khoa-cong-nghe-hoa-hoc/3c08b3fec1a3.pdf,false,2026-09-30T07:45:14+00:00,true,,
3f5c3582ef99,Thong-bao-tuyen-thuc-tap-sinh-2025.pdf,https://fce.iuh.edu.vn/wp-content/uploads/2025/08/Thong-bao-tuyen-thuc-tap-sinh-2025.pdf,https://fce.iuh.edu.vn/viec-lam-tuyen-dung/cong-ty-cp-phan-bon-dau-khi-ca-mau-tuyen-thuc-tap-sinh/,Khoa Công nghệ Hóa học,HCM,KHOA_CN_HOA_HOC,true,,auto,2,3865,ok,195505,3f5c3582ef9902ab1177d476b5998e8a2af12d76e1e07f152b86359432a55e46,files/khoa-cong-nghe-hoa-hoc/3f5c3582ef99.pdf,false,2026-09-30T07:44:47+00:00,true,,
405eee84f606,CODE_E.pdf,https://fce.iuh.edu.vn/wp-content/uploads/2019/05/CODE_E.pdf,https://fce.iuh.edu.vn/bieu-mau/danh-sach-poster-tinh-den-16g-ngay-07-05-2019/,Khoa Công nghệ Hóa học,HCM,KHOA_CN_HOA_HOC,false,4,auto,4,4385,ok,78744,405eee84f606a414c32ce0a2c6866968f0c6e88dee5f6eb3d07aa3cd157cba2c,files/khoa-cong-nghe-hoa-hoc/405eee84f606.pdf,false,2026-09-30T07:42:47+00:00,true,,
407a2b3c02a0,Prizes-of-FCE-and-lectuers_outstanding-in-research-from-2022-to-2023.pdf,https://fce.iuh.edu.vn/wp-content/uploads/2024/05/Prizes-of-FCE-and-lectuers_outstanding-in-research-from-2022-to-2023.pdf,https://fce.iuh.edu.vn/news-events/lists-of-prize-about-outstanding-research-of-fce/,Khoa Công nghệ Hóa học,HCM,KHOA_CN_HOA_HOC,true,,auto,8,1098,ok,956463,407a2b3c02a0a196576aefe32235cc5dfd85e29f61ff680ec490c77ab174cd97,files/khoa-cong-nghe-hoa-hoc/407a2b3c02a0.pdf,false,2026-09-30T07:44:36+00:00,true,,
40cc87255f6f,Call-for-conference.pdf,https://fce.iuh.edu.vn/wp-content/uploads/2019/03/Call-for-conference.pdf,https://fce.iuh.edu.vn/aun-qa-en/announcement-of-2019-symposia-conference-chemistry-and-application/,Khoa Công nghệ Hóa học,HCM,KHOA_CN_HOA_HOC,true,,auto,2,3182,ok,594096,40cc87255f6ff2f309e27842224adedc37cc0b7df62ddbaa3d30d814c727e983,files/khoa-cong-nghe-hoa-hoc/40cc87255f6f.pdf,false,2026-09-30T07:42:34+00:00,true,,
4448fea9662c,1C.Thong-bao-so-1-Hoi-nghi-Phan-tich-Hoa-Ly-Sinh-2026.pdf,https://fce.iuh.edu.vn/wp-content/uploads/2026/09/1C.Thong-bao-so-1-Hoi-nghi-Phan-tich-Hoa-Ly-Sinh-2026.pdf,https://fce.iuh.edu.vn/tin-tuc-su-kien/hoi-nghi-khoa-hoc-ky-thuat-phan-tich-hoa-ly-va-sinh-hoctoan-quoc-lan-thu-xii/,Khoa Công nghệ Hóa học,HCM,KHOA_CN_HOA_HOC,true,,auto,3,7996,ok,238424,4448fea9662c29d74cdd8152fc381b2f69a244d3e1a127191582dde7d6d18d52,files/khoa-cong-nghe-hoa-hoc/4448fea9662c.pdf,false,2026-09-30T07:45:11+00:00,true,,
486debee3d1c,international-program-2020-02072020.pdf,https://fce.iuh.edu.vn/wp-content/uploads/2020/05/international-program-2020-02072020.pdf,https://fce.iuh.edu.vn/ket-noi-doanh-nghiep/thong-bao-so-3-hoi-thao-hoa-hoc-va-ung-dung-2020/,Khoa Công nghệ Hóa học,HCM,KHOA_CN_HOA_HOC,true,,auto,3,4837,ok,184194,486debee3d1cfafab28ccdf679629b64f70267bc489f0e3ee4c085645961e72f,files/khoa-cong-nghe-hoa-hoc/486debee3d1c.pdf,false,2026-09-30T07:43:05+00:00,true,,
493038102c4e,03.-Conference-with-TUT-and-FCE-05092023_final_web.pdf,https://fce.iuh.edu.vn/wp-content/uploads/2023/08/03.-Conference-with-TUT-and-FCE-05092023_final_web.pdf,https://fce.iuh.edu.vn/nghien-cuu/fces-international-conference-2023/,Khoa Công nghệ Hóa học,HCM,KHOA_CN_HOA_HOC,false,3,auto,2,2214,ok,83320,493038102c4e976030c15b6f0f7136f51a1d0058dd58834b752edf9b7f80022b,files/khoa-cong-nghe-hoa-hoc/493038102c4e.pdf,false,2026-09-30T07:43:51+00:00,true,,
4ab8f984bdc1,AGENDA_23_4_23.pdf,https://fce.iuh.edu.vn/wp-content/uploads/2023/04/AGENDA_23_4_23.pdf,https://fce.iuh.edu.vn/ket-noi-doanh-nghiep/hoi-thao-gioi-thieu-vi-tri-viec-lam-va-co-hoi-nghe-nghiep-cho-nganh-cong-nghe-loc-hoa-dau/,Khoa Công nghệ Hóa học,HCM,KHOA_CN_HOA_HOC,true,,auto,1,984,ok,195263,4ab8f984bdc1ef9732e99edb8a8f76598fc8b8c631c6405fdcf2c2ae988d860a,files/khoa-cong-nghe-hoa-hoc/4ab8f984bdc1.pdf,false,2026-09-30T07:43:39+00:00,true,,
4b7da42b8c86,call_for_conference_2020-poster-1.pdf,https://fce.iuh.edu.vn/wp-content/uploads/2020/03/call_for_conference_2020-poster-1.pdf,https://fce.iuh.edu.vn/ket-noi-doanh-nghiep/thong-bao-so-2-hoi-thao-quoc-te-lan-thu-4-khoa-cong-nghe-hoa-hoc/,Khoa Công nghệ Hóa học,HCM,KHOA_CN_HOA_HOC,true,,auto,1,3615,ok,272580,4b7da42b8c86e45c7f92530f2aa581155c21bdb23c0dc9cfde91e64442b65d38,files/khoa-cong-nghe-hoa-hoc/4b7da42b8c86.pdf,false,2026-09-30T07:43:03+00:00,true,,
50336fe544ac,Thong_bao_01_10052022-2.pdf,https://fce.iuh.edu.vn/wp-content/uploads/2022/05/Thong_bao_01_10052022-2.pdf,https://fce.iuh.edu.vn/thong-bao/hoi-thao-quoc-te-hoa-hoc-va-ung-dung-2022-caa-fce-2022/,Khoa Công nghệ Hóa học,HCM,KHOA_CN_HOA_HOC,true,,auto,2,4768,ok,256110,50336fe544ac216c43fb8b734a6c9eca384cdc57580cc5f80ede1a9e75fea448,files/khoa-cong-nghe-hoa-hoc/50336fe544ac.pdf,false,2026-09-30T07:43:23+00:00,true,,
51a83c734b83,2026_Le-bao-ve-luan-van-Tot-nghiep.pdf,https://fce.iuh.edu.vn/wp-content/uploads/2025/12/2026_Le-bao-ve-luan-van-Tot-nghiep.pdf,https://fce.iuh.edu.vn/hoc-vu/mau-bang-ron-phong-hoi-dong-bao-cao-khoa-luan-tot-nghiep-2025-2026/,Khoa Công nghệ Hóa học,HCM,KHOA_CN_HOA_HOC,true,,auto,1,115,ok,887912,51a83c734b83e0742f7124793df9defa082d0d3e2b1eece2a869c73d1b92bf28,files/khoa-cong-nghe-hoa-hoc/51a83c734b83.pdf,false,2026-09-30T07:44:58+00:00,true,,
51f137f1e562,Programme-specification-Master-CE-2022.pdf,https://fce.iuh.edu.vn/wp-content/uploads/2024/02/Programme-specification-Master-CE-2022.pdf,https://fce.iuh.edu.vn/enterprise-linkages/programme-specification-in-master-of-chemical-engineering-2022/,Khoa Công nghệ Hóa học,HCM,KHOA_CN_HOA_HOC,true,,auto,54,102274,ok,3605097,51f137f1e5621282e18ea23483dcacba3e5ba6b6de07a8882ab01e4f93224669,files/khoa-cong-nghe-hoa-hoc/51f137f1e562.pdf,false,2026-09-30T07:44:28+00:00,true,,
533976f31e4a,14-10-2019_08.19.42thong_bao_chuong_trinh_hoc_bong.pdf,https://fce.iuh.edu.vn/wp-content/uploads/2019/10/14-10-2019_08.19.42thong_bao_chuong_trinh_hoc_bong.pdf,https://fce.iuh.edu.vn/hoc-vu/chuong-trinh-hoc-bong-gieo-hat-giong-tuong-lai/,Khoa Công nghệ Hóa học,HCM,KHOA_CN_HOA_HOC,true,,auto,8,0,scanned,8092206,533976f31e4a937ec5f2a60ca93fd316d11215c3c82fb53b9ff67ae56dd9ea69,scanned_pdf/khoa-cong-nghe-hoa-hoc/533976f31e4a.pdf,false,2026-09-30T07:42:53+00:00,false,,
539076e8bdd5,Thong_bao_01-hoi_thao-20_newest.pdf,https://fce.iuh.edu.vn/wp-content/uploads/2020/01/Thong_bao_01-hoi_thao-20_newest.pdf,https://fce.iuh.edu.vn/ket-noi-doanh-nghiep/hoi-thao-quoc-te-ve-hoa-hoc-ung-dung-nam-2020-fce-iuh/,Khoa Công nghệ Hóa học,HCM,KHOA_CN_HOA_HOC,true,,auto,4,8309,ok,267623,539076e8bdd582f25d853d6d17281fb60b36c56a98cbb98b4fed956727117a40,files/khoa-cong-nghe-hoa-hoc/539076e8bdd5.pdf,false,2026-09-30T07:42:58+00:00,true,,
53b6fd40b66f,Chinh-thuc_phan-cong-GVHD-KLTN-2026-2027.pdf,https://fce.iuh.edu.vn/wp-content/uploads/2026/09/Chinh-thuc_phan-cong-GVHD-KLTN-2026-2027.pdf,https://fce.iuh.edu.vn/hoc-vu/danh-sach-chinh-thuc-phan-cong-de-tai-khoa-luan-tot-nghiep-nam-hoc-2026-2027/,Khoa Công nghệ Hóa học,HCM,KHOA_CN_HOA_HOC,false,1,auto,16,60477,ok,501085,53b6fd40b66fa22a2b164c0cd454713922e3c5a03df0c715f5823df3c6750025,files/khoa-cong-nghe-hoa-hoc/53b6fd40b66f.pdf,false,2026-09-30T07:45:13+00:00,true,,
580d203dfc2a,TB-1740-2023-thoi-han-hoc-tap.pdf,https://fce.iuh.edu.vn/wp-content/uploads/2023/11/TB-1740-2023-thoi-han-hoc-tap.pdf,https://fce.iuh.edu.vn/hoc-vu/thoi-han-hoc-tap-tai-truong-tb-so-1740-2023/,Khoa Công nghệ Hóa học,HCM,KHOA_CN_HOA_HOC,true,,auto,2,0,scanned,633041,580d203dfc2aef420089275eddc8ef7f000a87f44161bb7ed792701383753fff,scanned_pdf/khoa-cong-nghe-hoa-hoc/580d203dfc2a.pdf,false,2026-09-30T07:44:19+00:00,false,,
5a7112770428,Chuong-trinh-Thac-si_KTHH_Ung-dung_2022_Cong-khai.pdf,https://fce.iuh.edu.vn/wp-content/uploads/2022/11/Chuong-trinh-Thac-si_KTHH_Ung-dung_2022_Cong-khai.pdf,https://fce.iuh.edu.vn/dao-tao/chuong-trinh-nganh-ky-thuat-hoa-hoc-trinh-do-thac-si/,Khoa Công nghệ Hóa học,HCM,KHOA_CN_HOA_HOC,false,4,auto,23,36179,broken_encoding,402032,5a7112770428be76c922dc1189df98f0bad0aad28bc373e4cd44773b74ed0123,scanned_pdf/khoa-cong-nghe-hoa-hoc/5a7112770428.pdf,false,2026-09-30T07:43:30+00:00,false,,
5a85f2ef3852,DANHSACH_SEMINAR_HOAPHANTICH_17072021.pdf,https://fce.iuh.edu.vn/wp-content/uploads/2021/07/DANHSACH_SEMINAR_HOAPHANTICH_17072021.pdf,https://fce.iuh.edu.vn/thong-bao/hoi-thao-gop-y-chuyen-mon-cho-hoc-vien-cao-hoc-hoa-phan-tich-va-cnhh/,Khoa Công nghệ Hóa học,HCM,KHOA_CN_HOA_HOC,true,,auto,2,1630,ok,101640,5a85f2ef3852f61d59b9b80acb3c22a1d18830c73ab1495f1f4ac2053cfc304f,files/khoa-cong-nghe-hoa-hoc/5a85f2ef3852.pdf,false,2026-09-30T07:43:13+00:00,true,,
6273eaa410f2,Chuong-trinh_Hoi-thao_main.pdf,https://fce.iuh.edu.vn/wp-content/uploads/2025/06/Chuong-trinh_Hoi-thao_main.pdf,https://fce.iuh.edu.vn/tin-tuc-su-kien/hoi-thao-khoa-hoc-cap-quoc-gia-lan-thu-xi-hoa-vo-co-phan-bon-dat-hiem-phan-tich/,Khoa Công nghệ Hóa học,HCM,KHOA_CN_HOA_HOC,true,,auto,3,5049,ok,432038,6273eaa410f27a0bc4d7bcd19eccdb08e23b2a8f2f3b178b66336140fe956723,files/khoa-cong-nghe-hoa-hoc/6273eaa410f2.pdf,false,2026-09-30T07:44:44+00:00,true,,
677d070ff16e,FYP-to-manuscript-desktop.pdf,https://fce.iuh.edu.vn/wp-content/uploads/2023/09/FYP-to-manuscript-desktop.pdf,https://fce.iuh.edu.vn/aun-qa-en/international-seminar-tips-tricks-of-publication-in-high-impact-journal-application-of-software-apps/,Khoa Công nghệ Hóa học,HCM,KHOA_CN_HOA_HOC,true,,auto,15,3407,ok,826140,677d070ff16efe0fb43b4a65dceb0c46b62219d34fced8cd45c0a51372490848,files/khoa-cong-nghe-hoa-hoc/677d070ff16e.pdf,false,2026-09-30T07:43:56+00:00,true,,
6ea46675596a,Thong-bao-tuyen-sinh-tien-si-2019.pdf,https://fce.iuh.edu.vn/wp-content/uploads/2019/02/Thong-bao-tuyen-sinh-tien-si-2019.pdf,https://fce.iuh.edu.vn/tuyen-sinh/thong-bao-tuyen-sinh-dao-tao-trinh-do-tien-si-nam-2019/,Khoa Công nghệ Hóa học,HCM,KHOA_CN_HOA_HOC,true,,auto,3,0,scanned,711189,6ea46675596a28a10ed2ba4da671d023081e33e7985dcb89d4f75edb128d8770,scanned_pdf/khoa-cong-nghe-hoa-hoc/6ea46675596a.pdf,false,2026-09-30T07:42:31+00:00,false,,
6eb48bd4e7ed,QD-275_22.02.2023_Cap-hoc-bong-cho-03-hv-co-bai-bao-QT.pdf,https://fce.iuh.edu.vn/wp-content/uploads/2023/02/QD-275_22.02.2023_Cap-hoc-bong-cho-03-hv-co-bai-bao-QT.pdf,https://fce.iuh.edu.vn/hoc-vu/qd-trao-hoc-bong-toan-khoa-cho-hoc-vien-cao-hoc-co-thanh-tich-nckh/,Khoa Công nghệ Hóa học,HCM,KHOA_CN_HOA_HOC,false,3,auto,2,0,scanned,1190994,6eb48bd4e7ed0eeee7b1ace7a6f6020956294e3add8e6061fd734873d1956e0a,scanned_pdf/khoa-cong-nghe-hoa-hoc/6eb48bd4e7ed.pdf,false,2026-09-30T07:43:36+00:00,false,,
741d43efc4a5,Final_Thong-bao_nop-bao-cao-GK_khoaluan_K17.pdf,https://fce.iuh.edu.vn/wp-content/uploads/2025/10/Final_Thong-bao_nop-bao-cao-GK_khoaluan_K17.pdf,https://fce.iuh.edu.vn/hoc-vu/bm-cong-nghe-hoa-hoc-thong-bao-nop-bao-cao-giua-ky-kltn-2025-2026/,Khoa Công nghệ Hóa học,HCM,KHOA_CN_HOA_HOC,true,,auto,1,1670,ok,160023,741d43efc4a58537a87297c3c1b939670bbdcb639a44107fd0ae556c1fd0c4e5,files/khoa-cong-nghe-hoa-hoc/741d43efc4a5.pdf,false,2026-09-30T07:44:55+00:00,true,,
78acb7d5c97d,Chuong-trinh-Thac-si_HPT_Ung-dung_2022_Cong-khai.pdf,https://fce.iuh.edu.vn/wp-content/uploads/2022/11/Chuong-trinh-Thac-si_HPT_Ung-dung_2022_Cong-khai.pdf,https://fce.iuh.edu.vn/dao-tao/chuong-trinh-nganh-hoa-phan-tich-trinh-do-thac-si/,Khoa Công nghệ Hóa học,HCM,KHOA_CN_HOA_HOC,true,,auto,23,35684,broken_encoding,398350,78acb7d5c97d262fd87fbbf404a226c2f3b80f5c864aa1baadaade703c9f8d7e,scanned_pdf/khoa-cong-nghe-hoa-hoc/78acb7d5c97d.pdf,false,2026-09-30T07:43:29+00:00,false,,
7996bb92eb95,tb-1581-2024-ve-viec-hoc-tieng-anh.pdf,https://fce.iuh.edu.vn/wp-content/uploads/2025/08/tb-1581-2024-ve-viec-hoc-tieng-anh.pdf,https://fce.iuh.edu.vn/hoc-vu/quy-dinh-v-vhoc-tieng-anh-va-nop-chung-chi-ngoai-ngu-cho-tan-sinh-vien-tu-k20-tro-ve-sau/,Khoa Công nghệ Hóa học,HCM,KHOA_CN_HOA_HOC,true,,auto,2,0,scanned,880244,7996bb92eb950deb873113386b8655dc2b760f624325e76848b88b4a95325538,scanned_pdf/khoa-cong-nghe-hoa-hoc/7996bb92eb95.pdf,false,2026-09-30T07:44:49+00:00,false,,
7c939e80cdbd,KE-HOẠCH-DỤ-GIỜ-KHOA-CNHH_HK2_2021_2022_revised.pdf,https://fce.iuh.edu.vn/wp-content/uploads/2022/03/KE-HOẠCH-DỤ-GIỜ-KHOA-CNHH_HK2_2021_2022_revised.pdf,https://fce.iuh.edu.vn/thong-bao/ke-hoach-du-gio-hoc-ky-2-nam-hoc-2021-2022/,Khoa Công nghệ Hóa học,HCM,KHOA_CN_HOA_HOC,false,2,auto,1,1459,ok,206646,7c939e80cdbd208f1cccb3f127b824a228501d85139138ab1f342fd11e75dc10,files/khoa-cong-nghe-hoa-hoc/7c939e80cdbd.pdf,false,2026-09-30T07:43:19+00:00,true,,
7db23392958e,POSTER-ELO_CLO.pdf,https://fce.iuh.edu.vn/wp-content/uploads/2023/10/POSTER-ELO_CLO.pdf,https://fce.iuh.edu.vn/academic/programme-educational-objectives-and-programme-learning-outcomes/,Khoa Công nghệ Hóa học,HCM,KHOA_CN_HOA_HOC,true,,auto,1,1870,ok,721844,7db23392958ee9392b73e237f0ad5e11ade75fb2cbfd0659b7d44149f64a8598,files/khoa-cong-nghe-hoa-hoc/7db23392958e.pdf,false,2026-09-30T07:44:01+00:00,true,,
7f8df3e16639,4.Minhc-hung_TCHN-resized-pdfresizer.com_.pdf,https://fce.iuh.edu.vn/wp-content/uploads/2026/09/4.Minhc-hung_TCHN-resized-pdfresizer.com_.pdf,https://fce.iuh.edu.vn/tin-tuc-su-kien/hoi-nghi-khoa-hoc-ky-thuat-phan-tich-hoa-ly-va-sinh-hoctoan-quoc-lan-thu-xii/,Khoa Công nghệ Hóa học,HCM,KHOA_CN_HOA_HOC,true,,auto,33,69,scanned,10075190,7f8df3e166394f122e00ad9bb5ea7e852971a36014bb49ff653a2116d7b8cf72,scanned_pdf/khoa-cong-nghe-hoa-hoc/7f8df3e16639.pdf,false,2026-09-30T07:45:13+00:00,false,,
803831c21d8a,Chuong-trinh-Tien-si_KTHH_2022_Cong-khai.pdf,https://fce.iuh.edu.vn/wp-content/uploads/2022/11/Chuong-trinh-Tien-si_KTHH_2022_Cong-khai.pdf,https://fce.iuh.edu.vn/dao-tao/chuong-trinh-nganh-ky-thuat-hoa-hoc-trinh-do-tien-si/,Khoa Công nghệ Hóa học,HCM,KHOA_CN_HOA_HOC,true,,auto,10,15722,broken_encoding,286326,803831c21d8a42ba9c8641fbf12a8f7d39d084afd160c7c865ac80cf10190c61,scanned_pdf/khoa-cong-nghe-hoa-hoc/803831c21d8a.pdf,false,2026-09-30T07:43:32+00:00,false,,
84d565a32f70,20231201_Hoi-thao-Ung-dung-tinh-dau.pdf,https://fce.iuh.edu.vn/wp-content/uploads/2023/11/20231201_Hoi-thao-Ung-dung-tinh-dau.pdf,https://fce.iuh.edu.vn/tin-tuc-su-kien/hoi-thao-ung-dung-tinh-dau-tu-cay-huong-thao-lam-dong-trong-san-xuat-cac-san-pham-cham-soc-ca-nhan-khoa-cong-nghe-hoa-hoc/,Khoa Công nghệ Hóa học,HCM,KHOA_CN_HOA_HOC,true,,auto,1,1122,ok,94036,84d565a32f7079e28ef8b90772521d684d450a4738454dc1e19b0d83f772bd76,files/khoa-cong-nghe-hoa-hoc/84d565a32f70.pdf,false,2026-09-30T07:44:12+00:00,true,,
85b48e801162,Thong_bao_tuyen_sinh_trinh_do_thac_si_nam_2019_dot_1.pdf,https://fce.iuh.edu.vn/wp-content/uploads/2019/01/Thong_bao_tuyen_sinh_trinh_do_thac_si_nam_2019_dot_1.pdf,https://fce.iuh.edu.vn/tin-tuc-su-kien/thong-bao-tuyen-sinh-dao-tao-trinh-do-thac-sy-nam-hoc-2019/,Khoa Công nghệ Hóa học,HCM,KHOA_CN_HOA_HOC,false,4,auto,8,0,scanned,5549989,85b48e8011627966bfc8a83d292e5bd87754f796959afafaf7b6e13091d6914e,scanned_pdf/khoa-cong-nghe-hoa-hoc/85b48e801162.pdf,false,2026-09-30T07:42:29+00:00,false,,
85f5b647f133,Programme-specification-Master-CE-2022-VN.pdf,https://fce.iuh.edu.vn/wp-content/uploads/2024/02/Programme-specification-Master-CE-2022-VN.pdf,https://fce.iuh.edu.vn/dao-tao/ban-mo-ta-chuong-trinh-dao-tao-thac-si-nganh-ky-thuat-hoa-hoc-2022/,Khoa Công nghệ Hóa học,HCM,KHOA_CN_HOA_HOC,true,,auto,63,103675,ok,3870715,85f5b647f13301d0a9b2ce554fc4e2f7471c3a39ca685245e29f0fa2d5d74147,files/khoa-cong-nghe-hoa-hoc/85f5b647f133.pdf,false,2026-09-30T07:44:27+00:00,true,,
881f3d49c3dc,1A.Ban-ke-hoach-1.pdf,https://fce.iuh.edu.vn/wp-content/uploads/2026/09/1A.Ban-ke-hoach-1.pdf,https://fce.iuh.edu.vn/tin-tuc-su-kien/hoi-nghi-khoa-hoc-ky-thuat-phan-tich-hoa-ly-va-sinh-hoctoan-quoc-lan-thu-xii/,Khoa Công nghệ Hóa học,HCM,KHOA_CN_HOA_HOC,false,2,auto,13,0,scanned,7923436,881f3d49c3dc3f3153ac7a65633f33bcde5b04073647ba9b70c29c99782249ba,scanned_pdf/khoa-cong-nghe-hoa-hoc/881f3d49c3dc.pdf,false,2026-09-30T07:45:09+00:00,false,,
8a6c6c5711ac,01.-Chuon-trinh-hoi-thao_thailan_nhat_ban_vn_20112023-1.pdf,https://fce.iuh.edu.vn/wp-content/uploads/2023/11/01.-Chuon-trinh-hoi-thao_thailan_nhat_ban_vn_20112023-1.pdf,https://fce.iuh.edu.vn/enterprise-linkages/international-conference-between-faculty-of-chemical-engineering-iuh-and-thamasat-univeristy/,Khoa Công nghệ Hóa học,HCM,KHOA_CN_HOA_HOC,true,,auto,1,1199,ok,274442,8a6c6c5711ac88b7b774bf23dcdf635c2e1b9cb5f4045043b90da463ecc3a7f3,files/khoa-cong-nghe-hoa-hoc/8a6c6c5711ac.pdf,false,2026-09-30T07:44:08+00:00,true,,
8c9f894127d4,poster_doan_vandat.pdf,https://fce.iuh.edu.vn/wp-content/uploads/2018/05/poster_doan_vandat.pdf,https://fce.iuh.edu.vn/department/lecturer-of-basic-chemistry-department-presented-poster-at-iuh-2016-international-conference/,Khoa Công nghệ Hóa học,HCM,KHOA_CN_HOA_HOC,true,,auto,1,8787,garbled_ocr,515627,8c9f894127d44179c20f342e9939abe6edad6c876835513ce448194d3f65d709,scanned_pdf/khoa-cong-nghe-hoa-hoc/8c9f894127d4.pdf,false,2026-09-30T07:42:24+00:00,false,,
913e94c53c34,TỔNG-HỢP-ĐĂNG-TUYỂN.pdf,https://fce.iuh.edu.vn/wp-content/uploads/2018/05/TỔNG-HỢP-ĐĂNG-TUYỂN.pdf,https://fce.iuh.edu.vn/employments/employment-information/,Khoa Công nghệ Hóa học,HCM,KHOA_CN_HOA_HOC,false,3,auto,6,7718,ok,190245,913e94c53c34b07c30eda05aad81680137e5cab3fccec6698365b89fdefd0546,files/khoa-cong-nghe-hoa-hoc/913e94c53c34.pdf,false,2026-09-30T07:42:15+00:00,true,,
93d4010b9c36,2023_BIEU-MAU_KhoaluanTN_TTDN_KTCM.pdf,https://fce.iuh.edu.vn/wp-content/uploads/2023/06/2023_BIEU-MAU_KhoaluanTN_TTDN_KTCM.pdf,https://fce.iuh.edu.vn/hoc-vu/quy-dinh-ve-trinh-bay-cuon-bao-cao-khoa-luan-thuc-tap-va-kien-tap-ap-dung-tu-2023/,Khoa Công nghệ Hóa học,HCM,KHOA_CN_HOA_HOC,true,,auto,9,13721,ok,293374,93d4010b9c36e7e5292cee13e01a193a9d5116b2b8874382364e6a2c04423804,files/khoa-cong-nghe-hoa-hoc/93d4010b9c36.pdf,false,2026-09-30T07:43:47+00:00,true,,
9ce3faee80a7,ke_hoach_hoi_thao.pdf,https://fce.iuh.edu.vn/wp-content/uploads/2017/02/ke_hoach_hoi_thao.pdf,https://fce.iuh.edu.vn/thong-bao/ke-hoach-hoi-thao-toan-truong/,Khoa Công nghệ Hóa học,HCM,KHOA_CN_HOA_HOC,false,2,auto,2,3671,garbled_ocr,1638614,9ce3faee80a78f3a73ba21de3d5e0807e04ba4d6bbedacef935215aab2e0e4b8,scanned_pdf/khoa-cong-nghe-hoa-hoc/9ce3faee80a7.pdf,false,2026-09-30T07:41:44+00:00,false,,
a07b2323410e,CODE_C.pdf,https://fce.iuh.edu.vn/wp-content/uploads/2019/05/CODE_C.pdf,https://fce.iuh.edu.vn/bieu-mau/danh-sach-poster-tinh-den-16g-ngay-07-05-2019/,Khoa Công nghệ Hóa học,HCM,KHOA_CN_HOA_HOC,false,3,auto,6,8247,ok,67210,a07b2323410e3be9fa783b5b7293636331272df5c1056bb38b3bf2ab1e1ab877,files/khoa-cong-nghe-hoa-hoc/a07b2323410e.pdf,false,2026-09-30T07:42:43+00:00,true,,
a0ce34df74a2,FCE-Conference-Announcement_10-9-2025.pdf,https://fce.iuh.edu.vn/wp-content/uploads/2025/05/FCE-Conference-Announcement_10-9-2025.pdf,https://fce.iuh.edu.vn/educational-affairs/conference-announcement-2/,Khoa Công nghệ Hóa học,HCM,KHOA_CN_HOA_HOC,false,4,auto,4,5277,ok,130665,a0ce34df74a2972212d000b686e9c9525772b9290721f74b010be752fe918806,files/khoa-cong-nghe-hoa-hoc/a0ce34df74a2.pdf,false,2026-09-30T07:44:42+00:00,true,,
a437fadc3be1,CODE_A-.pdf,https://fce.iuh.edu.vn/wp-content/uploads/2019/05/CODE_A-.pdf,https://fce.iuh.edu.vn/bieu-mau/danh-sach-poster-tinh-den-16g-ngay-07-05-2019/,Khoa Công nghệ Hóa học,HCM,KHOA_CN_HOA_HOC,true,,auto,9,8263,ok,119190,a437fadc3be192d7c741b97229ea9ceeb878c7df5fbfc94a3ea798a08a21542b,files/khoa-cong-nghe-hoa-hoc/a437fadc3be1.pdf,false,2026-09-30T07:42:39+00:00,true,,
a8dffadd674e,NISSEI_JD-Nhan-vien-phong-quan-ly-chat-luong.pdf,https://fce.iuh.edu.vn/wp-content/uploads/2026/06/NISSEI_JD-Nhan-vien-phong-quan-ly-chat-luong.pdf,https://fce.iuh.edu.vn/viec-lam-tuyen-dung/tin-tuyen-dung-tu-cong-ty-nissei/,Khoa Công nghệ Hóa học,HCM,KHOA_CN_HOA_HOC,false,1,auto,1,2227,ok,170189,a8dffadd674eca4bd60e6274d67207ac7c730a386b8e6b4bf5d505fdb5207e17,files/khoa-cong-nghe-hoa-hoc/a8dffadd674e.pdf,false,2026-09-30T07:45:03+00:00,true,,
a99b110ba642,TB-870-2025-Thoi-han-hoc-tap-2025.pdf,https://fce.iuh.edu.vn/wp-content/uploads/2025/09/TB-870-2025-Thoi-han-hoc-tap-2025.pdf,https://fce.iuh.edu.vn/hoc-vu/thong-bao-thoi-han-hoc-tap-tai-truong-qd-870-ngay-26-8-2025/,Khoa Công nghệ Hóa học,HCM,KHOA_CN_HOA_HOC,false,3,auto,2,0,scanned,516412,a99b110ba642a7f8809a81705ea337e135da5998bf314d6daf548c317af7fe5a,scanned_pdf/khoa-cong-nghe-hoa-hoc/a99b110ba642.pdf,false,2026-09-30T07:44:53+00:00,false,,
ad689583fe32,Lich-thi-HK2_Thong-bao.pdf,https://fce.iuh.edu.vn/wp-content/uploads/2024/04/Lich-thi-HK2_Thong-bao.pdf,https://fce.iuh.edu.vn/hoc-vu/lich-thi-cuoi-hk2-2023-2024/,Khoa Công nghệ Hóa học,HCM,KHOA_CN_HOA_HOC,true,,auto,8,23294,ok,419223,ad689583fe320899295d3d46d2625e1cb159880cf4d20568032ac8ba70ce8a21,files/khoa-cong-nghe-hoa-hoc/ad689583fe32.pdf,false,2026-09-30T07:44:29+00:00,true,,
b3d565cbb5c0,DS-dang-ky-chuyen-nganh-Phan-tich-Hoa-duoc_2024.pdf,https://fce.iuh.edu.vn/wp-content/uploads/2024/08/DS-dang-ky-chuyen-nganh-Phan-tich-Hoa-duoc_2024.pdf,https://fce.iuh.edu.vn/hoc-vu/danh-sach-dang-ky-chuyen-nganh-2024/,Khoa Công nghệ Hóa học,HCM,KHOA_CN_HOA_HOC,true,,auto,3,7708,ok,138300,b3d565cbb5c0f011a9fe0d7607c069fb823461a6351cd13b852a87b698340478,files/khoa-cong-nghe-hoa-hoc/b3d565cbb5c0.pdf,false,2026-09-30T07:44:39+00:00,true,,
b41158014f9a,tuyen_dung_-_huhtamaki.pdf,https://fce.iuh.edu.vn/wp-content/uploads/2018/05/tuyen_dung_-_huhtamaki.pdf,https://fce.iuh.edu.vn/bieu-mau/tuyen-dung-tu-cong-ty-tnhh-huhtamaki-viet-nam-2/,Khoa Công nghệ Hóa học,HCM,KHOA_CN_HOA_HOC,false,2,auto,1,1362,ok,240336,b41158014f9a31bd44f9c5591871e6eaf5da20dee7120e3211afb39ad8b82834,files/khoa-cong-nghe-hoa-hoc/b41158014f9a.pdf,false,2026-09-30T07:42:27+00:00,true,,
b5c40048a0f0,danh-sach_hoi_dong_thuc_tap_dh_pt_10-SV-1.pdf,https://fce.iuh.edu.vn/wp-content/uploads/2018/05/danh-sach_hoi_dong_thuc_tap_dh_pt_10-SV-1.pdf,https://fce.iuh.edu.vn/department/department-of-analytical-chemistry-list-of-internship-committee-for-class-dhpt10a/,Khoa Công nghệ Hóa học,HCM,KHOA_CN_HOA_HOC,true,,auto,5,5213,ok,373155,b5c40048a0f09e262f6cc1dc8ef11d4c8f925abd910ac287290b234a26408b47,files/khoa-cong-nghe-hoa-hoc/b5c40048a0f0.pdf,false,2026-09-30T07:42:18+00:00,true,,
b5d99a67d6be,list-of-student_award.pdf,https://fce.iuh.edu.vn/wp-content/uploads/2024/05/list-of-student_award.pdf,https://fce.iuh.edu.vn/aun-qa-en/master-students-got-full-scholarship-from-publication-papers-and-full-tuition-fee/,Khoa Công nghệ Hóa học,HCM,KHOA_CN_HOA_HOC,true,,auto,2,2254,ok,20677,b5d99a67d6be72432e88df2cdc61301ad06878715f11f38a70960743c1ff7b8c,files/khoa-cong-nghe-hoa-hoc/b5d99a67d6be.pdf,false,2026-09-30T07:44:38+00:00,true,,
b7d061885130,PROGRAM_INTERNATIONAL_2020.pdf,https://fce.iuh.edu.vn/wp-content/uploads/2020/07/PROGRAM_INTERNATIONAL_2020.pdf,https://fce.iuh.edu.vn/thong-bao/chuong-trinh-hoi-thao-quoc-te-nam-2020-chinh-thuc-cua-khoa-cong-nghe-hoa-hoc-dai-hoc-con-nghiep-thanh-pho-ho-chi-minh/,Khoa Công nghệ Hóa học,HCM,KHOA_CN_HOA_HOC,true,,auto,4,5086,ok,252362,b7d061885130cdd47816104b4e3a5541487615b42e6f32e103ae5579d68aa301,files/khoa-cong-nghe-hoa-hoc/b7d061885130.pdf,false,2026-09-30T07:43:07+00:00,true,,
b9f1b62c1db3,CE-Information-of-academic-staff-website.pdf,https://fce.iuh.edu.vn/wp-content/uploads/2023/09/CE-Information-of-academic-staff-website.pdf,https://fce.iuh.edu.vn/gioi-thieu/list-of-ce-academic-staff/,Khoa Công nghệ Hóa học,HCM,KHOA_CN_HOA_HOC,true,,auto,4,1871,ok,217270,b9f1b62c1db368e58e691757db19f86e06301a8aa6752b55293bffd50eec239a,files/khoa-cong-nghe-hoa-hoc/b9f1b62c1db3.pdf,false,2026-09-30T07:43:53+00:00,true,,
bb54948b0f27,Ke-hoach-Hoi-thao-Quoc-gia-khoa-CNHH-17.7.2025.pdf,https://fce.iuh.edu.vn/wp-content/uploads/2025/06/Ke-hoach-Hoi-thao-Quoc-gia-khoa-CNHH-17.7.2025.pdf,https://fce.iuh.edu.vn/tin-tuc-su-kien/hoi-thao-khoa-hoc-cap-quoc-gia-lan-thu-xi-hoa-vo-co-phan-bon-dat-hiem-phan-tich/,Khoa Công nghệ Hóa học,HCM,KHOA_CN_HOA_HOC,false,1,auto,7,0,scanned,3209523,bb54948b0f2725ad4d38d58d048342f4d0135adf9969c914f01fc3668dc2e057,scanned_pdf/khoa-cong-nghe-hoa-hoc/bb54948b0f27.pdf,false,2026-09-30T07:44:45+00:00,false,,
bc1a8fb9f20a,THIETBI.pdf,https://fce.iuh.edu.vn/wp-content/uploads/2018/05/THIETBI.pdf,https://fce.iuh.edu.vn/department/facilities/,Khoa Công nghệ Hóa học,HCM,KHOA_CN_HOA_HOC,true,,auto,4,124,scanned,679733,bc1a8fb9f20acd7af8fe585639fb365196e4fe38525b08ebcf1ee65d9885faa7,scanned_pdf/khoa-cong-nghe-hoa-hoc/bc1a8fb9f20a.pdf,false,2026-09-30T07:42:12+00:00,false,,
bd75d49fe14e,Conferrence_program_2019_newest_vn.pdf,https://fce.iuh.edu.vn/wp-content/uploads/2019/03/Conferrence_program_2019_newest_vn.pdf,https://fce.iuh.edu.vn/tin-tuc-su-kien/chuong-trinh-hoi-nghi-hoa-hoc-ung-dung-nganh-hoa-du-kien/,Khoa Công nghệ Hóa học,HCM,KHOA_CN_HOA_HOC,true,,auto,2,2052,ok,480494,bd75d49fe14ec11e36d83e1d961a48784f5c2f8091da1269570cffcca0aa3efd,files/khoa-cong-nghe-hoa-hoc/bd75d49fe14e.pdf,false,2026-09-30T07:42:35+00:00,true,,
bf488737409c,tb_18.pdf,https://fce.iuh.edu.vn/wp-content/uploads/2017/03/tb_18.pdf,https://fce.iuh.edu.vn/doan-the/thong-bao-ve-thu-thap-thong-tin-cuu-sinh-vien/,Khoa Công nghệ Hóa học,HCM,KHOA_CN_HOA_HOC,false,2,auto,1,1442,garbled_ocr,712811,bf488737409c26cb32935b59b1a1923636c82c7081b3225ccd8dee10f576260e,scanned_pdf/khoa-cong-nghe-hoa-hoc/bf488737409c.pdf,false,2026-09-30T07:41:46+00:00,false,,
c38bca797d81,Thu-ngo-moi-tai-tro.pdf,https://fce.iuh.edu.vn/wp-content/uploads/2026/07/Thu-ngo-moi-tai-tro.pdf,https://fce.iuh.edu.vn/tin-tuc-su-kien/hoi-nghi-khoa-hoc-ky-thuat-phan-tich-hoa-ly-va-sinh-hoctoan-quoc-lan-thu-xii/,Khoa Công nghệ Hóa học,HCM,KHOA_CN_HOA_HOC,true,,auto,4,0,scanned,3521252,c38bca797d81741851cf28da40b39e06dc3d9bc91981d34ad44e1efcc0427032,scanned_pdf/khoa-cong-nghe-hoa-hoc/c38bca797d81.pdf,false,2026-09-30T07:45:04+00:00,false,,
c4e0b698a188,Agenda_duoc_trang.pdf,https://fce.iuh.edu.vn/wp-content/uploads/2024/05/Agenda_duoc_trang.pdf,https://fce.iuh.edu.vn/dao-tao/hoi-thao-quoc-te-nganh-duoc/,Khoa Công nghệ Hóa học,HCM,KHOA_CN_HOA_HOC,false,3,auto,1,953,ok,703181,c4e0b698a1884fdc137045aefbcbcded87c0adbcd3f960b4ced0debbbacb331a,files/khoa-cong-nghe-hoa-hoc/c4e0b698a188.pdf,false,2026-09-30T07:44:34+00:00,true,,
c53a05f4da63,thong-bao-tuyen-dung-nhan-vien-phoi-trộn.pdf,https://fce.iuh.edu.vn/wp-content/uploads/2025/08/thong-bao-tuyen-dung-nhan-vien-phoi-trộn.pdf,https://fce.iuh.edu.vn/viec-lam-tuyen-dung/cong-ty-tnhh-mtv-giai-phap-nong-nghiep-tien-tien-long-an-tuyen-dung/,Khoa Công nghệ Hóa học,HCM,KHOA_CN_HOA_HOC,false,2,auto,1,1244,ok,117440,c53a05f4da6331756be2a9641999366134aa997dc94cfd824fcb746da54da462,files/khoa-cong-nghe-hoa-hoc/c53a05f4da63.pdf,false,2026-09-30T07:44:51+00:00,true,,
c5e52c0bbed3,thong-bao-hoc-bong-cong-ty-tnhh-sailun-viet-nam.pdf,https://fce.iuh.edu.vn/wp-content/uploads/2024/04/thong-bao-hoc-bong-cong-ty-tnhh-sailun-viet-nam.pdf,https://fce.iuh.edu.vn/hoc-vu/tb-nop-ho-so-xet-hoc-bong-cua-cong-ty-sailun-viet-nam/,Khoa Công nghệ Hóa học,HCM,KHOA_CN_HOA_HOC,false,2,auto,2,0,scanned,608684,c5e52c0bbed392be89feefb24c707bfe2195a229916641ea54f4dd53a6ecb3b2,scanned_pdf/khoa-cong-nghe-hoa-hoc/c5e52c0bbed3.pdf,false,2026-09-30T07:44:30+00:00,false,,
c69949d4d977,a.-Danh-muc-ke-khai-khen-thuong-tap-the-khoa_baibaouytin.pdf,https://fce.iuh.edu.vn/wp-content/uploads/2024/05/a.-Danh-muc-ke-khai-khen-thuong-tap-the-khoa_baibaouytin.pdf,https://fce.iuh.edu.vn/enterprise-linkages/lists-of-publication-papers-of-fce-and-basic-chemistry-devision-in-2024/,Khoa Công nghệ Hóa học,HCM,KHOA_CN_HOA_HOC,true,,auto,8,12461,ok,267026,c69949d4d977878145727950f0ce341ddb0ced896919cbc7114df75d510ca37d,files/khoa-cong-nghe-hoa-hoc/c69949d4d977.pdf,false,2026-09-30T07:44:37+00:00,true,,
c6b1e3714010,02.-Chuon-trinh_seminar_12052025-1.pdf,https://fce.iuh.edu.vn/wp-content/uploads/2025/05/02.-Chuon-trinh_seminar_12052025-1.pdf,https://fce.iuh.edu.vn/nghien-cuu/bao-cao-seminar-cua-gs-miljanic-ognjen-s/,Khoa Công nghệ Hóa học,HCM,KHOA_CN_HOA_HOC,true,,auto,1,804,ok,93461,c6b1e37140108a7381c7451f3f4c5a26c7650b238cc6900acf0f0b048208b6fd,files/khoa-cong-nghe-hoa-hoc/c6b1e3714010.pdf,false,2026-09-30T07:44:40+00:00,true,,
c8273d21e25e,thong-bao-65-20230428121251-e.pdf,https://fce.iuh.edu.vn/wp-content/uploads/2023/04/thong-bao-65-20230428121251-e.pdf,https://fce.iuh.edu.vn/hoc-vu/thong-bao-dang-ky-de-tai-cap-truong-nam-2023/,Khoa Công nghệ Hóa học,HCM,KHOA_CN_HOA_HOC,true,,auto,1,0,scanned,430196,c8273d21e25e26c1d1fb8ebfe6bfc2522048c360b3b300dc26d8398f3cdaf88c,scanned_pdf/khoa-cong-nghe-hoa-hoc/c8273d21e25e.pdf,false,2026-09-30T07:43:43+00:00,false,,
cb1bc54224a2,International_exchange_students_ENGLISH_2019.pdf,https://fce.iuh.edu.vn/wp-content/uploads/2019/03/International_exchange_students_ENGLISH_2019.pdf,https://fce.iuh.edu.vn/tin-tuc-su-kien/danh-sach-sinh-vien-khoa-cong-nghe-hoa-hoc-dang-ky-di-trao-doi-sinh-vien-2019-tinh-den-ngay-13-03-2019/,Khoa Công nghệ Hóa học,HCM,KHOA_CN_HOA_HOC,true,,auto,3,3306,garbled_ocr,375932,cb1bc54224a2a5583fe0455becce0d0fe3fc7022e2b6a285b945842d0018f101,scanned_pdf/khoa-cong-nghe-hoa-hoc/cb1bc54224a2.pdf,false,2026-09-30T07:42:38+00:00,false,,
cb5a5008f30f,Thong-bao-che-do-uu-dai-cho-Sinh-vien-hoc-Cao-hoc.pdf,https://fce.iuh.edu.vn/wp-content/uploads/2025/05/Thong-bao-che-do-uu-dai-cho-Sinh-vien-hoc-Cao-hoc.pdf,https://fce.iuh.edu.vn/tin-tuc-su-kien/thong-baove-che-do-uu-dai-cho-sinh-vien-du-kien-hoc-chuong-trinh-dao-tao-thac-si/,Khoa Công nghệ Hóa học,HCM,KHOA_CN_HOA_HOC,true,,auto,2,2913,ok,150753,cb5a5008f30f9f84eeb70ba0641f0d841fb3df03ff4e15ad50433a4d57f5f7db,files/khoa-cong-nghe-hoa-hoc/cb5a5008f30f.pdf,false,2026-09-30T07:44:43+00:00,true,,
cc81fd0d1aa5,Programme-specification-MCE-for-Candidates-2022.pdf,https://fce.iuh.edu.vn/wp-content/uploads/2024/02/Programme-specification-MCE-for-Candidates-2022.pdf,https://fce.iuh.edu.vn/academic/programme-specification-in-master-of-chemical-engineering-2022-for-candidates/,Khoa Công nghệ Hóa học,HCM,KHOA_CN_HOA_HOC,true,,auto,37,72236,ok,2989943,cc81fd0d1aa550c0259ecf309d885dd6f86a8e7076f342c8e50a87a7f298d9d1,files/khoa-cong-nghe-hoa-hoc/cc81fd0d1aa5.pdf,false,2026-09-30T07:44:22+00:00,true,,
cc948b90f273,CODE_D.pdf,https://fce.iuh.edu.vn/wp-content/uploads/2019/05/CODE_D.pdf,https://fce.iuh.edu.vn/bieu-mau/danh-sach-poster-tinh-den-16g-ngay-07-05-2019/,Khoa Công nghệ Hóa học,HCM,KHOA_CN_HOA_HOC,true,,auto,6,8438,ok,98808,cc948b90f273fefd122fda56dfe09c44f8a484bf62e04d98db412191eacc0072,files/khoa-cong-nghe-hoa-hoc/cc948b90f273.pdf,false,2026-09-30T07:42:46+00:00,true,,
cea96e364f0e,Programme-specification-MCE-for-Employers-2022.pdf,https://fce.iuh.edu.vn/wp-content/uploads/2024/02/Programme-specification-MCE-for-Employers-2022.pdf,https://fce.iuh.edu.vn/academic/programme-specification-in-master-of-chemical-engineering-2022-for-employers-and-alumni/,Khoa Công nghệ Hóa học,HCM,KHOA_CN_HOA_HOC,false,4,auto,24,36445,ok,2830004,cea96e364f0e6389fee2606717db7e82277e873b61720c37813fd462ac075cd7,files/khoa-cong-nghe-hoa-hoc/cea96e364f0e.pdf,false,2026-09-30T07:44:24+00:00,true,,
ced5d8c876fb,TB-69_Si-quan-du-bi-2023.pdf,https://fce.iuh.edu.vn/wp-content/uploads/2023/05/TB-69_Si-quan-du-bi-2023.pdf,https://fce.iuh.edu.vn/tin-tuc-su-kien/tuyen-si-quan-du-bi-danh-cho-nam-sinh-vien-khoa-hoa-nam-2023/,Khoa Công nghệ Hóa học,HCM,KHOA_CN_HOA_HOC,true,,auto,5,0,scanned,2035227,ced5d8c876fb18d3148c7013c774e9dd03f3dda14c286017b6faec8433cbb8d3,scanned_pdf/khoa-cong-nghe-hoa-hoc/ced5d8c876fb.pdf,false,2026-09-30T07:43:45+00:00,false,,
d9aa1eb1afa5,03.-Agneda_FCE_IUH_HUE_moi-thay-doi-.pdf,https://fce.iuh.edu.vn/wp-content/uploads/2024/05/03.-Agneda_FCE_IUH_HUE_moi-thay-doi-.pdf,https://fce.iuh.edu.vn/nghien-cuu/hoi-thao-khoa-hock-khoa-cong-nghe-hoa-hoc-dai-hoc-khoa-hoc-hue/,Khoa Công nghệ Hóa học,HCM,KHOA_CN_HOA_HOC,false,1,auto,1,1559,ok,158170,d9aa1eb1afa5755505b2da4f4106d226322fb8b5dd91f07d83aca9c390fb78ee,files/khoa-cong-nghe-hoa-hoc/d9aa1eb1afa5.pdf,false,2026-09-30T07:44:31+00:00,true,,
da84be752a5e,3.7.2022_Thong-bao-thuc-tap-_K15.pdf,https://fce.iuh.edu.vn/wp-content/uploads/2022/10/3.7.2022_Thong-bao-thuc-tap-_K15.pdf,https://fce.iuh.edu.vn/ket-noi-doanh-nghiep/thong-bao-v-v-thuc-tap-doanh-nghiep-cac-lop-khoa-15-tu-20-7-31-8-2022/,Khoa Công nghệ Hóa học,HCM,KHOA_CN_HOA_HOC,true,,auto,3,6658,ok,290140,da84be752a5eeadbecd11c82b1e49e8adc63784117765a2acf6040132812f906,files/khoa-cong-nghe-hoa-hoc/da84be752a5e.pdf,false,2026-09-30T07:43:26+00:00,true,,
df2e176005bc,KE-HOACH-SEMINAR_HK2_2022_25032022.pdf,https://fce.iuh.edu.vn/wp-content/uploads/2022/03/KE-HOACH-SEMINAR_HK2_2022_25032022.pdf,https://fce.iuh.edu.vn/thong-bao/ke-hoach-hoi-thao-cap-khoa-cong-nghe-hoa-hoc-tu-thang-03-05-2022/,Khoa Công nghệ Hóa học,HCM,KHOA_CN_HOA_HOC,true,,auto,2,2199,ok,159918,df2e176005bca42a5823e4ece0ef1f46b4e3b3d4b3277abfb801a3d7505b6b50,files/khoa-cong-nghe-hoa-hoc/df2e176005bc.pdf,false,2026-09-30T07:43:18+00:00,true,,
df6496e59b9d,huong_dan_bao_cao_tom_tat-DATN.pdf,https://fce.iuh.edu.vn/wp-content/uploads/2018/05/huong_dan_bao_cao_tom_tat-DATN.pdf,https://fce.iuh.edu.vn/bieu-mau/huong-dan-viet-bao-cao-tom-tat-do-an-tot-nghiep/,Khoa Công nghệ Hóa học,HCM,KHOA_CN_HOA_HOC,false,1,auto,1,1151,ok,320258,df6496e59b9dce84189eeb74bbdca54c583465d2691ad8bb5e20a69c08b529aa,files/khoa-cong-nghe-hoa-hoc/df6496e59b9d.pdf,false,2026-09-30T07:42:21+00:00,true,,
e085d989ff3d,CODE_B.pdf,https://fce.iuh.edu.vn/wp-content/uploads/2019/05/CODE_B.pdf,https://fce.iuh.edu.vn/bieu-mau/danh-sach-poster-tinh-den-16g-ngay-07-05-2019/,Khoa Công nghệ Hóa học,HCM,KHOA_CN_HOA_HOC,true,,auto,8,9319,ok,98720,e085d989ff3d0b85f83d05de6142a33da044747c79cb73ad1bad85acaf3be31b,files/khoa-cong-nghe-hoa-hoc/e085d989ff3d.pdf,false,2026-09-30T07:42:41+00:00,true,,
e131e2b4f90a,SV-dang-ky-mon-tu-chon-HK2.pdf,https://fce.iuh.edu.vn/wp-content/uploads/2026/09/SV-dang-ky-mon-tu-chon-HK2.pdf,https://fce.iuh.edu.vn/hoc-vu/ho-tro-sv-dang-ky-mon-tu-chon-hk2-2026-2027/,Khoa Công nghệ Hóa học,HCM,KHOA_CN_HOA_HOC,true,,auto,3,6295,ok,199544,e131e2b4f90a69767dbd4b70bd35b8f02673c272617da2782b98a3e39192bb42,files/khoa-cong-nghe-hoa-hoc/e131e2b4f90a.pdf,false,2026-09-30T07:45:15+00:00,true,,
e2a35671c3c4,21.10.25-Tuyen-dung-DH.pdf,https://fce.iuh.edu.vn/wp-content/uploads/2025/10/21.10.25-Tuyen-dung-DH.pdf,https://fce.iuh.edu.vn/viec-lam-tuyen-dung/cong-ty-tnhh-moi-truong-duong-huynh-tuyen-dung/,Khoa Công nghệ Hóa học,HCM,KHOA_CN_HOA_HOC,true,,auto,1,2346,ok,147068,e2a35671c3c4cb03cf56d8f8200d399c63ea4494a13d5df3583995584b211986,files/khoa-cong-nghe-hoa-hoc/e2a35671c3c4.pdf,false,2026-09-30T07:44:54+00:00,true,,
e42b155f00b2,quyet-dinh-phan_cong_hoi_dong_thuc_tap_dh_pt_10-SV-1.pdf,https://fce.iuh.edu.vn/wp-content/uploads/2018/05/quyet-dinh-phan_cong_hoi_dong_thuc_tap_dh_pt_10-SV-1.pdf,https://fce.iuh.edu.vn/department/department-of-analytical-chemistry-decision-on-internship-committee-for-class-dhpt10a/,Khoa Công nghệ Hóa học,HCM,KHOA_CN_HOA_HOC,false,4,auto,1,758,ok,274396,e42b155f00b290e6d123dca7f4fbfd9f24f8154fed1d1801f5d377fbb36eedfd,files/khoa-cong-nghe-hoa-hoc/e42b155f00b2.pdf,false,2026-09-30T07:42:25+00:00,true,,
e66cc35b6343,KLTN_Thong-bao-BM-Hoa-dau_GK.pdf,https://fce.iuh.edu.vn/wp-content/uploads/2025/10/KLTN_Thong-bao-BM-Hoa-dau_GK.pdf,https://fce.iuh.edu.vn/hoc-vu/bm-cong-nghe-hoa-dau-thong-bao-nop-bao-cao-giua-ky-kltn-2025-2026/,Khoa Công nghệ Hóa học,HCM,KHOA_CN_HOA_HOC,true,,auto,1,1299,ok,416251,e66cc35b6343823028d1b5244d57758de7ee632a64debac3ed5a2dc89bfbb33e,files/khoa-cong-nghe-hoa-hoc/e66cc35b6343.pdf,false,2026-09-30T07:44:56+00:00,true,,
e8e7941e05f6,Marking-plan-mild-term-1.pdf,https://fce.iuh.edu.vn/wp-content/uploads/2018/05/Marking-plan-mild-term-1.pdf,https://fce.iuh.edu.vn/department/marking-plan-of-mild-term-exam-solution-organic-chemistry-course-2104419-dhho-11-examination-day-1-6-2017/,Khoa Công nghệ Hóa học,HCM,KHOA_CN_HOA_HOC,true,,auto,4,7483,ok,508831,e8e7941e05f6163e06afda3147674cf2099fa2b9db3222f054e136a017df6368,files/khoa-cong-nghe-hoa-hoc/e8e7941e05f6.pdf,false,2026-09-30T07:42:10+00:00,true,,
e98b3d74a851,POSTER_SAMPLE_A1.pdf,https://fce.iuh.edu.vn/wp-content/uploads/2019/05/POSTER_SAMPLE_A1.pdf,https://fce.iuh.edu.vn/bieu-mau/danh-sach-poster-tinh-den-16g-ngay-07-05-2019/,Khoa Công nghệ Hóa học,HCM,KHOA_CN_HOA_HOC,true,,auto,1,5231,ok,356884,e98b3d74a8518170bf8473c34c14f2a318b9db38e3dcd5caa6618bfb49d94d83,files/khoa-cong-nghe-hoa-hoc/e98b3d74a851.pdf,false,2026-09-30T07:42:50+00:00,true,,
ea36e2de407b,Tuyen-Dung-DH.pdf,https://fce.iuh.edu.vn/wp-content/uploads/2025/08/Tuyen-Dung-DH.pdf,https://fce.iuh.edu.vn/viec-lam-tuyen-dung/tuyen-dung-tu-cong-ty-moi-truong-duong-huynh/,Khoa Công nghệ Hóa học,HCM,KHOA_CN_HOA_HOC,true,,auto,2,0,scanned,606451,ea36e2de407b0ae9b29b8f829c3241b9ddca2be3cd353d4d13969023c45399f2,scanned_pdf/khoa-cong-nghe-hoa-hoc/ea36e2de407b.pdf,false,2026-09-30T07:44:48+00:00,false,,
ef6ebe1f4b7a,Programme-specification-2022.pdf,https://fce.iuh.edu.vn/wp-content/uploads/2023/10/Programme-specification-2022.pdf,https://fce.iuh.edu.vn/academic/programme-specification-2022/,Khoa Công nghệ Hóa học,HCM,KHOA_CN_HOA_HOC,true,,auto,58,125569,ok,3402206,ef6ebe1f4b7a580181c60bca8e3ff89f54aa90c055eb6df5c244bf57325126fd,files/khoa-cong-nghe-hoa-hoc/ef6ebe1f4b7a.pdf,false,2026-09-30T07:44:06+00:00,true,,
f12605849c48,NISSEI_JD-Quan-ly-san-xuat.pdf,https://fce.iuh.edu.vn/wp-content/uploads/2026/01/NISSEI_JD-Quan-ly-san-xuat.pdf,https://fce.iuh.edu.vn/viec-lam-tuyen-dung/cong-ty-nissei-tuyen-dung-quan-ly-san-xuat/,Khoa Công nghệ Hóa học,HCM,KHOA_CN_HOA_HOC,true,,auto,1,2338,ok,208445,f12605849c48e4e3bbb849b379b553b45f71267a89304521bd44c1dbcdf918a8,files/khoa-cong-nghe-hoa-hoc/f12605849c48.pdf,false,2026-09-30T07:45:01+00:00,true,,
f4970afde8d0,Chuong-trinh-dao-tao_Ky-thuat-Hoa-phan-tich_DHCQ_2022_Cong-khai.pdf,https://fce.iuh.edu.vn/wp-content/uploads/2022/11/Chuong-trinh-dao-tao_Ky-thuat-Hoa-phan-tich_DHCQ_2022_Cong-khai.pdf,https://fce.iuh.edu.vn/dao-tao/chuong-trinh-dao-tao-nganh-hoa-phan-tich-he-dai-hoc/,Khoa Công nghệ Hóa học,HCM,KHOA_CN_HOA_HOC,true,,auto,50,60790,broken_encoding,551835,f4970afde8d071d86503f18b790e63e0e88bddcaf32c10369a99a864b43f84c8,scanned_pdf/khoa-cong-nghe-hoa-hoc/f4970afde8d0.pdf,false,2026-09-30T07:43:35+00:00,false,,
f74c334a2017,01.-Abstract-book._HOA-SINH-TP-MTR-EDITED.pdf,https://fce.iuh.edu.vn/wp-content/uploads/2021/08/01.-Abstract-book._HOA-SINH-TP-MTR-EDITED.pdf,https://fce.iuh.edu.vn/doan-the/tong-ket-hoi-thao-khoa-hoc-tre-lan-3-2021-cua-khoa-cong-nghe-hoa-hoc/,Khoa Công nghệ Hóa học,HCM,KHOA_CN_HOA_HOC,false,3,auto,219,661580,ok,3259721,f74c334a20177be7fda0220fd6a6264aa9c6c13207f20f5fea6c9365975df9d1,files/khoa-cong-nghe-hoa-hoc/f74c334a2017.pdf,false,2026-09-30T07:43:15+00:00,false,,
f8a663da9758,KHDU_BOMON_COSO_HK2_2015_2016.pdf,https://fce.iuh.edu.vn/wp-content/uploads/2018/05/KHDU_BOMON_COSO_HK2_2015_2016.pdf,https://fce.iuh.edu.vn/department/observation-class-schedule-2016-2017-academic-year/,Khoa Công nghệ Hóa học,HCM,KHOA_CN_HOA_HOC,true,,auto,2,1655,ok,250411,f8a663da97580a291ce7b9c8cef83a52b5aaacd6e048d89b1db688b77b92b97d,files/khoa-cong-nghe-hoa-hoc/f8a663da9758.pdf,false,2026-09-30T07:42:03+00:00,true,,
feb3f3ccb200,Chuong-trinh-dao-tao_Cong-nghe-Ky-thuat-Hoa-hoc_DHCQ_2022_Cong-khai_new.pdf,https://fce.iuh.edu.vn/wp-content/uploads/2023/06/Chuong-trinh-dao-tao_Cong-nghe-Ky-thuat-Hoa-hoc_DHCQ_2022_Cong-khai_new.pdf,https://fce.iuh.edu.vn/dao-tao/chuong-trinh-dao-tao-nganh-cong-nghe-ky-thuat-hoa-hoc-he-dai-hoc/,Khoa Công nghệ Hóa học,HCM,KHOA_CN_HOA_HOC,true,,auto,59,70479,ok,681652,feb3f3ccb200bde5c9229d1da29fcd14e3a96468dd38ab698530a053d116c276,files/khoa-cong-nghe-hoa-hoc/feb3f3ccb200.pdf,false,2026-09-30T07:43:49+00:00,true,,
00a4e2fbf476,huong_dan_bao_cao_thuc_tap_dn_2-_lop_cong_nghe_12-2018-1.pdf,https://fgd.iuh.edu.vn/wp-content/uploads/2018/12/huong_dan_bao_cao_thuc_tap_dn_2-_lop_cong_nghe_12-2018-1.pdf,https://fgd.iuh.edu.vn/form-you-may-need/instructions-for-writing-enterprise-internship-reports-2-garment-technology-classes/,Khoa Công nghệ May - Thời trang,HCM,KHOA_CN_MAY_THOI_TRANG,true,,auto,4,7456,ok,203939,00a4e2fbf4762a64c6f52cc9483e5cfe6ce56438444ca24fda15325043afb348,files/khoa-cong-nghe-may-thoi-trang/00a4e2fbf476.pdf,false,2026-09-30T07:41:49+00:00,true,,
031705f85864,TCDM-thang7_2019_17072019_web.pdf,https://fgd.iuh.edu.vn/wp-content/uploads/2022/07/TCDM-thang7_2019_17072019_web.pdf,https://fgd.iuh.edu.vn/scientific-research/journal-of-textile-industry-july-2022/,Khoa Công nghệ May - Thời trang,HCM,KHOA_CN_MAY_THOI_TRANG,true,,auto,41,196423,ok,8974408,031705f85864a5b6396d69705f72d3da393bf2b9900781f14068bfc213637326,files/khoa-cong-nghe-may-thoi-trang/031705f85864.pdf,false,2026-09-30T07:43:33+00:00,true,,
046a4d0c08fc,2.-P2thang8TapchiDM_202408.pdf,https://fgd.iuh.edu.vn/wp-content/uploads/2024/09/2.-P2thang8TapchiDM_202408.pdf,https://fgd.iuh.edu.vn/scientific-research/journal-of-textile-industry-august-2024/,Khoa Công nghệ May - Thời trang,HCM,KHOA_CN_MAY_THOI_TRANG,true,,auto,22,93220,ok,4324743,046a4d0c08fc47effeadf16b73b0fe4149a452700fbc7ee7fa470fe55c931e6a,files/khoa-cong-nghe-may-thoi-trang/046a4d0c08fc.pdf,false,2026-09-30T07:43:54+00:00,true,,
0aabf82d068e,SV_Huongdansinhvienkhoiphucmatkhaucongthongtin2505.pdf,https://fgd.iuh.edu.vn/wp-content/uploads/2021/08/SV_Huongdansinhvienkhoiphucmatkhaucongthongtin2505.pdf,https://fgd.iuh.edu.vn/hoc-truc-tuyen/huong-dan-sinh-vien-khoi-phuc-mat-khau-cong-thong-tin/,Khoa Công nghệ May - Thời trang,HCM,KHOA_CN_MAY_THOI_TRANG,true,,auto,10,5231,ok,1415062,0aabf82d068e3fccb47a6b10eeacb139806a0952e468ff5b19a53fb69218dad4,files/khoa-cong-nghe-may-thoi-trang/0aabf82d068e.pdf,false,2026-09-30T07:42:40+00:00,true,,
0b7fd794b130,2Xuân-Hoa-YSC2019-Poster.pdf,https://fgd.iuh.edu.vn/wp-content/uploads/2019/08/2Xuân-Hoa-YSC2019-Poster.pdf,https://fgd.iuh.edu.vn/hoi-nghi-khoa-hoc/hoi-nghi-khoa-hoc-tre-nam-2019-nghien-cuu-va-danh-gia-tiem-nang-cua-la-khom-trong-keo-soi-det-vai/,Khoa Công nghệ May - Thời trang,HCM,KHOA_CN_MAY_THOI_TRANG,false,1,auto,1,13827,ok,1988446,0b7fd794b1306a3435479b6f409191e65b6a23c19c3eeb65485cfa9e2956d29e,files/khoa-cong-nghe-may-thoi-trang/0b7fd794b130.pdf,false,2026-09-30T07:41:54+00:00,true,,
13330f3842d0,Thong-tin-lien-he-truc-tuyen-update-06-09-20211.pdf,https://fgd.iuh.edu.vn/wp-content/uploads/2021/09/Thong-tin-lien-he-truc-tuyen-update-06-09-20211.pdf,https://fgd.iuh.edu.vn/thong-bao/thong-bao-danh-sach-kenh-lien-he-xu-ly-cong-viec-truc-tuyen-2/,Khoa Công nghệ May - Thời trang,HCM,KHOA_CN_MAY_THOI_TRANG,false,3,auto,4,6810,ok,296236,13330f3842d049c6ea011998c1621cd9d57221cae723aa55e41c759f6f144a59,files/khoa-cong-nghe-may-thoi-trang/13330f3842d0.pdf,false,2026-09-30T07:43:02+00:00,true,,
155d4def82c2,TCDM_2021.07_phan2.pdf,https://fgd.iuh.edu.vn/wp-content/uploads/2021/07/TCDM_2021.07_phan2.pdf,https://fgd.iuh.edu.vn/thong-bao/tap-chi-det-may-thang-6-2022-2/,Khoa Công nghệ May - Thời trang,HCM,KHOA_CN_MAY_THOI_TRANG,true,,auto,20,97885,ok,8764793,155d4def82c2297be8ac37e4fcce1c3bcb72d74a99a0f6279446fd3be46a43a1,files/khoa-cong-nghe-may-thoi-trang/155d4def82c2.pdf,false,2026-09-30T07:42:19+00:00,true,,
1763409bba04,Nghien-cuu-2-nganh-det-may-viet-nam-.pdf,https://fgd.iuh.edu.vn/wp-content/uploads/2021/05/Nghien-cuu-2-nganh-det-may-viet-nam-.pdf,https://fgd.iuh.edu.vn/scientific-research/research-documents-on-vietnam-textile-and-garment-industry/,Khoa Công nghệ May - Thời trang,HCM,KHOA_CN_MAY_THOI_TRANG,true,,auto,27,33318,no_diacritics,543682,1763409bba04f201fbb010d247c5bf1959ff4a57193ddd846c5d1ed07a46ca64,scanned_pdf/khoa-cong-nghe-may-thoi-trang/1763409bba04.pdf,false,2026-09-30T07:42:10+00:00,false,,
19a53157cbf9,Programme-Specification-Associate-degree.pdf,https://fgd.iuh.edu.vn/wp-content/uploads/2021/09/Programme-Specification-Associate-degree.pdf,https://fgd.iuh.edu.vn/associate-degree-in/,Khoa Công nghệ May - Thời trang,HCM,KHOA_CN_MAY_THOI_TRANG,true,,auto,3,2976,ok,485504,19a53157cbf957c5ccac2d6df6170d893b30e4d7f607b956131b39c7ce604789,files/khoa-cong-nghe-may-thoi-trang/19a53157cbf9.pdf,false,2026-09-30T07:42:51+00:00,true,,
26638d1e5b3b,Thong_bao_ve_viec_cap_hoc_bong_sinh_vien_vuot_kho_hieu_hoc_nam_2018.pdf,https://fgd.iuh.edu.vn/wp-content/uploads/2018/10/Thong_bao_ve_viec_cap_hoc_bong_sinh_vien_vuot_kho_hieu_hoc_nam_2018.pdf,https://fgd.iuh.edu.vn/thong-bao/thong-bao-hoc-bong-hieu-hoc-nam-2018/,Khoa Công nghệ May - Thời trang,HCM,KHOA_CN_MAY_THOI_TRANG,true,,auto,2,0,scanned,1081890,26638d1e5b3bfb89373c630263c8bbfd7af24a80ff6d86f8bf19b3d6eb047766,scanned_pdf/khoa-cong-nghe-may-thoi-trang/26638d1e5b3b.pdf,false,2026-09-30T07:41:47+00:00,false,,
26c340ff3abf,TGT-PS-2024-1.pdf,https://fgd.iuh.edu.vn/wp-content/uploads/2025/12/TGT-PS-2024-1.pdf,https://fgd.iuh.edu.vn/chuong-trinh-cong-nghe-may/dac-ta-chuong-trinh-2024/,Khoa Công nghệ May - Thời trang,HCM,KHOA_CN_MAY_THOI_TRANG,true,,auto,53,116563,ok,2476482,26c340ff3abfb26019dff896fff94a8b178f89d50f34721d5139f9bf81f19143,files/khoa-cong-nghe-may-thoi-trang/26c340ff3abf.pdf,false,2026-09-30T07:44:27+00:00,true,,
28574345d84d,cap_hoc_bong_dong_huong_bac_lieu-_nam_hoc_2017-2018.pdf,https://fgd.iuh.edu.vn/wp-content/uploads/2021/04/cap_hoc_bong_dong_huong_bac_lieu-_nam_hoc_2017-2018.pdf,https://fgd.iuh.edu.vn/notification/announcement-on-scholarships-for-fellow-bac-lieu-in-2017-2018/,Khoa Công nghệ May - Thời trang,HCM,KHOA_CN_MAY_THOI_TRANG,true,,auto,4,0,scanned,1960437,28574345d84dffe366cfaebd5bd217b4994a750fc894618cb2d821141e8f874c,scanned_pdf/khoa-cong-nghe-may-thoi-trang/28574345d84d.pdf,false,2026-09-30T07:42:04+00:00,false,,
33e2659c94b4,Dac-ta-ct.pdf,https://fgd.iuh.edu.vn/wp-content/uploads/2025/01/Dac-ta-ct.pdf,https://fgd.iuh.edu.vn/chuong-trinh-cong-nghe-may/dac-ta-chuong-trinh-cong-nghe-may/,Khoa Công nghệ May - Thời trang,HCM,KHOA_CN_MAY_THOI_TRANG,true,,auto,43,66090,ok,819283,33e2659c94b4859c179f3e0ade8506cbc7aa459ffa7edb196414fe63ba1292fa,files/khoa-cong-nghe-may-thoi-trang/33e2659c94b4.pdf,false,2026-09-30T07:43:59+00:00,true,,
3b7957caebd2,TCDM_2021.07_v2-Phan-1.pdf,https://fgd.iuh.edu.vn/wp-content/uploads/2021/07/TCDM_2021.07_v2-Phan-1.pdf,https://fgd.iuh.edu.vn/scientific-conference/journal-of-textile-industry-july-2021/,Khoa Công nghệ May - Thời trang,HCM,KHOA_CN_MAY_THOI_TRANG,false,1,auto,23,105013,ok,8860908,3b7957caebd274d430ff402ab8dd226759d138de45f558d02374ecd29403705d,files/khoa-cong-nghe-may-thoi-trang/3b7957caebd2.pdf,false,2026-09-30T07:42:22+00:00,true,,
3c56b449e071,DANH-SACH-GV-TO-CN.pdf,https://fgd.iuh.edu.vn/wp-content/uploads/2023/10/DANH-SACH-GV-TO-CN.pdf,https://fgd.iuh.edu.vn/doi-ngu-giang-vien-bm-cong-nghe-may/,Khoa Công nghệ May - Thời trang,HCM,KHOA_CN_MAY_THOI_TRANG,true,,auto,1,934,ok,269224,3c56b449e071c3cbb09584a8b54fb5fb5c2a3411a96790252c22c619c56df946,files/khoa-cong-nghe-may-thoi-trang/3c56b449e071.pdf,false,2026-09-30T07:43:41+00:00,true,,
3d95555be89a,tb0821-ysc.pdf,https://fgd.iuh.edu.vn/wp-content/uploads/2021/06/tb0821-ysc.pdf,https://fgd.iuh.edu.vn/thong-bao/thong-bao-v-v-gia-han-thoi-gian-nop-bai-bao-hoi-nghi-khoa-hoc-tre-lan-3-nam-2021/,Khoa Công nghệ May - Thời trang,HCM,KHOA_CN_MAY_THOI_TRANG,false,2,auto,1,0,scanned,350640,3d95555be89acde6af98ba23d8152343dda5bdefe6b294354395b16047c42daa,scanned_pdf/khoa-cong-nghe-may-thoi-trang/3d95555be89a.pdf,false,2026-09-30T07:42:13+00:00,false,,
4661d8d56a44,AO-GOES-VIETNAM-FASHION-COMPETITION-Announcement.pdf,https://fgd.iuh.edu.vn/wp-content/uploads/2017/07/AO-GOES-VIETNAM-FASHION-COMPETITION-Announcement.pdf,https://fgd.iuh.edu.vn/hop-tac-quoc-te/cuoc-thi-thiet-ke-thoi-trang-cua-dai-su-ao/,Khoa Công nghệ May - Thời trang,HCM,KHOA_CN_MAY_THOI_TRANG,false,3,auto,2,3628,ok,185809,4661d8d56a44817b793afaffaaa569b28660f4dba8ced1de212cce13be5f5575,files/khoa-cong-nghe-may-thoi-trang/4661d8d56a44.pdf,false,2026-09-30T07:41:44+00:00,true,,
4b39543dd3c9,1.-Đặc-tả-chương-trình-2021.pdf,https://fgd.iuh.edu.vn/wp-content/uploads/2021/09/1.-Đặc-tả-chương-trình-2021.pdf,https://fgd.iuh.edu.vn/chuong-trinh-cong-nghe-may/dac-ta-chuong-trinh-2021/,Khoa Công nghệ May - Thời trang,HCM,KHOA_CN_MAY_THOI_TRANG,true,,auto,6,7519,ok,934518,4b39543dd3c988e993802ed3a42e2fcdd02d385981a94cc1406a3b8019aff995,files/khoa-cong-nghe-may-thoi-trang/4b39543dd3c9.pdf,false,2026-09-30T07:42:46+00:00,true,,
4f0a285de846,CV-193-ĐH-CÔNG-NGHIỆP.pdf,https://fgd.iuh.edu.vn/wp-content/uploads/2021/04/CV-193-%C4%90H-C%C3%94NG-NGHI%E1%BB%86P.pdf,https://fgd.iuh.edu.vn/chua-duoc-phan-loai-en/mekong-labor-supply-co-ltd-support-garment-technology-internship-candidate-to-japanese/,Khoa Công nghệ May - Thời trang,HCM,KHOA_CN_MAY_THOI_TRANG,true,,auto,2,0,scanned,384297,4f0a285de846ec9f719eac27c49a9fc9c15f9d14f4e2e301ec616bfd5d4eb676,scanned_pdf/khoa-cong-nghe-may-thoi-trang/4f0a285de846.pdf,false,2026-09-30T07:42:00+00:00,false,,
517d22f0bb57,NTK-SI-HOANG-ID.pdf,https://fgd.iuh.edu.vn/wp-content/uploads/2026/08/NTK-SI-HOANG-ID.pdf,https://fgd.iuh.edu.vn/thong-bao/nkt-le-si-hoang-nguoi-giu-nhip-tho-cua-di-san/,Khoa Công nghệ May - Thời trang,HCM,KHOA_CN_MAY_THOI_TRANG,true,,auto,6,10937,ok,2584547,517d22f0bb573e3055251ac74bbf957841c6f76e33ad5cdb2eb1f4846fce84cb,files/khoa-cong-nghe-may-thoi-trang/517d22f0bb57.pdf,false,2026-09-30T07:44:31+00:00,true,,
5a19d6895f0a,1.-Educational-philosophy-CARE-1.pdf,https://fgd.iuh.edu.vn/wp-content/uploads/2025/03/1.-Educational-philosophy-CARE-1.pdf,https://fgd.iuh.edu.vn/educational-philosophy/,Khoa Công nghệ May - Thời trang,HCM,KHOA_CN_MAY_THOI_TRANG,true,,auto,5,0,scanned,1702491,5a19d6895f0a5cf63827fa8db24448858f6e31f8c99e5a6a5b9d8d5d976829fd,scanned_pdf/khoa-cong-nghe-may-thoi-trang/5a19d6895f0a.pdf,false,2026-09-30T07:44:09+00:00,false,,
5b632efb6f87,Chuan-dau-ra-web.pdf,https://fgd.iuh.edu.vn/wp-content/uploads/2026/03/Chuan-dau-ra-web.pdf,https://fgd.iuh.edu.vn/chuong-trinh-cong-nghe-may/chuan-dau-ra-chuong-trinh-cong-nghe-may/,Khoa Công nghệ May - Thời trang,HCM,KHOA_CN_MAY_THOI_TRANG,false,2,auto,1,1206,ok,114655,5b632efb6f874cb716261ad564d130568c75dac389355d81f7febc8cf6dcf641,files/khoa-cong-nghe-may-thoi-trang/5b632efb6f87.pdf,false,2026-09-30T07:44:28+00:00,true,,
5e52f6025e85,Introduction-Fashion-Design-Education-Programme-2025.pdf,https://fgd.iuh.edu.vn/wp-content/uploads/2025/02/Introduction-Fashion-Design-Education-Programme-2025.pdf,https://fgd.iuh.edu.vn/fashion-design-programme/introduction-fashion-design-education-programme/,Khoa Công nghệ May - Thời trang,HCM,KHOA_CN_MAY_THOI_TRANG,true,,auto,40,87160,ok,2305393,5e52f6025e854bd47027ba0e4a67b80f84e77f64c63477eae005806b633d9279,files/khoa-cong-nghe-may-thoi-trang/5e52f6025e85.pdf,false,2026-09-30T07:44:07+00:00,true,,
5fc0cb727f3e,TGT-PS-2024.pdf,https://fgd.iuh.edu.vn/wp-content/uploads/2025/01/TGT-PS-2024.pdf,https://fgd.iuh.edu.vn/chuong-trinh-cong-nghe-may/dac-ta-chuong-trinh-cong-nghe-may/,Khoa Công nghệ May - Thời trang,HCM,KHOA_CN_MAY_THOI_TRANG,true,,auto,53,119418,ok,2478981,5fc0cb727f3e9a6fc7f1c85f4357068ab73087a2254fbecc9457a9f0de371866,files/khoa-cong-nghe-may-thoi-trang/5fc0cb727f3e.pdf,false,2026-09-30T07:44:01+00:00,true,,
64f5cd163d22,GV_Huongdangiangvienkhoiphucmatkhaucongthongtin250521.pdf,https://fgd.iuh.edu.vn/wp-content/uploads/2021/08/GV_Huongdangiangvienkhoiphucmatkhaucongthongtin250521.pdf,https://fgd.iuh.edu.vn/hoc-truc-tuyen/huong-dan-giao-vien-khoi-phuc-mat-khau/,Khoa Công nghệ May - Thời trang,HCM,KHOA_CN_MAY_THOI_TRANG,true,,auto,12,4680,ok,1465654,64f5cd163d225324e26ee3a629a5801f3892d6df02ba2df0d5c7d0568f3d22c6,files/khoa-cong-nghe-may-thoi-trang/64f5cd163d22.pdf,false,2026-09-30T07:42:30+00:00,true,,
6acc56f7b535,NAME-LIST-OF-LECTURERS-FACULTY-OF-GARMENT-TECHNOLOGY-AND-FASHION-DESIGN.pdf,https://fgd.iuh.edu.vn/wp-content/uploads/2021/09/NAME-LIST-OF-LECTURERS-FACULTY-OF-GARMENT-TECHNOLOGY-AND-FASHION-DESIGN.pdf,https://fgd.iuh.edu.vn/academic-staff/,Khoa Công nghệ May - Thời trang,HCM,KHOA_CN_MAY_THOI_TRANG,true,,auto,2,2549,ok,120461,6acc56f7b535888ff6999b6a3f8e1e28cdf5304494b2e3bc0f4bade49b71a64a,files/khoa-cong-nghe-may-thoi-trang/6acc56f7b535.pdf,false,2026-09-30T07:42:50+00:00,true,,
6e39ac3ed82a,1.-Chuan-dau-ra-tieng-anhPLOs.pdf,https://fgd.iuh.edu.vn/wp-content/uploads/2025/04/1.-Chuan-dau-ra-tieng-anhPLOs.pdf,https://fgd.iuh.edu.vn/garment-technology-programme/programme-learning-outcomes-in-textile-and-garment-technology-education-programme/,Khoa Công nghệ May - Thời trang,HCM,KHOA_CN_MAY_THOI_TRANG,false,4,auto,1,1546,ok,97674,6e39ac3ed82ae7b33482b6818064bfce0523fa08764f5c36cd45cd4b73e35a47,files/khoa-cong-nghe-may-thoi-trang/6e39ac3ed82a.pdf,false,2026-09-30T07:44:19+00:00,true,,
717f1fb04bd4,TCDM_202204-phần-2.pdf,https://fgd.iuh.edu.vn/wp-content/uploads/2022/05/TCDM_202204-phần-2.pdf,https://fgd.iuh.edu.vn/chua-duoc-phan-loai-en/journal-of-textile-industry-april-2022/,Khoa Công nghệ May - Thời trang,HCM,KHOA_CN_MAY_THOI_TRANG,false,2,auto,23,102176,ok,8556149,717f1fb04bd44b401e109fcdcc000791bf795c5e3cd4239741a5c25eb6ab32a8,files/khoa-cong-nghe-may-thoi-trang/717f1fb04bd4.pdf,false,2026-09-30T07:43:28+00:00,true,,
759c4088d31b,CTDT_Thiet_ke_thoi_trang_-_7210404_K20_Chinh_quy_Ky_su.pdf,https://fgd.iuh.edu.vn/wp-content/uploads/2024/12/CTDT_Thiet_ke_thoi_trang_-_7210404_K20_Chinh_quy_Ky_su.pdf,https://fgd.iuh.edu.vn/chuong-trinh-thiet-ke-thoi-trang/chuong-trinh-thiet-ke-thoi-trang/,Khoa Công nghệ May - Thời trang,HCM,KHOA_CN_MAY_THOI_TRANG,true,,auto,35,64987,ok,500378,759c4088d31b4f11f2ba82046bfdc8675381347cf8eb5ca08020a2689678ee32,files/khoa-cong-nghe-may-thoi-trang/759c4088d31b.pdf,false,2026-09-30T07:43:56+00:00,true,,
78b80d787845,Đặc-tả-chương-trình-2020.pdf,https://fgd.iuh.edu.vn/wp-content/uploads/2021/09/Đặc-tả-chương-trình-2020.pdf,https://fgd.iuh.edu.vn/chuong-trinh-cong-nghe-may/dac-ta-chuong-trinh-2020/,Khoa Công nghệ May - Thời trang,HCM,KHOA_CN_MAY_THOI_TRANG,false,1,auto,6,7503,ok,726924,78b80d787845450f4294fe708777d43bb48ad877b92c5dcfa7e3d5f7164aed00,files/khoa-cong-nghe-may-thoi-trang/78b80d787845.pdf,false,2026-09-30T07:43:09+00:00,true,,
7a99af14b694,BAI-BAO-DANG-DH-CONG-NGHIEP.pdf,https://fgd.iuh.edu.vn/wp-content/uploads/2021/08/BAI-BAO-DANG-DH-CONG-NGHIEP.pdf,https://fgd.iuh.edu.vn/bai-bao-khoa-hoc/nghien-cuu-su-bien-doi-cau-truc-va-cac-tinh-chat-co-ly-cua-da-ca-sau-hoa-ca-tr%c6%a3oc-va-sau-khi-thuoc-bang-muoi-crom/,Khoa Công nghệ May - Thời trang,HCM,KHOA_CN_MAY_THOI_TRANG,true,,auto,9,23317,ok,1017609,7a99af14b69454ff47645670dfce2bb5a501f09648e901b3ed05fce04b1d0855,files/khoa-cong-nghe-may-thoi-trang/7a99af14b694.pdf,false,2026-09-30T07:42:26+00:00,true,,
7c4bdeb3bbba,TCDM_2022.05-phan-1.pdf,https://fgd.iuh.edu.vn/wp-content/uploads/2022/05/TCDM_2022.05-phan-1.pdf,https://fgd.iuh.edu.vn/scientific-research/journal-of-textile-industry-march-2022-2/,Khoa Công nghệ May - Thời trang,HCM,KHOA_CN_MAY_THOI_TRANG,true,,auto,22,82747,ok,7700414,7c4bdeb3bbbacb50252b716e47ab0b5c27d4f6f65cb768b5b102216797bf82c1,files/khoa-cong-nghe-may-thoi-trang/7c4bdeb3bbba.pdf,false,2026-09-30T07:43:24+00:00,true,,
80afc3ac9308,huong_dan_xet_hoc_bong_vuot_kho_hieu_hoc_nam_2017.pdf,https://fgd.iuh.edu.vn/wp-content/uploads/2017/10/huong_dan_xet_hoc_bong_vuot_kho_hieu_hoc_nam_2017.pdf,https://fgd.iuh.edu.vn/thong-bao/thong-bao-xet-cap-hoc-bong-cho-sinh-vien-vuot-kho-hieu-hoc/,Khoa Công nghệ May - Thời trang,HCM,KHOA_CN_MAY_THOI_TRANG,true,,auto,2,0,scanned,1130650,80afc3ac9308faa6bda6671b9138996868da8dfbbc27c02e1822c887fcd1f241,scanned_pdf/khoa-cong-nghe-may-thoi-trang/80afc3ac9308.pdf,false,2026-09-30T07:41:46+00:00,false,,
80cd8fa89e02,2.-GT-Programme-Specification-FGD-2020.pdf,https://fgd.iuh.edu.vn/wp-content/uploads/2021/09/2.-GT-Programme-Specification-FGD-2020.pdf,https://fgd.iuh.edu.vn/garment-technology-programme/gt-programme-specification-2020/,Khoa Công nghệ May - Thời trang,HCM,KHOA_CN_MAY_THOI_TRANG,true,,auto,7,7044,ok,576800,80cd8fa89e02049a30fe3e03c3e16843ea5c31b2c19119e1c2e5ac79106ab8bf,files/khoa-cong-nghe-may-thoi-trang/80cd8fa89e02.pdf,false,2026-09-30T07:42:48+00:00,true,,
80eb18b1be2a,CHI-THANH-Student-PO-final.pdf,https://fgd.iuh.edu.vn/wp-content/uploads/2021/08/CHI-THANH-Student-PO-final.pdf,https://fgd.iuh.edu.vn/thong-bao/student-portfolio/,Khoa Công nghệ May - Thời trang,HCM,KHOA_CN_MAY_THOI_TRANG,true,,auto,38,4455,ok,6455444,80eb18b1be2a9a517ba0209e65d24e4fcb4dc6dadbdecd19264569b00daadc61,files/khoa-cong-nghe-may-thoi-trang/80eb18b1be2a.pdf,false,2026-09-30T07:42:28+00:00,true,,
867c4394729c,TCDM_2023.10-P2.pdf,https://fgd.iuh.edu.vn/wp-content/uploads/2023/11/TCDM_2023.10-P2.pdf,https://fgd.iuh.edu.vn/scientific-research/journal-of-textile-industry-oct-2023/,Khoa Công nghệ May - Thời trang,HCM,KHOA_CN_MAY_THOI_TRANG,false,3,auto,21,89069,ok,3607538,867c4394729c25f9f4dffeaf5bbbd4a365cb92bae31dc57e056d5a0c5cb9961b,files/khoa-cong-nghe-may-thoi-trang/867c4394729c.pdf,false,2026-09-30T07:43:46+00:00,true,,
87cc75074ae2,1Detaicapbo-qui-dinh-ghi-nhan-sp-det-may-.pdf,https://fgd.iuh.edu.vn/wp-content/uploads/2022/01/1Detaicapbo-qui-dinh-ghi-nhan-sp-det-may-.pdf,https://fgd.iuh.edu.vn/bai-bao-khoa-hoc/nghien-cuu-xay-dung-qui-dinh-ve-ghi-nhan-san-pham-det-may-phu-hop-voi-dieu-kien-trong-nuoc-va-qui-dinh-quoc-te/,Khoa Công nghệ May - Thời trang,HCM,KHOA_CN_MAY_THOI_TRANG,false,1,auto,28,38087,ok,568472,87cc75074ae2c583be04391827b1684a5966d57312f89a36a8b5d12dea4632fb,files/khoa-cong-nghe-may-thoi-trang/87cc75074ae2.pdf,false,2026-09-30T07:43:20+00:00,true,,
8b7267b11d6a,tb65.pdf,https://fgd.iuh.edu.vn/wp-content/uploads/2021/09/tb65.pdf,https://fgd.iuh.edu.vn/thong-bao/thong-bao-thoi-gian-hoc-tap-tai-truong-cua-sinh-vien-truong-dai-hoc-cong-nghiep-thanh-pho-ho-chi-minh/,Khoa Công nghệ May - Thời trang,HCM,KHOA_CN_MAY_THOI_TRANG,false,2,auto,1,0,scanned,510886,8b7267b11d6a9c56388b78b4f3f1af5130c77fc9bde928b6c23e8dccf616f671,scanned_pdf/khoa-cong-nghe-may-thoi-trang/8b7267b11d6a.pdf,false,2026-09-30T07:43:06+00:00,false,,
90ea137b2794,gv.pdf,https://fgd.iuh.edu.vn/wp-content/uploads/2022/11/gv.pdf,https://fgd.iuh.edu.vn/danh-sach-tien-si-co-huu-cua-khoa/danh-sach-tien-si-co-huu-theo-thong-tu-so-02-2022-tt-bgddt-ngay-18-thang-01-nam-2022-don-vi-dao-tao-khoa-cong-nghe-may-thoi-trang/,Khoa Công nghệ May - Thời trang,HCM,KHOA_CN_MAY_THOI_TRANG,true,,auto,1,1646,ok,490934,90ea137b27941b1b027ae36c6a965a1bd0cd3d92dee2e252396461fc08439173,files/khoa-cong-nghe-may-thoi-trang/90ea137b2794.pdf,false,2026-09-30T07:43:35+00:00,true,,
91871fb5769c,Gioi-thieu-chuong-trinh.pdf,https://fgd.iuh.edu.vn/wp-content/uploads/2026/03/Gioi-thieu-chuong-trinh.pdf,https://fgd.iuh.edu.vn/programme-specification/introduction-textile-and-garment-technology-education-programme/,Khoa Công nghệ May - Thời trang,HCM,KHOA_CN_MAY_THOI_TRANG,true,,auto,24,64281,ok,1609005,91871fb5769c2c706195c53a9437bf08a76f75af6de0d72083137124a9f37ee5,files/khoa-cong-nghe-may-thoi-trang/91871fb5769c.pdf,false,2026-09-30T07:44:30+00:00,true,,
98b943f69297,huong-dan-su-dung-app-Moodle-tren-mobile.pdf,https://fgd.iuh.edu.vn/wp-content/uploads/2021/08/huong-dan-su-dung-app-Moodle-tren-mobile.pdf,https://fgd.iuh.edu.vn/thong-bao/huong-dan-su-dung-app-moodle-tren-nen-tang-mobile/,Khoa Công nghệ May - Thời trang,HCM,KHOA_CN_MAY_THOI_TRANG,true,,auto,21,6054,ok,2057971,98b943f6929780a728eb2b43d0b13a44cef58cf4bde60c7f9c6746e0885a6788,files/khoa-cong-nghe-may-thoi-trang/98b943f69297.pdf,false,2026-09-30T07:42:44+00:00,true,,
9a94b2637148,2Detaicapbo-qui-dinh-ghi-nhan-sp-det-may.pdf,https://fgd.iuh.edu.vn/wp-content/uploads/2022/01/2Detaicapbo-qui-dinh-ghi-nhan-sp-det-may.pdf,https://fgd.iuh.edu.vn/bai-bao-khoa-hoc/nghien-cuu-xay-dung-qui-dinh-ve-ghi-nhan-san-pham-det-may-phu-hop-voi-dieu-kien-trong-nuoc-va-qui-dinh-quoc-te/,Khoa Công nghệ May - Thời trang,HCM,KHOA_CN_MAY_THOI_TRANG,false,2,auto,24,25974,ok,494485,9a94b2637148557d4195c0b9fe24cda4beee0a16f67c9730f972cd98a32ccf33,files/khoa-cong-nghe-may-thoi-trang/9a94b2637148.pdf,false,2026-09-30T07:43:21+00:00,true,,
9ae2a7bc950d,Programme-Specification-2021.pdf,https://fgd.iuh.edu.vn/wp-content/uploads/2021/07/Programme-Specification-2021.pdf,https://fgd.iuh.edu.vn/garment-technology-programme/gt-programme-specification/,Khoa Công nghệ May - Thời trang,HCM,KHOA_CN_MAY_THOI_TRANG,false,1,auto,6,7160,ok,764958,9ae2a7bc950d34531cf46f1d9f108281ce8e9813906a115f18a6a84b9ea6a9f2,files/khoa-cong-nghe-may-thoi-trang/9ae2a7bc950d.pdf,false,2026-09-30T07:42:16+00:00,true,,
a0805f3cba4b,PO-đã-edit.pdf,https://fgd.iuh.edu.vn/wp-content/uploads/2021/08/PO-đã-edit.pdf,https://fgd.iuh.edu.vn/thong-bao/student-portfolio-5/,Khoa Công nghệ May - Thời trang,HCM,KHOA_CN_MAY_THOI_TRANG,true,,auto,31,6740,ok,7348253,a0805f3cba4b4d5eccbdac046115157e8b4eddbf84eed6518bb8c835105e2194,files/khoa-cong-nghe-may-thoi-trang/a0805f3cba4b.pdf,false,2026-09-30T07:42:36+00:00,true,,
a0a627b7d8a3,TCDM_2023.09-1.pdf,https://fgd.iuh.edu.vn/wp-content/uploads/2023/09/TCDM_2023.09-1.pdf,https://fgd.iuh.edu.vn/thong-bao/%f0%9f%91%89tap-chi-det-may-thang-09-2023-3/,Khoa Công nghệ May - Thời trang,HCM,KHOA_CN_MAY_THOI_TRANG,true,,auto,23,105776,ok,3757747,a0a627b7d8a35eb89257f04616f0e8c5cb8188e156298cd43525e2c5ffdc2894,files/khoa-cong-nghe-may-thoi-trang/a0a627b7d8a3.pdf,false,2026-09-30T07:43:37+00:00,true,,
a31442503a0e,2.-P1thang8TapchiDM_202408-Copy.pdf,https://fgd.iuh.edu.vn/wp-content/uploads/2024/09/2.-P1thang8TapchiDM_202408-Copy.pdf,https://fgd.iuh.edu.vn/scientific-research/journal-of-textile-industry-august-2024/,Khoa Công nghệ May - Thời trang,HCM,KHOA_CN_MAY_THOI_TRANG,true,,auto,21,90721,ok,4400569,a31442503a0ed7379173129675ab200332498446efbfd55a1ddf02cc6e16c901,files/khoa-cong-nghe-may-thoi-trang/a31442503a0e.pdf,false,2026-09-30T07:43:52+00:00,true,,
a3b8acbd127a,Programme-Specification-Fashion-Design.pdf,https://fgd.iuh.edu.vn/wp-content/uploads/2021/09/Programme-Specification-Fashion-Design.pdf,https://fgd.iuh.edu.vn/chuong-trinh-thiet-ke-thoi-trang/thiet-ke-thoi-trang/,Khoa Công nghệ May - Thời trang,HCM,KHOA_CN_MAY_THOI_TRANG,true,,auto,6,7606,ok,1027466,a3b8acbd127a7b3d9b3834d56968354f4255805c997c9a1a653932f737704450,files/khoa-cong-nghe-may-thoi-trang/a3b8acbd127a.pdf,false,2026-09-30T07:42:54+00:00,true,,
a561ffc5507b,GV_TailieutaphuanElearning_300521_20210530023620.pdf,https://fgd.iuh.edu.vn/wp-content/uploads/2021/08/GV_TailieutaphuanElearning_300521_20210530023620.pdf,https://fgd.iuh.edu.vn/hoc-truc-tuyen/tai-lieu-huong-dan-giang-vien-su-dung-he-thong-e-learing/,Khoa Công nghệ May - Thời trang,HCM,KHOA_CN_MAY_THOI_TRANG,false,1,auto,71,23440,ok,2593474,a561ffc5507b69c412cda2830b7b71ed17e5f045bde5dbfddddfb71c8c95de22,files/khoa-cong-nghe-may-thoi-trang/a561ffc5507b.pdf,false,2026-09-30T07:42:32+00:00,true,,
a5a82c0dd4d1,Tháng-12-2.pdf,https://fgd.iuh.edu.vn/wp-content/uploads/2021/11/Tháng-12-2.pdf,https://fgd.iuh.edu.vn/thong-bao/tap-chi-det-may-thang-11-2021/,Khoa Công nghệ May - Thời trang,HCM,KHOA_CN_MAY_THOI_TRANG,true,,auto,16,62085,ok,3955455,a5a82c0dd4d1051b5769b2e03a95de170de5a5b28ffed91ca7e7f569dd565886,files/khoa-cong-nghe-may-thoi-trang/a5a82c0dd4d1.pdf,false,2026-09-30T07:43:12+00:00,true,,
b641f9253be8,hoc-bong-hk1-20-21-230321-20210323023235-e1.pdf,https://fgd.iuh.edu.vn/wp-content/uploads/2021/03/hoc-bong-hk1-20-21-230321-20210323023235-e1.pdf,https://fgd.iuh.edu.vn/thong-bao/danh-sach-sinh-vien-nhan-hoc-bong-hoc-ky-1-2020-2021/,Khoa Công nghệ May - Thời trang,HCM,KHOA_CN_MAY_THOI_TRANG,true,,auto,81,122250,ok,2307295,b641f9253be8001417c828e03a8f6da848cb1db1b86e259cc81b77079c8614d1,files/khoa-cong-nghe-may-thoi-trang/b641f9253be8.pdf,false,2026-09-30T07:41:58+00:00,true,,
be4e42a5b4ba,TapchiDM_202405p1.pdf,https://fgd.iuh.edu.vn/wp-content/uploads/2024/06/TapchiDM_202405p1.pdf,https://fgd.iuh.edu.vn/thong-bao/%f0%9f%91%89tap-chi-det-may-thang-5-2024/,Khoa Công nghệ May - Thời trang,HCM,KHOA_CN_MAY_THOI_TRANG,false,1,auto,31,146628,ok,5001198,be4e42a5b4ba9a1052850a584968cf15d1fb6b2c37e14454db1e769422798ab3,files/khoa-cong-nghe-may-thoi-trang/be4e42a5b4ba.pdf,false,2026-09-30T07:43:50+00:00,true,,
c94dfc9da6bb,tháng-11-1.pdf,https://fgd.iuh.edu.vn/wp-content/uploads/2021/11/tháng-11-1.pdf,https://fgd.iuh.edu.vn/thong-bao/tap-chi-det-may-thang-11-2021/,Khoa Công nghệ May - Thời trang,HCM,KHOA_CN_MAY_THOI_TRANG,true,,auto,29,122951,ok,5429787,c94dfc9da6bb553adc92bf31c9904c31af082b9a275b1818efbe281f60991294,files/khoa-cong-nghe-may-thoi-trang/c94dfc9da6bb.pdf,false,2026-09-30T07:43:14+00:00,true,,
cbcd784c4a83,PO-Trieu-Thi-Trang.pdf,https://fgd.iuh.edu.vn/wp-content/uploads/2021/08/PO-Trieu-Thi-Trang.pdf,https://fgd.iuh.edu.vn/thong-bao/student-portfolio-3/,Khoa Công nghệ May - Thời trang,HCM,KHOA_CN_MAY_THOI_TRANG,true,,auto,20,2579,ok,6944093,cbcd784c4a839059006b3d95351626478a0d7a65011ce86f4e5fadfdaea814b6,files/khoa-cong-nghe-may-thoi-trang/cbcd784c4a83.pdf,false,2026-09-30T07:42:34+00:00,true,,
d0679c714752,TCDM_2023.10-P1.pdf,https://fgd.iuh.edu.vn/wp-content/uploads/2023/11/TCDM_2023.10-P1.pdf,https://fgd.iuh.edu.vn/scientific-research/journal-of-textile-industry-oct-2023/,Khoa Công nghệ May - Thời trang,HCM,KHOA_CN_MAY_THOI_TRANG,false,2,auto,20,96062,ok,3397591,d0679c7147523a5a965f693a53c291fb9ebbd00b42a9438b1091c32120608e84,files/khoa-cong-nghe-may-thoi-trang/d0679c714752.pdf,false,2026-09-30T07:43:44+00:00,true,,
d79930bc64d4,18_19-123_1.7m.pdf,https://fgd.iuh.edu.vn/wp-content/uploads/2021/08/18_19-123_1.7m.pdf,https://fgd.iuh.edu.vn/scientific-article/effects-of-dyeing-process-on-the-change-in-color-microstructural-characteristics-and-physico-mechanical-properties-of-hoa-ca-crocodile-skin/,Khoa Công nghệ May - Thời trang,HCM,KHOA_CN_MAY_THOI_TRANG,true,,auto,7,22592,ok,1667084,d79930bc64d4ba5de0b259e66539607d713f98d5882f7b62bd6d8f579fa8ec54,files/khoa-cong-nghe-may-thoi-trang/d79930bc64d4.pdf,false,2026-09-30T07:42:24+00:00,true,,
dbce327c1663,1.-TCDM_12.20211.2022-Phan-2.pdf,https://fgd.iuh.edu.vn/wp-content/uploads/2021/12/1.-TCDM_12.20211.2022-Phan-2.pdf,https://fgd.iuh.edu.vn/sinh-vien-nghien-cuu-khoa-hoc/tap-chi-det-may-thang-12-2021-phan-2/,Khoa Công nghệ May - Thời trang,HCM,KHOA_CN_MAY_THOI_TRANG,true,,auto,48,199407,ok,20146787,dbce327c16635568b13399d663dab306e89603b92bac2050a231e634734212bf,files/khoa-cong-nghe-may-thoi-trang/dbce327c1663.pdf,false,2026-09-30T07:43:17+00:00,true,,
df262e415bae,TCDM_2023.09-Phan-2.pdf,https://fgd.iuh.edu.vn/wp-content/uploads/2023/09/TCDM_2023.09-Phan-2.pdf,https://fgd.iuh.edu.vn/thong-bao/%f0%9f%91%89tap-chi-det-may-thang-09-2023-3/,Khoa Công nghệ May - Thời trang,HCM,KHOA_CN_MAY_THOI_TRANG,false,1,auto,21,80840,ok,3769641,df262e415baef444e3f9c1d54edd1284ba0acf847e2bb714323634df1c56841f,files/khoa-cong-nghe-may-thoi-trang/df262e415bae.pdf,false,2026-09-30T07:43:40+00:00,true,,
e1c61d80d3f7,TK3D-MAY-TINH_CNM.pdf,https://fgd.iuh.edu.vn/wp-content/uploads/2025/04/TK3D-MAY-TINH_CNM.pdf,https://fgd.iuh.edu.vn/chuong-trinh-cong-nghe-may/de-cuong-mon-hoc-cu-the/,Khoa Công nghệ May - Thời trang,HCM,KHOA_CN_MAY_THOI_TRANG,true,,auto,3,3920,ok,260629,e1c61d80d3f73f4651b5540063671bd47fdc648a7e9267740a9f022bd7c3e2fd,files/khoa-cong-nghe-may-thoi-trang/e1c61d80d3f7.pdf,false,2026-09-30T07:44:22+00:00,true,,
e27ecce1e823,1_Course-specification-Apparel-assembly-technology-for-traditional.pdf,https://fgd.iuh.edu.vn/wp-content/uploads/2025/12/1_Course-specification-Apparel-assembly-technology-for-traditional.pdf,https://fgd.iuh.edu.vn/garment-technology-programme/information-on-the-website-about-the-course-specification-2/,Khoa Công nghệ May - Thời trang,HCM,KHOA_CN_MAY_THOI_TRANG,true,,auto,7,8874,ok,173170,e27ecce1e8235be4706dd3155a3f8173f54d88ef8296a8939ab83562636fd081,files/khoa-cong-nghe-may-thoi-trang/e27ecce1e823.pdf,false,2026-09-30T07:44:25+00:00,true,,
e51c88932691,Nghien-cuu-1-nganh-det-may-viet-nam.pdf,https://fgd.iuh.edu.vn/wp-content/uploads/2021/05/Nghien-cuu-1-nganh-det-may-viet-nam.pdf,https://fgd.iuh.edu.vn/scientific-research/research-documents-on-vietnam-textile-and-garment-industry/,Khoa Công nghệ May - Thời trang,HCM,KHOA_CN_MAY_THOI_TRANG,true,,auto,63,72835,no_diacritics,698925,e51c8893269154e080ae6df47ccad411aa0b9b7f7266c87ec31545ecd0706652,scanned_pdf/khoa-cong-nghe-may-thoi-trang/e51c88932691.pdf,false,2026-09-30T07:42:08+00:00,false,,
e56018d8ceeb,Student_Cúc.pdf,https://fgd.iuh.edu.vn/wp-content/uploads/2021/08/Student_Cúc.pdf,https://fgd.iuh.edu.vn/thong-bao/student-portfolio-7/,Khoa Công nghệ May - Thời trang,HCM,KHOA_CN_MAY_THOI_TRANG,false,1,auto,15,1341,scanned,2582048,e56018d8ceeb7b5f28639e91e12ba7eb2eab428688114c896e8d22901310d11f,scanned_pdf/khoa-cong-nghe-may-thoi-trang/e56018d8ceeb.pdf,false,2026-09-30T07:42:42+00:00,false,,
ef6bfe850291,dang-web-Programme-Learning-Outcomes-in-Fashion-Design-Programme.pdf,https://fgd.iuh.edu.vn/wp-content/uploads/2025/01/dang-web-Programme-Learning-Outcomes-in-Fashion-Design-Programme.pdf,https://fgd.iuh.edu.vn/programme-specification/programme-learning-outcomes-in-fashion-design-programme-2024/,Khoa Công nghệ May - Thời trang,HCM,KHOA_CN_MAY_THOI_TRANG,true,,auto,1,1546,ok,95103,ef6bfe850291056f08f20733467d7dd9a72de62ca86946f19d868e07bfc8626d,files/khoa-cong-nghe-may-thoi-trang/ef6bfe850291.pdf,false,2026-09-30T07:44:04+00:00,true,,
f74e63e56688,TapchiDM_202405-p2.pdf,https://fgd.iuh.edu.vn/wp-content/uploads/2024/06/TapchiDM_202405-p2.pdf,https://fgd.iuh.edu.vn/thong-bao/%f0%9f%91%89tap-chi-det-may-thang-5-2024/,Khoa Công nghệ May - Thời trang,HCM,KHOA_CN_MAY_THOI_TRANG,true,,auto,13,43684,ok,2442442,f74e63e566881f5ab5e7f7e78ebef110ee9b16edf7eefaf0b5b304b661873f87,files/khoa-cong-nghe-may-thoi-trang/f74e63e56688.pdf,false,2026-09-30T07:43:48+00:00,true,,
f85550425d29,List-of-FDs-Lecturer-2024-2025.pdf,https://fgd.iuh.edu.vn/wp-content/uploads/2025/03/List-of-FDs-Lecturer-2024-2025.pdf,https://fgd.iuh.edu.vn/giang-vien/,Khoa Công nghệ May - Thời trang,HCM,KHOA_CN_MAY_THOI_TRANG,false,3,auto,2,1411,ok,199307,f85550425d294148684bdd6d0bea9df074d26a6e8f6ed50a918add63164eb6dd,files/khoa-cong-nghe-may-thoi-trang/f85550425d29.pdf,false,2026-09-30T07:44:16+00:00,true,,
ffb0abb70e1d,DS-lien-he-truc-tuyen-22-12-2021.pdf,https://fgd.iuh.edu.vn/wp-content/uploads/2021/12/DS-lien-he-truc-tuyen-22-12-2021.pdf,https://fgd.iuh.edu.vn/thong-bao/cap-nhat-danh-sach-kenh-lien-he-xu-ly-cong-viec-truc-tuyen/,Khoa Công nghệ May - Thời trang,HCM,KHOA_CN_MAY_THOI_TRANG,true,,auto,4,5977,ok,501338,ffb0abb70e1dd7d54252da507aa6e1c257ce2fe4519ee63f767e97223c2f4b9d,files/khoa-cong-nghe-may-thoi-trang/ffb0abb70e1d.pdf,false,2026-09-30T07:43:18+00:00,true,,
0b94b1c83875,KNX - 20221 - Giao Luu Tan Sinh Vien - DH CN TP_HCM.pdf,https://fhre.iuh.edu.vn/upload/files/KNX%20-%2020221%20-%20Giao%20Luu%20Tan%20Sinh%20Vien%20-%20DH%20CN%20TP_HCM.pdf,https://fhre.iuh.edu.vn/news.html@detail@275@495@Cuu-sinh-vien-Pham-Huu-Tam-DH-NL1-chia-se,Khoa Công nghệ Nhiệt - Lạnh,HCM,KHOA_CN_NHIET_LANH,true,,auto,23,3112,ok,2497264,0b94b1c838751180f24d4a6d65286ab525fc79646d1dd3a57f917e3595c87b80,files/khoa-cong-nghe-nhiet-lanh/0b94b1c83875.pdf,true,2026-09-30T07:42:04+00:00,true,,
1313750c6310,(4) Workshop of FHRE final.pdf,https://fhre.iuh.edu.vn/upload/files/(4)%20Workshop%20of%20FHRE%20final.pdf,https://fhre.iuh.edu.vn/news.html@detail@344@505@HOI-THAO-KHOA-HOC-CAC-NGHIEN-CUU-TIEN-TIEN-TRONG-KHOA-HOC-NHIET-VA-LUU-CHAT-Thu-bay-31-7-2021,Khoa Công nghệ Nhiệt - Lạnh,HCM,KHOA_CN_NHIET_LANH,false,2,auto,1,1740,ok,557351,1313750c631041162354777a4e6c53964e4f3ebd2d748a189d3689d3fab860e0,files/khoa-cong-nghe-nhiet-lanh/1313750c6310.pdf,true,2026-09-30T07:41:49+00:00,true,,
1b3c173fa900,Hướng-dẫn-tải-PLVB-diện-tử.pdf,https://fhre.iuh.edu.vn/upload/files/Hu%CC%9Bo%CC%9B%CC%81ng-da%CC%82%CC%83n-ta%CC%89i-PLVB-die%CC%A3%CC%82n-tu%CC%9B%CC%89.pdf,https://fhre.iuh.edu.vn/news.html@detail@264@686@Thong-bao-nhan-bang-tot-nghiep-(dot-xet-thang-03-2026),Khoa Công nghệ Nhiệt - Lạnh,HCM,KHOA_CN_NHIET_LANH,false,1,auto,2,632,ok,655231,1b3c173fa900369b79442868421021156d545349047252f68be5770670448dbc,files/khoa-cong-nghe-nhiet-lanh/1b3c173fa900.pdf,true,2026-09-30T07:42:00+00:00,true,,
29f19fb7d85e,2_ 1Quanly_luutru-HS NCKH.pdf,https://fhre.iuh.edu.vn/upload/files/2_%201Quanly_luutru-HS%20NCKH.pdf,https://fhre.iuh.edu.vn/news.html@detail@343@501@Quan-ly-luu-tru-va-bao-quan-ho-so,Khoa Công nghệ Nhiệt - Lạnh,HCM,KHOA_CN_NHIET_LANH,true,,auto,2,3162,ok,152049,29f19fb7d85eec68b0959d46b75f97b148e48dcb69b0e315b77ef8fb25d30f47,files/khoa-cong-nghe-nhiet-lanh/29f19fb7d85e.pdf,true,2026-09-30T07:41:54+00:00,true,,
50eeb4ab19ef,(3) Call for paper(work shop) final.pdf,https://fhre.iuh.edu.vn/upload/files/(3)%20Call%20for%20paper(work%20shop)%20final.pdf,https://fhre.iuh.edu.vn/news.html@detail@344@504@HOI-THAO-KHOA-HOC-MO-HINH-HOC-CU-TRONG-THUC-HANH-THI-NGHIEM-NHIET-Thu-bay-10-7-2021,Khoa Công nghệ Nhiệt - Lạnh,HCM,KHOA_CN_NHIET_LANH,true,,auto,1,1862,ok,532644,50eeb4ab19ef94d184fb04f0f77ee8003cc278a7e8f8c87ffb940e95a0597980,files/khoa-cong-nghe-nhiet-lanh/50eeb4ab19ef.pdf,true,2026-09-30T07:41:48+00:00,true,,
5bfd490b281a,(2) Call for paper of basic technique final.pdf,https://fhre.iuh.edu.vn/upload/files/(2)%20Call%20for%20paper%20of%20basic%20technique%20final.pdf,https://fhre.iuh.edu.vn/news.html@detail@344@503@HOI-THAO-KHOA-HOC-CAC-NGHIEN-CUU-TIEN-TIEN-TRONG-KHOA-HOC-NHIET-Thu-bay-19-6-2021,Khoa Công nghệ Nhiệt - Lạnh,HCM,KHOA_CN_NHIET_LANH,true,,auto,1,1864,ok,373456,5bfd490b281afd4b03d17c9dacc63ca63e653dc6c9f9fc436bf5b620d688239f,files/khoa-cong-nghe-nhiet-lanh/5bfd490b281a.pdf,true,2026-09-30T07:41:46+00:00,true,,
ae4c8c5e8673,(1) Call for paper BMKTnhiet final.pdf,https://fhre.iuh.edu.vn/upload/files/(1)%20Call%20for%20paper%20BMKTnhiet%20final.pdf,https://fhre.iuh.edu.vn/news.html@detail@344@502@Hoi-Thao-Khoa-Hoc-Cac-Nghien-Cuu-Tien-Tien-Trong-Ky-Thuat-Nhiet-Thu-7-Ngay-22-5-2021,Khoa Công nghệ Nhiệt - Lạnh,HCM,KHOA_CN_NHIET_LANH,true,,auto,1,1789,ok,523453,ae4c8c5e867398f20df427115ede3fb0bc8fc085ffca84a2bfb6466006f4197c,files/khoa-cong-nghe-nhiet-lanh/ae4c8c5e8673.pdf,true,2026-09-30T07:41:45+00:00,true,,
c3495bef87d0,7_ Mau Phieu danh gia do an tot nghiep.pdf,https://fhre.iuh.edu.vn/upload/files/7_%20Mau%20Phieu%20danh%20gia%20do%20an%20tot%20nghiep.pdf,https://fhre.iuh.edu.vn/bieumau.html@266@Bieu-mau-sinh-vien,Khoa Công nghệ Nhiệt - Lạnh,HCM,KHOA_CN_NHIET_LANH,true,,auto,1,1051,ok,289704,c3495bef87d002aeed0583380698727de6eeae6cac39d6ce4613147fd44ae1ee,files/khoa-cong-nghe-nhiet-lanh/c3495bef87d0.pdf,true,2026-09-30T07:41:58+00:00,true,,
ec4e0395c3b4,Tap Huan NCKH NGHIA.pdf,https://fhre.iuh.edu.vn/upload/files/Tap%20Huan%20NCKH%20NGHIA.pdf,https://fhre.iuh.edu.vn/news.html@detail@343@496@Tap-huan-quy-dinh-cua-Nha-truong-ve-gio-NCKH-va-phan-mem-khai-bao-theo-(Quyet-dinh-so-2788-QD-DHCN),Khoa Công nghệ Nhiệt - Lạnh,HCM,KHOA_CN_NHIET_LANH,false,4,auto,12,2814,ok,546308,ec4e0395c3b4c05de4c0a0b931855b842bc9e9b6538f5e41b8822d9cba8ff164,files/khoa-cong-nghe-nhiet-lanh/ec4e0395c3b4.pdf,true,2026-09-30T07:42:10+00:00,true,,
eeb32d6c2187,Project Management Procedures of the Faculty 01.pdf,https://fhre.iuh.edu.vn/upload/files/Project%20Management%20Procedures%20of%20the%20Faculty%2001.pdf,https://fhre.iuh.edu.vn/news.html@detail@343@514@Quy-trinh-xet-duyet-de-tai-NCKH-cua-Khoa,Khoa Công nghệ Nhiệt - Lạnh,HCM,KHOA_CN_NHIET_LANH,true,,auto,2,2704,ok,102146,eeb32d6c2187dd6dc3b5adce4489b492b368b59084a87616365e0029b9f7f726,files/khoa-cong-nghe-nhiet-lanh/eeb32d6c2187.pdf,true,2026-09-30T07:42:08+00:00,true,,
f43265ee63d6,2026_ PDT 17a_Don de nghi xet TN dung han (co hinh_6_2026)-merged.pdf,https://fhre.iuh.edu.vn/upload/files/2026_%20PDT%2017a_Don%20de%20nghi%20xet%20TN%20dung%20han%20(co%20hinh_6_2026)-merged.pdf,https://fhre.iuh.edu.vn/news.html@detail@264@602@Huong-dan-ho-so-xet-tot-nghiep-va-cac-bieu-mau-dinh-kem,Khoa Công nghệ Nhiệt - Lạnh,HCM,KHOA_CN_NHIET_LANH,true,,auto,3,5744,ok,517248,f43265ee63d6e984947195e9b0b7aa5a429073000af691a21f8d166a1ed6a520,files/khoa-cong-nghe-nhiet-lanh/f43265ee63d6.pdf,true,2026-09-30T07:41:51+00:00,true,,
00522b067eaa,Ke hoach Pretest dot thang 7_2026(1).pdf,https://fit.iuh.edu.vn/upload/0199900060/files/Ke%20hoach%20Pretest%20dot%20thang%207_2026(1).pdf,https://fit.iuh.edu.vn/news.html@detail@155@3567@TB1.-Thong-bao-Ke-hoach-pretest-dot-thang-7-2026-(he-DH),Khoa Công nghệ thông tin,HCM,KHOA_CNTT,true,,auto,1,1709,ok,585634,00522b067eaadea8e46a5e5f43463d0f20dbf2f2bfac4a55e4280dbb924860d2,files/khoa-cong-nghe-thong-tin/00522b067eaa.pdf,true,2026-09-30T07:43:41+00:00,true,,
036645574654,BaiTapThucHanhCSDL_Chi_(2015).pdf,https://fit.iuh.edu.vn/upload/0199900279/files/BaiTapThucHanhCSDL_Chi_(2015).pdf,https://fit.iuh.edu.vn/giangvien@nguyenphuchung,Khoa Công nghệ thông tin,HCM,KHOA_CNTT,true,,auto,26,39711,ok,986127,036645574654e6700ba04902f736827ad8a50d4c2aef80d548acc9ada278ac8d,files/khoa-cong-nghe-thong-tin/036645574654.pdf,true,2026-09-30T07:43:46+00:00,true,,
0a04a1dc0c87,Giao trinh KNBP va TBVP(1).pdf,https://fit.iuh.edu.vn/upload/01120009/files/Giao%20trinh%20KNBP%20va%20TBVP(1).pdf,https://fit.iuh.edu.vn/giangvien@tonlongphuoc,Khoa Công nghệ thông tin,HCM,KHOA_CNTT,true,,auto,38,53908,ok,1545772,0a04a1dc0c8775aca222968a21b3d67639cf5cba3e2c753cf2beaf55b03be055,files/khoa-cong-nghe-thong-tin/0a04a1dc0c87.pdf,true,2026-09-30T07:42:10+00:00,true,,
0bdface871a4,GCS tour 29_03_2017(1).pdf,https://fit.iuh.edu.vn/upload/files/2017/GCS%20tour%2029_03_2017(1).pdf,https://fit.iuh.edu.vn/news.html@detail@155@1712@[New]-Danh-sach-sinh-vien-tham-quan-cong-ty-Global-CyberSoft,Khoa Công nghệ thông tin,HCM,KHOA_CNTT,true,,auto,1,1183,ok,192680,0bdface871a4db5f86a39d1567907b7ea398d55042980c493bf39bc6cd0f6c01,files/khoa-cong-nghe-thong-tin/0bdface871a4.pdf,true,2026-09-30T07:43:51+00:00,true,,
0d93db3b641f,Danh sach tien si duy tri nganh 2024(1).pdf,https://fit.iuh.edu.vn/upload/files/Danh%20sach%20tien%20si%20duy%20tri%20nganh%202024(1).pdf,https://fit.iuh.edu.vn/news.html@detail@188@3266@Nganh-Khoa-hoc-du-lieu,Khoa Công nghệ thông tin,HCM,KHOA_CNTT,false,2,auto,1,713,ok,400852,0d93db3b641f1bbdae4a90a49da68fac0104ce3e5bbac3516f9a4fd8bd6cbfa0,files/khoa-cong-nghe-thong-tin/0d93db3b641f.pdf,true,2026-09-30T07:44:34+00:00,true,,
0f3b3dc4fa89,KetquaPretestCS_07_2024(5).pdf,https://fit.iuh.edu.vn/upload/01120022/files/KetquaPretestCS_07_2024(5).pdf,https://fit.iuh.edu.vn/news.html@detail@155@3295@KQ-Pretest-bo-mon-KHMT-07-2024,Khoa Công nghệ thông tin,HCM,KHOA_CNTT,true,,auto,1,1071,ok,104314,0f3b3dc4fa89cf72d47fb45b0cb06c1fd5561f4fadd595c3f3ca8b3f83ab7b0f,files/khoa-cong-nghe-thong-tin/0f3b3dc4fa89.pdf,true,2026-09-30T07:42:51+00:00,true,,
0f68e8ec3d95,KetQua_Pretest 19_12_23_CS.pdf,https://fit.iuh.edu.vn/upload/01120022/files/KetQua_Pretest%2019_12_23_CS.pdf,https://fit.iuh.edu.vn/news.html@detail@155@3213@Ket-qua-Pretest-ngay-19-12-2023-Bo-mon-KHMT,Khoa Công nghệ thông tin,HCM,KHOA_CNTT,true,,auto,1,208,ok,92459,0f68e8ec3d956e4761cc15f8bac1678ead2b9920bb6e4a12851b83941e58752e,files/khoa-cong-nghe-thong-tin/0f68e8ec3d95.pdf,true,2026-09-30T07:42:48+00:00,true,,
1698a242cd8c,Bang tham do y kien.pdf,https://fit.iuh.edu.vn/upload/files/2017/11/Bang%20tham%20do%20y%20kien.pdf,https://fit.iuh.edu.vn/news.html@detail@104@1926@Chuong-trinh-dao-tao-va-tu-van-viec-lam-tai-Nhat,Khoa Công nghệ thông tin,HCM,KHOA_CNTT,false,2,auto,2,3857,ok,205954,1698a242cd8c856074e99032a6a45e3ada2a5e257dd54e6c6a69954538cc176a,files/khoa-cong-nghe-thong-tin/1698a242cd8c.pdf,true,2026-09-30T07:43:49+00:00,true,,
16d6e1ff1ea1,Danh sach Phan Cong GVPB KLTN HK1 2021-2022 v1.pdf,https://fit.iuh.edu.vn/upload/01120022/files/Danh%20sach%20Phan%20Cong%20GVPB%20KLTN%20HK1%202021-2022%20v1.pdf,https://fit.iuh.edu.vn/news.html@detail@155@2839@Danh-sach-sinh-vien-nganh-KHMT-bao-cao-KLTN-HK1-2021-2022,Khoa Công nghệ thông tin,HCM,KHOA_CNTT,true,,auto,1,2353,ok,139128,16d6e1ff1ea1509fbc4b4f4516cc54f38ff1b19a87951f22bdf1b455f511b96f,files/khoa-cong-nghe-thong-tin/16d6e1ff1ea1.pdf,true,2026-09-30T07:42:40+00:00,true,,
1cc9c33d5fff,Danh sach pretest dợt thang 7_2026 (hệ DH)_SV(3).pdf,https://fit.iuh.edu.vn/upload/0199900060/files/Danh%20sach%20pretest%20d%E1%BB%A3t%20thang%207_2026%20(h%E1%BB%87%20DH)_SV(3).pdf,"https://fit.iuh.edu.vn/news.html@detail@155@3568@TB2.-Thong-bao-thoi-gian-va-danh-sach-pretest-dot-thang-7,-thang-8-nam-2026",Khoa Công nghệ thông tin,HCM,KHOA_CNTT,true,,auto,22,26829,ok,362862,1cc9c33d5fff9ab62400a653bd9520bdf1940581c2eb2b5b87d4d992eafd1697,files/khoa-cong-nghe-thong-tin/1cc9c33d5fff.pdf,true,2026-09-30T07:43:35+00:00,true,,
1da0242fcb7e,Don xet tuyển KSTN.pdf,https://fit.iuh.edu.vn/upload/0199900060/files/Don%20xet%20tuy%E1%BB%83n%20KSTN.pdf,https://fit.iuh.edu.vn/news.html@detail@155@3565@Thong-bao-tuyen-chon-sinh-vien-chuong-trinh-ky-su-tai-nang-Khoa-Cong-nghe-Thong-tin-Khoa-21-va-Khoa-20-(Nam-hoc-2026-2027),Khoa Công nghệ thông tin,HCM,KHOA_CNTT,false,2,auto,1,0,scanned,1088451,1da0242fcb7ec012126f59abd569737a7015708d5a4f538a09847cd92e991111,scanned_pdf/khoa-cong-nghe-thong-tin/1da0242fcb7e.pdf,true,2026-09-30T07:43:37+00:00,false,,
1e39ae4bed50,PB-KLTN 2025-2026.pdf,https://fit.iuh.edu.vn/upload/01120023/files/PB-KLTN%202025-2026.pdf,https://fit.iuh.edu.vn/news.html@detail@155@3493@[CNTT]-Phan-bien-KLTN-HK-1-nien-khoa-2025-2026,Khoa Công nghệ thông tin,HCM,KHOA_CNTT,true,,auto,5,23956,ok,347903,1e39ae4bed50ed94f098e2c4b8d81adcc1a3b25d6f77e53110a7ac469b1a9e9b,files/khoa-cong-nghe-thong-tin/1e39ae4bed50.pdf,true,2026-09-30T07:43:16+00:00,true,,
1e486e055b07,Kyanon-Digital-Thong-bao-tuyển-intership.pdf,https://fit.iuh.edu.vn/upload/01120009/files/Kyanon-Digital-Thong-bao-tuy%E1%BB%83n-intership.pdf,"https://fit.iuh.edu.vn/news.html@detail@104@2197@Kyanon-tuyen-dung-thuc-tap-SE,-Web,-Data-Analytic-&-Visualizer",Khoa Công nghệ thông tin,HCM,KHOA_CNTT,true,,auto,3,2758,ok,467621,1e486e055b0764956b3f02075ad55a03c93c6d146cef9c592694edfedb406297,files/khoa-cong-nghe-thong-tin/1e486e055b07.pdf,true,2026-09-30T07:42:19+00:00,true,,
1f196efd97e6,GCS tour 29_03_2017.pdf,https://fit.iuh.edu.vn/upload/files/2017/GCS%20tour%2029_03_2017.pdf,https://fit.iuh.edu.vn/news.html@detail@155@1707@Thong-bao-dang-ky-tham-quan-cong-ty-Global-CyberSoft,Khoa Công nghệ thông tin,HCM,KHOA_CNTT,true,,auto,1,1183,ok,195122,1f196efd97e63c090cf511603d136e5eb6aaaeaf035784b6aba267e4bb8a6ddd,files/khoa-cong-nghe-thong-tin/1f196efd97e6.pdf,true,2026-09-30T07:43:54+00:00,true,,
2020670fb2cb,Curriculum-v2018.pdf,https://fit.iuh.edu.vn/upload/files/CSMaster/Curriculum-v2018.pdf,https://fit.iuh.edu.vn/news.html@detail@187@909@Thac-si-Khoa-hoc-May-tinh,Khoa Công nghệ thông tin,HCM,KHOA_CNTT,true,,auto,34,3170,scanned,11598061,2020670fb2cb4f32de14e005f57bfb65210317513a2f285ab53357b6fe3e9bd4,scanned_pdf/khoa-cong-nghe-thong-tin/2020670fb2cb.pdf,true,2026-09-30T07:44:04+00:00,false,,
2081e0a41554,Danh sach GV duy tri nganh Ky thuat phan mem_nam 2022.pdf,https://fit.iuh.edu.vn/upload/files/Danh%20sach%20GV%20duy%20tri%20nganh%20Ky%20thuat%20phan%20mem_nam%202022.pdf,https://fit.iuh.edu.vn/news.html@detail@188@2400@Nganh-Ky-thuat-phan-mem,Khoa Công nghệ thông tin,HCM,KHOA_CNTT,true,,auto,1,790,ok,397894,2081e0a41554e7633c7985f1b0f859ca598550aa6087618cb6999bf98b663043,files/khoa-cong-nghe-thong-tin/2081e0a41554.pdf,true,2026-09-30T07:44:33+00:00,true,,
20b37d2634c1,De an mo nganh He thong thong tin_52480104 (phan 3).pdf,https://fit.iuh.edu.vn/upload/files/De%20an%20mo%20nganh%20He%20thong%20thong%20tin_52480104%20(phan%203).pdf,https://fit.iuh.edu.vn/news.html@detail@218@3009@De-an-mo-nganh-He-thong-thong-tin-trinh-do-Dai-hoc,Khoa Công nghệ thông tin,HCM,KHOA_CNTT,true,,auto,15,0,scanned,4766175,20b37d2634c1143cbd68bc6eed9530eaf5129cadde2d43eba70f4457f0275f50,scanned_pdf/khoa-cong-nghe-thong-tin/20b37d2634c1.pdf,true,2026-09-30T07:44:38+00:00,false,,
223330d5c858,TUYỂN DỤNG LẬP TRINH VIEN.pdf,https://fit.iuh.edu.vn/upload/01120009/files/TUY%E1%BB%82N%20D%E1%BB%A4NG%20L%E1%BA%ACP%20TRINH%20VIEN.pdf,https://fit.iuh.edu.vn/news.html@detail@104@2718@Cong-ty-DHSoft-tuyen-nhan-su-Lap-trinh-vien,Khoa Công nghệ thông tin,HCM,KHOA_CNTT,false,4,auto,1,1420,ok,216082,223330d5c858ae6bdd5d9532302ebb1c7ab655844d8d807183a1d2643d654599,files/khoa-cong-nghe-thong-tin/223330d5c858.pdf,true,2026-09-30T07:42:24+00:00,true,,
252f71880a56,IS_DatPretest_7_2024.pdf,https://fit.iuh.edu.vn/upload/06530005/files/IS_DatPretest_7_2024.pdf,https://fit.iuh.edu.vn/news.html@detail@155@3303@Danh-sach-SV-Dat-pretest-Nganh-HTTT-dot-thang-07-2024,Khoa Công nghệ thông tin,HCM,KHOA_CNTT,true,,auto,3,4991,ok,86475,252f71880a56d20b76163aaeb9e43416e7f6b2ee6caaae2cedf4a0f63e84ceaf,files/khoa-cong-nghe-thong-tin/252f71880a56.pdf,true,2026-09-30T07:43:47+00:00,true,,
2603cbfad2cf,De an mo nganh Ky thuat phan mem_52480103.pdf,https://fit.iuh.edu.vn/upload/files/De%20an%20mo%20nganh%20Ky%20thuat%20phan%20mem_52480103.pdf,https://fit.iuh.edu.vn/news.html@detail@218@3005@De-an-mo-nganh-Ky-thuat-phan-mem-trinh-do-Dai-hoc-,Khoa Công nghệ thông tin,HCM,KHOA_CNTT,false,2,auto,48,60372,ok,835824,2603cbfad2cf0a9987a61a3b8b4b72e155c3c254cdeefe2d380a51b5cec532b0,files/khoa-cong-nghe-thong-tin/2603cbfad2cf.pdf,true,2026-09-30T07:44:40+00:00,true,,
2774e124357c,Ket Qua Danh sach pretest ngay 2_8_2023_hk1_2023_2024(6).pdf,https://fit.iuh.edu.vn/upload/01120022/files/Ket%20Qua%20Danh%20sach%20pretest%20ngay%202_8_2023_hk1_2023_2024(6).pdf,https://fit.iuh.edu.vn/news.html@detail@155@3149@Ket-qua-Pretest-8-2023-sinh-vien-KHMT,Khoa Công nghệ thông tin,HCM,KHOA_CNTT,true,,auto,1,0,scanned,140159,2774e124357cf4a1c896e07e94dee8331bf27ff3f7412d1745bb916597b44245,scanned_pdf/khoa-cong-nghe-thong-tin/2774e124357c.pdf,true,2026-09-30T07:42:42+00:00,false,,
27a29f06d117,KQ_PRETEST_072025.pdf,https://fit.iuh.edu.vn/upload/01120023/files/KQ_PRETEST_072025.pdf,https://fit.iuh.edu.vn/news.html@detail@155@3448@[Nganh-CNTT]-Ket-qua-kiem-tra-PRETEST-07-2025,Khoa Công nghệ thông tin,HCM,KHOA_CNTT,true,,auto,2,3848,ok,200874,27a29f06d1176ddae105caf0fffc78f1dd62f003117ea67818d83fd6354ae3db,files/khoa-cong-nghe-thong-tin/27a29f06d117.pdf,true,2026-09-30T07:43:12+00:00,true,,
2959f116ebf9,De an mo nganh He thong thong tin_52480104 (phan 1).pdf,https://fit.iuh.edu.vn/upload/files/De%20an%20mo%20nganh%20He%20thong%20thong%20tin_52480104%20(phan%201).pdf,https://fit.iuh.edu.vn/news.html@detail@218@3009@De-an-mo-nganh-He-thong-thong-tin-trinh-do-Dai-hoc,Khoa Công nghệ thông tin,HCM,KHOA_CNTT,true,,auto,15,202,scanned,4463125,2959f116ebf976a87ef9384aa8832114d650f02f3986a84db7e7a8d6efbeb8d1,scanned_pdf/khoa-cong-nghe-thong-tin/2959f116ebf9.pdf,true,2026-09-30T07:44:36+00:00,false,,
37cdb8604e17,HoidongPoster_HK2.pdf,https://fit.iuh.edu.vn/upload/01120023/files/HoidongPoster_HK2.pdf,https://fit.iuh.edu.vn/news.html@detail@155@3555@[Nganh-CNTT]-Danh-sach-bao-cao-Khoa-luan-tot-nghiep-(he-DH)-HK2-2025-2026,Khoa Công nghệ thông tin,HCM,KHOA_CNTT,true,,auto,1,5531,ok,347824,37cdb8604e17241f98435ba0d608b7c928b5ba4b4e72dfc7bfd186dd63fa2cdb,files/khoa-cong-nghe-thong-tin/37cdb8604e17.pdf,true,2026-09-30T07:43:06+00:00,true,,
37f9d88f8634,KetQua_Pretest_Thang12_2024_CS 2.pdf,https://fit.iuh.edu.vn/upload/01120022/files/KetQua_Pretest_Thang12_2024_CS%202.pdf,https://fit.iuh.edu.vn/news.html@detail@155@3359@Ket-qua-Pretest-sinh-vien-KHMT-12-2024,Khoa Công nghệ thông tin,HCM,KHOA_CNTT,true,,auto,1,1764,ok,130502,37f9d88f863484b3fbc9a3a43173ccdbd96c41f8c77caf73d3e56149a0a1d2c9,files/khoa-cong-nghe-thong-tin/37f9d88f8634.pdf,true,2026-09-30T07:42:50+00:00,true,,
393a01792925,KetQua_Pretest_thang8-2019.pdf,https://fit.iuh.edu.vn/upload/01018004/files/KetQua_Pretest_thang8-2019.pdf,https://fit.iuh.edu.vn/news.html@detail@155@2411@Thong-bao-ket-qua-Pretest-dot-thang-8-nam-2019-nganh-He-thong-thong-tin,Khoa Công nghệ thông tin,HCM,KHOA_CNTT,false,3,auto,1,666,ok,79430,393a017929257d3d549469332db45645dbedbcab946a16ff38d8b811a045f348,files/khoa-cong-nghe-thong-tin/393a01792925.pdf,true,2026-09-30T07:41:54+00:00,true,,
3b137f77753e,GiaoTrinhTHCNMUDCNTT.pdf,https://fit.iuh.edu.vn/upload/01120009/files/GiaoTrinhTHCNMUDCNTT.pdf,https://fit.iuh.edu.vn/giangvien@tonlongphuoc,Khoa Công nghệ thông tin,HCM,KHOA_CNTT,false,2,auto,74,28184,ok,7749100,3b137f77753e05b0837e2c9b8029ac404eb9dba70975e26917dd555cfe4e50c2,files/khoa-cong-nghe-thong-tin/3b137f77753e.pdf,true,2026-09-30T07:42:13+00:00,true,,
408206dcf6ac,Thu ngo tuyen dung.pdf,https://fit.iuh.edu.vn/upload/01120009/files/Thu%20ngo%20tuyen%20dung.pdf,https://fit.iuh.edu.vn/news.html@detail@104@2010@Cong-ty-TNHH-Dau-tu-PBS-tuyen-dung-nhan-su,Khoa Công nghệ thông tin,HCM,KHOA_CNTT,true,,auto,1,0,scanned,1563775,408206dcf6ac26eb9b2dbeecf6918422b227009e02908c221692cf2c8b6b8861,scanned_pdf/khoa-cong-nghe-thong-tin/408206dcf6ac.pdf,true,2026-09-30T07:42:28+00:00,false,,
4d8421ad034f,K_CNTT danh sach GVCN nam-hoc-2026-2027.pdf,https://fit.iuh.edu.vn/upload/0199900060/files/K_CNTT%20danh%20sach%20GVCN%20nam-hoc-2026-2027.pdf,https://fit.iuh.edu.vn/news.html@detail@155@3574@Danh-sach-GVCN-nam-hoc-2026-2027-,Khoa Công nghệ thông tin,HCM,KHOA_CNTT,true,,auto,3,2759,ok,221269,4d8421ad034fc9dd1cfd05416ecb1c90716fb6a34393c5e17402803aa74e24f8,files/khoa-cong-nghe-thong-tin/4d8421ad034f.pdf,true,2026-09-30T07:43:39+00:00,true,,
4e1222ceff00,Diểm Pretest HK2_2023_2024 pdf.pdf,https://fit.iuh.edu.vn/upload/01120023/files/Di%E1%BB%83m%20Pretest%20HK2_2023_2024%20pdf.pdf,https://fit.iuh.edu.vn/news.html@detail@155@3218@[NGANH-CNTT]-Ket-qua-kiem-tra-PRETEST-12-2023-nganh-CNTT,Khoa Công nghệ thông tin,HCM,KHOA_CNTT,true,,auto,1,1200,ok,53961,4e1222ceff00ddef2ae4dbb93425bb5c9dde02920c287d95ec54ed6e384282b4,files/khoa-cong-nghe-thong-tin/4e1222ceff00.pdf,true,2026-09-30T07:43:03+00:00,true,,
526c16746f15,Chuong trinh khung _ 2023(1).pdf,https://fit.iuh.edu.vn/upload/files/Chuong%20trinh%20khung%20_%202023(1).pdf,https://fit.iuh.edu.vn/news.html@detail@188@3266@Nganh-Khoa-hoc-du-lieu,Khoa Công nghệ thông tin,HCM,KHOA_CNTT,true,,auto,7,10103,ok,633138,526c16746f157f8b28a94560d41a50a7d1e411648490bbbdfe4ae8bf65df9d90,files/khoa-cong-nghe-thong-tin/526c16746f15.pdf,true,2026-09-30T07:44:29+00:00,true,,
549b7ad1b70c,KH&DS_Seminar_Basic Cluster Administration in MongoDB.pdf,https://fit.iuh.edu.vn/upload/01004004/files/KH%26DS_Seminar_Basic%20Cluster%20Administration%20in%20MongoDB.pdf,https://fit.iuh.edu.vn/news.html@detail@102@3078@Seminar-chuyen-mon-ve-He-quan-tri-co-so-du-lieu-NoSQL-MongoDB,Khoa Công nghệ thông tin,HCM,KHOA_CNTT,false,2,auto,3,1625,ok,273356,549b7ad1b70c47aea6fa6d88be3a7bd5f921d1752c055a06fdaa189d2186821c,files/khoa-cong-nghe-thong-tin/549b7ad1b70c.pdf,true,2026-09-30T07:41:48+00:00,true,,
560db25cd768,CTDT nganh He thong Thong tin_K16.pdf,https://fit.iuh.edu.vn/upload/files/CTDT%20nganh%20He%20thong%20Thong%20tin_K16.pdf,https://fit.iuh.edu.vn/news.html@detail@188@2392@Nganh-He-thong-Thong-tin,Khoa Công nghệ thông tin,HCM,KHOA_CNTT,true,,auto,5,9028,ok,404075,560db25cd7680f5cf0e8c550eddbb27ef3ea84456f7e6833333bd27c5574f6f7,files/khoa-cong-nghe-thong-tin/560db25cd768.pdf,true,2026-09-30T07:44:22+00:00,true,,
56987b2e93ae,KLTN _HK2-2022-2023_DSPB(2).pdf,https://fit.iuh.edu.vn/upload/01120023/files/KLTN%20_HK2-2022-2023_DSPB(2).pdf,https://fit.iuh.edu.vn/news.html@detail@155@3272@[Nganh-CNTT]-Danh-sach-Phan-bien-KLTN-HK2-2023-2024,Khoa Công nghệ thông tin,HCM,KHOA_CNTT,true,,auto,1,4113,ok,124658,56987b2e93aea218bbb2742d259fe9b2f479b3c34c0bcd891a695c4f102bc350,files/khoa-cong-nghe-thong-tin/56987b2e93ae.pdf,true,2026-09-30T07:43:07+00:00,true,,
65ef45a0b92b,ly-thuyet-mang-neural.pdf,https://fit.iuh.edu.vn/upload/01120009/files/ly-thuyet-mang-neural.pdf,https://fit.iuh.edu.vn/giangvien@tonlongphuoc,Khoa Công nghệ thông tin,HCM,KHOA_CNTT,false,4,auto,15,17791,ok,647582,65ef45a0b92b5790412658aa28a31f2bf3e33374979fb09c71b4a9faf581d0b0,files/khoa-cong-nghe-thong-tin/65ef45a0b92b.pdf,true,2026-09-30T07:42:32+00:00,true,,
6c505f24362a,Doi ngu GV duy tri nganh Khoa hoc may tinh_Trinh do Tien si_nam 2022.pdf,https://fit.iuh.edu.vn/upload/files/Doi%20ngu%20GV%20duy%20tri%20nganh%20Khoa%20hoc%20may%20tinh_Trinh%20do%20Tien%20si_nam%202022.pdf,https://fit.iuh.edu.vn/news.html@detail@187@2255@Tien-si-Khoa-hoc-may-tinh,Khoa Công nghệ thông tin,HCM,KHOA_CNTT,true,,auto,1,1009,ok,401842,6c505f24362a0bcde2a01baa1acf5499cf8a9ca0ab45f8e894238a10819b8728,files/khoa-cong-nghe-thong-tin/6c505f24362a.pdf,true,2026-09-30T07:44:43+00:00,true,,
722daf2bcca8,BaoveKLTN2025.pdf,https://fit.iuh.edu.vn/upload/01120023/files/BaoveKLTN2025.pdf,https://fit.iuh.edu.vn/news.html@detail@155@3497@[CNTT]-Bao-cao-KLTN-HK-1-nien-khoa-2025-2026,Khoa Công nghệ thông tin,HCM,KHOA_CNTT,true,,auto,6,22779,ok,350281,722daf2bcca8e17beecc46ec66edf6d2ac92305f140939cf9705a07f66fd1be5,files/khoa-cong-nghe-thong-tin/722daf2bcca8.pdf,true,2026-09-30T07:42:59+00:00,true,,
74f825b09559,TUYỂN DỤNG NHAN VIEN TRIỂN KHAI DỰ AN ERP.pdf,https://fit.iuh.edu.vn/upload/01120009/files/TUY%E1%BB%82N%20D%E1%BB%A4NG%20NHAN%20VIEN%20TRI%E1%BB%82N%20KHAI%20D%E1%BB%B0%20AN%20ERP.pdf,https://fit.iuh.edu.vn/news.html@detail@104@2719@Cong-ty-DHSoft-tuyen-nhan-su-nhan-vien-trien-khai-ERP,Khoa Công nghệ thông tin,HCM,KHOA_CNTT,true,,auto,1,1360,ok,207062,74f825b09559f69e8ec663e0c0cfd43ac78b8ea8a4c31d1c6f4c303db6489617,files/khoa-cong-nghe-thong-tin/74f825b09559.pdf,true,2026-09-30T07:42:26+00:00,true,,
79f21c0b8371,Doi ngu GV duy tri nganh Khoa hoc may tinh_Trinh do Thac si_nam 2022.pdf,https://fit.iuh.edu.vn/upload/files/Doi%20ngu%20GV%20duy%20tri%20nganh%20Khoa%20hoc%20may%20tinh_Trinh%20do%20Thac%20si_nam%202022.pdf,https://fit.iuh.edu.vn/news.html@detail@187@909@Thac-si-Khoa-hoc-May-tinh,Khoa Công nghệ thông tin,HCM,KHOA_CNTT,true,,auto,1,1009,ok,394726,79f21c0b8371fe108313ff33f9031f1d63d09518f51988bcce07ef0080de7580,files/khoa-cong-nghe-thong-tin/79f21c0b8371.pdf,true,2026-09-30T07:44:42+00:00,true,,
7e4181953ad7,Brief Outline of all courses in the CS programme in 2022_Final.pdf,https://fit.iuh.edu.vn/upload/files/Brief%20Outline%20of%20all%20courses%20in%20the%20CS%20programme%20in%202022_Final.pdf,https://fit.iuh.edu.vn/news.html@detail@188@2399@Nganh-Khoa-hoc-may-tinh,Khoa Công nghệ thông tin,HCM,KHOA_CNTT,true,,auto,76,153616,ok,2300287,7e4181953ad7bfa4a2b0f320f8fb18985063ee2c529e7c5507bbb3136bcbd488,files/khoa-cong-nghe-thong-tin/7e4181953ad7.pdf,true,2026-09-30T07:44:01+00:00,true,,
7eafc044e423,CTDT nganh Cong nghe Thong tin_nam 2022.pdf,https://fit.iuh.edu.vn/upload/files/CTDT%20nganh%20Cong%20nghe%20Thong%20tin_nam%202022.pdf,https://fit.iuh.edu.vn/news.html@detail@188@2393@Nganh-Cong-nghe-Thong-tin,Khoa Công nghệ thông tin,HCM,KHOA_CNTT,true,,auto,451,611622,ok,7697404,7eafc044e423bc382cdf81c74ba5fafb83635a65158791668029fb11a54dc489,files/khoa-cong-nghe-thong-tin/7eafc044e423.pdf,true,2026-09-30T07:44:20+00:00,false,,
7f1954ff0087,SE_NOI DUNG PRETEST_2025.pdf,https://fit.iuh.edu.vn/upload/0199900060/files/SE_NOI%20DUNG%20PRETEST_2025.pdf,https://fit.iuh.edu.vn/news.html@detail@155@3567@TB1.-Thong-bao-Ke-hoach-pretest-dot-thang-7-2026-(he-DH),Khoa Công nghệ thông tin,HCM,KHOA_CNTT,false,3,auto,1,592,ok,189853,7f1954ff0087ed59d389249fca297857d13e06f327274dd428cbe3c0b6dfd2fa,files/khoa-cong-nghe-thong-tin/7f1954ff0087.pdf,true,2026-09-30T07:43:43+00:00,true,,
8917ce279399,4_ TieuluanUDCNM.pdf,https://fit.iuh.edu.vn/upload/01120009/files/4_%20TieuluanUDCNM.pdf,https://fit.iuh.edu.vn/giangvien@tonlongphuoc,Khoa Công nghệ thông tin,HCM,KHOA_CNTT,false,4,auto,4,6310,ok,177219,8917ce279399ad050617c9951c5fe6334ad7c0a53bd2ca417ab7ed884773a692,files/khoa-cong-nghe-thong-tin/8917ce279399.pdf,true,2026-09-30T07:42:00+00:00,true,,
896240c7562f,Bang Diem Pretest_07_2025.pdf,https://fit.iuh.edu.vn/upload/01120022/files/Bang%20Diem%20Pretest_07_2025.pdf,https://fit.iuh.edu.vn/news.html@detail@155@3443@Ket-qua-Prestest-07-2025-Bo-mon-KHMT,Khoa Công nghệ thông tin,HCM,KHOA_CNTT,true,,auto,4,4733,ok,105238,896240c7562f607cacfa6333d7ca5843bccff3cca168499b7d884d0211a4b841,files/khoa-cong-nghe-thong-tin/896240c7562f.pdf,true,2026-09-30T07:42:36+00:00,true,,
8eb895f8d40f,2026_ PDT 17a_Don de nghi xet TN dung han (web_6_2026).pdf,https://fit.iuh.edu.vn/upload/0199900060/files/2026_%20PDT%2017a_Don%20de%20nghi%20xet%20TN%20dung%20han%20(web_6_2026).pdf,https://fit.iuh.edu.vn/news.html@detail@155@3587@Thong-bao-ke-hoach-xet-cong-nhan-tot-nghiep-dot-thang-10-nam-2026,Khoa Công nghệ thông tin,HCM,KHOA_CNTT,true,,auto,1,2541,ok,170892,8eb895f8d40fc16c25e5e9e4106f1090686817ce651b20a2db98e9f1b3a479e7,files/khoa-cong-nghe-thong-tin/8eb895f8d40f.pdf,true,2026-09-30T07:43:27+00:00,true,,
951183fdbefb,De an mo nganh Cong nghe thong tin_52480201.pdf,https://fit.iuh.edu.vn/upload/files/De%20an%20mo%20nganh%20Cong%20nghe%20thong%20tin_52480201.pdf,https://fit.iuh.edu.vn/news.html@detail@218@3008@De-an-mo-nganh-Cong-nghe-thong-tin-trinh-do-Dai-hoc,Khoa Công nghệ thông tin,HCM,KHOA_CNTT,true,,auto,51,85323,garbled_ocr,2626385,951183fdbefb0002af0aeac238d58462c30fee4ae15681154cdf9fa19fefed67,scanned_pdf/khoa-cong-nghe-thong-tin/951183fdbefb.pdf,true,2026-09-30T07:44:35+00:00,false,,
967d4d59ddea,SACONOW - Tim kiem nhan su thuc tap.pdf,https://fit.iuh.edu.vn/upload/01120009/files/SACONOW%20-%20Tim%20kiem%20nhan%20su%20thuc%20tap.pdf,https://fit.iuh.edu.vn/news.html@detail@104@2283@Cong-ty-Saco-tuyen-sinh-vien-thuc-tap-va-nhan-vien-chinh-thuc,Khoa Công nghệ thông tin,HCM,KHOA_CNTT,true,,auto,1,1504,ok,78524,967d4d59ddea9c47fcd7de2f7e354dd6e44ac59ed7cd7de84562f7cc32e65483,files/khoa-cong-nghe-thong-tin/967d4d59ddea.pdf,true,2026-09-30T07:42:21+00:00,true,,
968c4b2ae70c,Chuong trinh Ky su tai nang K20.pdf,https://fit.iuh.edu.vn/upload/0199900060/files/Chuong%20trinh%20Ky%20su%20tai%20nang%20K20.pdf,https://fit.iuh.edu.vn/news.html@detail@155@3565@Thong-bao-tuyen-chon-sinh-vien-chuong-trinh-ky-su-tai-nang-Khoa-Cong-nghe-Thong-tin-Khoa-21-va-Khoa-20-(Nam-hoc-2026-2027),Khoa Công nghệ thông tin,HCM,KHOA_CNTT,true,,auto,2,0,scanned,2325129,968c4b2ae70c3c57750d9a5a32d5f332a55440d57dc0422e35488f345a20f5a8,scanned_pdf/khoa-cong-nghe-thong-tin/968c4b2ae70c.pdf,true,2026-09-30T07:43:31+00:00,false,,
985db5b8efab,Danh sach GV duy tri nganh He thong thong tin_nam 2022.pdf,https://fit.iuh.edu.vn/upload/files/Danh%20sach%20GV%20duy%20tri%20nganh%20He%20thong%20thong%20tin_nam%202022.pdf,https://fit.iuh.edu.vn/news.html@detail@188@2392@Nganh-He-thong-Thong-tin,Khoa Công nghệ thông tin,HCM,KHOA_CNTT,true,,auto,1,783,ok,400351,985db5b8efab68987bea9ec5353b854918360a26c53e390c1178c796b7f61c52,files/khoa-cong-nghe-thong-tin/985db5b8efab.pdf,true,2026-09-30T07:44:31+00:00,true,,
9a0b06450fb2,PB KLTNHK22025.pdf,https://fit.iuh.edu.vn/upload/01120023/files/PB%20KLTNHK22025.pdf,https://fit.iuh.edu.vn/news.html@detail@155@3413@[CNTT]-Phan-bien-KLTN-HK-2-nien-khoa-2024-2025,Khoa Công nghệ thông tin,HCM,KHOA_CNTT,true,,auto,1,7435,ok,383418,9a0b06450fb2774efca82a4f2dd36a79fb5aac578164c576021822f38cc0c586,files/khoa-cong-nghe-thong-tin/9a0b06450fb2.pdf,true,2026-09-30T07:43:14+00:00,true,,
9abb68a564fb,Curriculum-v2022.pdf,https://fit.iuh.edu.vn/upload/files/CSMaster/Curriculum-v2022.pdf,https://fit.iuh.edu.vn/news.html@detail@187@909@Thac-si-Khoa-hoc-May-tinh,Khoa Công nghệ thông tin,HCM,KHOA_CNTT,true,,auto,38,3515,scanned,12554586,9abb68a564fb1ec1aeb15f334fe356fc44cd5a7ed1e8fe89c193b9faef134b1d,scanned_pdf/khoa-cong-nghe-thong-tin/9abb68a564fb.pdf,true,2026-09-30T07:44:09+00:00,false,,
a127a708a486,JOB DESCRIPTION_SAP Fresher LOGISTIC.pdf,https://fit.iuh.edu.vn/upload/01120009/files/JOB%20DESCRIPTION_SAP%20Fresher%20LOGISTIC.pdf,https://fit.iuh.edu.vn/news.html@detail@104@2008@Cong-ty-NGS-TELECOMMUNICATION-AND-EQUIPMENT-JOINT-STOCK-COMPANY-CONG-TY-CO-PHAN-THIET-BI-VA-TRUYEN-THONG-NGS-(Ten-viet-tat-NGS.JSC),Khoa Công nghệ thông tin,HCM,KHOA_CNTT,false,1,auto,2,4651,ok,168394,a127a708a48618e99063e54b5f143d372715c0c5c316e75d38270b90c8a184e5,files/khoa-cong-nghe-thong-tin/a127a708a486.pdf,true,2026-09-30T07:42:16+00:00,true,,
a17416c289c8,V2_KLTN2026.pdf,https://fit.iuh.edu.vn/upload/01120023/files/V2_KLTN2026.pdf,https://fit.iuh.edu.vn/news.html@detail@155@3552@[CNTT]-Phan-bien-KLTN-HK-2-nien-khoa-2025-2026,Khoa Công nghệ thông tin,HCM,KHOA_CNTT,true,,auto,1,5742,ok,346305,a17416c289c82e6e91ad728c4aa954a930e0265a04dd4c64a2a3b85491fe8d1c,files/khoa-cong-nghe-thong-tin/a17416c289c8.pdf,true,2026-09-30T07:43:18+00:00,true,,
a1ba08fa03e6,De an mo nganh trinh do Tien si_chuyen nganh Khoa hoc may tinh.pdf,https://fit.iuh.edu.vn/upload/files/De%20an%20mo%20nganh%20trinh%20do%20Tien%20si_chuyen%20nganh%20Khoa%20hoc%20may%20tinh.pdf,https://fit.iuh.edu.vn/news.html@detail@218@3006@De-an-mo-nganh-dao-tao-trinh-do-Tien-si-Khoa-hoc-may-tinh,Khoa Công nghệ thông tin,HCM,KHOA_CNTT,true,,auto,171,216099,ok,2012586,a1ba08fa03e6be82ee232b3e0004b52cb3993687585ed5d9ff05ed9aa7063912,files/khoa-cong-nghe-thong-tin/a1ba08fa03e6.pdf,true,2026-09-30T07:44:41+00:00,false,,
a1ce0ffc6a95,Phan Cong Danh sach Phan Bien  KLTN HK1 22_23 2_12_22 ver 2.pdf,https://fit.iuh.edu.vn/upload/01120022/files/Phan%20Cong%20Danh%20sach%20Phan%20Bien%20%20KLTN%20HK1%2022_23%202_12_22%20ver%202.pdf,https://fit.iuh.edu.vn/news.html@detail@155@3031@Bo-mon-KHMT-Khoa-luan-tot-nghiep-Thuc-tap-doanh-nghiep-HK1-2022-2023,Khoa Công nghệ thông tin,HCM,KHOA_CNTT,true,,auto,1,3239,ok,129117,a1ce0ffc6a95bd098818d62a9336ad5cf83ff3dc3634297a0f75f817b0455573,files/khoa-cong-nghe-thong-tin/a1ce0ffc6a95.pdf,true,2026-09-30T07:42:53+00:00,true,,
a33f78ac3b5c,DS_Pretest_guidelines.pdf,https://fit.iuh.edu.vn/upload/0199900060/files/DS_Pretest_guidelines.pdf,https://fit.iuh.edu.vn/news.html@detail@155@3567@TB1.-Thong-bao-Ke-hoach-pretest-dot-thang-7-2026-(he-DH),Khoa Công nghệ thông tin,HCM,KHOA_CNTT,true,,auto,3,641,ok,212280,a33f78ac3b5c1f6c2c658b511e7cbe6700471f3781c14633b65b2f3abc1bbb66,files/khoa-cong-nghe-thong-tin/a33f78ac3b5c.pdf,true,2026-09-30T07:43:33+00:00,true,,
a340f287c8ba,tb100_dot2_nam_2017_11_nganh.pdf,http://iuh.edu.vn/Resource/Upload2/files/2017/06/tb100_dot2_nam_2017_11_nganh.pdf,https://fit.iuh.edu.vn/news.html@detail@157@1785@Tuyen-sinh-Cao-hoc-dot-2-2017-,Khoa Công nghệ thông tin,HCM,KHOA_CNTT,false,2,auto,7,9650,garbled_ocr,2927596,a340f287c8ba5eaf4ef45eb6411d901553eb1c50d95681f8e3c9a62670e52446,scanned_pdf/khoa-cong-nghe-thong-tin/a340f287c8ba.pdf,true,2026-09-30T07:41:51+00:00,false,,
a9a5d643ff90,The SE programme specification 2022.pdf,https://fit.iuh.edu.vn/upload/files/2024/The%20SE%20programme%20specification%202022.pdf,https://fit.iuh.edu.vn/news.html@detail@188@2400@Nganh-Ky-thuat-phan-mem,Khoa Công nghệ thông tin,HCM,KHOA_CNTT,true,,auto,47,92062,ok,4234926,a9a5d643ff9075165ab0e54acb36e66e0e74e357b9374efbde0967ef2523eec8,files/khoa-cong-nghe-thong-tin/a9a5d643ff90.pdf,true,2026-09-30T07:43:56+00:00,true,,
abbfd9dec21e,673_QD_DHCN_26_02_2016.pdf,http://fit.iuh.edu.vn/upload/files/673_QD_DHCN_26_02_2016.pdf,https://fit.iuh.edu.vn/news.html@detail@218@3008@De-an-mo-nganh-Cong-nghe-thong-tin-trinh-do-Dai-hoc,Khoa Công nghệ thông tin,HCM,KHOA_CNTT,false,2,auto,2,0,scanned,200213,abbfd9dec21ecdca2a17d296c0cb9f6af87e1ac40936337d831d06ea6415a096,scanned_pdf/khoa-cong-nghe-thong-tin/abbfd9dec21e.pdf,true,2026-09-30T07:41:44+00:00,false,,
b2068f95c0a7,CTDT TS Khoa hoc may tinh 2022_v5.pdf,https://fit.iuh.edu.vn/upload/files/CTDT%20TS%20Khoa%20hoc%20may%20tinh%202022_v5.pdf,https://fit.iuh.edu.vn/news.html@detail@187@2255@Tien-si-Khoa-hoc-may-tinh,Khoa Công nghệ thông tin,HCM,KHOA_CNTT,true,,auto,93,131338,ok,2038383,b2068f95c0a7b9168eb410cb9c83b445aab4d224e3d844ae289508f9b27eae85,files/khoa-cong-nghe-thong-tin/b2068f95c0a7.pdf,true,2026-09-30T07:44:12+00:00,true,,
b26226985166,Curriculum-v2020.pdf,https://fit.iuh.edu.vn/upload/files/CSMaster/Curriculum-v2020.pdf,https://fit.iuh.edu.vn/news.html@detail@187@909@Thac-si-Khoa-hoc-May-tinh,Khoa Công nghệ thông tin,HCM,KHOA_CNTT,false,1,auto,30,2849,scanned,11040108,b262269851668c6d1e178049ec0ad948a3a8908a0c0f2cf61597a26f82208e99,scanned_pdf/khoa-cong-nghe-thong-tin/b26226985166.pdf,true,2026-09-30T07:44:07+00:00,false,,
b468b79def28,Cac QD mo nganh tien si KHMT.pdf,https://fit.iuh.edu.vn/upload/files/Cac%20QD%20mo%20nganh%20tien%20si%20KHMT.pdf,https://fit.iuh.edu.vn/news.html@detail@218@3006@De-an-mo-nganh-dao-tao-trinh-do-Tien-si-Khoa-hoc-may-tinh,Khoa Công nghệ thông tin,HCM,KHOA_CNTT,true,,auto,7,0,scanned,1583624,b468b79def28f435e320e2a15ee3ffba0a8f51d5f5c0a4062a7b9778b3abf4d0,scanned_pdf/khoa-cong-nghe-thong-tin/b468b79def28.pdf,true,2026-09-30T07:44:27+00:00,false,,
bb4a8d814b41,Danh sach GV duy tri nganh Cong nghe Thong tin_nam 2022.pdf,https://fit.iuh.edu.vn/upload/files/Danh%20sach%20GV%20duy%20tri%20nganh%20Cong%20nghe%20Thong%20tin_nam%202022.pdf,https://fit.iuh.edu.vn/news.html@detail@188@2393@Nganh-Cong-nghe-Thong-tin,Khoa Công nghệ thông tin,HCM,KHOA_CNTT,true,,auto,1,754,ok,396185,bb4a8d814b41f9e79ac4826ea94e6e3f0248342f42d22d4a4d70471568971026,files/khoa-cong-nghe-thong-tin/bb4a8d814b41.pdf,true,2026-09-30T07:44:30+00:00,true,,
bb6a3cbc9776,Top-down network design - 3rd edition.pdf,https://fit.iuh.edu.vn/upload/01036006/files/Top-down%20network%20design%20-%203rd%20edition.pdf,https://fit.iuh.edu.vn/giangvien@phamthaikhanh,Khoa Công nghệ thông tin,HCM,KHOA_CNTT,false,3,auto,476,1143067,ok,3231776,bb6a3cbc97762cf59279bba3f0008dae7fb029e83ad00254fbecec4f32a9f29d,files/khoa-cong-nghe-thong-tin/bb6a3cbc9776.pdf,true,2026-09-30T07:41:58+00:00,false,,
bf6ad46a3d74,KetQuaPretest_16_12_2022_CS.pdf,https://fit.iuh.edu.vn/upload/01120022/files/KetQuaPretest_16_12_2022_CS.pdf,"https://fit.iuh.edu.vn/news.html@detail@155@3045@Thong-bao-sinh-vien-khoa-hoc-may-tinh-HK2-2022-2023-Prestest,-KLTN,-TTDN",Khoa Công nghệ thông tin,HCM,KHOA_CNTT,true,,auto,1,1826,ok,122634,bf6ad46a3d7439265f79d7794c202af8ad28a4b583ae455b9dfcde08521ebd63,files/khoa-cong-nghe-thong-tin/bf6ad46a3d74.pdf,true,2026-09-30T07:42:46+00:00,true,,
bff8d5f8653a,BackDrop_Final.pdf,https://fit.iuh.edu.vn/upload/01370029/files/BackDrop_Final.pdf,https://fit.iuh.edu.vn/news.html@detail@102@3269@Chuong-trinh-Hoi-thao-cap-Khoa-ITIA2024-,Khoa Công nghệ thông tin,HCM,KHOA_CNTT,true,,auto,1,579,ok,1805869,bff8d5f8653a0b431a54f47417a6c982981a33a2d9c75eeb7ece578f6ce7970e,files/khoa-cong-nghe-thong-tin/bff8d5f8653a.pdf,true,2026-09-30T07:43:25+00:00,true,,
ca81017ea517,De an mo nganh He thong thong tin_52480104 (phan 4).pdf,https://fit.iuh.edu.vn/upload/files/De%20an%20mo%20nganh%20He%20thong%20thong%20tin_52480104%20(phan%204).pdf,https://fit.iuh.edu.vn/news.html@detail@218@3009@De-an-mo-nganh-He-thong-thong-tin-trinh-do-Dai-hoc,Khoa Công nghệ thông tin,HCM,KHOA_CNTT,true,,auto,17,0,scanned,5122211,ca81017ea517c67b362772adddb03f4fbfd834a7f92da7a23e9451a24b9709f8,scanned_pdf/khoa-cong-nghe-thong-tin/ca81017ea517.pdf,true,2026-09-30T07:44:39+00:00,false,,
cb6c346565d0,Quy dinh check dao van su dung Turnitin 2025.pdf,https://fit.iuh.edu.vn/upload/files/Quy%20dinh%20check%20dao%20van%20su%20dung%20Turnitin%202025.pdf,https://fit.iuh.edu.vn/news.html@detail@194@3402@Quy-dinh-ve-viec-kiem-tra-dao-van-su-dung-phan-mem-Turnitin-(ap-dung-tu-nam-2025),Khoa Công nghệ thông tin,HCM,KHOA_CNTT,true,,auto,1,1536,ok,305775,cb6c346565d06656a7bec4ba25cd7c6b8df1c7538bc8bd7b1d2fde01ef75067b,files/khoa-cong-nghe-thong-tin/cb6c346565d0.pdf,true,2026-09-30T07:44:44+00:00,true,,
cc780ec4a233,BaiTapThucHanhTMDT.pdf,https://fit.iuh.edu.vn/upload/01004005/files/eMar/BaiTapThucHanhTMDT.pdf,https://fit.iuh.edu.vn/giangvien@NguyenHuuQuang,Khoa Công nghệ thông tin,HCM,KHOA_CNTT,false,1,auto,2,1614,ok,207856,cc780ec4a233b2ba426b8a845f5812ed143a046642d1cbf055766b18801ca5ac,files/khoa-cong-nghe-thong-tin/cc780ec4a233.pdf,true,2026-09-30T07:41:49+00:00,true,,
cdba484c595e,BaoveKLTN_2024_HK2.pdf,https://fit.iuh.edu.vn/upload/01120023/files/BaoveKLTN_2024_HK2.pdf,https://fit.iuh.edu.vn/news.html@detail@155@3274@[Nganh-CNTT]-Danh-sach-bao-cao-Khoa-luan-tot-nghiep-(he-DH)-HK2-2023-2024,Khoa Công nghệ thông tin,HCM,KHOA_CNTT,false,3,auto,1,3559,ok,305155,cdba484c595ec8e8316bd91f443499a81b121cc42e09ccf7c143e56c83524cd6,files/khoa-cong-nghe-thong-tin/cdba484c595e.pdf,true,2026-09-30T07:43:02+00:00,true,,
ce0219bd1afa,Danh sach-Phong thong bao sinh vien.pdf,https://fit.iuh.edu.vn/upload/01120043/files/Danh%20sach-Phong%20thong%20bao%20sinh%20vien.pdf,https://fit.iuh.edu.vn/news.html@detail@155@2672@[KTPM]-DANH-SACH-PHONG-THI-PRETEST,Khoa Công nghệ thông tin,HCM,KHOA_CNTT,true,,auto,5,7642,ok,205791,ce0219bd1afa8949fafa3dc78e0c29a7331b1f82d0a09a4ce5b4524859c56609,files/khoa-cong-nghe-thong-tin/ce0219bd1afa.pdf,true,2026-09-30T07:43:21+00:00,true,,
ce6c7b06d722,KLTN_BV_HK1-2024.pdf,https://fit.iuh.edu.vn/upload/01120023/files/KLTN_BV_HK1-2024.pdf,https://fit.iuh.edu.vn/news.html@detail@155@3352@[Nganh-CNTT]-Danh-sach-bao-cao-Khoa-luan-tot-nghiep-(he-DH)-HK1-2024-2025,Khoa Công nghệ thông tin,HCM,KHOA_CNTT,false,3,auto,1,5302,ok,517258,ce6c7b06d722dd1573a1a05507084be83b2b87e4ca87cce1148d0f1413334257,files/khoa-cong-nghe-thong-tin/ce6c7b06d722.pdf,true,2026-09-30T07:43:09+00:00,true,,
cf27149be4aa,The CS programme specification 2022.pdf,https://fit.iuh.edu.vn/upload/files/The%20CS%20programme%20specification%202022.pdf,https://fit.iuh.edu.vn/news.html@detail@188@2399@Nganh-Khoa-hoc-may-tinh,Khoa Công nghệ thông tin,HCM,KHOA_CNTT,false,1,auto,47,96642,ok,6081798,cf27149be4aabe1ae04490fbecada2b4efa7168edfae0a5c13aab09390d53c2b,files/khoa-cong-nghe-thong-tin/cf27149be4aa.pdf,true,2026-09-30T07:44:45+00:00,true,,
d1dcac52a3e9,banner-tuyendungtoroi-9-2021.pdf,https://fit.iuh.edu.vn/upload/01120043/files/banner-tuyendungtoroi-9-2021.pdf,https://fit.iuh.edu.vn/news.html@detail@155@2793@[KTPM]-THUC-TAP-DOANH-NGHIEP-CONG-TY-ASC,Khoa Công nghệ thông tin,HCM,KHOA_CNTT,false,3,auto,1,3865,ok,130494,d1dcac52a3e9a85de8b691723e8cf42d0c3f4c0d62e87fb3ca75a41837c3555e,files/khoa-cong-nghe-thong-tin/d1dcac52a3e9.pdf,true,2026-09-30T07:43:23+00:00,true,,
daade9e2128b,LTJava_DHKTPM10HL.pdf,https://fit.iuh.edu.vn/upload/01120014/files/LTJava_DHKTPM10HL.pdf,https://fit.iuh.edu.vn/news.html@detail@155@2065@LT-Java-_-DHKTPM10HL-GhepCD16,Khoa Công nghệ thông tin,HCM,KHOA_CNTT,false,1,auto,3,2860,ok,60675,daade9e2128ba5b70cb17355d9da374681201a01b71195965eab2494ff11a1e7,files/khoa-cong-nghe-thong-tin/daade9e2128b.pdf,true,2026-09-30T07:42:34+00:00,true,,
dde52659db3a,Chuong 2 Logic Menh de.pdf,https://fit.iuh.edu.vn/upload/01120009/files/Chuong%202%20Logic%20Menh%20de.pdf,https://fit.iuh.edu.vn/giangvien@tonlongphuoc,Khoa Công nghệ thông tin,HCM,KHOA_CNTT,true,,auto,73,21560,ok,538998,dde52659db3aad7fcb7a5f32b9232cb742b3b7d9cf3b0deb2a79fc5568929a41,files/khoa-cong-nghe-thong-tin/dde52659db3a.pdf,true,2026-09-30T07:42:08+00:00,true,,
df60459f1bc2,TieuchiDanhgiaUDCNM2018SV.pdf,https://fit.iuh.edu.vn/upload/01120009/files/TieuchiDanhgiaUDCNM2018SV.pdf,https://fit.iuh.edu.vn/giangvien@tonlongphuoc,Khoa Công nghệ thông tin,HCM,KHOA_CNTT,false,2,auto,2,1644,ok,239588,df60459f1bc2cdb9c99c1c104bc1091344bd3e33758df392d89a0d1d3052bcd5,files/khoa-cong-nghe-thong-tin/df60459f1bc2.pdf,true,2026-09-30T07:42:30+00:00,true,,
e2d0cfb4bde2,DS_Pretest_CS_28_12_2021(2).pdf,https://fit.iuh.edu.vn/upload/01120022/files/DS_Pretest_CS_28_12_2021(2).pdf,https://fit.iuh.edu.vn/news.html@detail@155@2860@Bo-mon-KHMT-Ket-qua-Pretest-ngay-28-12-2021-,Khoa Công nghệ thông tin,HCM,KHOA_CNTT,true,,auto,1,1632,ok,45854,e2d0cfb4bde2533493336df845bc7c5541f36a56a563afcdbcc660bc1a076c1e,files/khoa-cong-nghe-thong-tin/e2d0cfb4bde2.pdf,true,2026-09-30T07:42:38+00:00,true,,
e38ba361b03b,kltn 2025.pdf,https://fit.iuh.edu.vn/upload/01120023/files/kltn%202025.pdf,https://fit.iuh.edu.vn/news.html@detail@155@3416@[Nganh-CNTT]-Danh-sach-bao-cao-Khoa-luan-tot-nghiep-(he-DH)-HK2-2024-2025-,Khoa Công nghệ thông tin,HCM,KHOA_CNTT,false,2,auto,1,7286,ok,589630,e38ba361b03bdefdf94ba28b3e459a6f2c5ec6e283c26b33758eb758fc5db210,files/khoa-cong-nghe-thong-tin/e38ba361b03b.pdf,true,2026-09-30T07:43:19+00:00,true,,
e7a1051e3f5c,Ket Qua Pretest 29 07 2022 nganh KHMT.pdf,https://fit.iuh.edu.vn/upload/01120022/files/Ket%20Qua%20Pretest%2029%2007%202022%20nganh%20KHMT.pdf,https://fit.iuh.edu.vn/news.html@detail@155@2958@[KHMT]-Ket-qua-Pretest-29-7-2022,Khoa Công nghệ thông tin,HCM,KHOA_CNTT,false,3,auto,1,1419,ok,133635,e7a1051e3f5c1bef045e393ada59389db99398ff52388e71e73f7398f7e17551,files/khoa-cong-nghe-thong-tin/e7a1051e3f5c.pdf,true,2026-09-30T07:42:44+00:00,true,,
e8e1cab81267,Danh sach GV duy tri nganh Khoa hoc may tinh_nam 2022.pdf,https://fit.iuh.edu.vn/upload/files/Danh%20sach%20GV%20duy%20tri%20nganh%20Khoa%20hoc%20may%20tinh_nam%202022.pdf,https://fit.iuh.edu.vn/news.html@detail@188@2399@Nganh-Khoa-hoc-may-tinh,Khoa Công nghệ thông tin,HCM,KHOA_CNTT,true,,auto,1,820,ok,403038,e8e1cab81267b6975f5d7773ffb79f143cc684e42710b9963de0ad3392641586,files/khoa-cong-nghe-thong-tin/e8e1cab81267.pdf,true,2026-09-30T07:44:32+00:00,true,,
ecedf7299d79,BT NHAP MON LT C_2015.pdf,https://fit.iuh.edu.vn/upload/01120009/files/BT%20NHAP%20MON%20LT%20C_2015.pdf,https://fit.iuh.edu.vn/giangvien@tonlongphuoc,Khoa Công nghệ thông tin,HCM,KHOA_CNTT,true,,auto,46,68669,ok,821311,ecedf7299d796cea81a2bbe225a21167a86c64540f9c0f788a23353039bb7ea1,files/khoa-cong-nghe-thong-tin/ecedf7299d79.pdf,true,2026-09-30T07:42:04+00:00,true,,
ee217d1681e6,CTDT nganh He thong Thong tin_nam 2022.pdf,https://fit.iuh.edu.vn/upload/files/CTDT%20nganh%20He%20thong%20Thong%20tin_nam%202022.pdf,https://fit.iuh.edu.vn/news.html@detail@188@2392@Nganh-He-thong-Thong-tin,Khoa Công nghệ thông tin,HCM,KHOA_CNTT,true,,auto,422,641296,ok,5918471,ee217d1681e6bf4e0650931b3cc9c0554da3c1f4687bf8e051e27e8c968302f4,files/khoa-cong-nghe-thong-tin/ee217d1681e6.pdf,true,2026-09-30T07:44:25+00:00,false,,
f099df472e22,De an mo nganh He thong thong tin_52480104 (phan 2).pdf,https://fit.iuh.edu.vn/upload/files/De%20an%20mo%20nganh%20He%20thong%20thong%20tin_52480104%20(phan%202).pdf,https://fit.iuh.edu.vn/news.html@detail@218@3009@De-an-mo-nganh-He-thong-thong-tin-trinh-do-Dai-hoc,Khoa Công nghệ thông tin,HCM,KHOA_CNTT,false,4,auto,15,0,scanned,4754192,f099df472e2208a40c4168dc1cbe9b9e7d185636cf0f97b1394dc1d7a874a310,scanned_pdf/khoa-cong-nghe-thong-tin/f099df472e22.pdf,true,2026-09-30T07:44:37+00:00,false,,
f22eeb395678,CTDT nganh Cong nghe Thong tin_K16.pdf,https://fit.iuh.edu.vn/upload/files/CTDT%20nganh%20Cong%20nghe%20Thong%20tin_K16.pdf,https://fit.iuh.edu.vn/news.html@detail@188@2393@Nganh-Cong-nghe-Thong-tin,Khoa Công nghệ thông tin,HCM,KHOA_CNTT,true,,auto,5,8997,ok,411749,f22eeb3956788b72a950b1d2a4f992987c051207d73cb5301619723d8f494ab4,files/khoa-cong-nghe-thong-tin/f22eeb395678.pdf,true,2026-09-30T07:44:16+00:00,true,,
fe700d72cb53,BaiTapThucHanhTTDT.pdf,https://fit.iuh.edu.vn/upload/01004005/files/eMar/BaiTapThucHanhTTDT.pdf,https://fit.iuh.edu.vn/giangvien@NguyenHuuQuang,Khoa Công nghệ thông tin,HCM,KHOA_CNTT,true,,auto,2,0,scanned,409232,fe700d72cb5364fdc77271cfd454524eb3f4f2a659011eccbd9b80fab17e98b2,scanned_pdf/khoa-cong-nghe-thong-tin/fe700d72cb53.pdf,true,2026-09-30T07:41:51+00:00,false,,
0aac952f98f1,1_ Bachelor of Engineering in Automation and Control Engineering Technology .pdf,https://feet.iuh.edu.vn/upload/files/1_%20Bachelor%20of%20Engineering%20in%20Automation%20and%20Control%20Engineering%20Technology%20.pdf,"https://feet.iuh.edu.vn/news.html@detail@348@1043@Chuong-trinh-bac-dai-hoc,-nganh-CNKT-Dieu-khien-va-tu-dong-hoa,-nam-2023,-AUN-QA",Khoa Công nghệ Điện,HCM,KHOA_CN_DIEN,false,2,auto,1,0,scanned,8405965,0aac952f98f105e5973ac2a9e1ade8b14bf305729c2ff3c817590a7a1e870b4f,scanned_pdf/khoa-cong-nghe-dien/0aac952f98f1.pdf,true,2026-09-30T07:42:31+00:00,false,,
0c2be058c08c,Conference agenda - ICATSD 2026.pdf,https://feet.iuh.edu.vn/upload/files/Conference%20agenda%20-%20ICATSD%202026.pdf,https://feet.iuh.edu.vn/news.html@detail@371@1573@CONFERENCE-AGENDA-THE-3rd-INTERNATIONAL-CONFERENCE-ON-ADVANCED-TECHNOLOGY-AND-SUSTAINABLE-DEVELOPMENT-%E2%80%93-2026-(ICATSD2026),Khoa Công nghệ Điện,HCM,KHOA_CN_DIEN,false,3,auto,2,4886,ok,178212,0c2be058c08cf82d3aafcb9518ed7af325a6c9fed574f81f1a0f662abdc27761,files/khoa-cong-nghe-dien/0c2be058c08c.pdf,true,2026-09-30T07:44:31+00:00,true,,
134cfb23cd18,2023 TS CTK.pdf,https://feet.iuh.edu.vn/upload/files/2023%20TS%20CTK.pdf,https://feet.iuh.edu.vn/news.html@detail@365@1061@Chuong-trinh-dao-tao-Tien-si-Ky-thuat-Dien-nam-2023,Khoa Công nghệ Điện,HCM,KHOA_CN_DIEN,true,,auto,5,8659,ok,281774,134cfb23cd181cbafdbf59e7653a13b6c2fe3fc88fcda65fd7dfc3992b7a5139,files/khoa-cong-nghe-dien/134cfb23cd18.pdf,true,2026-09-30T07:43:23+00:00,true,,
16712c0745cd,Bai 1_Gioi thieu tong quan thiet bi thuc hanh_Mitsubishi.pdf,https://feet.iuh.edu.vn/upload/01038027/files/Bai%201_Gioi%20thieu%20tong%20quan%20thiet%20bi%20thuc%20hanh_Mitsubishi.pdf,https://feet.iuh.edu.vn/giangvien@bocminhhung,Khoa Công nghệ Điện,HCM,KHOA_CN_DIEN,true,,auto,35,4523,ok,4249991,16712c0745cd4a1e20da3a256fcf153eb2c647dd4bbec73bda223495797c4ff9,files/khoa-cong-nghe-dien/16712c0745cd.pdf,true,2026-09-30T07:41:46+00:00,true,,
16d35ea8404d,Bai 6 Lap trinh ung dung nhom lenh lenh toan hoc_SV.pdf,https://feet.iuh.edu.vn/upload/01038027/files/Bai%206%20Lap%20trinh%20ung%20dung%20nhom%20lenh%20lenh%20toan%20hoc_SV.pdf,https://feet.iuh.edu.vn/giangvien@bocminhhung,Khoa Công nghệ Điện,HCM,KHOA_CN_DIEN,false,1,auto,15,2210,ok,1611390,16d35ea8404def6747b23742ee123663fbf424f8b7bedf86c24c9fddc425531b,files/khoa-cong-nghe-dien/16d35ea8404d.pdf,true,2026-09-30T07:42:13+00:00,true,,
193e6f1521f0,Chuong trinh khung(1).docx.pdf,https://feet.iuh.edu.vn/upload/files/Chuong%20trinh%20khung(1).docx.pdf,https://feet.iuh.edu.vn/news.html@detail@211@902@Chuong-trinh-dao-tao-cong-nghe-ky-thuat-Dien-Dien-tu-nam-2022,Khoa Công nghệ Điện,HCM,KHOA_CN_DIEN,true,,auto,23,43463,ok,415345,193e6f1521f01c26a4d8a12395bfcd0923f046cf17c27955e3d666b983193cf6,files/khoa-cong-nghe-dien/193e6f1521f0.pdf,true,2026-09-30T07:44:27+00:00,true,,
1ef0187f8006,TS_ 202406270942 Dợt 1.pdf,https://feet.iuh.edu.vn/upload/files/TS_%20202406270942%20D%E1%BB%A3t%201.pdf,https://feet.iuh.edu.vn/news.html@detail@366@1203@Tuyen-sinh-dao-tao-trinh-do-tien-si-nam-2024,Khoa Công nghệ Điện,HCM,KHOA_CN_DIEN,true,,auto,3,0,scanned,2198202,1ef0187f8006afab579fe5f9fc0618c39da985ecb2ae87ee020602f515df093e,scanned_pdf/khoa-cong-nghe-dien/1ef0187f8006.pdf,true,2026-09-30T07:44:44+00:00,false,,
222332febdd1,2025 NC CTD(1).pdf,https://feet.iuh.edu.vn/upload/files/2025%20NC%20CTD(1).pdf,https://feet.iuh.edu.vn/news.html@detail@217@1560@-Chuong-trinh-dao-tao-Thac-si-Ky-thuat-Dieu-khien-va-Tu-dong-hoa-nam-2025,Khoa Công nghệ Điện,HCM,KHOA_CN_DIEN,true,,auto,3,3877,ok,222751,222332febdd1eb46ddff88aa0cf59e8b99567088c896492609a2750749db5aea,files/khoa-cong-nghe-dien/222332febdd1.pdf,true,2026-09-30T07:43:37+00:00,true,,
2460e0830767,2019 CTK.pdf,https://feet.iuh.edu.vn/upload/files/2019%20CTK.pdf,https://feet.iuh.edu.vn/news.html@detail@217@766@Chuong-trinh-dao-tao-Thac-si-Ky-thuat-Dien-nam-2019,Khoa Công nghệ Điện,HCM,KHOA_CN_DIEN,true,,auto,3,3883,ok,167377,2460e0830767452df86c4ecedfb894406dfe662f5b7e39e937e93f55d31a07be,files/khoa-cong-nghe-dien/2460e0830767.pdf,true,2026-09-30T07:42:41+00:00,true,,
310df578c4eb,thong bao cuoc thi tiet kiem nang luong.pdf,https://feet.iuh.edu.vn/upload/files/thong%20bao%20cuoc%20thi%20tiet%20kiem%20nang%20luong.pdf,https://feet.iuh.edu.vn/news.html@detail@351@1383@Thong-bao-Khuyen-khich-sinh-vien-tham-gia-Cuoc-thi-Tim-hieu-kien-thuc-ve-su-dung-nang-luong-tiet-kiem-va-hieu-qua-nam-2025%E2%80%9D,Khoa Công nghệ Điện,HCM,KHOA_CN_DIEN,true,,auto,3,3046,ok,294777,310df578c4ebfe7d740906de23d075f5dd494eeab6fb29b8d31caf577c3d4654,files/khoa-cong-nghe-dien/310df578c4eb.pdf,true,2026-09-30T07:45:00+00:00,true,,
34c1884ee7b3,Tiến dộ dao tạo(4).pdf,https://feet.iuh.edu.vn/upload/files/Ti%E1%BA%BFn%20d%E1%BB%99%20dao%20t%E1%BA%A1o(4).pdf,https://feet.iuh.edu.vn/news.html@detail@211@902@Chuong-trinh-dao-tao-cong-nghe-ky-thuat-Dien-Dien-tu-nam-2022,Khoa Công nghệ Điện,HCM,KHOA_CN_DIEN,true,,auto,5,8929,ok,230162,34c1884ee7b3fc22c866a8c6c564b93eed0a93184171551f30a9b0156fa4d7f3,files/khoa-cong-nghe-dien/34c1884ee7b3.pdf,true,2026-09-30T07:44:50+00:00,true,,
358f22a131ff,Bai 3 Lập trinh ứng dụng lệnh Timer_Mitsubishi.pdf,https://feet.iuh.edu.vn/upload/01038027/files/Bai%203%20L%E1%BA%ADp%20trinh%20%E1%BB%A9ng%20d%E1%BB%A5ng%20l%E1%BB%87nh%20Timer_Mitsubishi.pdf,https://feet.iuh.edu.vn/giangvien@bocminhhung,Khoa Công nghệ Điện,HCM,KHOA_CN_DIEN,true,,auto,11,1919,ok,970131,358f22a131ff90544bdf24e3fe5eb8f78f70081a429839c8b761b8b23d2ea2be,files/khoa-cong-nghe-dien/358f22a131ff.pdf,true,2026-09-30T07:41:51+00:00,true,,
36ac46a1b4b9,2025 NC CDR(1).pdf,https://feet.iuh.edu.vn/upload/files/2025%20NC%20CDR(1).pdf,https://feet.iuh.edu.vn/news.html@detail@217@1560@-Chuong-trinh-dao-tao-Thac-si-Ky-thuat-Dieu-khien-va-Tu-dong-hoa-nam-2025,Khoa Công nghệ Điện,HCM,KHOA_CN_DIEN,false,4,auto,1,2171,ok,163201,36ac46a1b4b9dcebae7d593d4679241e7a3f5838e0b7e6a035245b6f887993bc,files/khoa-cong-nghe-dien/36ac46a1b4b9.pdf,true,2026-09-30T07:43:32+00:00,true,,
38e8558f39f3,2016 TD DT.pdf,https://feet.iuh.edu.vn/upload/files/2016%20TD%20DT.pdf,https://feet.iuh.edu.vn/news.html@detail@217@767@Chuong-trinh-dao-tao-Thac-si-Ky-thuat-Dien-nam-2016-,Khoa Công nghệ Điện,HCM,KHOA_CN_DIEN,true,,auto,3,3131,ok,152801,38e8558f39f377d0bdbb786ae5206e4e0f14678359fab6710e79ac9876e1763a,files/khoa-cong-nghe-dien/38e8558f39f3.pdf,true,2026-09-30T07:42:38+00:00,true,,
3d51138bdd6e,Danh sach sinh vien thực tập tại cong ty_dợt 1.pdf,https://feet.iuh.edu.vn/upload/files/Danh%20sach%20sinh%20vien%20th%E1%BB%B1c%20t%E1%BA%ADp%20t%E1%BA%A1i%20cong%20ty_d%E1%BB%A3t%201.pdf,"https://feet.iuh.edu.vn/news.html@detail@264@1551@TB-Danh-sach-sinh-vien-thuc-tap-tai-cong-ty_dot-1,-HK1-nam-hoc-2026_2027",Khoa Công nghệ Điện,HCM,KHOA_CN_DIEN,true,,auto,9,22969,ok,337005,3d51138bdd6e00d70c83ed161152214cfc2599884da86f76f14d979c26333728,files/khoa-cong-nghe-dien/3d51138bdd6e.pdf,true,2026-09-30T07:44:34+00:00,true,,
3d622995624e,bai-viet-hoi-thao-trau-doi-nhat-ngu-thap-sang-tuong-lai-20230925081056-e (1).pdf,https://feet.iuh.edu.vn/upload/files/bai-viet-hoi-thao-trau-doi-nhat-ngu-thap-sang-tuong-lai-20230925081056-e%20(1).pdf,https://feet.iuh.edu.vn/news.html@detail@356@1055@Hoi-thao-Trau-doi-Nhat-ngu-Thap-sang-tuong-lai-dang-cho-don-su-tham-gia-cua-cac-ban-sinh-vien-Truong-Dai-hoc-Cong-nghiep-Thanh-Pho-Ho-Chi-Minh,Khoa Công nghệ Điện,HCM,KHOA_CN_DIEN,true,,auto,1,1697,ok,133787,3d622995624e38a98aa6a31dac897647b0e130aea15fda288d2354fc2baa14a9,files/khoa-cong-nghe-dien/3d622995624e.pdf,true,2026-09-30T07:44:53+00:00,true,,
3fe277b7ebec,hoc bong.pdf,https://feet.iuh.edu.vn/upload/files/hoc%20bong.pdf,https://feet.iuh.edu.vn/news.html@detail@356@945@Chuong-trinh-hoc-bong-Thac-si-Cong-nghiep-Quoc-te-DH-Su-pham-Quoc-lap-Cao-Hung,Khoa Công nghệ Điện,HCM,KHOA_CN_DIEN,true,,auto,5,9470,ok,220372,3fe277b7ebecc799448f3765d6bb8847dbc50699ecc78d0bd6ceb201c21a430a,files/khoa-cong-nghe-dien/3fe277b7ebec.pdf,true,2026-09-30T07:44:57+00:00,true,,
42c5e70d52d6,2025 UD KH DT(1).pdf,https://feet.iuh.edu.vn/upload/files/2025%20UD%20KH%20DT(1).pdf,https://feet.iuh.edu.vn/news.html@detail@217@1560@-Chuong-trinh-dao-tao-Thac-si-Ky-thuat-Dieu-khien-va-Tu-dong-hoa-nam-2025,Khoa Công nghệ Điện,HCM,KHOA_CN_DIEN,true,,auto,2,3333,ok,205576,42c5e70d52d62c6266cfd0ab8e82fccec0009fc182d8646382cbaa2664c523e6,files/khoa-cong-nghe-dien/42c5e70d52d6.pdf,true,2026-09-30T07:43:54+00:00,true,,
4666d71b4645,Giải phap nang cao chất luợng giảng dạy mon Mạch diện.pdf,https://feet.iuh.edu.vn/upload/files/Gi%E1%BA%A3i%20phap%20nang%20cao%20ch%E1%BA%A5t%20lu%E1%BB%A3ng%20gi%E1%BA%A3ng%20d%E1%BA%A1y%20mon%20M%E1%BA%A1ch%20di%E1%BB%87n.pdf,https://feet.iuh.edu.vn/news.html@detail@312@992@Thong-bao-V-v-to-chuc-Hoi-thao-Giai-phap-nang-cao-chat-luong-giang-day-mon-Mach-dien-30-03-2023,Khoa Công nghệ Điện,HCM,KHOA_CN_DIEN,true,,auto,5,0,scanned,1049862,4666d71b46452869466c502d24b2c4179cd6fb6e54d92921bf7c736c028aad42,scanned_pdf/khoa-cong-nghe-dien/4666d71b4645.pdf,true,2026-09-30T07:44:35+00:00,false,,
4ba25690755e,Bai 4 Lap trinh ung dung lenh Counter_Mitsubishi.pdf,https://feet.iuh.edu.vn/upload/01038027/files/Bai%204%20Lap%20trinh%20ung%20dung%20lenh%20Counter_Mitsubishi.pdf,https://feet.iuh.edu.vn/giangvien@bocminhhung,Khoa Công nghệ Điện,HCM,KHOA_CN_DIEN,true,,auto,13,2254,ok,1195168,4ba25690755e5c34e26c402a3156879bd8b70706e88d943124bd965f3c585bc6,files/khoa-cong-nghe-dien/4ba25690755e.pdf,true,2026-09-30T07:41:57+00:00,true,,
4ccb60b04c06,2025 UD CDR(1).pdf,https://feet.iuh.edu.vn/upload/files/2025%20UD%20CDR(1).pdf,https://feet.iuh.edu.vn/news.html@detail@217@1560@-Chuong-trinh-dao-tao-Thac-si-Ky-thuat-Dieu-khien-va-Tu-dong-hoa-nam-2025,Khoa Công nghệ Điện,HCM,KHOA_CN_DIEN,true,,auto,1,2035,ok,163440,4ccb60b04c06300ba9bac138ff6d4519bf47cd073b8dfc2c10bff982635a5ff6,files/khoa-cong-nghe-dien/4ccb60b04c06.pdf,true,2026-09-30T07:43:45+00:00,true,,
4d71b12f6e99,2022 NC KH DT.pdf,https://feet.iuh.edu.vn/upload/files/2022%20NC%20KH%20DT.pdf,https://feet.iuh.edu.vn/news.html@detail@217@1060@Chuong-trinh-dao-tao-Thac-si-Ky-thuat-Dien-nam-2022-,Khoa Công nghệ Điện,HCM,KHOA_CN_DIEN,true,,auto,2,2591,ok,185858,4d71b12f6e99b35ac5614a803f652ad6cf23eff64dc45f12bb8684c0c8c4a13d,files/khoa-cong-nghe-dien/4d71b12f6e99.pdf,true,2026-09-30T07:42:50+00:00,true,,
4f4adb99ed81,30072026085256.pdf,https://feet.iuh.edu.vn/upload/files/30072026085256.pdf,https://feet.iuh.edu.vn/news.html@detail@297@1542@Tong-cong-ty-Lap-may-Viet-Nam-CTCP-(LILAMA)-Tuyen-dung-nhan-luc-dot-4-2026,Khoa Công nghệ Điện,HCM,KHOA_CN_DIEN,false,3,auto,3,6277,garbled_ocr,1504066,4f4adb99ed81a7651edd751e2335793e316ae5d3708b8d6fb7b968cdbbe90a54,scanned_pdf/khoa-cong-nghe-dien/4f4adb99ed81.pdf,true,2026-09-30T07:44:09+00:00,false,,
4f5fe056df12,Cach viết một bai bao khoa học(1).pdf,https://feet.iuh.edu.vn/upload/files/Cach%20vi%E1%BA%BFt%20m%E1%BB%99t%20bai%20bao%20khoa%20h%E1%BB%8Dc(1).pdf,https://feet.iuh.edu.vn/news.html@detail@312@991@Thong-bao-V-v-to-chuc-Hoi-thao-Cach-viet-mot-bai-bao-khoa-hoc-20-04-2023,Khoa Công nghệ Điện,HCM,KHOA_CN_DIEN,true,,auto,5,0,scanned,1032405,4f5fe056df121ff1bd5bd29dbfcaf3296ab73420bf62fc83f2d0ef34311ea72b,scanned_pdf/khoa-cong-nghe-dien/4f5fe056df12.pdf,true,2026-09-30T07:44:15+00:00,false,,
4fa9d275a243,2025_06_16 QD 1607 Trung tuyen NCS 2025-1.pdf,https://feet.iuh.edu.vn/upload/files/2025_06_16%20QD%201607%20Trung%20tuyen%20NCS%202025-1.pdf,https://feet.iuh.edu.vn/news.html@detail@366@1300@Tuyen-sinh-dao-tao-trinh-do-tien-si-nam-2025,Khoa Công nghệ Điện,HCM,KHOA_CN_DIEN,true,,auto,3,0,scanned,2310194,4fa9d275a243d83665cc6d7311ea960603bde043d1f20d8e7cf7e7c77803528b,scanned_pdf/khoa-cong-nghe-dien/4fa9d275a243.pdf,true,2026-09-30T07:44:01+00:00,false,,
51936211122d,Chuong 3 Hệ Thống vao ra tuong tự_sinh vien.pdf,https://feet.iuh.edu.vn/upload/01038027/files/Chuong%203%20H%E1%BB%87%20Th%E1%BB%91ng%20vao%20ra%20tuong%20t%E1%BB%B1_sinh%20vien.pdf,https://feet.iuh.edu.vn/giangvien@bocminhhung,Khoa Công nghệ Điện,HCM,KHOA_CN_DIEN,true,,auto,51,13716,ok,4011530,51936211122d3b0ded3a4b797f946b88fb7a6dacdb715d49cf8139e8faddfc74,files/khoa-cong-nghe-dien/51936211122d.pdf,true,2026-09-30T07:42:27+00:00,true,,
5366fcf5ba9f,2022 NC CTD.pdf,https://feet.iuh.edu.vn/upload/files/2022%20NC%20CTD.pdf,https://feet.iuh.edu.vn/news.html@detail@217@1060@Chuong-trinh-dao-tao-Thac-si-Ky-thuat-Dien-nam-2022-,Khoa Công nghệ Điện,HCM,KHOA_CN_DIEN,true,,auto,3,4717,ok,252785,5366fcf5ba9f85a48f7d1cce53b181e6f46d7a59b640b9eec65ac3a6c781d84b,files/khoa-cong-nghe-dien/5366fcf5ba9f.pdf,true,2026-09-30T07:42:47+00:00,true,,
57dafad01ff1,2022 UD CTK.pdf,https://feet.iuh.edu.vn/upload/files/2022%20UD%20CTK.pdf,https://feet.iuh.edu.vn/news.html@detail@217@1060@Chuong-trinh-dao-tao-Thac-si-Ky-thuat-Dien-nam-2022-,Khoa Công nghệ Điện,HCM,KHOA_CN_DIEN,true,,auto,3,4730,ok,257132,57dafad01ff17487fe35e9aafa2ee711e2bcf56084d5897750e860a803729560,files/khoa-cong-nghe-dien/57dafad01ff1.pdf,true,2026-09-30T07:42:53+00:00,true,,
581490e42374,2025 NC KH DT(1).pdf,https://feet.iuh.edu.vn/upload/files/2025%20NC%20KH%20DT(1).pdf,https://feet.iuh.edu.vn/news.html@detail@217@1560@-Chuong-trinh-dao-tao-Thac-si-Ky-thuat-Dieu-khien-va-Tu-dong-hoa-nam-2025,Khoa Công nghệ Điện,HCM,KHOA_CN_DIEN,true,,auto,2,3133,ok,179941,581490e423740d442b492a3a27b26b7bab4b20cb9391751d91fa7d8784571a3a,files/khoa-cong-nghe-dien/581490e42374.pdf,true,2026-09-30T07:43:41+00:00,true,,
5aaf7ad6be3f,2019 CDR.pdf,https://feet.iuh.edu.vn/upload/files/2019%20CDR.pdf,https://feet.iuh.edu.vn/news.html@detail@217@766@Chuong-trinh-dao-tao-Thac-si-Ky-thuat-Dien-nam-2019,Khoa Công nghệ Điện,HCM,KHOA_CN_DIEN,false,4,auto,1,1763,ok,113472,5aaf7ad6be3fc3fe9fc8a20739f542fa8a251de4285e356df25edcbd89d84723,files/khoa-cong-nghe-dien/5aaf7ad6be3f.pdf,true,2026-09-30T07:42:39+00:00,true,,
5b1c9bb6d097,Chuong 1 Tổng quan về bộ diều khiển logic _sinh vien.pdf,https://feet.iuh.edu.vn/upload/01038027/files/Chuong%201%20T%E1%BB%95ng%20quan%20v%E1%BB%81%20b%E1%BB%99%20di%E1%BB%81u%20khi%E1%BB%83n%20logic%20_sinh%20vien.pdf,https://feet.iuh.edu.vn/giangvien@bocminhhung,Khoa Công nghệ Điện,HCM,KHOA_CN_DIEN,false,1,auto,42,5293,ok,2162954,5b1c9bb6d097adba93ed41083eabd8a44b3d5c7e119f24ab6b52f45f2f9416d6,files/khoa-cong-nghe-dien/5b1c9bb6d097.pdf,true,2026-09-30T07:42:24+00:00,true,,
5c6ed12d7ace,Thong bao_sinh vien Khoa 22 tham gia BHYT.pdf,https://feet.iuh.edu.vn/upload/files/Thong%20bao_sinh%20vien%20Khoa%2022%20tham%20gia%20BHYT.pdf,https://feet.iuh.edu.vn/category.html@381@Tan-sinh-vien,Khoa Công nghệ Điện,HCM,KHOA_CN_DIEN,false,3,auto,2,0,scanned,525097,5c6ed12d7ace07f338bb36f3ba406cb9bca2c4fcda82fa692b9568eef69d5d85,scanned_pdf/khoa-cong-nghe-dien/5c6ed12d7ace.pdf,true,2026-09-30T07:44:47+00:00,false,,
5da9ad1bb909,Thu ngỏ.pdf,https://feet.iuh.edu.vn/upload/files/Thu%20ng%E1%BB%8F.pdf,"https://feet.iuh.edu.vn/news.html@detail@297@1558@Cong-ty-Phuong-Hoang-Solar-House-tuyen-dung-ky-su,-sinh-vien-thuc-tap",Khoa Công nghệ Điện,HCM,KHOA_CN_DIEN,false,3,auto,2,3159,ok,1515613,5da9ad1bb909840060fef06adefc4511fd17875d72af509420efa9cfcbcdf930,files/khoa-cong-nghe-dien/5da9ad1bb909.pdf,true,2026-09-30T07:44:48+00:00,true,,
6105c864b650,2023 TS KH - GD.pdf,https://feet.iuh.edu.vn/upload/files/2023%20TS%20KH%20-%20GD.pdf,https://feet.iuh.edu.vn/news.html@detail@365@1061@Chuong-trinh-dao-tao-Tien-si-Ky-thuat-Dien-nam-2023,Khoa Công nghệ Điện,HCM,KHOA_CN_DIEN,true,,auto,6,8629,ok,302454,6105c864b6509b840da8f1d374782f7ba66294a937cd544aa0f5e9d8ac850745,files/khoa-cong-nghe-dien/6105c864b650.pdf,true,2026-09-30T07:43:25+00:00,true,,
6265ff0d41b7,"Thong bao tuyen dung SCQC (Ky thuat dien, dien tu).pdf",https://feet.iuh.edu.vn/upload/files/Thong%20bao%20tuyen%20dung%20SCQC%20(Ky%20thuat%20dien%2C%20dien%20tu).pdf,https://feet.iuh.edu.vn/news.html@detail@297@1569@Cong-ty-Co-phan-Kiem-dinh-Xay-dung-Sai-Gon-tuyen-dung,Khoa Công nghệ Điện,HCM,KHOA_CN_DIEN,true,,auto,1,0,scanned,434118,6265ff0d41b7b3051f9ca5fee96cd92d5f46d7423cc73885a9e42b38e8a2a598,scanned_pdf/khoa-cong-nghe-dien/6265ff0d41b7.pdf,true,2026-09-30T07:44:45+00:00,false,,
63120a16ae0b,Cach soạn file PowerPoint tiếng Anh giảng dạy cấp dộ 1 cho mon Mạch Diện.pdf,https://feet.iuh.edu.vn/upload/files/Cach%20so%E1%BA%A1n%20file%20PowerPoint%20ti%E1%BA%BFng%20Anh%20gi%E1%BA%A3ng%20d%E1%BA%A1y%20c%E1%BA%A5p%20d%E1%BB%99%201%20cho%20mon%20M%E1%BA%A1ch%20Di%E1%BB%87n.pdf,https://feet.iuh.edu.vn/news.html@detail@312@995@Thong-bao-V-v-to-chuc-Hoi-thao-Cach-soan-file-PowerPoint-tieng-Anh-giang-day-cap-do-1-cho-mon-Mach-Dien-05-05-2023,Khoa Công nghệ Điện,HCM,KHOA_CN_DIEN,true,,auto,4,0,scanned,284941,63120a16ae0b3c43580b04adaf0999c5cb101533d6f45b30470f1658dcb61487,scanned_pdf/khoa-cong-nghe-dien/63120a16ae0b.pdf,true,2026-09-30T07:44:12+00:00,false,,
639527067876,Giải phap nang cao hiệu quả giảng dạy mon Truờng diện từ.pdf,https://feet.iuh.edu.vn/upload/files/Gi%E1%BA%A3i%20phap%20nang%20cao%20hi%E1%BB%87u%20qu%E1%BA%A3%20gi%E1%BA%A3ng%20d%E1%BA%A1y%20mon%20Tru%E1%BB%9Dng%20di%E1%BB%87n%20t%E1%BB%AB.pdf,https://feet.iuh.edu.vn/news.html@detail@312@994@Thong-bao-V-v-to-chuc-Hoi-thao-Giai-phap-nang-cao-hieu-qua-giang-day-mon-Truong-dien-tu-27-04-2023,Khoa Công nghệ Điện,HCM,KHOA_CN_DIEN,true,,auto,5,0,scanned,1056886,639527067876f5e3e5774ca6d323d3e53c3a39e4c8cbcff9a1ba948ef49931ed,scanned_pdf/khoa-cong-nghe-dien/639527067876.pdf,true,2026-09-30T07:44:36+00:00,false,,
65dd63c1d724,2016 CT DT.pdf,https://feet.iuh.edu.vn/upload/files/2016%20CT%20DT.pdf,https://feet.iuh.edu.vn/news.html@detail@217@767@Chuong-trinh-dao-tao-Thac-si-Ky-thuat-Dien-nam-2016-,Khoa Công nghệ Điện,HCM,KHOA_CN_DIEN,true,,auto,2,3545,ok,161379,65dd63c1d724d0cdc9c88e6a0c17ae176c174c0c583a4171770e440ea66ef693,files/khoa-cong-nghe-dien/65dd63c1d724.pdf,true,2026-09-30T07:42:36+00:00,true,,
6633d3680db4,Bai 7 Lap trinh HMI GOT2000 - PLC - Mitsubishi.pdf,https://feet.iuh.edu.vn/upload/01038027/files/Bai%207%20Lap%20trinh%20HMI%20GOT2000%20-%20PLC%20-%20Mitsubishi.pdf,https://feet.iuh.edu.vn/giangvien@bocminhhung,Khoa Công nghệ Điện,HCM,KHOA_CN_DIEN,true,,auto,21,2233,ok,1455892,6633d3680db417c5f5469e7ec66331dcee5923989e16ae12da9cbd99fd82fad2,files/khoa-cong-nghe-dien/6633d3680db4.pdf,true,2026-09-30T07:42:16+00:00,true,,
693be6e1f048,K9AR CHUONG TRINH DÀO TẠO.pdf,https://feet.iuh.edu.vn/upload/files/K9AR%20CHUONG%20TRINH%20DA%CC%80O%20TA%CC%A3O.pdf,https://feet.iuh.edu.vn/news.html@detail@365@1536@Chuong-trinh-dao-tao-Tien-si-Ky-thuat-Dien-nam-2025,Khoa Công nghệ Điện,HCM,KHOA_CN_DIEN,true,,auto,4,5387,ok,251998,693be6e1f048811aa68057fcae835d28d806b59eceb1dbda82fa156aa5200a70,files/khoa-cong-nghe-dien/693be6e1f048.pdf,true,2026-09-30T07:44:38+00:00,true,,
6b9272a4e0e2,DANH SACH KHOA LUẬN TỐT NGHIỆP HK1 NAM HỌC 2026-2027 KTD & NLTT.pdf,https://feet.iuh.edu.vn/upload/files/DANH%20SACH%20KHOA%20LU%E1%BA%ACN%20T%E1%BB%90T%20NGHI%E1%BB%86P%20HK1%20NAM%20H%E1%BB%8CC%202026-2027%20KTD%20%26%20NLTT.pdf,https://feet.iuh.edu.vn/news.html@detail@264@1559@Thong-bao-kiem-tra-giua-tien-do-KLTN-DH-khoa-18-va-cac-lop-hoc-lai-KLTN-HK1-Nam-hoc-2026-2027,Khoa Công nghệ Điện,HCM,KHOA_CN_DIEN,true,,auto,7,18460,ok,510942,6b9272a4e0e2ffd31df0442d0f09918cf6f385ffd5f38b94b2f5b3cff788b278,files/khoa-cong-nghe-dien/6b9272a4e0e2.pdf,true,2026-09-30T07:44:32+00:00,true,,
6dd1fa33a8be,2022 UD KH DT.pdf,https://feet.iuh.edu.vn/upload/files/2022%20UD%20KH%20DT.pdf,https://feet.iuh.edu.vn/news.html@detail@217@1060@Chuong-trinh-dao-tao-Thac-si-Ky-thuat-Dien-nam-2022-,Khoa Công nghệ Điện,HCM,KHOA_CN_DIEN,false,3,auto,2,2711,ok,186429,6dd1fa33a8be66720fa754430774520186d2cc2813a0cb862f4321e154c38920,files/khoa-cong-nghe-dien/6dd1fa33a8be.pdf,true,2026-09-30T07:42:59+00:00,true,,
703fba66f483,cap PLVB VB dien tu.pdf,https://feet.iuh.edu.vn/upload/files/cap%20PLVB%20VB%20dien%20tu.pdf,https://feet.iuh.edu.vn/news.html@detail@264@1553@Thong-bao-nhan-bang-tot-nghiep-dot-thang-7.2026,Khoa Công nghệ Điện,HCM,KHOA_CN_DIEN,true,,auto,3,0,scanned,675707,703fba66f48398a7930bb27a9a83af6e1cb2320b4aee264304a326ca3c62ef53,scanned_pdf/khoa-cong-nghe-dien/703fba66f483.pdf,true,2026-09-30T07:44:54+00:00,false,,
71c223696911,2023 TS CDR.pdf,https://feet.iuh.edu.vn/upload/files/2023%20TS%20CDR.pdf,https://feet.iuh.edu.vn/news.html@detail@365@1061@Chuong-trinh-dao-tao-Tien-si-Ky-thuat-Dien-nam-2023,Khoa Công nghệ Điện,HCM,KHOA_CN_DIEN,true,,auto,1,1233,ok,105247,71c2236969112ee79171c2b95f9ba7ca7f217b532352db6acd7e0e7c7837f81b,files/khoa-cong-nghe-dien/71c223696911.pdf,true,2026-09-30T07:43:21+00:00,true,,
7213589c52a2,Tiến dộ dao tạo(5).pdf,https://feet.iuh.edu.vn/upload/files/Ti%E1%BA%BFn%20d%E1%BB%99%20dao%20t%E1%BA%A1o(5).pdf,https://feet.iuh.edu.vn/news.html@detail@211@902@Chuong-trinh-dao-tao-cong-nghe-ky-thuat-Dien-Dien-tu-nam-2022,Khoa Công nghệ Điện,HCM,KHOA_CN_DIEN,false,3,auto,7,9759,ok,245479,7213589c52a22bb14682d9cba17b230b25fb0594c9cd0c3d2474a9512770a215,files/khoa-cong-nghe-dien/7213589c52a2.pdf,true,2026-09-30T07:44:51+00:00,true,,
726011854164,Bai 3 Lập trinh ứng dụng lệnh Timer_SV.pdf,https://feet.iuh.edu.vn/upload/01038027/files/Bai%203%20L%E1%BA%ADp%20trinh%20%E1%BB%A9ng%20d%E1%BB%A5ng%20l%E1%BB%87nh%20Timer_SV.pdf,https://feet.iuh.edu.vn/giangvien@bocminhhung,Khoa Công nghệ Điện,HCM,KHOA_CN_DIEN,false,1,auto,16,4121,ok,1190011,7260118541640bb46d3ef84a24bfe4efb1e5d0379c637d48f63b436133ccf6c5,files/khoa-cong-nghe-dien/726011854164.pdf,true,2026-09-30T07:41:54+00:00,true,,
74b60af4a7d0,Bai 5 Lap trinh ung dung nhom lenh dieu khien va lenh toan hoc_Mitsubishi.pdf,https://feet.iuh.edu.vn/upload/01038027/files/Bai%205%20Lap%20trinh%20ung%20dung%20nhom%20lenh%20dieu%20khien%20va%20lenh%20toan%20hoc_Mitsubishi.pdf,https://feet.iuh.edu.vn/giangvien@bocminhhung,Khoa Công nghệ Điện,HCM,KHOA_CN_DIEN,false,3,auto,15,2137,ok,947537,74b60af4a7d03fbacfec7a4057b45c8f2668dbd6e0238519445497777d09d18f,files/khoa-cong-nghe-dien/74b60af4a7d0.pdf,true,2026-09-30T07:42:03+00:00,true,,
75f5fbdc76db,2025 UD CTK.pdf,https://feet.iuh.edu.vn/upload/files/2025%20UD%20CTK.pdf,https://feet.iuh.edu.vn/news.html@detail@217@1364@Chuong-trinh-dao-tao-Thac-si-Ky-thuat-Dien-nam-2025,Khoa Công nghệ Điện,HCM,KHOA_CN_DIEN,true,,auto,3,3983,ok,224878,75f5fbdc76db8f5e1cb29206b3ce443d71c8933a0e68d43d9a168f35b02a9e64,files/khoa-cong-nghe-dien/75f5fbdc76db.pdf,true,2026-09-30T07:43:51+00:00,true,,
7c0765c188f7,2024_12_13 QD 3573 Trung tuyen ThS 2024 -1 KTD.pdf,https://feet.iuh.edu.vn/upload/files/2024_12_13%20QD%203573%20Trung%20tuyen%20ThS%202024%20-1%20KTD.pdf,https://feet.iuh.edu.vn/news.html@detail@359@1197@Tuyen-sinh-dao-tao-trinh-do-thac-si-nam-2024-,Khoa Công nghệ Điện,HCM,KHOA_CN_DIEN,true,,auto,3,0,scanned,1486562,7c0765c188f72515a9a4d13cf842aa16c09912e6a730d0ba1ce87e1d42f64f85,scanned_pdf/khoa-cong-nghe-dien/7c0765c188f7.pdf,true,2026-09-30T07:43:30+00:00,false,,
7e44d40d71ed,2022 NC CDR.pdf,https://feet.iuh.edu.vn/upload/files/2022%20NC%20CDR.pdf,https://feet.iuh.edu.vn/news.html@detail@217@1060@Chuong-trinh-dao-tao-Thac-si-Ky-thuat-Dien-nam-2022-,Khoa Công nghệ Điện,HCM,KHOA_CN_DIEN,false,1,auto,1,1900,ok,114756,7e44d40d71edeeab69d0f087d0032ed3d05bb8e8190f7986677a974068a525ef,files/khoa-cong-nghe-dien/7e44d40d71ed.pdf,true,2026-09-30T07:42:46+00:00,true,,
7ecc97a888cd,Chuan dau ra(2).pdf,https://feet.iuh.edu.vn/upload/files/Chuan%20dau%20ra(2).pdf,https://feet.iuh.edu.vn/news.html@detail@211@901@Chuong-trinh-dao-tao-Dai-hoc-nganh-cong-nghe-ky-thuat-dieu-khien-va%CC%80-tu%CC%A3-do%CC%A3ng-ho%CC%81a-nam-2022,Khoa Công nghệ Điện,HCM,KHOA_CN_DIEN,true,,auto,2,2608,ok,158920,7ecc97a888cd7bc0dac79f85206c51170162cc3df237fee8e4eb30a3a54d2ec2,files/khoa-cong-nghe-dien/7ecc97a888cd.pdf,true,2026-09-30T07:44:24+00:00,true,,
7f9bc33b6b2f,Chuẩn dầu ra(5).pdf,https://feet.iuh.edu.vn/upload/files/Chu%E1%BA%A9n%20d%E1%BA%A7u%20ra(5).pdf,https://feet.iuh.edu.vn/news.html@detail@211@902@Chuong-trinh-dao-tao-cong-nghe-ky-thuat-Dien-Dien-tu-nam-2022,Khoa Công nghệ Điện,HCM,KHOA_CN_DIEN,false,4,auto,2,2324,ok,152182,7f9bc33b6b2f9e9c0442bf8b40b3586b7b6e05a7ed001a953009df745027e5eb,files/khoa-cong-nghe-dien/7f9bc33b6b2f.pdf,true,2026-09-30T07:44:19+00:00,true,,
85e8f1e4d89b,kh-52-2026-20260717042154-e.pdf,https://feet.iuh.edu.vn/upload/files/kh-52-2026-20260717042154-e.pdf,https://feet.iuh.edu.vn/news.html@detail@371@1540@Ke-hoach-to-chuc-Giai-thuong-sinh-vien-nghien-cuu-khoa-hoc-Eureka-cap-Truong-nam-2026.,Khoa Công nghệ Điện,HCM,KHOA_CN_DIEN,true,,auto,4,0,scanned,1017620,85e8f1e4d89b87ef8f01095744301d7a139491497250ffd5c1b34cb7fb87fb5e,scanned_pdf/khoa-cong-nghe-dien/85e8f1e4d89b.pdf,true,2026-09-30T07:44:58+00:00,false,,
8dbecfe479a1,Ke hoach.pdf,https://feet.iuh.edu.vn/upload/files/Ke%20hoach.pdf,https://feet.iuh.edu.vn/news.html@detail@313@972@Ke-hoach-to-chuc-Seminar-Giai-phap-nang-cao-chat-luong-giang-day-mon-hoc-Thiet-ke-cung-cap-dien,Khoa Công nghệ Điện,HCM,KHOA_CN_DIEN,true,,auto,2,2185,ok,562046,8dbecfe479a1ac0f9a0a3be592f2704c5dd0ece84743ff7786f5550964a4d49d,files/khoa-cong-nghe-dien/8dbecfe479a1.pdf,true,2026-09-30T07:44:39+00:00,true,,
8e281e526a59,JD Sales Engineer SACS.pdf,https://feet.iuh.edu.vn/upload/files/JD%20Sales%20Engineer%20SACS.pdf,https://feet.iuh.edu.vn/news.html@detail@297@1507@CONG-TY-CO-PHAN-TU-DONG-HOA-STAGRO-MIEN-NAM-TUYEN-LINH-CHIEN-SALE-TU-DONG-HOA,Khoa Công nghệ Điện,HCM,KHOA_CN_DIEN,true,,auto,2,3169,ok,183685,8e281e526a59d573150ab155ee513a268c020c1ced037db6667cff4a1dfdefcd,files/khoa-cong-nghe-dien/8e281e526a59.pdf,true,2026-09-30T07:44:37+00:00,true,,
9041556f6496,2025 NC CDR.pdf,https://feet.iuh.edu.vn/upload/files/2025%20NC%20CDR.pdf,https://feet.iuh.edu.vn/news.html@detail@217@1364@Chuong-trinh-dao-tao-Thac-si-Ky-thuat-Dien-nam-2025,Khoa Công nghệ Điện,HCM,KHOA_CN_DIEN,true,,auto,1,1903,ok,184497,9041556f64969ca7c81d9b62fbab3fa457a71b856197c4e4495ac723634ad34d,files/khoa-cong-nghe-dien/9041556f6496.pdf,true,2026-09-30T07:43:35+00:00,true,,
91a4de795560,Thong bao tuyen dung_HISTA (1).pdf,https://feet.iuh.edu.vn/upload/files/Thong%20bao%20tuyen%20dung_HISTA%20(1).pdf,https://feet.iuh.edu.vn/news.html@detail@297@1505@CONG-TY-CO-PHAN-HISTA-TUYEN-DUNG,Khoa Công nghệ Điện,HCM,KHOA_CN_DIEN,false,2,auto,2,2541,ok,4113619,91a4de795560cf9444f32a4979d4293e4dba2bb50837f2733133a943c49fc221,files/khoa-cong-nghe-dien/91a4de795560.pdf,true,2026-09-30T07:44:46+00:00,true,,
95e8686e8458,2023_07_12-QD-2852-Trung-tuyen-NCS-2023-2.pdf,https://feet.iuh.edu.vn/upload/files/2023_07_12-QD-2852-Trung-tuyen-NCS-2023-2.pdf,https://feet.iuh.edu.vn/news.html@detail@366@1202@Tuyen-sinh-dao-tao-trinh-do-tien-si-nam-2023-,Khoa Công nghệ Điện,HCM,KHOA_CN_DIEN,true,,auto,2,0,scanned,1431221,95e8686e8458ddf3bdd28cac7983dc6ee17af939d54af58a5fa838184814c730,scanned_pdf/khoa-cong-nghe-dien/95e8686e8458.pdf,true,2026-09-30T07:43:27+00:00,false,,
96fb6c82ff07,Một số biện phap dạy học huớng tới chuẩn dầu ra cho SV.pdf,https://feet.iuh.edu.vn/upload/files/M%E1%BB%99t%20s%E1%BB%91%20bi%E1%BB%87n%20phap%20d%E1%BA%A1y%20h%E1%BB%8Dc%20hu%E1%BB%9Bng%20t%E1%BB%9Bi%20chu%E1%BA%A9n%20d%E1%BA%A7u%20ra%20cho%20SV.pdf,https://feet.iuh.edu.vn/news.html@detail@312@993@Thong-bao-V-v-to-chuc-Hoi-thao-Mot-so-bien-phap-day-hoc-huong-toi-chuan-dau-ra-cho-SV-nganh-cong-nghe-Dien-voi-mong-muon-dap-ung-nhu-cau-nha-tuyen-dung-06-04-2023,Khoa Công nghệ Điện,HCM,KHOA_CN_DIEN,true,,auto,5,0,scanned,1050187,96fb6c82ff07a3ba4640bf9e91a2fc2bc08400468d92413a1b4f55e29027dee0,scanned_pdf/khoa-cong-nghe-dien/96fb6c82ff07.pdf,true,2026-09-30T07:44:40+00:00,false,,
99c8485656dd,2025 UD CDR.pdf,https://feet.iuh.edu.vn/upload/files/2025%20UD%20CDR.pdf,https://feet.iuh.edu.vn/news.html@detail@217@1364@Chuong-trinh-dao-tao-Thac-si-Ky-thuat-Dien-nam-2025,Khoa Công nghệ Điện,HCM,KHOA_CN_DIEN,true,,auto,1,1775,ok,201687,99c8485656dd5484268456d4eb0a030acdb722aa88f63ca57cba726b89c3d8e5,files/khoa-cong-nghe-dien/99c8485656dd.pdf,true,2026-09-30T07:43:47+00:00,true,,
9b5eae118f81,2024 06 14 QD 1416 Trung tuyen ThS 2024-1-trang.pdf,https://feet.iuh.edu.vn/upload/files/2024%2006%2014%20QD%201416%20Trung%20tuyen%20ThS%202024-1-trang.pdf,https://feet.iuh.edu.vn/news.html@detail@359@1197@Tuyen-sinh-dao-tao-trinh-do-thac-si-nam-2024-,Khoa Công nghệ Điện,HCM,KHOA_CN_DIEN,false,4,auto,4,0,scanned,777765,9b5eae118f81fa9f7fb1600733b885e0bb50a0b0fd2b4967632103836a1762d1,scanned_pdf/khoa-cong-nghe-dien/9b5eae118f81.pdf,true,2026-09-30T07:43:29+00:00,false,,
9b9ad759e6fa,Bai 1_Gioi thieu tong quan thiet bi thuc hanh.pdf,https://feet.iuh.edu.vn/upload/01038027/files/Bai%201_Gioi%20thieu%20tong%20quan%20thiet%20bi%20thuc%20hanh.pdf,https://feet.iuh.edu.vn/giangvien@bocminhhung,Khoa Công nghệ Điện,HCM,KHOA_CN_DIEN,true,,auto,50,6566,ok,5673096,9b9ad759e6faa524c941e1d83db4c06f4bc640fb6690c8bebe5f1faa05084802,files/khoa-cong-nghe-dien/9b9ad759e6fa.pdf,true,2026-09-30T07:41:45+00:00,true,,
a0978d412d1b,2025 NC KH DT.pdf,https://feet.iuh.edu.vn/upload/files/2025%20NC%20KH%20DT.pdf,https://feet.iuh.edu.vn/news.html@detail@217@1364@Chuong-trinh-dao-tao-Thac-si-Ky-thuat-Dien-nam-2025,Khoa Công nghệ Điện,HCM,KHOA_CN_DIEN,false,2,auto,2,3518,ok,203301,a0978d412d1beafe1d038291d48c34278584580e97351e801e5b47ed553afd8f,files/khoa-cong-nghe-dien/a0978d412d1b.pdf,true,2026-09-30T07:43:43+00:00,true,,
a4d260b1dd7f,"Bai 6 Lap trinh ung dung nhom lệnh AD, DA_Mitsubishi.pdf",https://feet.iuh.edu.vn/upload/01038027/files/Bai%206%20Lap%20trinh%20ung%20dung%20nhom%20l%E1%BB%87nh%20AD%2C%20DA_Mitsubishi.pdf,https://feet.iuh.edu.vn/giangvien@bocminhhung,Khoa Công nghệ Điện,HCM,KHOA_CN_DIEN,false,3,auto,16,2968,ok,1628104,a4d260b1dd7f526341496e545564fb3dad553d304d2ab62a9046e139f144bd96,files/khoa-cong-nghe-dien/a4d260b1dd7f.pdf,true,2026-09-30T07:42:10+00:00,true,,
a511e577d017,2019 KH DT.pdf,https://feet.iuh.edu.vn/upload/files/2019%20KH%20DT.pdf,https://feet.iuh.edu.vn/news.html@detail@217@766@Chuong-trinh-dao-tao-Thac-si-Ky-thuat-Dien-nam-2019,Khoa Công nghệ Điện,HCM,KHOA_CN_DIEN,true,,auto,3,4170,ok,167855,a511e577d0178b7f8d4f388addecffd20ccdf3d8ce570e81944cb74df68d4277,files/khoa-cong-nghe-dien/a511e577d017.pdf,true,2026-09-30T07:42:44+00:00,true,,
a6318751ce17,TB tuyển dụng kỹ su CK - DCT3.pdf,https://feet.iuh.edu.vn/upload/files/TB%20tuy%E1%BB%83n%20d%E1%BB%A5ng%20k%E1%BB%B9%20su%20CK%20-%20DCT3.pdf,"https://feet.iuh.edu.vn/news.html@detail@297@1554@Cong-ty-co-phan-Lilama18-tuyen-dung-ky-su-dien,-tu-dong-hoa-(-lam-viec-tai-Can-Tho-)",Khoa Công nghệ Điện,HCM,KHOA_CN_DIEN,false,1,auto,2,0,scanned,989101,a6318751ce17c2f80b61c6a39427b4269433e576cabaceaee111ddb3d47faecd,scanned_pdf/khoa-cong-nghe-dien/a6318751ce17.pdf,true,2026-09-30T07:44:41+00:00,false,,
a9344a32456c,Bai 5 Lap trinh ung dung nhom lenh dieu khien.pdf,https://feet.iuh.edu.vn/upload/01038027/files/Bai%205%20Lap%20trinh%20ung%20dung%20nhom%20lenh%20dieu%20khien.pdf,https://feet.iuh.edu.vn/giangvien@bocminhhung,Khoa Công nghệ Điện,HCM,KHOA_CN_DIEN,true,,auto,14,3640,ok,1377939,a9344a32456c6218ef8ce47e103bdbfb4fb5bdd1f5287864e46c160921d8b317,files/khoa-cong-nghe-dien/a9344a32456c.pdf,true,2026-09-30T07:42:06+00:00,true,,
ac41ae2de698,Bai 2_Lap trinh ung dung Relay.pdf,https://feet.iuh.edu.vn/upload/01038027/files/Bai%202_Lap%20trinh%20ung%20dung%20Relay.pdf,https://feet.iuh.edu.vn/giangvien@bocminhhung,Khoa Công nghệ Điện,HCM,KHOA_CN_DIEN,true,,auto,10,1296,ok,994349,ac41ae2de698dd832b1eea6d53209fadc02c48e637d6fe4163340cedfe144dff,files/khoa-cong-nghe-dien/ac41ae2de698.pdf,true,2026-09-30T07:41:47+00:00,true,,
b0cb752b28d6,2016 CDR.pdf,https://feet.iuh.edu.vn/upload/files/2016%20CDR.pdf,https://feet.iuh.edu.vn/news.html@detail@217@767@Chuong-trinh-dao-tao-Thac-si-Ky-thuat-Dien-nam-2016-,Khoa Công nghệ Điện,HCM,KHOA_CN_DIEN,false,2,auto,2,3397,ok,121948,b0cb752b28d623e8c61e6a352ed84212eccd05548d1da492d5ac8f965b26f681,files/khoa-cong-nghe-dien/b0cb752b28d6.pdf,true,2026-09-30T07:42:34+00:00,true,,
b614c565fbb7,2025 UD KH DT.pdf,https://feet.iuh.edu.vn/upload/files/2025%20UD%20KH%20DT.pdf,https://feet.iuh.edu.vn/news.html@detail@217@1364@Chuong-trinh-dao-tao-Thac-si-Ky-thuat-Dien-nam-2025,Khoa Công nghệ Điện,HCM,KHOA_CN_DIEN,true,,auto,2,3725,ok,226885,b614c565fbb7c1c3f480f091b4dc2c36f56c82b6d6ee992757918e20aaec6681,files/khoa-cong-nghe-dien/b614c565fbb7.pdf,true,2026-09-30T07:43:56+00:00,true,,
bab4d342deb1,Chuong 4 Ngon ngữ lập trinh PLC_sinh vien.pdf,https://feet.iuh.edu.vn/upload/01038027/files/Chuong%204%20Ngon%20ng%E1%BB%AF%20l%E1%BA%ADp%20trinh%20PLC_sinh%20vien.pdf,https://feet.iuh.edu.vn/giangvien@bocminhhung,Khoa Công nghệ Điện,HCM,KHOA_CN_DIEN,false,1,auto,69,13047,ok,3095799,bab4d342deb19f3983bd06c747bd35d1c50b634fa00de7d8bca637a22ff6a9e5,files/khoa-cong-nghe-dien/bab4d342deb1.pdf,true,2026-09-30T07:42:29+00:00,true,,
bb2f7b78f4c0,THU NGỎ HỌC BỔNG NỮ SINH KỸ THUẬT.pdf,https://feet.iuh.edu.vn/upload/files/THU%20NG%E1%BB%8E%20H%E1%BB%8CC%20B%E1%BB%94NG%20N%E1%BB%AE%20SINH%20K%E1%BB%B8%20THU%E1%BA%ACT.pdf,https://feet.iuh.edu.vn/news.html@detail@356@916@THU-NGO-HOC-BONG-NU-SINH-KY-THUAT,Khoa Công nghệ Điện,HCM,KHOA_CN_DIEN,true,,auto,5,4272,ok,300023,bb2f7b78f4c0228d771f43c4812fabe37c439cd16e12426ab14e8f647db7c774,files/khoa-cong-nghe-dien/bb2f7b78f4c0.pdf,true,2026-09-30T07:44:43+00:00,true,,
bbd2295af780,2026_ PDT 17a_Don de nghi xet TN dung han (co hinh_6_2026).pdf,https://feet.iuh.edu.vn/upload/files/2026_%20PDT%2017a_Don%20de%20nghi%20xet%20TN%20dung%20han%20(co%20hinh_6_2026).pdf,https://feet.iuh.edu.vn/news.html@detail@264@1556@Thong-bao-xet-tot-nghiep-dot-thang-10.2026,Khoa Công nghệ Điện,HCM,KHOA_CN_DIEN,true,,auto,1,2549,ok,296322,bbd2295af7800ae5a368c9910ed6749a429feedefe2701f3137850159716fa38,files/khoa-cong-nghe-dien/bbd2295af780.pdf,true,2026-09-30T07:44:03+00:00,true,,
c0d385e189be,Chuong trinh khung(2).pdf,https://feet.iuh.edu.vn/upload/files/Chuong%20trinh%20khung(2).pdf,https://feet.iuh.edu.vn/news.html@detail@211@901@Chuong-trinh-dao-tao-Dai-hoc-nganh-cong-nghe-ky-thuat-dieu-khien-va%CC%80-tu%CC%A3-do%CC%A3ng-ho%CC%81a-nam-2022,Khoa Công nghệ Điện,HCM,KHOA_CN_DIEN,true,,auto,24,41281,ok,406435,c0d385e189be2ab9b4d2f0080ce3cc01549ff88d011d3b1ba38b786ca51fad47,files/khoa-cong-nghe-dien/c0d385e189be.pdf,true,2026-09-30T07:44:28+00:00,true,,
cb3869673e2f,Chuẩn dầu ra(6).pdf,https://feet.iuh.edu.vn/upload/files/Chu%E1%BA%A9n%20d%E1%BA%A7u%20ra(6).pdf,https://feet.iuh.edu.vn/news.html@detail@211@902@Chuong-trinh-dao-tao-cong-nghe-ky-thuat-Dien-Dien-tu-nam-2022,Khoa Công nghệ Điện,HCM,KHOA_CN_DIEN,false,1,auto,2,2853,ok,157366,cb3869673e2f8c7ef5399f08a22d922047716ebed898c88cada0c3a5b0081591,files/khoa-cong-nghe-dien/cb3869673e2f.pdf,true,2026-09-30T07:44:22+00:00,true,,
d0b589645014,chung nhan kiem ding thac si.pdf,https://feet.iuh.edu.vn/upload/files/chung%20nhan%20kiem%20ding%20thac%20si.pdf,"https://feet.iuh.edu.vn/news.html@detail@348@950@Chuong-trinh-ba%CC%A3c-tha%CC%A3c-si,-nga%CC%80nh-Ky-thua%CC%A3t-Dien-nam-2022-MOET",Khoa Công nghệ Điện,HCM,KHOA_CN_DIEN,true,,auto,1,0,scanned,413801,d0b589645014e9d497656071c95306427e9ef68d5357ef6b2f6d361f2face988,scanned_pdf/khoa-cong-nghe-dien/d0b589645014.pdf,true,2026-09-30T07:44:56+00:00,false,,
d38abb264b86,Chuong 2 Cấu truc va chức nang cac thanh phần trong PLC_sinh vien.pdf,https://feet.iuh.edu.vn/upload/01038027/files/Chuong%202%20C%E1%BA%A5u%20truc%20va%20ch%E1%BB%A9c%20nang%20cac%20thanh%20ph%E1%BA%A7n%20trong%20PLC_sinh%20vien.pdf,https://feet.iuh.edu.vn/giangvien@bocminhhung,Khoa Công nghệ Điện,HCM,KHOA_CN_DIEN,false,1,auto,72,18271,ok,6435735,d38abb264b8669746f03862319506515b32021d582ba34d88f180b5167b2d3df,files/khoa-cong-nghe-dien/d38abb264b86.pdf,true,2026-09-30T07:42:26+00:00,true,,
d594ea47ee29,2025 UD CTD.pdf,https://feet.iuh.edu.vn/upload/files/2025%20UD%20CTD.pdf,https://feet.iuh.edu.vn/news.html@detail@217@1560@-Chuong-trinh-dao-tao-Thac-si-Ky-thuat-Dieu-khien-va-Tu-dong-hoa-nam-2025,Khoa Công nghệ Điện,HCM,KHOA_CN_DIEN,true,,auto,2,3789,ok,219865,d594ea47ee29ddc000d308379794005164d880d459753e731b271426d83a1749,files/khoa-cong-nghe-dien/d594ea47ee29.pdf,true,2026-09-30T07:43:49+00:00,true,,
db3a74d9dc28,"Bai 7 Lap trinh ung dung nhom lệnh AD, DA.pdf",https://feet.iuh.edu.vn/upload/01038027/files/Bai%207%20Lap%20trinh%20ung%20dung%20nhom%20l%E1%BB%87nh%20AD%2C%20DA.pdf,https://feet.iuh.edu.vn/giangvien@bocminhhung,Khoa Công nghệ Điện,HCM,KHOA_CN_DIEN,true,,auto,29,5828,ok,2642512,db3a74d9dc2815f205f7e5c22fbd1f50c7ca75115c6c153146c8718ff8c156bf,files/khoa-cong-nghe-dien/db3a74d9dc28.pdf,true,2026-09-30T07:42:18+00:00,true,,
e1dbfb77bc8a,Tiến dộ dao tạo(1).pdf,https://feet.iuh.edu.vn/upload/files/Ti%E1%BA%BFn%20d%E1%BB%99%20dao%20t%E1%BA%A1o(1).pdf,https://feet.iuh.edu.vn/news.html@detail@211@901@Chuong-trinh-dao-tao-Dai-hoc-nganh-cong-nghe-ky-thuat-dieu-khien-va%CC%80-tu%CC%A3-do%CC%A3ng-ho%CC%81a-nam-2022,Khoa Công nghệ Điện,HCM,KHOA_CN_DIEN,false,1,auto,6,9046,ok,230546,e1dbfb77bc8a57198c11fb21453b35a2d891feadb1b0746bba48b962147c6d23,files/khoa-cong-nghe-dien/e1dbfb77bc8a.pdf,true,2026-09-30T07:44:49+00:00,true,,
e1def7fd99a8,THONG BAO DAO TẠO SI QUAN DỰ BỊ 2022.pdf,https://feet.iuh.edu.vn/upload/files/THONG%20BAO%20DAO%20T%E1%BA%A0O%20SI%20QUAN%20D%E1%BB%B0%20B%E1%BB%8A%202022.pdf,https://feet.iuh.edu.vn/news.html@detail@356@915@THONG-BAO-DAO-TAO-SI-QUAN-DU-BI-2022,Khoa Công nghệ Điện,HCM,KHOA_CN_DIEN,true,,auto,4,0,scanned,1520789,e1def7fd99a825411d2b5a7bf36b06d90e58f5e6e70432b857bf537597158a3c,scanned_pdf/khoa-cong-nghe-dien/e1def7fd99a8.pdf,true,2026-09-30T07:44:42+00:00,false,,
e27cc7a1bf5d,Bai 2_Lap trinh ung dung Relay_Mitsubishi.pdf,https://feet.iuh.edu.vn/upload/01038027/files/Bai%202_Lap%20trinh%20ung%20dung%20Relay_Mitsubishi.pdf,https://feet.iuh.edu.vn/giangvien@bocminhhung,Khoa Công nghệ Điện,HCM,KHOA_CN_DIEN,true,,auto,16,2221,ok,1840220,e27cc7a1bf5da881abd4b1d45c9bfb086b1e201fea96271035a9203a471f21f8,files/khoa-cong-nghe-dien/e27cc7a1bf5d.pdf,true,2026-09-30T07:41:49+00:00,true,,
e306734600e7,tieng anh khoa 20.pdf,https://feet.iuh.edu.vn/upload/files/tieng%20anh%20khoa%2020.pdf,"https://feet.iuh.edu.vn/category.html@383@Quy-che,-quy-dinh-va-cac-thong-tin-lien-quan",Khoa Công nghệ Điện,HCM,KHOA_CN_DIEN,false,4,auto,2,0,scanned,880234,e306734600e76276b6caeea5edc8699eee2fb2ce5582a81a141dd00d9b464dd7,scanned_pdf/khoa-cong-nghe-dien/e306734600e7.pdf,true,2026-09-30T07:45:01+00:00,false,,
e4c21e72786c,DANH SACH KHOA LUẬN TỐT NGHIỆP HK1 NAM HỌC 2026-207_DKTD & ROBOT.pdf,https://feet.iuh.edu.vn/upload/files/DANH%20SACH%20KHOA%20LU%E1%BA%ACN%20T%E1%BB%90T%20NGHI%E1%BB%86P%20HK1%20NAM%20H%E1%BB%8CC%202026-207_DKTD%20%26%20ROBOT.pdf,https://feet.iuh.edu.vn/news.html@detail@264@1559@Thong-bao-kiem-tra-giua-tien-do-KLTN-DH-khoa-18-va-cac-lop-hoc-lai-KLTN-HK1-Nam-hoc-2026-2027,Khoa Công nghệ Điện,HCM,KHOA_CN_DIEN,true,,auto,9,20541,ok,379327,e4c21e72786c443a45938db0b06351705be5fd726aad6502abaf73a3bb1af312,files/khoa-cong-nghe-dien/e4c21e72786c.pdf,true,2026-09-30T07:44:33+00:00,true,,
e615922bc959,2025 NC CTD.pdf,https://feet.iuh.edu.vn/upload/files/2025%20NC%20CTD.pdf,https://feet.iuh.edu.vn/news.html@detail@217@1364@Chuong-trinh-dao-tao-Thac-si-Ky-thuat-Dien-nam-2025,Khoa Công nghệ Điện,HCM,KHOA_CN_DIEN,true,,auto,3,4025,ok,216543,e615922bc9599369ddc55231b4108a61285f617f9b22118856708486cb70939b,files/khoa-cong-nghe-dien/e615922bc959.pdf,true,2026-09-30T07:43:39+00:00,true,,
e647c7de03ca,Bai 4 Lap trinh ung dung lenh Counter_SV.pdf,https://feet.iuh.edu.vn/upload/01038027/files/Bai%204%20Lap%20trinh%20ung%20dung%20lenh%20Counter_SV.pdf,https://feet.iuh.edu.vn/giangvien@bocminhhung,Khoa Công nghệ Điện,HCM,KHOA_CN_DIEN,false,3,auto,15,4761,ok,1143162,e647c7de03cadd5f4bf7c8145d1799ce391cd4287152c6879702e521e6d502d3,files/khoa-cong-nghe-dien/e647c7de03ca.pdf,true,2026-09-30T07:42:00+00:00,true,,
ee2ea64125b1,Chuong trinh khung.docx.pdf,https://feet.iuh.edu.vn/upload/files/Chuong%20trinh%20khung.docx.pdf,https://feet.iuh.edu.vn/news.html@detail@211@902@Chuong-trinh-dao-tao-cong-nghe-ky-thuat-Dien-Dien-tu-nam-2022,Khoa Công nghệ Điện,HCM,KHOA_CN_DIEN,true,,auto,30,43042,ok,484687,ee2ea64125b1938efb8a65ae5cc0b316de1eed16d666d0fb10ce034e0e2ce3bd,files/khoa-cong-nghe-dien/ee2ea64125b1.pdf,true,2026-09-30T07:44:29+00:00,true,,
f733afe613bf,Bai 8 Lap trinh diều khiển tuong tự .pdf,https://feet.iuh.edu.vn/upload/01038027/files/Bai%208%20Lap%20trinh%20di%E1%BB%81u%20khi%E1%BB%83n%20tuong%20t%E1%BB%B1%20.pdf,https://feet.iuh.edu.vn/giangvien@bocminhhung,Khoa Công nghệ Điện,HCM,KHOA_CN_DIEN,true,,auto,15,2071,ok,1364475,f733afe613bf310aaaba6b62e199d10b1f32c8e197deac7ea61aedd60bf6d8bb,files/khoa-cong-nghe-dien/f733afe613bf.pdf,true,2026-09-30T07:42:21+00:00,true,,
f97a7f2cf535,2022 UD CDR.pdf,https://feet.iuh.edu.vn/upload/files/2022%20UD%20CDR.pdf,https://feet.iuh.edu.vn/news.html@detail@217@1060@Chuong-trinh-dao-tao-Thac-si-Ky-thuat-Dien-nam-2022-,Khoa Công nghệ Điện,HCM,KHOA_CN_DIEN,true,,auto,1,1740,ok,114896,f97a7f2cf535a79069ae0b4ccb0e12bbc323b93df660a8a326d409320e871759,files/khoa-cong-nghe-dien/f97a7f2cf535.pdf,true,2026-09-30T07:42:51+00:00,true,,
ffd03d05ad54,2025 _06 _ 16 QD 1608 Trung Tuyển ThS 25-1.pdf,https://feet.iuh.edu.vn/upload/files/2025%20_06%20_%2016%20QD%201608%20Trung%20Tuy%E1%BB%83n%20ThS%2025-1.pdf,https://feet.iuh.edu.vn/news.html@detail@359@1301@-Tuyen-sinh-dao-tao-trinh-do-thac-si-nam-2025-,Khoa Công nghệ Điện,HCM,KHOA_CN_DIEN,true,,auto,3,0,scanned,2009645,ffd03d05ad5447c64e5dfe9e8022a80633e1e770e26047778e2d343100b5ea0b,scanned_pdf/khoa-cong-nghe-dien/ffd03d05ad54.pdf,true,2026-09-30T07:43:58+00:00,false,,
0f3445543d23,quy-dinh-khoa-luan-tot-nghiep-thuc-tap-doanh-nghiep-iuh-20251215031732-e.pdf,https://fet.iuh.edu.vn/upload/files/2026/quy-dinh-khoa-luan-tot-nghiep-thuc-tap-doanh-nghiep-iuh-20251215031732-e.pdf,https://fet.iuh.edu.vn/news.html@detail@264@936@Quy-dinh-so-3920-QD-DHCN-ve-dieu-kien-sinh-vien-dang-ky-TTDN-va-KLTN,Khoa Công nghệ Điện tử,HCM,KHOA_CN_DIEN_TU,true,,auto,16,0,scanned,5777140,0f3445543d23a8f6cd36e021ffcb3396a6d3b0f7269cd5d78fd46af5eca1b802,scanned_pdf/khoa-cong-nghe-dien-tu/0f3445543d23.pdf,true,2026-09-30T07:43:29+00:00,false,,
14973ab13dfe,GVCN.pdf,https://fet.iuh.edu.vn/upload/files/GVCN.pdf,"https://fet.iuh.edu.vn/news.html@detail@273@732@Tan-sinh-vien-K20-Thoi-khoa-bieu,-giao-vien-chu-nhiem,-so-tay-SV-Khoa-CN-Dien-tu",Khoa Công nghệ Điện tử,HCM,KHOA_CN_DIEN_TU,false,4,auto,9,977,ok,587527,14973ab13dfeb752993ab6442f554806d3918ee775a5c736cfd7db7891ffeb36,files/khoa-cong-nghe-dien-tu/14973ab13dfe.pdf,true,2026-09-30T07:43:41+00:00,true,,
15b6627aea4b,Khung chuong trinh_cnktmt_2018(1).pdf,https://fet.iuh.edu.vn/upload/files/2021/02/Khung%20chuong%20trinh_cnktmt_2018(1).pdf,https://fet.iuh.edu.vn/category.html@296@Gioi-thieu,Khoa Công nghệ Điện tử,HCM,KHOA_CN_DIEN_TU,true,,auto,47,68964,ok,930634,15b6627aea4b575ea840077d4ad4ff8cfd8badf7d20bba83a40043aa7aca9163,files/khoa-cong-nghe-dien-tu/15b6627aea4b.pdf,true,2026-09-30T07:42:44+00:00,true,,
181635330fb8,5568_QD Tiep nhan SV thuc tap.PDF,https://fet.iuh.edu.vn/upload/files/5568_QD%20Tiep%20nhan%20SV%20thuc%20tap.PDF,https://fet.iuh.edu.vn/news.html@detail@292@614@Mobifone-nhan-SV-thuc-tap-tot-nghiep-nganh-Dien-tu-vien-thong,Khoa Công nghệ Điện tử,HCM,KHOA_CN_DIEN_TU,false,4,auto,2,0,scanned,45967,181635330fb844affb917be8a8f5e51fca2ccd0ca042eb5e55c8563b9a3ae762,scanned_pdf/khoa-cong-nghe-dien-tu/181635330fb8.pdf,true,2026-09-30T07:43:30+00:00,false,,
1d652d187489,2022-qd-1327-ban-hanh-bo-chuong-trinh-dao-tao-nam-2022-20220721114127-e(1).pdf,https://fet.iuh.edu.vn/upload/files/2022-qd-1327-ban-hanh-bo-chuong-trinh-dao-tao-nam-2022-20220721114127-e(1).pdf,https://fet.iuh.edu.vn/news.html@detail@211@392@Dai-hoc-%E2%80%93-IoT-va-Tri-tue-nhan-tao-ung-dung,Khoa Công nghệ Điện tử,HCM,KHOA_CN_DIEN_TU,true,,auto,5,0,scanned,1396233,1d652d187489d07f2bc240fda04362080327d3399eec1ca803e97f9af18a3c96,scanned_pdf/khoa-cong-nghe-dien-tu/1d652d187489.pdf,true,2026-09-30T07:42:51+00:00,false,,
22782355f5fb,b_ FET_Student_Handbook_2021.pdf,https://fet.iuh.edu.vn/upload/files/2022/b_%20FET_Student_Handbook_2021.pdf,https://fet.iuh.edu.vn/news.html@detail@211@427@Dai-hoc-%E2%80%93-Cong-nghe-ky-thuat-dien-tu-vien-thong-(Chuyen-nganh-Ky-thuat-vien-thong),Khoa Công nghệ Điện tử,HCM,KHOA_CN_DIEN_TU,true,,auto,23,21444,ok,6311818,22782355f5fbf5670c3468c6d4d5e448691777e2173bd8ef6231e0bb2659e7fe,files/khoa-cong-nghe-dien-tu/22782355f5fb.pdf,true,2026-09-30T07:43:07+00:00,true,,
22f27397063d,12_dc_He_thong_TT_quang.pdf,https://fet.iuh.edu.vn/upload/01380023/files/12_dc_He_thong_TT_quang.pdf,https://fet.iuh.edu.vn/giangvien@nguyenhoangviet,Khoa Công nghệ Điện tử,HCM,KHOA_CN_DIEN_TU,true,,auto,4,5644,ok,217677,22f27397063d546e3cc0666e2e56901be43b99f10e897b1cf72aa695630e0e70,files/khoa-cong-nghe-dien-tu/22f27397063d.pdf,true,2026-09-30T07:42:16+00:00,true,,
23b6d2f88d7a,TLTQ.pdf,https://fet.iuh.edu.vn/upload/files/TLTQ.pdf,"https://fet.iuh.edu.vn/news.html@detail@264@890@Lich-bao-ve-luan-van-thac-si,-cac-chuyen-de-NCS",Khoa Công nghệ Điện tử,HCM,KHOA_CN_DIEN_TU,false,4,auto,1,980,ok,98875,23b6d2f88d7a90607385436a2f0fce470ac6b6139a33f52aa668f80a76d62f0e,files/khoa-cong-nghe-dien-tu/23b6d2f88d7a.pdf,true,2026-09-30T07:43:51+00:00,true,,
25884ea663f3,FET_Student_Handbook_2024.pdf,https://fet.iuh.edu.vn/upload/files/2024/FET_Student_Handbook_2024.pdf,https://fet.iuh.edu.vn/news.html@detail@211@427@Dai-hoc-%E2%80%93-Cong-nghe-ky-thuat-dien-tu-vien-thong-(Chuyen-nganh-Ky-thuat-vien-thong),Khoa Công nghệ Điện tử,HCM,KHOA_CN_DIEN_TU,true,,auto,23,28046,ok,7927548,25884ea663f3975820cd15b5b5d3af45f71bdad2cfba1564ea018151ebd218d0,files/khoa-cong-nghe-dien-tu/25884ea663f3.pdf,true,2026-09-30T07:43:21+00:00,true,,
2870ea4d6c8c,CNKTMA2022CLC_CTKhung.pdf,https://fet.iuh.edu.vn/upload/files/2021/02/CNKTMA2022CLC_CTKhung.pdf,https://fet.iuh.edu.vn/category.html@296@Gioi-thieu,Khoa Công nghệ Điện tử,HCM,KHOA_CN_DIEN_TU,false,4,auto,9,12080,ok,174139,2870ea4d6c8cd7e2695aec76688d86dd9523cb8133cedaf694c156243be838e9,files/khoa-cong-nghe-dien-tu/2870ea4d6c8c.pdf,true,2026-09-30T07:42:36+00:00,true,,
2ba78fb004bc,Ths_CD1_TLTQ_NC2.pdf,https://fet.iuh.edu.vn/upload/files/Ths_CD1_TLTQ_NC2.pdf,"https://fet.iuh.edu.vn/news.html@detail@264@890@Lich-bao-ve-luan-van-thac-si,-cac-chuyen-de-NCS",Khoa Công nghệ Điện tử,HCM,KHOA_CN_DIEN_TU,true,,auto,1,1400,ok,72358,2ba78fb004bc6c21a47efb3b5b3fe1802e403a683ad2bbb0293fbaa308b9df93,files/khoa-cong-nghe-dien-tu/2ba78fb004bc.pdf,true,2026-09-30T07:43:54+00:00,true,,
2cd70ea141b4,Ds TN T3_7_10_2025.pdf,https://fet.iuh.edu.vn/upload/files/Ds%20TN%20T3_7_10_2025.pdf,https://fet.iuh.edu.vn/news.html@detail@264@884@THONG-BAO-VE-VIEC-TO-CHUC-LE-BE-GIANG-VA-PHAT-BANG-TOT-NGHIEP-NAM-2025,Khoa Công nghệ Điện tử,HCM,KHOA_CN_DIEN_TU,true,,auto,7,10540,ok,252039,2cd70ea141b4fad4adf274e28b66c50656df70227cf8e994b2f74d9cfd3334f0,files/khoa-cong-nghe-dien-tu/2cd70ea141b4.pdf,true,2026-09-30T07:43:39+00:00,true,,
3026f2d4932c,CTK-DTCN-2022-Web.pdf,https://fet.iuh.edu.vn/upload/files/2022/CTK-DTCN-2022-Web.pdf,https://fet.iuh.edu.vn/news.html@detail@211@910@Dai-hoc-%E2%80%93-Cong-nghe-ky-thuat-dien-tu-vien-thong-(Chuyen-nganh-Dien-tu-cong-nghiep),Khoa Công nghệ Điện tử,HCM,KHOA_CN_DIEN_TU,false,2,auto,7,10843,ok,540171,3026f2d4932c00457d0552e17a7677359397af317b86a930e32a6734a7f59e21,files/khoa-cong-nghe-dien-tu/3026f2d4932c.pdf,true,2026-09-30T07:43:03+00:00,true,,
3d0f1cf3b2dd,TKB_Hk2_2018_2019.pdf,https://fet.iuh.edu.vn/upload/01280010/files/TKB_Hk2_2018_2019.pdf,https://fet.iuh.edu.vn/giangvien@huynhminhngoc,Khoa Công nghệ Điện tử,HCM,KHOA_CN_DIEN_TU,true,,auto,1,81,scanned,305382,3d0f1cf3b2dd68249a552a74404e7b4c02af8b6cb758fc09efeb70ba8c94168e,scanned_pdf/khoa-cong-nghe-dien-tu/3d0f1cf3b2dd.pdf,true,2026-09-30T07:42:00+00:00,false,,
412fbfa048a0,TKB_12_1_2021_HMNgoc.pdf,https://fet.iuh.edu.vn/upload/01280010/files/TKB_12_1_2021_HMNgoc.pdf,https://fet.iuh.edu.vn/giangvien@huynhminhngoc,Khoa Công nghệ Điện tử,HCM,KHOA_CN_DIEN_TU,true,,auto,1,84,scanned,384362,412fbfa048a06475e04208e442c19730d72727ebe3ad12b52b688fd22da6eebf,scanned_pdf/khoa-cong-nghe-dien-tu/412fbfa048a0.pdf,true,2026-09-30T07:41:49+00:00,false,,
4476065c0f6e,Hoc bong Dai Loan(1).pdf,https://fet.iuh.edu.vn/upload/files/Hoc%20bong%20Dai%20Loan(1).pdf,"https://fet.iuh.edu.vn/news.html@detail@275@648@Thong-tin-hoc-bong-thac-si-KT-dien-tu-tu-truong-dai-hoc-Su-pham-quoc-lap-Cao-Hung,-Dai-Loan",Khoa Công nghệ Điện tử,HCM,KHOA_CN_DIEN_TU,false,3,auto,4,10074,garbled_ocr,3252738,4476065c0f6e6bb6f2b1fece93d7d7035f223a69401b7f348c4766b7c9d91b1d,scanned_pdf/khoa-cong-nghe-dien-tu/4476065c0f6e.pdf,true,2026-09-30T07:43:43+00:00,false,,
454589486fbf,QD4.pdf,https://fet.iuh.edu.vn/upload/files/2022/QD4.pdf,https://fet.iuh.edu.vn/news.html@detail@292@716@BMVT-thong-bao-lich-bao-ve-KLTN-thuc-hien-o-hoc-ky-2-nam-hoc-2022-2023,Khoa Công nghệ Điện tử,HCM,KHOA_CN_DIEN_TU,false,2,auto,1,0,scanned,721125,454589486fbf26a5cd3c0bfd2a7deb6fb55cbf5ffa5023e04a5ceec0e0350252,scanned_pdf/khoa-cong-nghe-dien-tu/454589486fbf.pdf,true,2026-09-30T07:43:06+00:00,false,,
48d9135ffc83,Ds SV TN T7_2026.pdf,https://fet.iuh.edu.vn/upload/files/Ds%20SV%20TN%20T7_2026.pdf,https://fet.iuh.edu.vn/news.html@detail@264@973@THONG-BAO-VE-VIEC-CAP-BANG-TOT-NGHIEP-DOT-THANG-07-NAM-2026,Khoa Công nghệ Điện tử,HCM,KHOA_CN_DIEN_TU,false,3,auto,7,16617,garbled_ocr,7322676,48d9135ffc830b1857c8a45f7be616c34f9ff6262cdc3dd62a754c302fb33ec5,scanned_pdf/khoa-cong-nghe-dien-tu/48d9135ffc83.pdf,true,2026-09-30T07:43:35+00:00,false,,
4b5cee9d1e6e,IoT va AI.pdf,https://fet.iuh.edu.vn/upload/files/IoT%20va%20AI.pdf,https://fet.iuh.edu.vn/news.html@detail@211@392@Dai-hoc-%E2%80%93-IoT-va-Tri-tue-nhan-tao-ung-dung,Khoa Công nghệ Điện tử,HCM,KHOA_CN_DIEN_TU,true,,auto,37,61846,ok,993871,4b5cee9d1e6e0d3d6879f8d41974d3e64598b269055bc53d77c712468cc14319,files/khoa-cong-nghe-dien-tu/4b5cee9d1e6e.pdf,true,2026-09-30T07:43:47+00:00,true,,
4e0bbb9c7927,2026 CoE_CCU International Internship Program-Research Topics_2nd round_20260204.pdf,https://fet.iuh.edu.vn/upload/files/2026/2026%20CoE_CCU%20International%20Internship%20Program-Research%20Topics_2nd%20round_20260204.pdf,https://fet.iuh.edu.vn/news.html@detail@264@921@Thong-tin-hoc-bong-thuc-tap-tai-Dai-Loan-nam-2026,Khoa Công nghệ Điện tử,HCM,KHOA_CN_DIEN_TU,true,,auto,19,25818,ok,974451,4e0bbb9c79278e658e562aa84772d1cb8a1eed0845e4cdc0c69c440da719a848,files/khoa-cong-nghe-dien-tu/4e0bbb9c7927.pdf,true,2026-09-30T07:43:25+00:00,true,,
4e41c923d19f,bmmt-tong-hoppl1a-dtmt14a-va-hl-20210921040457-e.pdf,https://fet.iuh.edu.vn/upload/files/2021/02/bmmt-tong-hoppl1a-dtmt14a-va-hl-20210921040457-e.pdf,https://fet.iuh.edu.vn/news.html@detail@299@556@BMMT-thong-bao-thuc-hien-de-tai-KLTN-cho-DTMT14A-va-Hoc-lai,Khoa Công nghệ Điện tử,HCM,KHOA_CN_DIEN_TU,true,,auto,27,43372,ok,829522,4e41c923d19faed2ca877c51c5502737e3b2d67817ef116e0a5d788a4450d192,files/khoa-cong-nghe-dien-tu/4e41c923d19f.pdf,true,2026-09-30T07:42:48+00:00,true,,
5410f8642cfb,CHUONG-1_GIOI-THIEU.pdf,https://fet.iuh.edu.vn/upload/06690045/files/CHUONG-1_GIOI-THIEU.pdf,https://fet.iuh.edu.vn/giangvien@tranquyhuu,Khoa Công nghệ Điện tử,HCM,KHOA_CN_DIEN_TU,false,1,auto,31,35627,ok,1635205,5410f8642cfb22043cf8b94c5780043582974905f6cc06422867159e36afc933,files/khoa-cong-nghe-dien-tu/5410f8642cfb.pdf,true,2026-09-30T07:42:24+00:00,true,,
547180ebb309,ScanKeHoachTTDN_R.pdf,https://fet.iuh.edu.vn/upload/files/2023/ScanKeHoachTTDN_R.pdf,https://fet.iuh.edu.vn/news.html@detail@292@799@BMVT-thong-bao-ve-ke-hoach-thuc-tap-K16,Khoa Công nghệ Điện tử,HCM,KHOA_CN_DIEN_TU,false,3,auto,1,0,scanned,692150,547180ebb3099876a9c863af1e62de6ca06fec1f915a08e7eae791fc618b8d0a,scanned_pdf/khoa-cong-nghe-dien-tu/547180ebb309.pdf,true,2026-09-30T07:43:13+00:00,false,,
568a016a57f5,web_SAR_2023.pdf,https://fet.iuh.edu.vn/upload/files/web_SAR_2023.pdf,https://fet.iuh.edu.vn/category.html@312@Bao-cao-ket-qua-tu-danh-gia,Khoa Công nghệ Điện tử,HCM,KHOA_CN_DIEN_TU,true,,auto,15,44680,ok,2724795,568a016a57f5fb95589b7f11950d983fdafe58ca3bb5755243522b5dd2cd223c,files/khoa-cong-nghe-dien-tu/568a016a57f5.pdf,true,2026-09-30T07:44:12+00:00,true,,
5833bf93d23a,2023_08_10-tb-948-Tuyen-sinh-Tien-si-nam-2023-2(1).pdf,https://fet.iuh.edu.vn/upload/files/2023_08_10-tb-948-Tuyen-sinh-Tien-si-nam-2023-2(1).pdf,https://fet.iuh.edu.vn/news.html@detail@273@730@Tuyen-sinh-tien-si-Ky-thuat-dien-tu-nam-2023-%E2%80%93-Dot-2,Khoa Công nghệ Điện tử,HCM,KHOA_CN_DIEN_TU,true,,auto,7,0,scanned,5091249,5833bf93d23ab9b294a8866549fa7eea846b1e25305b765292de8ed63f02c328,scanned_pdf/khoa-cong-nghe-dien-tu/5833bf93d23a.pdf,true,2026-09-30T07:43:16+00:00,false,,
5899053fa53a,Slide Bai giang LKDT 2021.pdf,https://fet.iuh.edu.vn/upload/0199900059/files/Slide%20Bai%20giang%20LKDT%202021.pdf,https://fet.iuh.edu.vn/giangvien@luuthevinh,Khoa Công nghệ Điện tử,HCM,KHOA_CN_DIEN_TU,true,,auto,503,162931,ok,16846304,5899053fa53ac8619d77552a4fa862e0476995fe1cce4a6b5b7a4e567663a4a8,files/khoa-cong-nghe-dien-tu/5899053fa53a.pdf,true,2026-09-30T07:42:19+00:00,false,,
6012030422bf,ctdt ky thuat thiet ke vi mach.pdf,https://fet.iuh.edu.vn/upload/files/ctdt%20ky%20thuat%20thiet%20ke%20vi%20mach.pdf,https://fet.iuh.edu.vn/category.html@296@Gioi-thieu,Khoa Công nghệ Điện tử,HCM,KHOA_CN_DIEN_TU,true,,auto,9,10163,ok,345220,6012030422bfcf94d8d3c377bcf6c6efcf0302fbe81d74676b2a2f811fa2fb9d,files/khoa-cong-nghe-dien-tu/6012030422bf.pdf,true,2026-09-30T07:44:06+00:00,true,,
6aa085a7bee2,CTK_Lien thong DH_CD_CNKTMT_2020.pdf,https://fet.iuh.edu.vn/upload/files/2021/02/CTK_Lien%20thong%20DH_CD_CNKTMT_2020.pdf,https://fet.iuh.edu.vn/news.html@detail@222@417@Lien-thong-nganh-Cong-nghe-ky-thuat-may-tinh,Khoa Công nghệ Điện tử,HCM,KHOA_CN_DIEN_TU,true,,auto,20,31651,ok,123691,6aa085a7bee2991fcb463d0e204cf82b440b261a40e2bf2023673e566551918c,files/khoa-cong-nghe-dien-tu/6aa085a7bee2.pdf,true,2026-09-30T07:42:40+00:00,true,,
6f08a2dfc489,2023-dot-1-2023_08_01-TB-942-Tuyen-sinh-Ths-CS1.pdf,https://fet.iuh.edu.vn/upload/files/2023-dot-1-2023_08_01-TB-942-Tuyen-sinh-Ths-CS1.pdf,https://fet.iuh.edu.vn/news.html@detail@273@731@Tuyen-sinh-thac-si-Ky-thuat-dien-tu-nam-2023-dot-2,Khoa Công nghệ Điện tử,HCM,KHOA_CN_DIEN_TU,true,,auto,10,0,scanned,6816028,6f08a2dfc489f627bff74fbb388e5684e16400190f137ea85c38344702455164,scanned_pdf/khoa-cong-nghe-dien-tu/6f08a2dfc489.pdf,true,2026-09-30T07:43:09+00:00,false,,
705ba209606f,Ds TN T3_2026.pdf,https://fet.iuh.edu.vn/upload/files/Ds%20TN%20T3_2026.pdf,https://fet.iuh.edu.vn/news.html@detail@264@929@THONG-BAO-VE-VIEC-CAP-BANG-TOT-NGHIEP-DOT-THANG-03-NAM-2026-,Khoa Công nghệ Điện tử,HCM,KHOA_CN_DIEN_TU,true,,auto,4,7374,garbled_ocr,3408948,705ba209606f86debca8cce3de237db059fcbc52741597c5b9c3baf069a784ba,scanned_pdf/khoa-cong-nghe-dien-tu/705ba209606f.pdf,true,2026-09-30T07:43:37+00:00,false,,
74625650cab8,tb31-2025.pdf,https://fet.iuh.edu.vn/upload/files/tb31-2025.pdf,https://fet.iuh.edu.vn/news.html@detail@273@844@Tuyen-sinh-Dao-tao-lien-thong-tu-trinh-do-Cao-dang-len-trinh-do-Dai-hoc-dot-1-nam-2025,Khoa Công nghệ Điện tử,HCM,KHOA_CN_DIEN_TU,true,,auto,2,0,scanned,984354,74625650cab8a772a8d8e1fb528ff4bdc34b2b54d243e72785fdf68ad0671e58,scanned_pdf/khoa-cong-nghe-dien-tu/74625650cab8.pdf,true,2026-09-30T07:44:09+00:00,false,,
757b312c2afe,ctdt cong nghe ky thuat may tinh_tcta.pdf,https://fet.iuh.edu.vn/upload/files/ctdt%20cong%20nghe%20ky%20thuat%20may%20tinh_tcta.pdf,https://fet.iuh.edu.vn/category.html@296@Gioi-thieu,Khoa Công nghệ Điện tử,HCM,KHOA_CN_DIEN_TU,true,,auto,9,10337,ok,344960,757b312c2afeb517f0c9da8e095a684f7558b05a58a7c283a4233124a50f1802,files/khoa-cong-nghe-dien-tu/757b312c2afe.pdf,true,2026-09-30T07:44:03+00:00,true,,
78e0d1a8d151,CKT-DTVT-2022-Web.pdf,https://fet.iuh.edu.vn/upload/files/2022/CKT-DTVT-2022-Web.pdf,https://fet.iuh.edu.vn/news.html@detail@211@427@Dai-hoc-%E2%80%93-Cong-nghe-ky-thuat-dien-tu-vien-thong-(Chuyen-nganh-Ky-thuat-vien-thong),Khoa Công nghệ Điện tử,HCM,KHOA_CN_DIEN_TU,true,,auto,7,10917,ok,536205,78e0d1a8d151a9aa6cba6e320513f8a4c5d3e1b250bb9a731224ab3f9a40e9d3,files/khoa-cong-nghe-dien-tu/78e0d1a8d151.pdf,true,2026-09-30T07:43:02+00:00,true,,
7b54cf35f015,QD_ThanhLapHoiDong_KLTN.pdf,https://fet.iuh.edu.vn/upload/files/QD_ThanhLapHoiDong_KLTN.pdf,https://fet.iuh.edu.vn/news.html@detail@292@713@BMVT-thong-bao-lich-bao-ve-Luan-van-tot-nghiep-cho-sinh-vien-da-dang-ky-trong-hoc-ky-I-nam-hoc-2022-2023.,Khoa Công nghệ Điện tử,HCM,KHOA_CN_DIEN_TU,false,1,auto,1,1140,garbled_ocr,536301,7b54cf35f015934604603ae0b17d2cb669621bdba81d709601099c90451fe041,scanned_pdf/khoa-cong-nghe-dien-tu/7b54cf35f015.pdf,true,2026-09-30T07:43:49+00:00,false,,
8337003c3db5,FET_Student_Handbook_2023.pdf,https://fet.iuh.edu.vn/upload/files/2023/FET_Student_Handbook_2023.pdf,https://fet.iuh.edu.vn/news.html@detail@211@427@Dai-hoc-%E2%80%93-Cong-nghe-ky-thuat-dien-tu-vien-thong-(Chuyen-nganh-Ky-thuat-vien-thong),Khoa Công nghệ Điện tử,HCM,KHOA_CN_DIEN_TU,true,,auto,21,22221,ok,7757701,8337003c3db5234462c330eecce1b5922713f95da3f13e50343e94620d886147,files/khoa-cong-nghe-dien-tu/8337003c3db5.pdf,true,2026-09-30T07:43:11+00:00,true,,
8b186822e737,1_ YearBook 2020 Reduced.pdf,https://fet.iuh.edu.vn/upload/files/2020/1_%20YearBook%202020%20Reduced.pdf,https://fet.iuh.edu.vn/news.html@detail@211@427@Dai-hoc-%E2%80%93-Cong-nghe-ky-thuat-dien-tu-vien-thong-(Chuyen-nganh-Ky-thuat-vien-thong),Khoa Công nghệ Điện tử,HCM,KHOA_CN_DIEN_TU,true,,auto,3,1694,garbled_ocr,809582,8b186822e737e080f07d546785448097fb1210edee260403ace0ab013369193e,scanned_pdf/khoa-cong-nghe-dien-tu/8b186822e737.pdf,true,2026-09-30T07:42:27+00:00,false,,
90a8c10aa75c,Khung chuong trinh_cnktmt_2020.pdf,https://fet.iuh.edu.vn/upload/files/2021/02/Khung%20chuong%20trinh_cnktmt_2020.pdf,https://fet.iuh.edu.vn/category.html@296@Gioi-thieu,Khoa Công nghệ Điện tử,HCM,KHOA_CN_DIEN_TU,true,,auto,42,72411,ok,929801,90a8c10aa75c62a3378d87b8d68f0f9218adfd75c1ece0ec9a96cc191108d754,files/khoa-cong-nghe-dien-tu/90a8c10aa75c.pdf,true,2026-09-30T07:42:46+00:00,true,,
930827a7d146,CTK_lienthong_DTVT20AVL.pdf,https://fet.iuh.edu.vn/upload/files/2024/CTK_lienthong_DTVT20AVL.pdf,https://fet.iuh.edu.vn/news.html@detail@222@424@Lien-thong-nganh-Cong-nghe-Ky-thuat-Dien-tu-vien-thong,Khoa Công nghệ Điện tử,HCM,KHOA_CN_DIEN_TU,true,,auto,2,5131,ok,131945,930827a7d146970483e63f0d4405b320f408708e0c26bac018d7c18cb1982154,files/khoa-cong-nghe-dien-tu/930827a7d146.pdf,true,2026-09-30T07:43:19+00:00,true,,
9488bf91fd8a,Ths_KTDT_huong_NC.pdf,https://fet.iuh.edu.vn/upload/files/Ths_KTDT_huong_NC.pdf,https://fet.iuh.edu.vn/category.html@217@Thac-si,Khoa Công nghệ Điện tử,HCM,KHOA_CN_DIEN_TU,true,,auto,10,12832,ok,859976,9488bf91fd8aecf0229b553661bef966b99502b3d6883f4ff34998a413e81909,files/khoa-cong-nghe-dien-tu/9488bf91fd8a.pdf,true,2026-09-30T07:43:56+00:00,true,,
979010ee5e8f,Tkb_hk2_HuynhMinhNgoc_KDT.pdf,https://fet.iuh.edu.vn/upload/01280010/files/Tkb_hk2_HuynhMinhNgoc_KDT.pdf,https://fet.iuh.edu.vn/giangvien@huynhminhngoc,Khoa Công nghệ Điện tử,HCM,KHOA_CN_DIEN_TU,true,,auto,1,79,scanned,1041298,979010ee5e8f1ceaf6babf7a44905beafa89714d57325814e12c59d87b84c220,scanned_pdf/khoa-cong-nghe-dien-tu/979010ee5e8f.pdf,true,2026-09-30T07:42:04+00:00,false,,
9792a58b182d,CNKTMA2022_CTKhung.pdf,https://fet.iuh.edu.vn/upload/files/2021/02/CNKTMA2022_CTKhung.pdf,https://fet.iuh.edu.vn/category.html@296@Gioi-thieu,Khoa Công nghệ Điện tử,HCM,KHOA_CN_DIEN_TU,true,,auto,8,11638,ok,170573,9792a58b182dad74e4cb1acd62b7219240785f2714cd77b48b364b75d50d7ad5,files/khoa-cong-nghe-dien-tu/9792a58b182d.pdf,true,2026-09-30T07:42:38+00:00,true,,
992e0f3eb7a2,CTK-DTVT-2020-Web.pdf,https://fet.iuh.edu.vn/upload/files/2020/CTK-DTVT-2020-Web.pdf,https://fet.iuh.edu.vn/news.html@detail@211@427@Dai-hoc-%E2%80%93-Cong-nghe-ky-thuat-dien-tu-vien-thong-(Chuyen-nganh-Ky-thuat-vien-thong),Khoa Công nghệ Điện tử,HCM,KHOA_CN_DIEN_TU,false,4,auto,8,12395,ok,448942,992e0f3eb7a2e9d20341a31107e356ce86420469454e1d852473ed417c3bd0b4,files/khoa-cong-nghe-dien-tu/992e0f3eb7a2.pdf,true,2026-09-30T07:42:30+00:00,true,,
9ae248ba7b83,TKB_27_8_2020.pdf,https://fet.iuh.edu.vn/upload/01280010/files/TKB_27_8_2020.pdf,https://fet.iuh.edu.vn/giangvien@huynhminhngoc,Khoa Công nghệ Điện tử,HCM,KHOA_CN_DIEN_TU,true,,auto,2,70,scanned,270014,9ae248ba7b83cc89e1ec816ecadf6b6b0518702c6ea121de1e49f3a32ea696bd,scanned_pdf/khoa-cong-nghe-dien-tu/9ae248ba7b83.pdf,true,2026-09-30T07:41:54+00:00,false,,
9e5bdd3503b1,06_ PL 4-huong-nghien-cuu-tien-si-2025-1-Dien tu(2).pdf,https://fet.iuh.edu.vn/upload/files/06_%20PL%204-huong-nghien-cuu-tien-si-2025-1-Dien%20tu(2).pdf,https://fet.iuh.edu.vn/category.html@313@Tien-si,Khoa Công nghệ Điện tử,HCM,KHOA_CN_DIEN_TU,true,,auto,2,3115,ok,530578,9e5bdd3503b11503189c5fbe40ab2ba48ed3a8122f3411f400267dc6a0c2adb4,files/khoa-cong-nghe-dien-tu/9e5bdd3503b1.pdf,true,2026-09-30T07:42:26+00:00,true,,
a30060fed863,ctdt cong nghe ky thuat may tinh(1).pdf,https://fet.iuh.edu.vn/upload/files/ctdt%20cong%20nghe%20ky%20thuat%20may%20tinh(1).pdf,https://fet.iuh.edu.vn/category.html@296@Gioi-thieu,Khoa Công nghệ Điện tử,HCM,KHOA_CN_DIEN_TU,false,3,auto,9,10072,ok,343445,a30060fed86387666730993a3513a349e2bdb233dd83349b1ba3ef363bf154e6,files/khoa-cong-nghe-dien-tu/a30060fed863.pdf,true,2026-09-30T07:44:01+00:00,true,,
a603e5009319,lichtruc_tiepsinhvien.pdf,https://fet.iuh.edu.vn/upload/01280010/files/lichtruc_tiepsinhvien.pdf,https://fet.iuh.edu.vn/giangvien@huynhminhngoc,Khoa Công nghệ Điện tử,HCM,KHOA_CN_DIEN_TU,false,4,auto,1,136,ok,18761,a603e50093196b5f2c88dbaed4fd557c5da33ad77dfcae16eb1c4756d91ad68e,files/khoa-cong-nghe-dien-tu/a603e5009319.pdf,true,2026-09-30T07:42:06+00:00,true,,
ac35531d9c6c,BMMT tong hop huong dan TTDN.pdf,https://fet.iuh.edu.vn/upload/files/2021/02/BMMT%20tong%20hop%20huong%20dan%20TTDN.pdf,https://fet.iuh.edu.vn/news.html@detail@299@560@Danh-sach-giang-vien-huong-dan-SV-thuc-tap-doanh-nghiep-lop-DTMT14A-va-13AHL,Khoa Công nghệ Điện tử,HCM,KHOA_CN_DIEN_TU,false,4,auto,4,4033,ok,262159,ac35531d9c6cabf97c01d257e669d99a71fc7c01d3a5bb1dffb524bb50755a7b,files/khoa-cong-nghe-dien-tu/ac35531d9c6c.pdf,true,2026-09-30T07:42:34+00:00,true,,
ae9ab2bc9a6a,dtcs-de-tai-kltn-coso.pdf,https://fet.iuh.edu.vn/upload/files/2021/02/dtcs-de-tai-kltn-coso.pdf,https://fet.iuh.edu.vn/news.html@detail@299@556@BMMT-thong-bao-thuc-hien-de-tai-KLTN-cho-DTMT14A-va-Hoc-lai,Khoa Công nghệ Điện tử,HCM,KHOA_CN_DIEN_TU,false,2,auto,12,12502,ok,335175,ae9ab2bc9a6a43b184c2935c0f764ac1dd7bb9a3f3b1dba884a3ea9d7b8f2fbd,files/khoa-cong-nghe-dien-tu/ae9ab2bc9a6a.pdf,true,2026-09-30T07:42:50+00:00,true,,
b3a2333f57a8,TKB_28_7_2018.pdf,https://fet.iuh.edu.vn/upload/01280010/files/TKB_28_7_2018.pdf,https://fet.iuh.edu.vn/giangvien@huynhminhngoc,Khoa Công nghệ Điện tử,HCM,KHOA_CN_DIEN_TU,true,,auto,1,1500,broken_encoding,98819,b3a2333f57a87aa6284188201149d3f3c9ab20a24fd8ad40868b5f93ab556c19,scanned_pdf/khoa-cong-nghe-dien-tu/b3a2333f57a8.pdf,true,2026-09-30T07:41:57+00:00,false,,
b6ed4a44386f,tkb_hk1_2019_2020.pdf,https://fet.iuh.edu.vn/upload/01280010/files/tkb_hk1_2019_2020.pdf,https://fet.iuh.edu.vn/giangvien@huynhminhngoc,Khoa Công nghệ Điện tử,HCM,KHOA_CN_DIEN_TU,false,4,auto,1,82,scanned,403605,b6ed4a44386f1dde1f0c9e5041a704aee204e93d02674a118fcc7ad09e510839,scanned_pdf/khoa-cong-nghe-dien-tu/b6ed4a44386f.pdf,true,2026-09-30T07:42:12+00:00,false,,
c4b82536c54f,07-slide-02-cong-tac-chu-nhiem-nh-2020-2021-20201224052130-e.pdf,https://fet.iuh.edu.vn/upload/06690045/files/07-slide-02-cong-tac-chu-nhiem-nh-2020-2021-20201224052130-e.pdf,https://fet.iuh.edu.vn/giangvien@tranquyhuu,Khoa Công nghệ Điện tử,HCM,KHOA_CN_DIEN_TU,true,,auto,5,3241,ok,868336,c4b82536c54fa0e6bb22eebfc4a34e664cdb62acce486571f9d84eb0793ee3bf,files/khoa-cong-nghe-dien-tu/c4b82536c54f.pdf,true,2026-09-30T07:42:21+00:00,true,,
c6f5b30caf2e,tkb_26_12_2019.pdf,https://fet.iuh.edu.vn/upload/01280010/files/tkb_26_12_2019.pdf,https://fet.iuh.edu.vn/giangvien@huynhminhngoc,Khoa Công nghệ Điện tử,HCM,KHOA_CN_DIEN_TU,true,,auto,3,79,scanned,442908,c6f5b30caf2e6ea7e971c4bea480b3c6bcb7293f8e22d4e7c1e5b2670a413a24,scanned_pdf/khoa-cong-nghe-dien-tu/c6f5b30caf2e.pdf,true,2026-09-30T07:42:10+00:00,false,,
c7c919ac33e5,Baigiang_Cosokythuattudong_HMNgoc.pdf,https://fet.iuh.edu.vn/upload/01280010/files/Baigiang_Cosokythuattudong_HMNgoc.pdf,https://fet.iuh.edu.vn/giangvien@huynhminhngoc,Khoa Công nghệ Điện tử,HCM,KHOA_CN_DIEN_TU,true,,auto,1,132,ok,18562,c7c919ac33e58ad850c1c0e299baef8ee0026b6dc1dafed7683e10140ebc0d5e,files/khoa-cong-nghe-dien-tu/c7c919ac33e5.pdf,true,2026-09-30T07:41:48+00:00,true,,
cbfe44a1a5fd,TKB_24_08_2021.pdf,https://fet.iuh.edu.vn/upload/01280010/files/TKB_24_08_2021.pdf,https://fet.iuh.edu.vn/giangvien@huynhminhngoc,Khoa Công nghệ Điện tử,HCM,KHOA_CN_DIEN_TU,true,,auto,1,89,scanned,398401,cbfe44a1a5fd73c19b2ddd62ac2fc74b7d0bb71707bd8cee70124332c9f71c34,scanned_pdf/khoa-cong-nghe-dien-tu/cbfe44a1a5fd.pdf,true,2026-09-30T07:41:51+00:00,false,,
d81d862f858b,DecuongTS_NC3.pdf,https://fet.iuh.edu.vn/upload/files/DecuongTS_NC3.pdf,"https://fet.iuh.edu.vn/news.html@detail@264@890@Lich-bao-ve-luan-van-thac-si,-cac-chuyen-de-NCS",Khoa Công nghệ Điện tử,HCM,KHOA_CN_DIEN_TU,true,,auto,1,1356,ok,71101,d81d862f858bb9594230b5e7189c0473b9d24ab2d7e58abc33afbebdff019ea3,files/khoa-cong-nghe-dien-tu/d81d862f858b.pdf,true,2026-09-30T07:43:32+00:00,true,,
ddb39ec359ea,2_ YearBook 2022 Reduced.pdf,https://fet.iuh.edu.vn/upload/files/2022/2_%20YearBook%202022%20Reduced.pdf,https://fet.iuh.edu.vn/news.html@detail@211@427@Dai-hoc-%E2%80%93-Cong-nghe-ky-thuat-dien-tu-vien-thong-(Chuyen-nganh-Ky-thuat-vien-thong),Khoa Công nghệ Điện tử,HCM,KHOA_CN_DIEN_TU,true,,auto,3,1857,garbled_ocr,649279,ddb39ec359ead96815e5c7e9f9a70f568b9896551166d9bc47604826426d82d1,scanned_pdf/khoa-cong-nghe-dien-tu/ddb39ec359ea.pdf,true,2026-09-30T07:42:59+00:00,false,,
ddca500c176b,ISDEA & MLCI 2026 Agenda Overview.pdf,https://fet.iuh.edu.vn/upload/files/2026/ISDEA%20%26%20MLCI%202026%20Agenda%20Overview.pdf,https://fet.iuh.edu.vn/news.html@detail@256@935@Hoi-nghi-khoa-hoc-ISDEA-&-MLCI-2026,Khoa Công nghệ Điện tử,HCM,KHOA_CN_DIEN_TU,false,2,auto,3,3615,ok,290333,ddca500c176b5095571f0e38006e4384c6ddfaa0f53ed4e7e7e28e318f37fe94,files/khoa-cong-nghe-dien-tu/ddca500c176b.pdf,true,2026-09-30T07:43:27+00:00,true,,
e4f71822bb31,Khung chuong trinh_cnktmt_2016.pdf,https://fet.iuh.edu.vn/upload/files/2021/02/Khung%20chuong%20trinh_cnktmt_2016.pdf,https://fet.iuh.edu.vn/category.html@296@Gioi-thieu,Khoa Công nghệ Điện tử,HCM,KHOA_CN_DIEN_TU,false,4,auto,41,13512,ok,13355644,e4f71822bb316764c50a94f36898b68ba52ad7a637feeb28b3255fb5a06cd552,files/khoa-cong-nghe-dien-tu/e4f71822bb31.pdf,true,2026-09-30T07:42:42+00:00,true,,
e5e2ee5c215a,FET_Student_Handbook_2025.pdf,https://fet.iuh.edu.vn/upload/files/2025/FET_Student_Handbook_2025.pdf,https://fet.iuh.edu.vn/news.html@detail@211@427@Dai-hoc-%E2%80%93-Cong-nghe-ky-thuat-dien-tu-vien-thong-(Chuyen-nganh-Ky-thuat-vien-thong),Khoa Công nghệ Điện tử,HCM,KHOA_CN_DIEN_TU,true,,auto,23,26230,ok,9716896,e5e2ee5c215a56a4b5d72e779023316cd59f3173a6145b98c386adeb3b4353c6,files/khoa-cong-nghe-dien-tu/e5e2ee5c215a.pdf,true,2026-09-30T07:43:23+00:00,true,,
ee7c2f2d337e,Chuong trinh khung k15.pdf,https://fet.iuh.edu.vn/upload/files/2020/Chuong%20trinh%20khung%20k15.pdf,https://fet.iuh.edu.vn/news.html@detail@211@427@Dai-hoc-%E2%80%93-Cong-nghe-ky-thuat-dien-tu-vien-thong-(Chuyen-nganh-Ky-thuat-vien-thong),Khoa Công nghệ Điện tử,HCM,KHOA_CN_DIEN_TU,true,,auto,4,7194,ok,188553,ee7c2f2d337e8bd4955f98fa344627697f517e678c4d239433d2518c9925a25e,files/khoa-cong-nghe-dien-tu/ee7c2f2d337e.pdf,true,2026-09-30T07:42:31+00:00,true,,
f1bf006e62a6,Ths_KTDT_huong_UD.pdf,https://fet.iuh.edu.vn/upload/files/Ths_KTDT_huong_UD.pdf,https://fet.iuh.edu.vn/category.html@217@Thac-si,Khoa Công nghệ Điện tử,HCM,KHOA_CN_DIEN_TU,true,,auto,10,12249,ok,909980,f1bf006e62a606852a02d79e99e4fe9ed7cf85b7f78fc295e097f32bd362c603,files/khoa-cong-nghe-dien-tu/f1bf006e62a6.pdf,true,2026-09-30T07:43:58+00:00,true,,
00a123f09286,kl70a-f2425-k17-thong-bao-ve-kltn-20251227102420-e.pdf,https://faet.iuh.edu.vn/upload/files/Khoa%20lu%E1%BA%ADn%20t%E1%BB%91t%20nghiep/kl70a-f2425-k17-thong-bao-ve-kltn-20251227102420-e.pdf,https://faet.iuh.edu.vn/news.html@detail@363@658@Thong-bao-V-v-bao-ve-khoa-luan-tot-nghiep-dot-1-nam-hoc-2025-2026,Khoa Công nghệ Động lực,HCM,KHOA_CN_DONG_LUC,true,,auto,5,7368,ok,216139,00a123f09286d61fa583cbe5a1e7580a966cfa16d2b3f68957bf8af09f66d393,files/khoa-cong-nghe-dong-luc/00a123f09286.pdf,true,2026-09-30T07:43:07+00:00,true,,
0626b7c065b1,TB-dong-hoc-phi-HK1_2020.pdf,http://faet.iuh.edu.vn/wp-content/uploads/2020/07/TB-dong-hoc-phi-HK1_2020.pdf,"https://faet.iuh.edu.vn/news.html@detail@363@351@Thong-bao-ve-viec-dang-ky-hoc-phan-va-dong-hoc-phi-hoc-ky-I,-nam-2020-2021",Khoa Công nghệ Động lực,HCM,KHOA_CN_DONG_LUC,true,,auto,2,0,scanned,1019739,0626b7c065b1c8e3be4e679e9333003edab8783c2352f36596fadc68009a2120,scanned_pdf/khoa-cong-nghe-dong-luc/0626b7c065b1.pdf,true,2026-09-30T07:42:15+00:00,false,,
0b16fee1ccfb,PL1-1.pdf,https://ipe.iuh.edu.vn/uploads/2025/03/PL1-1.pdf,https://faet.iuh.edu.vn/news.html@detail@401@610@Thong-bao-tuyen-sinh-dao-tao-trinh-do-Thac-si-nam-2025-%E2%80%93-Dot-1,Khoa Công nghệ Động lực,HCM,KHOA_CN_DONG_LUC,true,,auto,6,11569,ok,390554,0b16fee1ccfbc4516013518aef6c04b96293efb0db3d604ce174b81e9b9bab9b,files/khoa-cong-nghe-dong-luc/0b16fee1ccfb.pdf,false,2026-09-30T07:43:56+00:00,true,,
0ebe6b169efc,20241207-FAET-2425-Thong bao Dang ki KLTN (DHOT17).pdf,https://faet.iuh.edu.vn/upload/files/Khoa%20lu%E1%BA%ADn%20t%E1%BB%91t%20nghiep/20241207-FAET-2425-Thong%20bao%20Dang%20ki%20KLTN%20(DHOT17).pdf,https://faet.iuh.edu.vn/news.html@detail@363@601@Thong-bao-v-v-dang-ky-khoa-luan-tot-nghiep-nam-hoc-2024-2025,Khoa Công nghệ Động lực,HCM,KHOA_CN_DONG_LUC,true,,auto,19,55278,ok,525884,0ebe6b169efc22e0dd1ae3736edaa397004765d78e01a16c81755ea353485fdd,files/khoa-cong-nghe-dong-luc/0ebe6b169efc.pdf,true,2026-09-30T07:43:01+00:00,true,,
121daa8c7641,KL2_2a-F2526-Thong bao cac dề tai KLTN dang thực hiện.pdf,https://faet.iuh.edu.vn/upload/files/T%E1%BB%91t%20nghi%E1%BB%87p/KL2_2a-F2526-Thong%20bao%20cac%20d%E1%BB%81%20tai%20KLTN%20dang%20th%E1%BB%B1c%20hi%E1%BB%87n.pdf,https://faet.iuh.edu.vn/news.html@detail@363@664@Danh-sach-de-tai-Khoa-luan-tot-nghiep-dang-thuc-hien-2025-2026,Khoa Công nghệ Động lực,HCM,KHOA_CN_DONG_LUC,true,,auto,17,47479,ok,1039619,121daa8c7641a38be93dafbb5a5363c8abf5b7efc4a9ce30b7f881c76b07b7d3,files/khoa-cong-nghe-dong-luc/121daa8c7641.pdf,true,2026-09-30T07:43:19+00:00,true,,
1a268ea35716,03-lich-kham-suc-khoe-2020.pdf,http://faet.iuh.edu.vn/wp-content/uploads/2020/10/03-lich-kham-suc-khoe-2020.pdf,https://faet.iuh.edu.vn/news.html@detail@365@471@Thong-bao-lich-kham-suc-khoe-dau-nam-hoc-cho-sinh-vien-lop-DHOT16-moi-nhap-hoc-2020,Khoa Công nghệ Động lực,HCM,KHOA_CN_DONG_LUC,true,,auto,1,2733,ok,297266,1a268ea35716032335935ec33b2a32e253e98dbb90e5c693571e364b4b92340d,files/khoa-cong-nghe-dong-luc/1a268ea35716.pdf,true,2026-09-30T07:42:25+00:00,true,,
1c3480ec95fa,hd0124_dhcn - Huong dan MGHP2024-2025.pdf,https://iuh.edu.vn/Resource/Upload2/files/2024/08/hd0124_dhcn%20-%20Huong%20dan%20MGHP2024-2025.pdf,https://faet.iuh.edu.vn/news.html@detail@271@584@Cac-van-ban-danh-cho-Tan-sinh-vien-K20-nam-2024,Khoa Công nghệ Động lực,HCM,KHOA_CN_DONG_LUC,false,2,auto,7,12532,garbled_ocr,2655635,1c3480ec95faa2aba675582e98a347790b8876b9ac0c9f9ec6a6c54fdf4a5247,scanned_pdf/khoa-cong-nghe-dong-luc/1c3480ec95fa.pdf,true,2026-09-30T07:44:34+00:00,false,,
1d15e4d0e2ec,ke-hoach-hoc-mon-gdqp-an-nam-hoc-2020-2021.pdf,http://faet.iuh.edu.vn/wp-content/uploads/2020/10/ke-hoach-hoc-mon-gdqp-an-nam-hoc-2020-2021.pdf,"https://faet.iuh.edu.vn/news.html@detail@365@472@Thong-bao-ke-hoach,-lich-hoc-mon-GDQP&AN-lop-DHOT-khoa-16-hoc-ky-1-nam-hoc-2020-2021",Khoa Công nghệ Động lực,HCM,KHOA_CN_DONG_LUC,false,3,auto,3,0,scanned,834781,1d15e4d0e2ec2e8fb0469f9411c7bec83042fbaa6bc930ae4d9d9c78de6644e2,scanned_pdf/khoa-cong-nghe-dong-luc/1d15e4d0e2ec.pdf,true,2026-09-30T07:42:27+00:00,false,,
21410d70cc06,TN-08.2020.pdf,http://faet.iuh.edu.vn/wp-content/uploads/2020/08/TN-08.2020.pdf,https://faet.iuh.edu.vn/news.html@detail@363@356@Thong-bao-danh-sach-sinh-vien-duoc-tot-nghiep-dot-xet-thang-8-2020,Khoa Công nghệ Động lực,HCM,KHOA_CN_DONG_LUC,false,1,auto,2,8990,ok,595832,21410d70cc068c4b405128d08cff842f7b2af443c9e1cecdf5ed1e10bf6cf103,files/khoa-cong-nghe-dong-luc/21410d70cc06.pdf,true,2026-09-30T07:42:21+00:00,true,,
28bbd7201f0f,tin-tuyen-dung-vietranstimex-20210316041903-e.pdf,http://faet.iuh.edu.vn/wp-content/uploads/2021/03/tin-tuyen-dung-vietranstimex-20210316041903-e.pdf,https://faet.iuh.edu.vn/news.html@detail@325@544@Cong-ty-van-tai-Vietranstimex-tuyen-dung-nhan-su,Khoa Công nghệ Động lực,HCM,KHOA_CN_DONG_LUC,true,,auto,1,2099,ok,221758,28bbd7201f0ff80f0b6941afb4318704b54d6abb13ed76fd6e80c998e5c87d52,files/khoa-cong-nghe-dong-luc/28bbd7201f0f.pdf,true,2026-09-30T07:42:35+00:00,true,,
29f7eb290abb,Quytrinh_Hoatdong_NCKH_SV_IUH_09-10-2017.pdf,https://faet.iuh.edu.vn/upload/files/Nghien%20c%E1%BB%A9u%20khoa%20h%E1%BB%8Dc%20sinh%20vien/Quytrinh_Hoatdong_NCKH_SV_IUH_09-10-2017.pdf,https://faet.iuh.edu.vn/bieumau.html@266@Bieu-mau,Khoa Công nghệ Động lực,HCM,KHOA_CN_DONG_LUC,true,,auto,7,0,scanned,3146124,29f7eb290abb4c9688ef40bbbe4bc902f3a81863feb46f6c134f6c2685953779,scanned_pdf/khoa-cong-nghe-dong-luc/29f7eb290abb.pdf,true,2026-09-30T07:43:08+00:00,false,,
2e0538397cc5,FORM-TUYEN-DUNG-CONG-TAC-VIEN-SINH-VIEN.pdf,http://faet.iuh.edu.vn/wp-content/uploads/2019/03/FORM-TUYEN-DUNG-CONG-TAC-VIEN-SINH-VIEN.pdf,https://faet.iuh.edu.vn/news.html@detail@325@536@CONG-TY-TNHH-MTV-DAU-TU-VINAB2B-TUYEN-DUNG,Khoa Công nghệ Động lực,HCM,KHOA_CN_DONG_LUC,true,,auto,1,1000,ok,686786,2e0538397cc5367615d2f30ef6ba732a773a466e057167149660c3673bd11b3a,files/khoa-cong-nghe-dong-luc/2e0538397cc5.pdf,true,2026-09-30T07:41:51+00:00,true,,
329dedd4d58e,KH-34-2024.pdf,https://iuh.edu.vn/Resource/Upload2/files/2024/08/KH-34-2024.pdf,https://faet.iuh.edu.vn/news.html@detail@271@584@Cac-van-ban-danh-cho-Tan-sinh-vien-K20-nam-2024,Khoa Công nghệ Động lực,HCM,KHOA_CN_DONG_LUC,true,,auto,6,0,scanned,2753078,329dedd4d58ea512e33ba3e83a31a869d3e2aca9238eff643d36a90e99df6c9e,scanned_pdf/khoa-cong-nghe-dong-luc/329dedd4d58e.pdf,true,2026-09-30T07:44:30+00:00,false,,
3600fbde6ae3,TUYEN-DUNG-CONG-TAC-VIEN-SINH-VIEN.pdf,http://faet.iuh.edu.vn/wp-content/uploads/2019/03/TUYEN-DUNG-CONG-TAC-VIEN-SINH-VIEN.pdf,https://faet.iuh.edu.vn/news.html@detail@325@536@CONG-TY-TNHH-MTV-DAU-TU-VINAB2B-TUYEN-DUNG,Khoa Công nghệ Động lực,HCM,KHOA_CN_DONG_LUC,false,3,auto,1,1658,ok,738932,3600fbde6ae3a9936abcd6b38265f7f033d8d8e81c3d3cd4afe24b1cea258dc2,files/khoa-cong-nghe-dong-luc/3600fbde6ae3.pdf,true,2026-09-30T07:41:57+00:00,true,,
376e6520c03a,KL4_0b-2526k18-Thong bao bảo vệ dề cuong (K18).pdf,https://faet.iuh.edu.vn/upload/files/T%E1%BB%91t%20nghi%E1%BB%87p/KL4_0b-2526k18-Thong%20bao%20b%E1%BA%A3o%20v%E1%BB%87%20d%E1%BB%81%20cuong%20(K18).pdf,https://faet.iuh.edu.vn/news.html@detail@363@674@Thong-bao-V-v-to-chuc-bao-ve-De-cuong-Khoa-luan-tot-nghiep-nam-hoc-2025-2026,Khoa Công nghệ Động lực,HCM,KHOA_CN_DONG_LUC,true,,auto,2,4273,ok,237874,376e6520c03a3f11df90cd18b3da3a5337239e581107fe44977417dd908b5f98,files/khoa-cong-nghe-dong-luc/376e6520c03a.pdf,true,2026-09-30T07:43:20+00:00,true,,
3c87c646ea19,qd-danh-gia-diem-ren-luyen-2026.pdf,https://faet.iuh.edu.vn/upload/files/qd-danh-gia-diem-ren-luyen-2026.pdf,https://faet.iuh.edu.vn/news.html@detail@363@696@Quy-dinh-danh-gia-ket-qua-ren-luyen-doi-voi-sinh-vien-Truong-Dai-hoc-Cong-nghiep-TP.HCM.,Khoa Công nghệ Động lực,HCM,KHOA_CN_DONG_LUC,true,,auto,13,0,scanned,3651781,3c87c646ea1997b76d52a224d62c063866d51911318b55a600b5a557224d0241,scanned_pdf/khoa-cong-nghe-dong-luc/3c87c646ea19.pdf,true,2026-09-30T07:43:44+00:00,false,,
4fefddb12cd2,04-04-2019_16.31.23chuongtrinhhocbongnusv_2019.pdf,http://faet.iuh.edu.vn/wp-content/uploads/2019/04/04-04-2019_16.31.23chuongtrinhhocbongnusv_2019.pdf,https://faet.iuh.edu.vn/news.html@detail@365@461@Thong-bao-chuong-trinh-hoc-bong-nu-sinh-ky-thuat-nam-2019,Khoa Công nghệ Động lực,HCM,KHOA_CN_DONG_LUC,true,,auto,6,0,scanned,1036165,4fefddb12cd230d16618075d7c5f925c80217a0c84ef4663563f7ab4d02ab2dc,scanned_pdf/khoa-cong-nghe-dong-luc/4fefddb12cd2.pdf,true,2026-09-30T07:42:00+00:00,false,,
513a793957dd,PL2-1.pdf,https://ipe.iuh.edu.vn/uploads/2025/03/PL2-1.pdf,https://faet.iuh.edu.vn/news.html@detail@401@610@Thong-bao-tuyen-sinh-dao-tao-trinh-do-Thac-si-nam-2025-%E2%80%93-Dot-1,Khoa Công nghệ Động lực,HCM,KHOA_CN_DONG_LUC,false,2,auto,1,1563,ok,358404,513a793957dd66b9a263cc55ab8dc94a3ab3152b982ee831298cf9a6a0d892ac,files/khoa-cong-nghe-dong-luc/513a793957dd.pdf,false,2026-09-30T07:43:58+00:00,true,,
515b9af77fc5,16_09_ THACO AUTO TAI BUS TP_ HCM THONG BAO TUYEN DUNG  _ DH Cong Nghiệp.pdf,https://faet.iuh.edu.vn/upload/files/16_09_%20THACO%20AUTO%20TAI%20BUS%20TP_%20HCM%20THONG%20BAO%20TUYEN%20DUNG%20%20_%20DH%20Cong%20Nghi%E1%BB%87p.pdf,https://faet.iuh.edu.vn/news.html@detail@324@571@Cong-ty-Thaco-Auto-Tai-Bus-TPHCM-tuyen-dung-nhan-su,Khoa Công nghệ Động lực,HCM,KHOA_CN_DONG_LUC,false,2,auto,2,2566,ok,226632,515b9af77fc5a7c238217e03a14e6531e41027383c07ac7a653bf1e2b59b60c8,files/khoa-cong-nghe-dong-luc/515b9af77fc5.pdf,true,2026-09-30T07:42:41+00:00,true,,
540b005bf528,QD-2566-22-11-2018-chi-tien-hoc-bong-hieu-hoc-nam-2018.pdf,http://faet.iuh.edu.vn/wp-content/uploads/2018/11/QD-2566-22-11-2018-chi-tien-hoc-bong-hieu-hoc-nam-2018.pdf,https://faet.iuh.edu.vn/news.html@detail@365@455@Thong-bao-chi-tien-hoc-bong-sinh-vien-vuot-kho-hieu-hoc-nam-2018,Khoa Công nghệ Động lực,HCM,KHOA_CN_DONG_LUC,true,,auto,8,0,scanned,6386748,540b005bf5288b05d6950bd9edf8bc50bdfeea1deb4918358c34db8335a26083,scanned_pdf/khoa-cong-nghe-dong-luc/540b005bf528.pdf,true,2026-09-30T07:41:45+00:00,false,,
5d0def35602d,202512251112.pdf,https://faet.iuh.edu.vn/upload/files/Cao%20h%E1%BB%8Dc%20(Th.S)/202512251112.pdf,https://faet.iuh.edu.vn/news.html@detail@363@660@Quyet-dinh-v-v-cong-nhan-hoc-vien-nhap-hoc-ky-thi-tuyen-sinh-dao-tao-trinh-do-thac-si-dot-2-nam-2025,Khoa Công nghệ Động lực,HCM,KHOA_CN_DONG_LUC,true,,auto,18,0,scanned,4591968,5d0def35602d4fe1b5def5e00c5c8c94e25381c7797561b8dccd8be1ca6febdf,scanned_pdf/khoa-cong-nghe-dong-luc/5d0def35602d.pdf,true,2026-09-30T07:42:53+00:00,false,,
5e639a8dc1a5,KL2_0c-F2526-Thong bao dang ki KLTN-v2.pdf,https://faet.iuh.edu.vn/upload/files/Khoa%20lu%E1%BA%ADn%20t%E1%BB%91t%20nghiep/KL2_0c-F2526-Thong%20bao%20dang%20ki%20KLTN-v2.pdf,https://faet.iuh.edu.vn/news.html@detail@363@650@Thong-bao-v-v-dang-ky-khoa-luan-tot-nghiep-nam-hoc-2025-2026,Khoa Công nghệ Động lực,HCM,KHOA_CN_DONG_LUC,true,,auto,41,174711,ok,957990,5e639a8dc1a59a4bbf6fcdd2dee2357a573916ebefeaa3f668ccc02ce1127439,files/khoa-cong-nghe-dong-luc/5e639a8dc1a5.pdf,true,2026-09-30T07:43:05+00:00,true,,
605d42edf8a2,20250507-FAET-THONG BAO BẢO VỆ DỀ CUONG-DHOT17 (1).pdf,https://faet.iuh.edu.vn/upload/files/20250507-FAET-THONG%20BAO%20B%E1%BA%A2O%20V%E1%BB%86%20D%E1%BB%80%20CUONG-DHOT17%20(1).pdf,https://faet.iuh.edu.vn/news.html@detail@394@624@Thong-bao-v-v-Bao-ve-de-cuong-khoa-luan-tot-nghiep-2024-2025,Khoa Công nghệ Động lực,HCM,KHOA_CN_DONG_LUC,false,4,auto,16,36870,ok,802595,605d42edf8a20e2ed2d7a5fc90b1f0f18810559d4042591aa5897743a39b85c0,files/khoa-cong-nghe-dong-luc/605d42edf8a2.pdf,true,2026-09-30T07:42:47+00:00,true,,
64b3b160dc52,TB-thuc-tap-huong-luong-NB-osaka.pdf,https://faet.iuh.edu.vn/upload/files/TB-thuc-tap-huong-luong-NB-osaka.pdf,https://faet.iuh.edu.vn/news.html@detail@363@590@Thong-bao-tien-cu-sinh-vien-di-thuc-tap-co-huong-luong-tai-OSAKA_Nhat-Ban,Khoa Công nghệ Động lực,HCM,KHOA_CN_DONG_LUC,false,2,auto,1,0,scanned,503399,64b3b160dc5225ddd8d7880807e00c2884f0e56f117d8d1b343bdb08873aba6b,scanned_pdf/khoa-cong-nghe-dong-luc/64b3b160dc52.pdf,true,2026-09-30T07:43:32+00:00,false,,
65809bab8ae4,20190307.pdf,http://faet.iuh.edu.vn/wp-content/uploads/2019/03/20190307.pdf,https://faet.iuh.edu.vn/news.html@detail@325@538@Cong-ty-CP-Van-tai-Da-Phuong-Thuc-Vietranstimex-tuyen-dung,Khoa Công nghệ Động lực,HCM,KHOA_CN_DONG_LUC,true,,auto,4,0,scanned,866372,65809bab8ae4493ab5adb3d13cfd45d6e2f1aaac5d2f3ff812f6409fb0411d88,scanned_pdf/khoa-cong-nghe-dong-luc/65809bab8ae4.pdf,true,2026-09-30T07:41:49+00:00,false,,
66eaad376d44,Tuyen-Daikyo-thang-6_7.pdf,https://faet.iuh.edu.vn/upload/files/Tuyen-Daikyo-thang-6_7.pdf,"https://faet.iuh.edu.vn/news.html@detail@363@597@Thong-bao-tien-cu-sinh-vien-di-thuc-tap-co-huong-luong-tai-Nhat-Ban-thang-6,-7-va-8-nam-2025",Khoa Công nghệ Động lực,HCM,KHOA_CN_DONG_LUC,true,,auto,1,0,scanned,678401,66eaad376d440292f456da69d8058dd1cae2be85ece05bdede294d761b4334f5,scanned_pdf/khoa-cong-nghe-dong-luc/66eaad376d44.pdf,true,2026-09-30T07:43:42+00:00,false,,
683713a90a1d,Mẫu-đơn-phúc-khảo.pdf,http://tqa.iuh.edu.vn/wp-content/uploads/2018/02/M%E1%BA%ABu-%C4%91%C6%A1n-ph%C3%BAc-kh%E1%BA%A3o.pdf,https://faet.iuh.edu.vn/news.html@detail@271@578@Quy-dinh-phuc-khao,Khoa Công nghệ Động lực,HCM,KHOA_CN_DONG_LUC,true,,auto,1,0,scanned,56639,683713a90a1da1ff4bf85c5bd474fdd128dfa52730db0561fb76adc6eb8e067c,scanned_pdf/khoa-cong-nghe-dong-luc/683713a90a1d.pdf,false,2026-09-30T07:42:40+00:00,false,,
69dffa3d7082,tb-855-20240529031437-e(1).pdf,https://faet.iuh.edu.vn/upload/files/tb-855-20240529031437-e(1).pdf,https://faet.iuh.edu.vn/news.html@detail@363@562@Thong-bao-v-v-to-chuc-le-Be-giang-va-phat-bang-Tot-nghiep-nam-2024,Khoa Công nghệ Động lực,HCM,KHOA_CN_DONG_LUC,false,3,auto,3,0,scanned,994919,69dffa3d7082207fa62007cfa5178a7007826adf4ba804f8c63bbff604bfb889,scanned_pdf/khoa-cong-nghe-dong-luc/69dffa3d7082.pdf,true,2026-09-30T07:43:51+00:00,false,,
6aaa35cb80d6,tb-95.pdf,http://faet.iuh.edu.vn/wp-content/uploads/2020/08/tb-95.pdf,https://faet.iuh.edu.vn/news.html@detail@363@357@Thong-bao-ve-viec-thuc-hien-ke-hoach-xet-cong-nhan-tot-nghiep-vao-thang-10-nam-2020,Khoa Công nghệ Động lực,HCM,KHOA_CN_DONG_LUC,true,,auto,1,0,scanned,380579,6aaa35cb80d6100e0673b96cf34ec3cd47a0023ab928fe8676222e4498bbf673,scanned_pdf/khoa-cong-nghe-dong-luc/6aaa35cb80d6.pdf,true,2026-09-30T07:42:24+00:00,false,,
70e1cbfc9477,TB-KSuTam-Viet-Oto-Hyogo.pdf,https://faet.iuh.edu.vn/upload/files/TB-KSuTam-Viet-Oto-Hyogo.pdf,"https://faet.iuh.edu.vn/news.html@detail@363@611@Thong-bao-v-v-tuyen-Ky-su-di-lam-viec-tai-Nhat-Ban_Sua-chua-bao-duong-o-to,-than-vo-o-to-va-quan-ly-dao-tao-(Phong-van-thang-04-nam-2025)",Khoa Công nghệ Động lực,HCM,KHOA_CN_DONG_LUC,true,,auto,1,0,scanned,668727,70e1cbfc9477b400580c08eba3eac4abebf715fff7193c550191f9c59fad10f1,scanned_pdf/khoa-cong-nghe-dong-luc/70e1cbfc9477.pdf,true,2026-09-30T07:43:30+00:00,false,,
7278ed8924e7,lich-hoc-gdqp-an-hk1-nam-hoc-2020-2021.pdf,http://faet.iuh.edu.vn/wp-content/uploads/2020/10/lich-hoc-gdqp-an-hk1-nam-hoc-2020-2021.pdf,"https://faet.iuh.edu.vn/news.html@detail@365@472@Thong-bao-ke-hoach,-lich-hoc-mon-GDQP&AN-lop-DHOT-khoa-16-hoc-ky-1-nam-hoc-2020-2021",Khoa Công nghệ Động lực,HCM,KHOA_CN_DONG_LUC,false,4,auto,11,16217,ok,401571,7278ed8924e7061778af05333111d1a011ca6fa003ae5feabdfbda0167a8dd61,files/khoa-cong-nghe-dong-luc/7278ed8924e7.pdf,true,2026-09-30T07:42:31+00:00,true,,
7716f9985444,06-03-2019_11.31.28kh-toa-dam-doi-thoai.pdf,http://faet.iuh.edu.vn/wp-content/uploads/2019/03/06-03-2019_11.31.28kh-toa-dam-doi-thoai.pdf,https://faet.iuh.edu.vn/news.html@detail@365@456@Ke-hoach-Toa-dam-Doi-thoai-giua-lanh-dao-nha-truong-va-sinh-vien,Khoa Công nghệ Động lực,HCM,KHOA_CN_DONG_LUC,true,,auto,4,7256,garbled_ocr,2558859,7716f99854447dd3e68c4c72c161807cb1ba385faacdafb30765ac86f3e03d76,scanned_pdf/khoa-cong-nghe-dong-luc/7716f9985444.pdf,true,2026-09-30T07:41:47+00:00,false,,
7c432fbe9fd5,TB_TTDN_HK1_26_27.pdf,https://faet.iuh.edu.vn/upload/files/TB_TTDN_HK1_26_27.pdf,https://faet.iuh.edu.vn/news.html@detail@363@695@Thong-bao-v-v-trien-khai-Thuc-tap-Doanh-nghiep-cho-sinh-vien-o-HK1-2026-2027,Khoa Công nghệ Động lực,HCM,KHOA_CN_DONG_LUC,true,,auto,1,1104,garbled_ocr,283468,7c432fbe9fd5454e82154074bb36534898ea58afa0db33d6f5075ddf75e64cdd,scanned_pdf/khoa-cong-nghe-dong-luc/7c432fbe9fd5.pdf,true,2026-09-30T07:43:36+00:00,false,,
83d724e4efbc,Quy_trinh_thuc_hien_thuc_tap_DN_2025_he_DH.pdf,https://faet.iuh.edu.vn/upload/files/Th%E1%BB%B1c%20t%E1%BA%ADp%20t%E1%BB%91t%20nghi%E1%BB%87p/Quy_trinh_thuc_hien_thuc_tap_DN_2025_he_DH.pdf,https://faet.iuh.edu.vn/bieumau.html@266@Bieu-mau,Khoa Công nghệ Động lực,HCM,KHOA_CN_DONG_LUC,true,,auto,1,1913,ok,494116,83d724e4efbc42810ad0ebfc3bdf3a898a0fbe73da92c05f3b50df34e11c33b3,files/khoa-cong-nghe-dong-luc/83d724e4efbc.pdf,true,2026-09-30T07:43:38+00:00,true,,
8a2d6b656486,PHU MỸ FORD_TUYỂN DỤNG_NHAN VIEN KINH DOANH.pdf,https://faet.iuh.edu.vn/upload/files/PHU%20M%E1%BB%B8%20FORD_TUY%E1%BB%82N%20D%E1%BB%A4NG_NHAN%20VIEN%20KINH%20DOANH.pdf,https://faet.iuh.edu.vn/news.html@detail@324@586@Cong-ty-co-phan-Ford-Phu-My-tuyen-dung-Nhan-vien-kinh-doanh,Khoa Công nghệ Động lực,HCM,KHOA_CN_DONG_LUC,true,,auto,2,0,scanned,750830,8a2d6b65648645d04cebca2c8cc8556f30d1b948db0125c9570f539ce76cc4c3,scanned_pdf/khoa-cong-nghe-dong-luc/8a2d6b656486.pdf,true,2026-09-30T07:43:10+00:00,false,,
9595fceb7cae,Chi-hoc-bong-HK1-2018-2019.pdf,http://faet.iuh.edu.vn/wp-content/uploads/2019/04/Chi-hoc-bong-HK1-2018-2019.pdf,https://faet.iuh.edu.vn/news.html@detail@365@460@Thong-bao-ve-viec-nhan-tien-hoc-bong-Hoc-ky-1-nam-hoc-2018-2019,Khoa Công nghệ Động lực,HCM,KHOA_CN_DONG_LUC,true,,auto,88,0,scanned,28617378,9595fceb7caec61a02a6dc916f70d4e3804148c09c03e2f0626bc2b2d21b57ea,scanned_pdf/khoa-cong-nghe-dong-luc/9595fceb7cae.pdf,true,2026-09-30T07:42:04+00:00,false,,
973c01f0859f,tin-tuyen-dung-bosch-20210316041859-e.pdf,http://faet.iuh.edu.vn/wp-content/uploads/2021/03/tin-tuyen-dung-bosch-20210316041859-e.pdf,https://faet.iuh.edu.vn/news.html@detail@325@545@Cong-ty-Bosch-Viet-nam-tuyen-dung-nhan-su,Khoa Công nghệ Động lực,HCM,KHOA_CN_DONG_LUC,false,4,auto,4,7107,garbled_ocr,194122,973c01f0859fbacea1620280fdf522210afc249163bbc397ced0e17131acc126,scanned_pdf/khoa-cong-nghe-dong-luc/973c01f0859f.pdf,true,2026-09-30T07:42:34+00:00,false,,
99de2785caf2,QuyTrinhHocVu.pdf,https://faet.iuh.edu.vn/upload/files/QuyTrinhHocVu.pdf,https://faet.iuh.edu.vn/news.html@detail@271@579@Quy-trinh-giai-quyet-hoc-vu,Khoa Công nghệ Động lực,HCM,KHOA_CN_DONG_LUC,true,,auto,4,9941,ok,320950,99de2785caf2742c8494aba3d5713f9d84db6fe0f041fbada7299f7f39032222,files/khoa-cong-nghe-dong-luc/99de2785caf2.pdf,true,2026-09-30T07:43:13+00:00,true,,
9c89d9035cea,Thong_bao_cập_nhật_dề_tai_lần_2_va_kế_hoạch_phản_biện_(DHOT17).pdf,https://faet.iuh.edu.vn/upload/files/T%E1%BB%91t%20nghi%E1%BB%87p/Thong_bao_c%E1%BA%ADp_nh%E1%BA%ADt_d%E1%BB%81_tai_l%E1%BA%A7n_2_va_k%E1%BA%BF_ho%E1%BA%A1ch_ph%E1%BA%A3n_bi%E1%BB%87n_(DHOT17).pdf,https://faet.iuh.edu.vn/news.html@detail@363@655@Thong-bao-v-v-cap-nhat-de-tai-va-Phan-bien-khoa-luan-tot-nghiep-dot-1-nam-hoc-2025-2026,Khoa Công nghệ Động lực,HCM,KHOA_CN_DONG_LUC,false,4,auto,2,2364,ok,219572,9c89d9035cea5827afed7b218ce7ba7fb52a038faeb43320744a089fb35b7199,files/khoa-cong-nghe-dong-luc/9c89d9035cea.pdf,true,2026-09-30T07:43:24+00:00,true,,
a1ad9e0bba72,ke-hoach-kham-suc-khoe-nam-2020.pdf,http://faet.iuh.edu.vn/wp-content/uploads/2020/10/ke-hoach-kham-suc-khoe-nam-2020.pdf,https://faet.iuh.edu.vn/news.html@detail@365@471@Thong-bao-lich-kham-suc-khoe-dau-nam-hoc-cho-sinh-vien-lop-DHOT16-moi-nhap-hoc-2020,Khoa Công nghệ Động lực,HCM,KHOA_CN_DONG_LUC,true,,auto,2,0,scanned,701224,a1ad9e0bba7236c9daebca6ddc4300b12dfeb64e6a3f3ace7a2f20a4f2afd40e,scanned_pdf/khoa-cong-nghe-dong-luc/a1ad9e0bba72.pdf,true,2026-09-30T07:42:29+00:00,false,,
aba16ce06681,20241205-FAET-F2-THONG-BAO-BẢO-VỆ-KHOA-LUẬN-DHOT16.pdf,https://faet.iuh.edu.vn/upload/files/Khoa%20lu%E1%BA%ADn%20t%E1%BB%91t%20nghiep/20241205-FAET-F2-THONG-BAO-B%E1%BA%A2O-V%E1%BB%86-KHOA-LU%E1%BA%ACN-DHOT16.pdf,https://faet.iuh.edu.vn/news.html@detail@363@600@Thong-bao-v-v-ke-hoach-to-chuc-danh-gia-khoa-luan-tot-nghiep-he-Dai-hoc-khoa-16-nam-2024,Khoa Công nghệ Động lực,HCM,KHOA_CN_DONG_LUC,true,,auto,2,3076,ok,201263,aba16ce06681a0e4e49f70b86176596ab254fb7bc80b77832ec5b0283003ea33,files/khoa-cong-nghe-dong-luc/aba16ce06681.pdf,true,2026-09-30T07:42:58+00:00,true,,
ad6f256e201e,Ke-hoach-dao-tao-2018_2022.pdf,http://faet.iuh.edu.vn/wp-content/uploads/2019/03/Ke-hoach-dao-tao-2018_2022.pdf,https://faet.iuh.edu.vn/news.html@detail@211@452@Ke-hoach-dao-tao-he-Dai-hoc-chinh-quy-nien-khoa-2018_2022,Khoa Công nghệ Động lực,HCM,KHOA_CN_DONG_LUC,true,,auto,10,11014,ok,438708,ad6f256e201e01c35bc79a68418ea10f8f559f2136cc9ab8534fb40bc9f25e71,files/khoa-cong-nghe-dong-luc/ad6f256e201e.pdf,true,2026-09-30T07:41:54+00:00,true,,
aea894973929,iuh-netalink-chuong-trinh-viet-cv-va-chinh-phuc-nha-tuyen-dung.pdf,http://faet.iuh.edu.vn/wp-content/uploads/2021/08/iuh-netalink-chuong-trinh-viet-cv-va-chinh-phuc-nha-tuyen-dung.pdf,https://faet.iuh.edu.vn/news.html@detail@324@525@Hoi-thao-%E2%80%9C-Ky-nang-viet-CV-va-chinh-phuc-nha-tuyen-dung%E2%80%9D,Khoa Công nghệ Động lực,HCM,KHOA_CN_DONG_LUC,true,,auto,3,3207,ok,267650,aea89497392979399330287fea52e49ecac73fa909fa85810b1f72be324204b6,files/khoa-cong-nghe-dong-luc/aea894973929.pdf,true,2026-09-30T07:42:37+00:00,true,,
b3dded682730,tb34_tuyen_sinh_dai_hoc_he_chinh_quy_nam_2019.pdf,http://faet.iuh.edu.vn/wp-content/uploads/2019/05/tb34_tuyen_sinh_dai_hoc_he_chinh_quy_nam_2019.pdf,https://faet.iuh.edu.vn/news.html@detail@400@441@Thong-bao-tuyen-sinh-dai-hoc-he-chinh-quy-nam-2019,Khoa Công nghệ Động lực,HCM,KHOA_CN_DONG_LUC,true,,auto,4,7691,garbled_ocr,1954903,b3dded68273005d6dabfb9b825c622be17ce60ff6cb1cb4d1307fe24674aaa02,scanned_pdf/khoa-cong-nghe-dong-luc/b3dded682730.pdf,true,2026-09-30T07:42:06+00:00,false,,
b8e5f6c8859b,ke_hoach_ngay_hoi_tuyen_dung_2020.pdf,http://faet.iuh.edu.vn/wp-content/uploads/2020/05/ke_hoach_ngay_hoi_tuyen_dung_2020.pdf,"https://faet.iuh.edu.vn/news.html@detail@324@521@Ke-hoach-to-chuc-Ngay-hoi-tuyen-dung,-viec-lam-nam-2020",Khoa Công nghệ Động lực,HCM,KHOA_CN_DONG_LUC,true,,auto,3,0,scanned,2013644,b8e5f6c8859b0f615e09caad4506f965b58437a6dbe3b6e283cdecda0a151809,scanned_pdf/khoa-cong-nghe-dong-luc/b8e5f6c8859b.pdf,true,2026-09-30T07:42:12+00:00,false,,
b988c8579e47,k17-vhvl-thong-bao-bao-ve-hd-kltn-dot-2-hk3-2025-2026.pdf,https://faet.iuh.edu.vn/upload/files/T%E1%BB%91t%20nghi%E1%BB%87p/k17-vhvl-thong-bao-bao-ve-hd-kltn-dot-2-hk3-2025-2026.pdf,https://faet.iuh.edu.vn/news.html@detail@363@690@Thong-bao-v-v-bao-ve-khoa-luan-tot-nghiep-dot-2-nam-hoc-2025-2026,Khoa Công nghệ Động lực,HCM,KHOA_CN_DONG_LUC,true,,auto,6,10466,ok,322541,b988c8579e47c02b67fc6c397a378d59cdafc5e1798e9cb9be8162c9440823a7,files/khoa-cong-nghe-dong-luc/b988c8579e47.pdf,true,2026-09-30T07:43:29+00:00,true,,
ce0269f1ab99,FILE_tuyen-dung-cty-mekong-xanh.pdf,http://faet.iuh.edu.vn/wp-content/uploads/2019/10/FILE_tuyen-dung-cty-mekong-xanh.pdf,https://faet.iuh.edu.vn/news.html@detail@325@541@Chi-nhanh-Cong-ty-CPTM-Me-kong-xanh-tai-Binh-Duong-tuyen-dung,Khoa Công nghệ Động lực,HCM,KHOA_CN_DONG_LUC,false,2,auto,1,21,scanned,335982,ce0269f1ab991aee39969f43c342dc8fa59ecfc8349161c7f6923ab643db1125,scanned_pdf/khoa-cong-nghe-dong-luc/ce0269f1ab99.pdf,true,2026-09-30T07:42:10+00:00,false,,
d252b2acc459,TB_Mở LHP D2_HK2_24_25.pdf,https://faet.iuh.edu.vn/upload/files/TB_M%E1%BB%9F%20LHP%20D2_HK2_24_25.pdf,https://faet.iuh.edu.vn/news.html@detail@363@591@Thong-bao-v-v-mo-lop-hoc-phan-(hoc-lai)-dot-2-o-hoc-ky-2-nam-hoc-2024-2025,Khoa Công nghệ Động lực,HCM,KHOA_CN_DONG_LUC,false,2,auto,1,1201,garbled_ocr,363978,d252b2acc45935b730bd929a145f47bd31aac306da64a99cae119e7f93337d35,scanned_pdf/khoa-cong-nghe-dong-luc/d252b2acc459.pdf,true,2026-09-30T07:43:34+00:00,false,,
d51faca7f55c,202512111055.pdf,https://faet.iuh.edu.vn/upload/files/Cao%20h%E1%BB%8Dc%20(Th.S)/202512111055.pdf,https://faet.iuh.edu.vn/news.html@detail@401@656@Quyet-dinh-cong-nhan-tot-nghiep-va-cap-bang-Thac-si-dot-thang-11-nam-2025,Khoa Công nghệ Động lực,HCM,KHOA_CN_DONG_LUC,true,,auto,12,0,scanned,4093089,d51faca7f55c7f93f37db6ad15fc3df4f5bdea945ac604bbec09eb8bfc2a475a,scanned_pdf/khoa-cong-nghe-dong-luc/d51faca7f55c.pdf,true,2026-09-30T07:42:51+00:00,false,,
d977294d610b,202411211138.pdf,https://faet.iuh.edu.vn/upload/files/202411211138.pdf,https://faet.iuh.edu.vn/news.html@detail@217@595@Thong-bao-cap-hoc-bong-khuyen-khich-hoc-tap-trinh-do-thac-si-cho-sinh-vien-tot-nghiep-dot-thang-10-nam-2024,Khoa Công nghệ Động lực,HCM,KHOA_CN_DONG_LUC,false,4,auto,18,0,scanned,9901918,d977294d610b0beb8579a8565fcbdceb2bda1a9407c9de292f334132f34070ab,scanned_pdf/khoa-cong-nghe-dong-luc/d977294d610b.pdf,true,2026-09-30T07:42:43+00:00,false,,
d9c0dce3645d,202511300938.pdf,https://faet.iuh.edu.vn/upload/files/Cao%20h%E1%BB%8Dc%20(Th.S)/202511300938.pdf,https://faet.iuh.edu.vn/news.html@detail@363@653@Quyet-dinh-v-v-cong-nhan-thi-sinh-trung-tuyen-ky-thi-tuyen-sinh-dao-tao-trinh-do-thac-si-nam-2025-dot-2,Khoa Công nghệ Động lực,HCM,KHOA_CN_DONG_LUC,false,1,auto,18,0,scanned,4130593,d9c0dce3645d1768546acc8b49d536b7426576b86ab0be7aeab5771f257c66e4,scanned_pdf/khoa-cong-nghe-dong-luc/d9c0dce3645d.pdf,true,2026-09-30T07:42:50+00:00,false,,
de3fd20131ff,TUYEN-DUNG-2019-DIEU-CHINH.pdf,http://faet.iuh.edu.vn/wp-content/uploads/2018/12/TUYEN-DUNG-2019-DIEU-CHINH.pdf,https://faet.iuh.edu.vn/news.html@detail@325@535@Cong-ty-co-phan-O-to-An-Suong-tuyen-dung-nhan-su,Khoa Công nghệ Động lực,HCM,KHOA_CN_DONG_LUC,true,,auto,1,2784,ok,126097,de3fd20131ffc99b8e40d3b02e12988baba130d689a53b99b89b0b8a7d22fb54,files/khoa-cong-nghe-dong-luc/de3fd20131ff.pdf,true,2026-09-30T07:41:46+00:00,true,,
e18ba2eb1e33,quy-dinh-gio-hoc-va-thi-HK1_2020.pdf,http://faet.iuh.edu.vn/wp-content/uploads/2020/07/quy-dinh-gio-hoc-va-thi-HK1_2020.pdf,https://faet.iuh.edu.vn/news.html@detail@363@352@Thong-bao-gio-hoc-va-gio-thi-ap-dung-cho-hoc-ky-1-nam-hoc-2020-2021,Khoa Công nghệ Động lực,HCM,KHOA_CN_DONG_LUC,true,,auto,1,0,scanned,519271,e18ba2eb1e33415962e5545b6722768fc0c74abf6b3bc50f291dc76724887dd7,scanned_pdf/khoa-cong-nghe-dong-luc/e18ba2eb1e33.pdf,true,2026-09-30T07:42:17+00:00,false,,
e4eb9b8bd89d,202604171540.pdf,https://faet.iuh.edu.vn/upload/files/T%E1%BB%91t%20nghi%E1%BB%87p/202604171540.pdf,https://faet.iuh.edu.vn/news.html@detail@217@672@Quyet-dinh-cong-nhan-tot-nghiep-va-cap-bang-Thac-si-dot-thang-04-nam-2026,Khoa Công nghệ Động lực,HCM,KHOA_CN_DONG_LUC,true,,auto,11,0,scanned,2129263,e4eb9b8bd89d0029b578a55cfee7116047486bdb27d13bddd12aca83279a4dd9,scanned_pdf/khoa-cong-nghe-dong-luc/e4eb9b8bd89d.pdf,true,2026-09-30T07:43:17+00:00,false,,
eaf820295099,Thong bao mở lớp HP (học lại) HK1 26-27.pdf,https://faet.iuh.edu.vn/upload/files/Thong%20bao%20m%E1%BB%9F%20l%E1%BB%9Bp%20HP%20(h%E1%BB%8Dc%20l%E1%BA%A1i)%20HK1%2026-27.pdf,https://faet.iuh.edu.vn/news.html@detail@363@694@Thong-bao-V-v-mo-cac-lop-hoc-phan-(hoc-lai)-o-hoc-ky-1-nam-hoc-2026-2027,Khoa Công nghệ Động lực,HCM,KHOA_CN_DONG_LUC,false,2,auto,1,0,scanned,486502,eaf820295099f2159ef986ff1ccd4025d631ce3aa04b69b1a80944279bafc3a1,scanned_pdf/khoa-cong-nghe-dong-luc/eaf820295099.pdf,true,2026-09-30T07:43:40+00:00,false,,
f5690d6fbfff,Danh sach HD khoa luận TN dợt 1 2025_2026.pdf,https://faet.iuh.edu.vn/upload/files/Khoa%20lu%E1%BA%ADn%20t%E1%BB%91t%20nghiep/Danh%20sach%20HD%20khoa%20lu%E1%BA%ADn%20TN%20d%E1%BB%A3t%201%202025_2026.pdf,https://faet.iuh.edu.vn/news.html@detail@363@659@Thong-bao-danh-sach-hoi-dong-bao-ve-khoa-luan-tot-nghiep-dot-1-2025_2025,Khoa Công nghệ Động lực,HCM,KHOA_CN_DONG_LUC,true,,auto,13,40911,ok,444856,f5690d6fbfff8ae61fbfb2282b76c6d434f3ddb37b1c7bfe31eeb9b30162f302,files/khoa-cong-nghe-dong-luc/f5690d6fbfff.pdf,true,2026-09-30T07:43:03+00:00,true,,
391cbc63ecff,Chuong_trinh_Hoi_thao_Hoa_duoc_2026.pdf,https://fhs.iuh.edu.vn/upload/files/Chuong_trinh_Hoi_thao_Hoa_duoc_2026.pdf,https://fhs.iuh.edu.vn/vi/nghien-cuu-khoa-hoc/hoi-thao-khoa-hoc-quoc-gia-hoa-duoc-va-phat-trien-thuoc-moi-xu-huong-nghien-cuu-va-ung-dung-trong-thoi-ky-hoi-nhap-2214.html,Khoa Khoa học Sức khỏe,HCM,KHOA_KHOA_HOC_SUC_KHOE,true,,auto,3,6974,ok,194680,391cbc63ecffb5e3ca7a008d617c3ea11e68aa1fe3657f212efc00998d1ac097,files/khoa-khoa-hoc-suc-khoe/391cbc63ecff.pdf,true,2026-09-30T07:41:49+00:00,true,,
5187b448464c,THONG BAO.pdf,https://fhs.iuh.edu.vn/upload/files/THONG%20BAO.pdf,https://fhs.iuh.edu.vn/vi/tin-tuc-su-kien/hoi-thao-khoa-hoc-quoc-gia-nam-2026-hoa-duoc-va-phat-trien-thuoc-moi-xu-huong-nghien-cuu-va-ung-dung-trong-thoi-ky-hoi-nhap-2186.html,Khoa Khoa học Sức khỏe,HCM,KHOA_KHOA_HOC_SUC_KHOE,true,,auto,4,0,scanned,1133036,5187b448464cff75e5f831dacd13718ab6fd4e9c8478cfa6b11b81d54e480b23,scanned_pdf/khoa-khoa-hoc-suc-khoe/5187b448464c.pdf,true,2026-09-30T07:41:54+00:00,false,,
70fdd72527ae,tb-996-2026-20260820035234-e.pdf,https://fhs.iuh.edu.vn/upload/files/tb-996-2026-20260820035234-e.pdf,https://fhs.iuh.edu.vn/vi/thong-bao/thong-bao-nop-ho-so-xet-tot-nghiep-dot-thang-10-nam-2026-2203.html,Khoa Khoa học Sức khỏe,HCM,KHOA_KHOA_HOC_SUC_KHOE,false,1,auto,1,0,scanned,275083,70fdd72527ae51465071dd21b3d9682404f831fe102db6f958729fa541b7ed77,scanned_pdf/khoa-khoa-hoc-suc-khoe/70fdd72527ae.pdf,true,2026-09-30T07:42:00+00:00,false,,
8aa931c409cf,TB-866-2026.pdf,https://fhs.iuh.edu.vn/upload/files/TB-866-2026.pdf,https://fhs.iuh.edu.vn/vi/tin-tuc-su-kien/thong-bao-ke-hoach-nghi-he-doi-voi-sinh-vien-nam-2026-2179.html,Khoa Khoa học Sức khỏe,HCM,KHOA_KHOA_HOC_SUC_KHOE,true,,auto,1,0,scanned,218035,8aa931c409cf8523ea4cd39715eea3f6fbbb2085fce2fe51019753809e443748,scanned_pdf/khoa-khoa-hoc-suc-khoe/8aa931c409cf.pdf,true,2026-09-30T07:41:51+00:00,false,,
962acffe8cac,TB_863Vanbang22025.pdf,https://fhs.iuh.edu.vn/upload/files/2025/12/TB_863Vanbang22025.pdf,https://fhs.iuh.edu.vn/vi/thong-tin-tuyen-sinh/tuyen-sinh-dai-hoc-van-bang-2-dot-2-nam-2025-2156.html,Khoa Khoa học Sức khỏe,HCM,KHOA_KHOA_HOC_SUC_KHOE,true,,auto,1,0,scanned,279667,962acffe8cacce3faf899750e966dc1ceeb50a0e009dd887c94c37f8d6f5d6cd,scanned_pdf/khoa-khoa-hoc-suc-khoe/962acffe8cac.pdf,true,2026-09-30T07:41:47+00:00,false,,
9799776c545a,TB-1801-2025.pdf,https://fhs.iuh.edu.vn/upload/files/2025/11/TB-1801-2025.pdf,https://fhs.iuh.edu.vn/vi/thong-bao/thong-bao-ve-nhu-cau-xet-bo-nhiem-chuc-danh-giao-su-pho-giao-su-nam-2025-2063.html,Khoa Khoa học Sức khỏe,HCM,KHOA_KHOA_HOC_SUC_KHOE,false,3,auto,1,0,scanned,283767,9799776c545a422d1739b0d833f0a254eaf3f522f061adae2845422fe4b16f12,scanned_pdf/khoa-khoa-hoc-suc-khoe/9799776c545a.pdf,true,2026-09-30T07:41:44+00:00,false,,
af13828418a2,tb-957-2026-20260803054815-e.pdf,https://fhs.iuh.edu.vn/upload/files/tb-957-2026-20260803054815-e.pdf,https://fhs.iuh.edu.vn/vi/thong-bao/thong-bao-nghi-le-2-9-nam-hoc-2026-2027-2204.html,Khoa Khoa học Sức khỏe,HCM,KHOA_KHOA_HOC_SUC_KHOE,true,,auto,1,0,scanned,250556,af13828418a29dad16e788d3143a5b83018d358ccc731969e2ddfd152c90e666,scanned_pdf/khoa-khoa-hoc-suc-khoe/af13828418a2.pdf,true,2026-09-30T07:41:58+00:00,false,,
cfb4de80576d,tb-1891-2025.pdf,https://fhs.iuh.edu.vn/upload/files/2025/11/tb-1891-2025.pdf,https://fhs.iuh.edu.vn/vi/thong-bao/thong-bao-ve-viec-nghi-tet-duong-lich-tet-nguyen-dan-binh-ngo-nam-2026-2077.html,Khoa Khoa học Sức khỏe,HCM,KHOA_KHOA_HOC_SUC_KHOE,true,,auto,1,0,scanned,314404,cfb4de80576d292edde46b6e923b5f45113387199841eee08b6eb96e326df476,scanned_pdf/khoa-khoa-hoc-suc-khoe/cfb4de80576d.pdf,true,2026-09-30T07:41:46+00:00,false,,
13f97d374d2e,Dự an Hasu Career.pdf,https://ce.iuh.edu.vn/upload/files/D%E1%BB%B1%20an%20Hasu%20Career.pdf,https://ce.iuh.edu.vn/news.html@detail@363@151@Du-an-Hasu-Career,Khoa Kỹ thuật Xây dựng,HCM,KHOA_KY_THUAT_XAY_DUNG,true,,auto,16,6866,ok,2197504,13f97d374d2edec993615bb2846a30c312baa6f4078d5bcc3563df82af440216,files/khoa-ky-thuat-xay-dung/13f97d374d2e.pdf,true,2026-09-30T07:42:45+00:00,true,,
1c14e5f42480,"thong-bao-ve-viec-nghi-tet-duong-lich,-tet-nguyen-dan-nham-dan-nam-2022.pdf","http://ce.iuh.edu.vn/Upload/Files/thong-bao-ve-viec-nghi-tet-duong-lich,-tet-nguyen-dan-nham-dan-nam-2022.pdf","https://ce.iuh.edu.vn/news.html@detail@363@38@Thong-bao-v-v-nghi-hoc-nhan-ngay-Nha-giao-Viet-Nam-20-11,-Tet-Duong-lich-va-Tet-Nguyen-dan-Nham-Dan-nam-2022",Khoa Kỹ thuật Xây dựng,HCM,KHOA_KY_THUAT_XAY_DUNG,false,3,auto,1,0,scanned,473297,1c14e5f424807c09a9afdd091e28a68b071394bbe3ab3774cb565efa10813b68,scanned_pdf/khoa-ky-thuat-xay-dung/1c14e5f42480.pdf,true,2026-09-30T07:41:50+00:00,false,,
2429c0deb2b8,001.pdf,https://ce.iuh.edu.vn/upload/files/001.pdf,"https://ce.iuh.edu.vn/news.html@detail@397@191@Chuyen-de-hoc-tap-va-lam-theo-tu-tuong,-dao-duc-Ho-Chi-Minh-nam-2025",Khoa Kỹ thuật Xây dựng,HCM,KHOA_KY_THUAT_XAY_DUNG,true,,auto,28,17081,ok,2721128,2429c0deb2b877ef58eb09a070ba570c741dda8bc00fce3ee671bf1bc1783db4,files/khoa-ky-thuat-xay-dung/2429c0deb2b8.pdf,true,2026-09-30T07:41:54+00:00,true,,
29a07bd8e3b7,Diểm danh Tập huấn ngay 26_9_2024.pdf,https://ce.iuh.edu.vn/upload/files/Di%E1%BB%83m%20danh%20T%E1%BA%ADp%20hu%E1%BA%A5n%20ngay%2026_9_2024.pdf,https://ce.iuh.edu.vn/news.html@detail@393@147@Danh-sach-diem-danh-can-bo-duoc-trieu-tap-tham-du-tap-huan-vao-thang-9-nam-2024-theo-thong-bao,Khoa Kỹ thuật Xây dựng,HCM,KHOA_KY_THUAT_XAY_DUNG,true,,auto,3,5125,ok,156415,29a07bd8e3b7b831db77222c2f300873cba5455f3e94d12500dfcd1fb2157495,files/khoa-ky-thuat-xay-dung/29a07bd8e3b7.pdf,true,2026-09-30T07:42:47+00:00,true,,
2ea931b832e2,2026_ PDT 17b_Don de nghi xet TN qua han (web_6_2026).pdf,https://ce.iuh.edu.vn/upload/files/2026_%20PDT%2017b_Don%20de%20nghi%20xet%20TN%20qua%20han%20(web_6_2026).pdf,https://ce.iuh.edu.vn/bieumau.html@266@Van-phong-dien-tu,Khoa Kỹ thuật Xây dựng,HCM,KHOA_KY_THUAT_XAY_DUNG,true,,auto,2,3164,ok,180596,2ea931b832e22215cdbb5e44c0f2aef15a1abcecf90892137d915ef014100e2a,files/khoa-ky-thuat-xay-dung/2ea931b832e2.pdf,true,2026-09-30T07:42:29+00:00,true,,
349c775d2027,04_1_QD 2020 - Quy tắc ứng xử của người học năm 2023 - New.pdf,https://ce.iuh.edu.vn/upload/files/04_1_QD%202020%20-%20Quy%20ta%CC%86%CC%81c%20u%CC%9B%CC%81ng%20xu%CC%9B%CC%89%20cu%CC%89a%20ngu%CC%9Bo%CC%9B%CC%80i%20ho%CC%A3c%20na%CC%86m%202023%20-%20New.pdf,https://ce.iuh.edu.vn/news.html@detail@363@145@Mot-so-quy-dinh-quan-trong-danh-cho-Sinh-vien-IUH,Khoa Kỹ thuật Xây dựng,HCM,KHOA_KY_THUAT_XAY_DUNG,true,,auto,5,7798,no_diacritics,1458680,349c775d2027fe0d051f5e77cf8e5cbe3314bcd52e13848546f85aa8c70b2915,scanned_pdf/khoa-ky-thuat-xay-dung/349c775d2027.pdf,true,2026-09-30T07:42:12+00:00,false,,
3a924977346f,huongdansudungemail26082024.pdf,https://csm.iuh.edu.vn/upload/files/huongdan/huongdansudungemail26082024.pdf,https://ce.iuh.edu.vn/news.html@detail@363@145@Mot-so-quy-dinh-quan-trong-danh-cho-Sinh-vien-IUH,Khoa Kỹ thuật Xây dựng,HCM,KHOA_KY_THUAT_XAY_DUNG,true,,auto,9,5316,ok,1214219,3a924977346f66c5c42d30d4720c60aa95d8e31a6a63835329e21cf1a49aa89b,files/khoa-ky-thuat-xay-dung/3a924977346f.pdf,true,2026-09-30T07:43:28+00:00,true,,
3f4615874b89,luat135-2025.pdf,https://ce.iuh.edu.vn/upload/files/luat135-2025.pdf,https://ce.iuh.edu.vn/news.html@detail@397@196@Quy-II-%E2%80%93-Luat-Xay-dung-,Khoa Kỹ thuật Xây dựng,HCM,KHOA_KY_THUAT_XAY_DUNG,true,,auto,68,0,scanned,4366296,3f4615874b8922eb05a3e955d05084ae0d9bedb399c7f59e76c15eea112f5885,scanned_pdf/khoa-ky-thuat-xay-dung/3f4615874b89.pdf,true,2026-09-30T07:43:24+00:00,false,,
4041dd217df8,2026_ PDT 17b_Don de nghi xet TN qua han (co hinh_6_2026).pdf,https://ce.iuh.edu.vn/upload/files/2026_%20PDT%2017b_Don%20de%20nghi%20xet%20TN%20qua%20han%20(co%20hinh_6_2026).pdf,https://ce.iuh.edu.vn/bieumau.html@266@Van-phong-dien-tu,Khoa Kỹ thuật Xây dựng,HCM,KHOA_KY_THUAT_XAY_DUNG,true,,auto,2,3225,ok,311565,4041dd217df83d9c6fbf9b7a315b33d2c0235a6bae4153a8a3bb15e780a8a425,files/khoa-ky-thuat-xay-dung/4041dd217df8.pdf,true,2026-09-30T07:42:27+00:00,true,,
40b3fc835991,08_Don-xin-thoi-hoc.pdf,https://ce.iuh.edu.vn/upload/files/08_Don-xin-thoi-hoc.pdf,https://ce.iuh.edu.vn/bieumau.html@266@Van-phong-dien-tu,Khoa Kỹ thuật Xây dựng,HCM,KHOA_KY_THUAT_XAY_DUNG,true,,auto,1,2062,ok,148774,40b3fc835991fff86b46c164da97b9e02cb4a26aca8e85bcd7f1cb4f82677bc8,files/khoa-ky-thuat-xay-dung/40b3fc835991.pdf,true,2026-09-30T07:42:17+00:00,true,,
425007979249,tb89.pdf,http://ce.iuh.edu.vn/Upload/Files/tb89.pdf,https://ce.iuh.edu.vn/news.html@detail@363@31@Chinh-sach-hoc-bong-khuyen-khich-hoc-tap-va-ho-tro-hoc-phi-[Nam-hoc-2021-2022],Khoa Kỹ thuật Xây dựng,HCM,KHOA_KY_THUAT_XAY_DUNG,true,,auto,2,0,scanned,358611,42500797924964d233eacbe757e491d99d0134561472f3ff7176f2906c2932f8,scanned_pdf/khoa-ky-thuat-xay-dung/425007979249.pdf,true,2026-09-30T07:41:47+00:00,false,,
44aff066c7b0,KLTN_2026_2027_HK1_GVHD_chinhthuc(1).pdf,https://ce.iuh.edu.vn/upload/files/KLTN_2026_2027_HK1_GVHD_chinhthuc(1).pdf,https://ce.iuh.edu.vn/news.html@detail@363@293@Danh-sach-de-tai-Khoa-luan-tot-nghiep-Hoc-ky-I-nam-hoc-2026-2027,Khoa Kỹ thuật Xây dựng,HCM,KHOA_KY_THUAT_XAY_DUNG,true,,auto,6,17727,ok,621469,44aff066c7b05ae52a3357f17e32b3a032662ff14abcced14621a5b178b0a61f,files/khoa-ky-thuat-xay-dung/44aff066c7b0.pdf,true,2026-09-30T07:43:05+00:00,true,,
45abfb4b3d88,noi dung sinh hoat thang 10-da gộp.pdf,https://ce.iuh.edu.vn/upload/files/noi%20dung%20sinh%20hoat%20thang%2010-da%20g%E1%BB%99p.pdf,https://ce.iuh.edu.vn/news.html@detail@393@148@[TB]-Thong-bao-noi-dung-sinh-hoat-lop-thang-10-nam-2024,Khoa Kỹ thuật Xây dựng,HCM,KHOA_KY_THUAT_XAY_DUNG,true,,auto,8,5989,ok,2451322,45abfb4b3d88e09e76461e6c715a2e18fa62816a42d032b3a3300db9ec1eef02,files/khoa-ky-thuat-xay-dung/45abfb4b3d88.pdf,true,2026-09-30T07:43:26+00:00,true,,
45d314928069,CTkhung_QLXD_2024.pdf,https://ce.iuh.edu.vn/upload/files/CTkhung_QLXD_2024.pdf,https://ce.iuh.edu.vn/category.html@390@Chuong-trinh-khung,Khoa Kỹ thuật Xây dựng,HCM,KHOA_KY_THUAT_XAY_DUNG,true,,auto,8,10387,ok,348305,45d3149280694e9758085076ff2de9dc16252acce0734621480c4b80f1540584,files/khoa-ky-thuat-xay-dung/45d314928069.pdf,true,2026-09-30T07:42:41+00:00,true,,
473e10a91b56,02_1_Quy dinh 2017_ dánh giá kết quả rèn luyện  2023 - New.pdf,https://ce.iuh.edu.vn/upload/files/02_1_Quy%20dinh%202017_%20da%CC%81nh%20gia%CC%81%20ke%CC%82%CC%81t%20qua%CC%89%20re%CC%80n%20luye%CC%A3%CC%82n%20%202023%20-%20New.pdf,https://ce.iuh.edu.vn/news.html@detail@363@145@Mot-so-quy-dinh-quan-trong-danh-cho-Sinh-vien-IUH,Khoa Kỹ thuật Xây dựng,HCM,KHOA_KY_THUAT_XAY_DUNG,false,3,auto,11,19869,no_diacritics,3492372,473e10a91b5600dd6e3e66bb1bff06c9a427061029d2a8b474d4c2cc98b9f5e1,scanned_pdf/khoa-ky-thuat-xay-dung/473e10a91b56.pdf,true,2026-09-30T07:42:02+00:00,false,,
488677e3c196,20260825_Quy dịnh về Diểm ren luyện.pdf,https://ce.iuh.edu.vn/upload/files/20260825_Quy%20d%E1%BB%8Bnh%20v%E1%BB%81%20Di%E1%BB%83m%20ren%20luy%E1%BB%87n.pdf,https://ce.iuh.edu.vn/news.html@detail@363@295@Quy-di%CC%A3nh-die%CC%89m-re%CC%80n-luye%CC%A3n-nam-ho%CC%A3c-2026-2027,Khoa Kỹ thuật Xây dựng,HCM,KHOA_KY_THUAT_XAY_DUNG,false,3,auto,21,2153,ok,3820404,488677e3c1962657a2710294db1473d20bd631f43aac862f8d0c1786ed58a1d4,files/khoa-ky-thuat-xay-dung/488677e3c196.pdf,true,2026-09-30T07:42:24+00:00,true,,
4ab43153bd1b,Kỹ su xay dựng Vinh Cong - Nam - 3 nam.pdf,https://ce.iuh.edu.vn/upload/files/K%E1%BB%B9%20su%20xay%20d%E1%BB%B1ng%20Vinh%20Cong%20-%20Nam%20-%203%20nam.pdf,https://ce.iuh.edu.vn/news.html@detail@363@149@Tuyen-dung-don-hang-ky-su-xay-dung-tai-Dai-Loan-2024,Khoa Kỹ thuật Xây dựng,HCM,KHOA_KY_THUAT_XAY_DUNG,true,,auto,2,0,scanned,1176889,4ab43153bd1b052ba35059999011ba54ef0d6eded7e3fa1def52e43b070c32aa,scanned_pdf/khoa-ky-thuat-xay-dung/4ab43153bd1b.pdf,true,2026-09-30T07:43:03+00:00,false,,
4c5a3d6a6b08,01 qd-2788_da bo sung phu luc.pdf,https://ce.iuh.edu.vn/upload/files/01%20qd-2788_da%20bo%20sung%20phu%20luc.pdf,https://ce.iuh.edu.vn/bieumau.html@266@Van-phong-dien-tu,Khoa Kỹ thuật Xây dựng,HCM,KHOA_KY_THUAT_XAY_DUNG,true,,auto,25,0,scanned,9592778,4c5a3d6a6b08d28e02951aca456908a5c2260da3c3817a921f8e6f95e057c065,scanned_pdf/khoa-ky-thuat-xay-dung/4c5a3d6a6b08.pdf,true,2026-09-30T07:41:57+00:00,false,,
4e801b20fc0a,03_1_QD_2019 nội quy học dường năm 2023 - New.pdf,https://ce.iuh.edu.vn/upload/files/03_1_QD_2019%20no%CC%A3%CC%82i%20quy%20ho%CC%A3c%20du%CC%9Bo%CC%9B%CC%80ng%20na%CC%86m%202023%20-%20New.pdf,https://ce.iuh.edu.vn/news.html@detail@363@145@Mot-so-quy-dinh-quan-trong-danh-cho-Sinh-vien-IUH,Khoa Kỹ thuật Xây dựng,HCM,KHOA_KY_THUAT_XAY_DUNG,true,,auto,5,8192,no_diacritics,1486405,4e801b20fc0a2d91b1c7308374e1511e1f80f1104970ee87f68104d71fbe46fc,scanned_pdf/khoa-ky-thuat-xay-dung/4e801b20fc0a.pdf,true,2026-09-30T07:42:05+00:00,false,,
4f7de4fdaede,08_Don xin chuyen truong.pdf,https://ce.iuh.edu.vn/upload/files/08_Don%20xin%20chuyen%20truong.pdf,https://ce.iuh.edu.vn/bieumau.html@266@Van-phong-dien-tu,Khoa Kỹ thuật Xây dựng,HCM,KHOA_KY_THUAT_XAY_DUNG,true,,auto,2,4497,ok,216049,4f7de4fdaede6698f4c8c3a24596bdcad7bf150ecc8c09390182a8b2a5780619,files/khoa-ky-thuat-xay-dung/4f7de4fdaede.pdf,true,2026-09-30T07:42:15+00:00,true,,
5299afec2e9a,CTkhung_XDCD_2024.pdf,https://ce.iuh.edu.vn/upload/files/CTkhung_XDCD_2024.pdf,https://ce.iuh.edu.vn/category.html@386@Chuong-trinh-khung,Khoa Kỹ thuật Xây dựng,HCM,KHOA_KY_THUAT_XAY_DUNG,true,,auto,8,10708,ok,356440,5299afec2e9af37d1103e6df566edb16afdfa51ad4f383cfe0075fcd0d73fd0b,files/khoa-ky-thuat-xay-dung/5299afec2e9a.pdf,true,2026-09-30T07:42:43+00:00,true,,
5744c7a89cba,78_signed.pdf,https://ce.iuh.edu.vn/upload/files/78_signed.pdf,https://ce.iuh.edu.vn/news.html@detail@397@198@Quy-IV-%E2%80%93-Luat-Nghia-vu-quan-su-,Khoa Kỹ thuật Xây dựng,HCM,KHOA_KY_THUAT_XAY_DUNG,false,2,auto,25,146,scanned,1697418,5744c7a89cba5bde072241a58f967fc625bd679d478d4421b391191e67e9713c,scanned_pdf/khoa-ky-thuat-xay-dung/5744c7a89cba.pdf,true,2026-09-30T07:42:34+00:00,false,,
589bb0a42294,kehoach-gddh-2026-20260821014905-e.pdf,https://ce.iuh.edu.vn/upload/files/kehoach-gddh-2026-20260821014905-e.pdf,https://ce.iuh.edu.vn/news.html@detail@363@294@To-chuc-nhap-hoc-cho-sinh-vien-Khoa-22-va-Tuan-sinh-hoat-cong-dan-sinh-vien-nam-hoc-2026-2027-Khoa-Ky-thuat-Xay-dung,Khoa Kỹ thuật Xây dựng,HCM,KHOA_KY_THUAT_XAY_DUNG,true,,auto,6,11803,ok,212792,589bb0a4229404667eb7d4b3524b88d986bb78cbd5d12f4f7a0620d189fb92b4,files/khoa-ky-thuat-xay-dung/589bb0a42294.pdf,true,2026-09-30T07:43:20+00:00,true,,
5bbbcfa367e8,hodoco.pdf,http://ce.iuh.edu.vn/Upload/Files/hodoco.pdf,https://ce.iuh.edu.vn/news.html@detail@325@106@Cty-TNHH-Xay-dung-Hoang-Dong-tuyen-dung,Khoa Kỹ thuật Xây dựng,HCM,KHOA_KY_THUAT_XAY_DUNG,true,,auto,1,1606,ok,174179,5bbbcfa367e8ac54cd3bbd42e65813b7833084490902e91230d42a027774935a,files/khoa-ky-thuat-xay-dung/5bbbcfa367e8.pdf,true,2026-09-30T07:41:45+00:00,true,,
63d375b8e3df,kế hoạch KTT.pdf,https://ce.iuh.edu.vn/upload/files/k%E1%BA%BF%20ho%E1%BA%A1ch%20KTT.pdf,https://ce.iuh.edu.vn/news.html@detail@395@168@Thong-cao-bao-chi-va-Ho-so-moi-tai-tro-Hoi-thi-kien-truc-tre-mua-thu-V-nam-2025,Khoa Kỹ thuật Xây dựng,HCM,KHOA_KY_THUAT_XAY_DUNG,false,2,auto,3,0,scanned,1787699,63d375b8e3dfc7f36cae63b8d110714978a02f2142ac7170c77dfda37db87134,scanned_pdf/khoa-ky-thuat-xay-dung/63d375b8e3df.pdf,true,2026-09-30T07:43:19+00:00,false,,
71a55d70e8ff,Hồ so mời tai trợ.pdf,https://ce.iuh.edu.vn/upload/files/H%E1%BB%93%20so%20m%E1%BB%9Di%20tai%20tr%E1%BB%A3.pdf,https://ce.iuh.edu.vn/news.html@detail@363@178@Thong-cao-bao-chi-va-Ho-so-moi-tai-tro-cuoc-thi-ve-Ky-thuat-xay-dung-bang-phan-mem-AutoCad-2026,Khoa Kỹ thuật Xây dựng,HCM,KHOA_KY_THUAT_XAY_DUNG,true,,auto,8,13837,ok,10963859,71a55d70e8ff097c335298ddbf2dbcf10fba973179d5fd31261950d0fb735ff1,files/khoa-ky-thuat-xay-dung/71a55d70e8ff.pdf,true,2026-09-30T07:42:58+00:00,true,,
72e555057dee,Hồ so tai trợ (1)-da gộp.pdf,https://ce.iuh.edu.vn/upload/files/H%E1%BB%93%20so%20tai%20tr%E1%BB%A3%20(1)-da%20g%E1%BB%99p.pdf,https://ce.iuh.edu.vn/news.html@detail@363@177@Thong-cao-bao-chi-va-Ho-so-moi-tai-tro-Hoi-thi-kien-truc-tre-mua-thu-VI-nam-2026,Khoa Kỹ thuật Xây dựng,HCM,KHOA_KY_THUAT_XAY_DUNG,true,,auto,11,3915,ok,12751825,72e555057deeca534b7888ce03d8b61fc94b0ae7a3eb9629c4233a5534300c8a,files/khoa-ky-thuat-xay-dung/72e555057dee.pdf,true,2026-09-30T07:43:02+00:00,true,,
87ea89dd33b1,Toan van Nghi quyet Dai hoi XIV cua Dang.pdf,https://ce.iuh.edu.vn/upload/files/Toan%20van%20Nghi%20quyet%20Dai%20hoi%20XIV%20cua%20Dang.pdf,https://ce.iuh.edu.vn/news.html@detail@397@193@Nghi-Quyet-Dai-Hoi-Dang-Lan-Thu-XIV-Nhiem-Ky-2026-2031,Khoa Kỹ thuật Xây dựng,HCM,KHOA_KY_THUAT_XAY_DUNG,true,,auto,12,31476,ok,315296,87ea89dd33b143a53acb11e6cdf19c136de3d479a0473cf6a39ff3a735317ee0,files/khoa-ky-thuat-xay-dung/87ea89dd33b1.pdf,true,2026-09-30T07:43:08+00:00,true,,
90c5166cf6d1,dsachbvDATNCDHK12526.pdf,https://ce.iuh.edu.vn/upload/files/dsachbvDATNCDHK12526.pdf,https://ce.iuh.edu.vn/news.html@detail@363@176@Thong-bao-thong-tin-ve-Hoi-dong-bao-ve-do-an-tot-nghiep-nganh-Ky-thuat-xay-dung-Cong-trinh-giao-thong-Hoc-ki-1-nam-hoc-2025-2026,Khoa Kỹ thuật Xây dựng,HCM,KHOA_KY_THUAT_XAY_DUNG,true,,auto,7,0,scanned,2861813,90c5166cf6d19ebcf4931cfdd290ee88a0e087f345ffbc1f56bff800f7b667f2,scanned_pdf/khoa-ky-thuat-xay-dung/90c5166cf6d1.pdf,true,2026-09-30T07:43:13+00:00,false,,
93f27af404a8,luat125-2025.pdf,https://ce.iuh.edu.vn/upload/files/luat125-2025.pdf,https://ce.iuh.edu.vn/news.html@detail@397@195@Quy-I-%E2%80%93-Luat-Giao-duc-Dai-hoc-,Khoa Kỹ thuật Xây dựng,HCM,KHOA_KY_THUAT_XAY_DUNG,true,,auto,25,0,scanned,8199186,93f27af404a8553b5191b15f48bc9094ea6f0768560807644dfe998a0ea49cc4,scanned_pdf/khoa-ky-thuat-xay-dung/93f27af404a8.pdf,true,2026-09-30T07:43:23+00:00,false,,
95daa7819caf,thong-bao-ve-viec-nghi-hoc-nhan-ngay-nha-giao-viet-nam-20_11.pdf,http://ce.iuh.edu.vn/Upload/Files/thong-bao-ve-viec-nghi-hoc-nhan-ngay-nha-giao-viet-nam-20_11.pdf,"https://ce.iuh.edu.vn/news.html@detail@363@38@Thong-bao-v-v-nghi-hoc-nhan-ngay-Nha-giao-Viet-Nam-20-11,-Tet-Duong-lich-va-Tet-Nguyen-dan-Nham-Dan-nam-2022",Khoa Kỹ thuật Xây dựng,HCM,KHOA_KY_THUAT_XAY_DUNG,false,1,auto,1,0,scanned,262009,95daa7819caf72155bd134a3a2122e2b190a6a11edc6279f1949a4940f37d4a0,scanned_pdf/khoa-ky-thuat-xay-dung/95daa7819caf.pdf,true,2026-09-30T07:41:48+00:00,false,,
9a48c20eaf50,BAO CAO TRUNG THU 2024.pdf,https://ce.iuh.edu.vn/upload/files/BAO%20CAO%20TRUNG%20THU%202024.pdf,https://ce.iuh.edu.vn/news.html@detail@396@146@Bao-cao-ket-qua-thuc-hien-chuong-trinh-tinh-nguyen-Trang-vang-se-chia-nam-2024,Khoa Kỹ thuật Xây dựng,HCM,KHOA_KY_THUAT_XAY_DUNG,false,2,auto,3,6466,ok,333830,9a48c20eaf50a3eef506c7e0cce698afcdd6c5550cf9c7fe9a17190d86af1031,files/khoa-ky-thuat-xay-dung/9a48c20eaf50.pdf,true,2026-09-30T07:42:35+00:00,true,,
9d7b73e7d165,hồ so mời tai trợ(1).pdf,https://ce.iuh.edu.vn/upload/files/h%E1%BB%93%20so%20m%E1%BB%9Di%20tai%20tr%E1%BB%A3(1).pdf,https://ce.iuh.edu.vn/news.html@detail@395@168@Thong-cao-bao-chi-va-Ho-so-moi-tai-tro-Hoi-thi-kien-truc-tre-mua-thu-V-nam-2025,Khoa Kỹ thuật Xây dựng,HCM,KHOA_KY_THUAT_XAY_DUNG,false,4,auto,8,3909,ok,11190207,9d7b73e7d165e6e773c13048325e97795a4e1769b196820524d314ef90a80ffc,files/khoa-ky-thuat-xay-dung/9d7b73e7d165.pdf,true,2026-09-30T07:43:18+00:00,true,,
a54f55aabd10,dsachbvDATNHK2NH2526.pdf,https://ce.iuh.edu.vn/upload/files/dsachbvDATNHK2NH2526.pdf,"https://ce.iuh.edu.vn/news.html@detail@363@175@Thong-bao-thong-tin-ve-Hoi-dong-bao-ve-do-an-tot-nghiep-Nganh-Ky-thuat-xay-dung-Hoc-ki-1,-nam-hoc-2025-2026",Khoa Kỹ thuật Xây dựng,HCM,KHOA_KY_THUAT_XAY_DUNG,true,,auto,8,0,scanned,4523545,a54f55aabd1014e86564a51e8c161e13250bacb5edc2992014721b2dc94a285a,scanned_pdf/khoa-ky-thuat-xay-dung/a54f55aabd10.pdf,true,2026-09-30T07:43:14+00:00,false,,
a6dde6a190d6,CHUONG TRINH HỘI TRẠI NHẬP MON vaf tro choi.pdf,https://ce.iuh.edu.vn/upload/files/CHUONG%20TRINH%20H%E1%BB%98I%20TR%E1%BA%A0I%20NH%E1%BA%ACP%20MON%20vaf%20tro%20choi.pdf,https://ce.iuh.edu.vn/news.html@detail@363@145@Mot-so-quy-dinh-quan-trong-danh-cho-Sinh-vien-IUH,Khoa Kỹ thuật Xây dựng,HCM,KHOA_KY_THUAT_XAY_DUNG,false,4,auto,5,4099,ok,279056,a6dde6a190d6843b74f801977fd4fe89671d97eb8aca638dedb9941f4b54ba97,files/khoa-ky-thuat-xay-dung/a6dde6a190d6.pdf,true,2026-09-30T07:42:37+00:00,true,,
b2dec71db6cb,57_signed.pdf,https://ce.iuh.edu.vn/upload/files/57_signed.pdf,https://ce.iuh.edu.vn/news.html@detail@397@197@Quy-III-%E2%80%93-Luat-Thanh-nien-,Khoa Kỹ thuật Xây dựng,HCM,KHOA_KY_THUAT_XAY_DUNG,true,,auto,15,146,scanned,918007,b2dec71db6cb206fc03d82d6784183668f9cbbd2799786067f96516c81b0151e,scanned_pdf/khoa-ky-thuat-xay-dung/b2dec71db6cb.pdf,true,2026-09-30T07:42:31+00:00,false,,
c480ae1226c5,01_Quy chế công tác sinh viên - năm 2023 - New.pdf,https://ce.iuh.edu.vn/upload/files/01_Quy%20che%CC%82%CC%81%20co%CC%82ng%20ta%CC%81c%20sinh%20vie%CC%82n%20-%20na%CC%86m%202023%20-%20New.pdf,https://ce.iuh.edu.vn/news.html@detail@363@145@Mot-so-quy-dinh-quan-trong-danh-cho-Sinh-vien-IUH,Khoa Kỹ thuật Xây dựng,HCM,KHOA_KY_THUAT_XAY_DUNG,true,,auto,17,32312,no_diacritics,5484139,c480ae1226c57e7e4f42539b11fc5c9819aa4e81ac0032be2db5f19a733d216b,scanned_pdf/khoa-ky-thuat-xay-dung/c480ae1226c5.pdf,true,2026-09-30T07:41:59+00:00,false,,
cc124c0abc96,CTkhung_KTXD_2024.pdf,https://ce.iuh.edu.vn/upload/files/CTkhung_KTXD_2024.pdf,https://ce.iuh.edu.vn/category.html@383@Chuong-trinh-khung,Khoa Kỹ thuật Xây dựng,HCM,KHOA_KY_THUAT_XAY_DUNG,false,2,auto,8,10892,ok,357700,cc124c0abc96786566a1c246d5de8870095417254fc43f847ca59ca78aaf19ce,files/khoa-ky-thuat-xay-dung/cc124c0abc96.pdf,true,2026-09-30T07:42:39+00:00,true,,
ccf5d2d87871,danh sach ra hoi dong.pdf,https://ce.iuh.edu.vn/upload/files/danh%20sach%20ra%20hoi%20dong.pdf,https://ce.iuh.edu.vn/news.html@detail@272@152@Thong-bao-thong-tin-ve-Hoi-dong-bao-ve-do-an-tot-nghiep-thang-12-nam-2024,Khoa Kỹ thuật Xây dựng,HCM,KHOA_KY_THUAT_XAY_DUNG,false,2,auto,4,7389,ok,219906,ccf5d2d87871a33190173a9d302df22b800d627320ea62887b2a02c4a3818042,files/khoa-ky-thuat-xay-dung/ccf5d2d87871.pdf,true,2026-09-30T07:43:10+00:00,true,,
cd4b014ef61b,202107_prox_autocad.pdf,http://ce.iuh.edu.vn/Upload/Files/202107_prox_autocad.pdf,https://ce.iuh.edu.vn/news.html@detail@325@107@Cong-ty-TNHH-PROXCAD-tuyen-dung,Khoa Kỹ thuật Xây dựng,HCM,KHOA_KY_THUAT_XAY_DUNG,true,,auto,1,0,scanned,503404,cd4b014ef61b2c987fd8b385ceb8075f3f79e0ae5d95576f5080a1becbd7979f,scanned_pdf/khoa-ky-thuat-xay-dung/cd4b014ef61b.pdf,true,2026-09-30T07:41:44+00:00,false,,
e52ef635b78a,2026_ PDT 17a_Don de nghi xet TN dung han (co hinh_6_2026)(2).pdf,https://ce.iuh.edu.vn/upload/files/2026_%20PDT%2017a_Don%20de%20nghi%20xet%20TN%20dung%20han%20(co%20hinh_6_2026)(2).pdf,https://ce.iuh.edu.vn/bieumau.html@266@Van-phong-dien-tu,Khoa Kỹ thuật Xây dựng,HCM,KHOA_KY_THUAT_XAY_DUNG,false,3,auto,1,2577,ok,317558,e52ef635b78a7d966de3bc360f138870cc7782010d003c25a8a42b9df6818345,files/khoa-ky-thuat-xay-dung/e52ef635b78a.pdf,true,2026-09-30T07:42:25+00:00,true,,
e749206cb9d3,Thong-bao-chuong-trinh-TTS-Dai-Loan.pdf,https://ce.iuh.edu.vn/upload/files/Thong-bao-chuong-trinh-TTS-Dai-Loan.pdf,https://ce.iuh.edu.vn/news.html@detail@380@150@Tuyen-dung-sinh-vien-di-thuc-tap-co-huong-luong-tai-Dai-Loan,Khoa Kỹ thuật Xây dựng,HCM,KHOA_KY_THUAT_XAY_DUNG,true,,auto,2,0,scanned,1494310,e749206cb9d3f9c476170a7cbbdee052ee6c4535e673c6d082bcda43b10f4e82,scanned_pdf/khoa-ky-thuat-xay-dung/e749206cb9d3.pdf,true,2026-09-30T07:43:07+00:00,false,,
005e80e06e73,Tien-do-thuc-hien-KLTN-va-TTDN-K15.pdf,https://flp.iuh.edu.vn/wp-content/uploads/2022/11/Tien-do-thuc-hien-KLTN-va-TTDN-K15.pdf,https://flp.iuh.edu.vn/tin-noi-bat/thong-bao-ve-tien-do-thuc-hien-hoc-phan-thuc-tap-doanh-nghiep-va-khoa-luan-tot-nghiep-hoc-ky-02-nam-hoc-2022-2023/,Khoa Luật và Khoa học chính trị,HCM,KHOA_LUAT_KHCT,false,3,auto,3,3515,garbled_ocr,800538,005e80e06e7301cc8a19e99c5e5f9754cfcffd3bb09a53ff2ec8c11890db26f0,scanned_pdf/khoa-luat-va-khoa-hoc-chinh-tri/005e80e06e73.pdf,false,2026-09-30T07:43:29+00:00,false,,
01ba7c8c0ab7,CamScanner-2023-10-03-15.16.pdf,https://flp.iuh.edu.vn/wp-content/uploads/2023/10/CamScanner-2023-10-03-15.16.pdf,https://flp.iuh.edu.vn/nghien-cuu/toa-dam-phong-ngua-hanh-vi-lua-dao-tren-moi-truong-khong-gian-mang-nam-2023/,Khoa Luật và Khoa học chính trị,HCM,KHOA_LUAT_KHCT,true,,auto,2,0,scanned,657335,01ba7c8c0ab79a542b5b93507b8d9153ed40e3269c545b176b191d2068263aee,scanned_pdf/khoa-luat-va-khoa-hoc-chinh-tri/01ba7c8c0ab7.pdf,false,2026-09-30T07:44:01+00:00,false,,
032662b02d15,ke-hoach-to-chuc-hoi-nghi-kh-tre-lan-4.pdf,https://flp.iuh.edu.vn/wp-content/uploads/2022/02/ke-hoach-to-chuc-hoi-nghi-kh-tre-lan-4.pdf,https://flp.iuh.edu.vn/nghien-cuu/thong-bao-ke-hoach-to-chuc-hoi-nghi-khoa-hoc-tre-lan-04-nam-2022/,Khoa Luật và Khoa học chính trị,HCM,KHOA_LUAT_KHCT,true,,auto,6,0,scanned,2335665,032662b02d15576558601cb24a2abafc72d8992ac0752d178b2997256f3a3ab7,scanned_pdf/khoa-luat-va-khoa-hoc-chinh-tri/032662b02d15.pdf,false,2026-09-30T07:43:09+00:00,false,,
089483bbf2a9,bo-gd-dt-689-cv-57-23-20230301105424-e.pdf,https://flp.iuh.edu.vn/wp-content/uploads/2023/03/bo-gd-dt-689-cv-57-23-20230301105424-e.pdf,https://flp.iuh.edu.vn/tin-noi-bat/giai-thuong-khoa-hoc-va-cong-nghe-cho-sinh-vien-trong-cac-co-so-giao-duc-dai-hoc-nam-2013/,Khoa Luật và Khoa học chính trị,HCM,KHOA_LUAT_KHCT,true,,auto,3,0,scanned,1073064,089483bbf2a96e44a6ef93fc2730afbd6a06df3ab9a1e92c34e65f41f0833761,scanned_pdf/khoa-luat-va-khoa-hoc-chinh-tri/089483bbf2a9.pdf,false,2026-09-30T07:43:41+00:00,false,,
08d9a9fceb4c,Thong-bao-hoi-dong-khoa-luan.pdf,https://flp.iuh.edu.vn/wp-content/uploads/2023/04/Thong-bao-hoi-dong-khoa-luan.pdf,https://flp.iuh.edu.vn/tin-noi-bat/ke-hoach-danh-gia-hoc-phan-thuc-tap-doanh-nghiep-va-khoa-luan-tot-nghiep-hoc-ky-02-nam-hoc-2022-2023/,Khoa Luật và Khoa học chính trị,HCM,KHOA_LUAT_KHCT,true,,auto,2,20,scanned,533702,08d9a9fceb4c5491757f72194f1fe3753685717593325de2700c7b406b384f35,scanned_pdf/khoa-luat-va-khoa-hoc-chinh-tri/08d9a9fceb4c.pdf,false,2026-09-30T07:43:43+00:00,false,,
0f4fb9a53ece,KỶ-YẾU-HỘI-THẢO-NGHIÊN-CỨU-KHOA-HỌC-SINH-VIÊN-KHOA-LUẬT-2021-LẦN-1.pdf,https://flp.iuh.edu.vn/wp-content/uploads/2021/09/KỶ-YẾU-HỘI-THẢO-NGHIÊN-CỨU-KHOA-HỌC-SINH-VIÊN-KHOA-LUẬT-2021-LẦN-1.pdf,https://flp.iuh.edu.vn/nghien-cuu/hoi-thao-nghien-cuu-khoa-hoc-sinh-vien-lan-thu-1-nam-2021-khoa-luat/,Khoa Luật và Khoa học chính trị,HCM,KHOA_LUAT_KHCT,true,,auto,192,430280,ok,7994182,0f4fb9a53ece790d854d0d772b3e7425b5e759ac31550a39bebc1b8cdd057a9c,files/khoa-luat-va-khoa-hoc-chinh-tri/0f4fb9a53ece.pdf,false,2026-09-30T07:43:04+00:00,false,,
129e398ded76,bol2022-thong-tin-chuong-trinh-20220422014759-e.pdf,https://flp.iuh.edu.vn/wp-content/uploads/2022/04/bol2022-thong-tin-chuong-trinh-20220422014759-e.pdf,https://flp.iuh.edu.vn/hoc-bong-tai-tro/thong-tin-ho-tro-sinh-vien-muon-may-tinh-de-hoc-tap-tu-quy-hoc-bong-dairu/,Khoa Luật và Khoa học chính trị,HCM,KHOA_LUAT_KHCT,true,,auto,2,4680,ok,523554,129e398ded76a036b6b6a9d0b8963cbdb758ffbee26baeefd6f013d9be206002,files/khoa-luat-va-khoa-hoc-chinh-tri/129e398ded76.pdf,false,2026-09-30T07:43:14+00:00,true,,
1d0ec93de770,Tb187.pdf,https://flp.iuh.edu.vn/wp-content/uploads/2022/11/Tb187.pdf,https://flp.iuh.edu.vn/tin-noi-bat/thong-bao-vve-viec-dang-ky-hoc-phan-va-dong-hoc-phi-hoc-ky-2-nam-hoc-2022-2023/,Khoa Luật và Khoa học chính trị,HCM,KHOA_LUAT_KHCT,false,4,auto,2,0,scanned,677082,1d0ec93de7709641cefedf92ee9723e22c3e4e300c8af0e5bc4383b7dc57c76b,scanned_pdf/khoa-luat-va-khoa-hoc-chinh-tri/1d0ec93de770.pdf,false,2026-09-30T07:43:27+00:00,false,,
1f0a7dae33e3,tb-913-20221123044629-e.pdf,https://flp.iuh.edu.vn/wp-content/uploads/2022/11/tb-913-20221123044629-e.pdf,https://flp.iuh.edu.vn/tin-noi-bat/thong-bao-ve-viec-sinh-vien-tham-gia-bao-hiem-y-te-nam-2023/,Khoa Luật và Khoa học chính trị,HCM,KHOA_LUAT_KHCT,false,2,auto,2,0,scanned,778424,1f0a7dae33e306d5ff62925e5d3568d7b07e0f6682bf4180b7f5b9ad8dbd0bbb,scanned_pdf/khoa-luat-va-khoa-hoc-chinh-tri/1f0a7dae33e3.pdf,false,2026-09-30T07:43:31+00:00,false,,
207ccbae2210,25-03-2019_16.29.36qd_652-qd-bgddt.pdf,https://flp.iuh.edu.vn/wp-content/uploads/2019/04/25-03-2019_16.29.36qd_652-qd-bgddt.pdf,https://flp.iuh.edu.vn/tin-noi-bat/giai-thuong-sinh-vien-nghien-cuu-khoa-hoc-nam-2019/,Khoa Luật và Khoa học chính trị,HCM,KHOA_LUAT_KHCT,false,3,auto,7,0,scanned,1992939,207ccbae2210d76e1ae4af497fc97ae7fa83abbe3ff32d5ef4ec7a07f3f2eab1,scanned_pdf/khoa-luat-va-khoa-hoc-chinh-tri/207ccbae2210.pdf,false,2026-09-30T07:42:13+00:00,false,,
270f27f17a21,DS-SV-Bao-ve-khoa-luan-TN-DHLQT12A.pdf,https://flp.iuh.edu.vn/wp-content/uploads/2020/07/DS-SV-Bao-ve-khoa-luan-TN-DHLQT12A.pdf,https://flp.iuh.edu.vn/khong-phan-loai/danh-sach-sinh-vien-bao-ve-khoa-luan-tot-nghiep-dhlqt12a/,Khoa Luật và Khoa học chính trị,HCM,KHOA_LUAT_KHCT,true,,auto,6,9816,ok,916220,270f27f17a216da46126051d42b80c153bbc146a95dff91787d62c6b9f1f41a5,files/khoa-luat-va-khoa-hoc-chinh-tri/270f27f17a21.pdf,false,2026-09-30T07:42:42+00:00,true,,
2988679c083f,Thu-moi-tham-gia-viet-bai-Hoi-thao-khoa-hoc-Chu-de-Hoan-thien-he-thong-phap-luat-Viet-Nam-dap-ung-yeu-cau-phat-trien-dat-nuoc-trong-ky-nguyen-moi.pdf,https://flp.iuh.edu.vn/wp-content/uploads/2026/07/Thu-moi-tham-gia-viet-bai-Hoi-thao-khoa-hoc-Chu-de-Hoan-thien-he-thong-phap-luat-Viet-Nam-dap-ung-yeu-cau-phat-trien-dat-nuoc-trong-ky-nguyen-moi.pdf,https://flp.iuh.edu.vn/nghien-cuu/thu-moi-viet-bai-hoi-thao-khoa-hoc-hoan-thien-he-thong-phap-luat-viet-nam-dap-ung-yeu-cau-phat-trien-dat-nuoc-trong-ky-nguyen-moi/,Khoa Luật và Khoa học chính trị,HCM,KHOA_LUAT_KHCT,true,,auto,3,4697,garbled_ocr,2268775,2988679c083f7a10a4afaa8101c8bbc49579556faf4c61cb75818e67d0cb0f60,scanned_pdf/khoa-luat-va-khoa-hoc-chinh-tri/2988679c083f.pdf,false,2026-09-30T07:44:44+00:00,false,,
31902a545497,K16_Kinh-te_Hoidong_compressed.pdf,https://flp.iuh.edu.vn/wp-content/uploads/2024/05/K16_Kinh-te_Hoidong_compressed.pdf,https://flp.iuh.edu.vn/tin-noi-bat/danh-sach-hoi-dong-chuyen-mon-cham-de-tai-khoa-luan-tot-nghiep-khoa-16-hk2-nam-2023-2024-nganh-luat-kinh-te-va-luat-quoc-te/,Khoa Luật và Khoa học chính trị,HCM,KHOA_LUAT_KHCT,true,,auto,19,36955,garbled_ocr,3640088,31902a545497941b0437fcd00a885716fc28d4f19fead27415839a87032b1cff,scanned_pdf/khoa-luat-va-khoa-hoc-chinh-tri/31902a545497.pdf,false,2026-09-30T07:44:20+00:00,false,,
362571d0c54f,1.1.-Danh-sach-SV-bao-ve_Lich-bao-ve-KLTN.pdf,https://flp.iuh.edu.vn/wp-content/uploads/2023/05/1.1.-Danh-sach-SV-bao-ve_Lich-bao-ve-KLTN.pdf,https://flp.iuh.edu.vn/tin-noi-bat/danh-sach-ngay-va-phong-bao-ve-khoa-luan-tot-nghiep-khoa-15-hoc-ky-02-nam-hoc-2022-2023/,Khoa Luật và Khoa học chính trị,HCM,KHOA_LUAT_KHCT,true,,auto,14,26757,ok,2430712,362571d0c54fda48ee1f25c0c85849de677d9419e517c2c011d364a24015fa3c,files/khoa-luat-va-khoa-hoc-chinh-tri/362571d0c54f.pdf,false,2026-09-30T07:43:46+00:00,true,,
395d709b0651,Diem-trung-tuyen-2017.pdf,https://flp.iuh.edu.vn/wp-content/uploads/2017/05/Diem-trung-tuyen-2017.pdf,https://flp.iuh.edu.vn/tin-noi-bat/tuyen-sinh-2017/,Khoa Luật và Khoa học chính trị,HCM,KHOA_LUAT_KHCT,false,3,auto,2,3074,garbled_ocr,575658,395d709b06510bc60f203b6aae3e9e1a3e0f02549962f8057e3bbe87c70cc1cf,scanned_pdf/khoa-luat-va-khoa-hoc-chinh-tri/395d709b0651.pdf,false,2026-09-30T07:41:44+00:00,false,,
3a673b62e479,Sơ-dồ-bố-trí-Final-Final.pdf,https://flp.iuh.edu.vn/wp-content/uploads/2025/03/Sơ-dồ-bố-trí-Final-Final.pdf,https://flp.iuh.edu.vn/ket-noi-doanh-nghiep/thong-bao-su-kien-ngay-hoi-tuyen-dung-viec-lam-nam-2025/,Khoa Luật và Khoa học chính trị,HCM,KHOA_LUAT_KHCT,true,,auto,1,253,ok,1404189,3a673b62e4798fc84e1770c8a4ec24bb212626176d26ac895eae71c030bfc111,files/khoa-luat-va-khoa-hoc-chinh-tri/3a673b62e479.pdf,false,2026-09-30T07:44:34+00:00,true,,
415af35779a0,huong-dan-tham-gia-cuoc-thi-doi-moi-sang-tao-khoi-nghiep-2021-20210723105929-e.pdf,https://flp.iuh.edu.vn/wp-content/uploads/2021/07/huong-dan-tham-gia-cuoc-thi-doi-moi-sang-tao-khoi-nghiep-2021-20210723105929-e.pdf,https://flp.iuh.edu.vn/nghien-cuu/huong-dan-tham-gia-cuoc-thi-doi-moi-sang-tao-khoi-nghiep-lan-1-nam-2021/,Khoa Luật và Khoa học chính trị,HCM,KHOA_LUAT_KHCT,false,3,auto,4,7010,ok,286507,415af35779a00f22673ab3274feb0acdba3454cbb9ce7fcb729f1747f1b390ce,files/khoa-luat-va-khoa-hoc-chinh-tri/415af35779a0.pdf,false,2026-09-30T07:43:02+00:00,true,,
49517ad2080d,Kham-suc-khoe.pdf,https://flp.iuh.edu.vn/wp-content/uploads/2017/08/Kham-suc-khoe.pdf,https://flp.iuh.edu.vn/tin-noi-bat/kham-suc-khoe-cho-tan-sinh-vien-khoa-2017-2018/,Khoa Luật và Khoa học chính trị,HCM,KHOA_LUAT_KHCT,true,,auto,2,2952,garbled_ocr,514343,49517ad2080d1a22b4edf102b888173c0c6a002e923ea115948a44acd0f5ec1b,scanned_pdf/khoa-luat-va-khoa-hoc-chinh-tri/49517ad2080d.pdf,false,2026-09-30T07:41:46+00:00,false,,
4bc1dc5f908e,tdf21-thong-bao-chuong-trinh-quy-may-tinh-cho-muon-mien-phi-2021-20210319112321-e.pdf,https://flp.iuh.edu.vn/wp-content/uploads/2021/03/tdf21-thong-bao-chuong-trinh-quy-may-tinh-cho-muon-mien-phi-2021-20210319112321-e.pdf,https://flp.iuh.edu.vn/tin-noi-bat/chuong-trinh-quy-may-tinh-cho-muon-bank-of-laptops-2021/,Khoa Luật và Khoa học chính trị,HCM,KHOA_LUAT_KHCT,false,2,auto,2,4560,ok,253770,4bc1dc5f908eac8d61f3ab8d3299d31fb20567799f762214785b14a0f71b6b5e,files/khoa-luat-va-khoa-hoc-chinh-tri/4bc1dc5f908e.pdf,false,2026-09-30T07:42:51+00:00,true,,
4e25f8ec99d2,tien-do-hoc-phan-khoa-luan-va-ttdn.pdf,https://flp.iuh.edu.vn/wp-content/uploads/2023/08/tien-do-hoc-phan-khoa-luan-va-ttdn.pdf,https://flp.iuh.edu.vn/tin-noi-bat/tien-do-thuc-hien-hoc-phan-khoa-luan-tot-nghiep-va-thuc-tap-doanh-nghiep-dot-01-hoc-ky-01-nam-hoc-2023-2024/,Khoa Luật và Khoa học chính trị,HCM,KHOA_LUAT_KHCT,false,4,auto,2,0,scanned,846498,4e25f8ec99d235918a633336ecb972cd97a04c8189944dc3a1cd78497addbf34,scanned_pdf/khoa-luat-va-khoa-hoc-chinh-tri/4e25f8ec99d2.pdf,false,2026-09-30T07:43:56+00:00,false,,
4e30518bd436,Giai-thuong-SV-nghien-cuu-khoa-hoc-2018.pdf,https://flp.iuh.edu.vn/wp-content/uploads/2018/05/Giai-thuong-SV-nghien-cuu-khoa-hoc-2018.pdf,https://flp.iuh.edu.vn/tin-noi-bat/to-chuc-giai-thuong-sinh-vien-nghien-cuu-khoa-hoc-nam-2018/,Khoa Luật và Khoa học chính trị,HCM,KHOA_LUAT_KHCT,true,,auto,5,0,scanned,1675163,4e30518bd43637ca04fb0fb8e4b92c4efeff1d80bc8e27b67757f2dae5392527,scanned_pdf/khoa-luat-va-khoa-hoc-chinh-tri/4e30518bd436.pdf,false,2026-09-30T07:41:54+00:00,false,,
4f57798e5593,De-tai-khoa-luan-tot-nghiep-dot-1-khoa-16-HK2-nam-2023-2024-NGANH-LUAT-QUOC-TE.pdf,https://flp.iuh.edu.vn/wp-content/uploads/2024/01/De-tai-khoa-luan-tot-nghiep-dot-1-khoa-16-HK2-nam-2023-2024-NGANH-LUAT-QUOC-TE.pdf,https://flp.iuh.edu.vn/tin-noi-bat/de-tai-khoa-luan-tot-nghiep-khoa-16-hoc-ky-02-nam-hoc-2023-2024/,Khoa Luật và Khoa học chính trị,HCM,KHOA_LUAT_KHCT,true,,auto,7,17674,garbled_ocr,3291775,4f57798e5593b72dadb46bc127b6db3bfb57d690698a6694d7f88be304991d06,scanned_pdf/khoa-luat-va-khoa-hoc-chinh-tri/4f57798e5593.pdf,false,2026-09-30T07:44:16+00:00,false,,
53a1a1c9f6c5,Danh-sách-đề-tài-đăng-ký-hội-nghị-NCKH-Lần-1.pdf,https://flp.iuh.edu.vn/wp-content/uploads/2021/07/Danh-sách-đề-tài-đăng-ký-hội-nghị-NCKH-Lần-1.pdf,https://flp.iuh.edu.vn/nghien-cuu/hoi-thao-nghien-cuu-khoa-hoc-sinh-vien-lan-01-nam-2021-khoa-luat-truong-dai-hoc-cong-nghiep-tp-ho-chi-minh/,Khoa Luật và Khoa học chính trị,HCM,KHOA_LUAT_KHCT,true,,auto,2,2685,ok,153509,53a1a1c9f6c51b67563892f4c7da41d42c49697ea3abff0cfa058cad17ce71fa,files/khoa-luat-va-khoa-hoc-chinh-tri/53a1a1c9f6c5.pdf,false,2026-09-30T07:42:59+00:00,true,,
58c3b00dccc3,pdt-tl-tap-huan-quy-che-dao-tao-2021-20211208090800-e.pdf,https://flp.iuh.edu.vn/wp-content/uploads/2021/12/pdt-tl-tap-huan-quy-che-dao-tao-2021-20211208090800-e.pdf,https://flp.iuh.edu.vn/thong-tin-hoat-dong/tai-lieu-ve-cong-tac-dao-tao-va-cong-tac-gvcn-nam-2021/,Khoa Luật và Khoa học chính trị,HCM,KHOA_LUAT_KHCT,true,,auto,18,17595,ok,1481975,58c3b00dccc3426e2042a6c035c90098b4221d0abfa3090e24c5689f38295f39,files/khoa-luat-va-khoa-hoc-chinh-tri/58c3b00dccc3.pdf,false,2026-09-30T07:43:06+00:00,true,,
598f4a479c98,21-05-2019_14.20.02ve_viec_ho_tro_cung_cap_dssv_tieu_bieu_tinh_dac_nong.pdf,https://flp.iuh.edu.vn/wp-content/uploads/2019/05/21-05-2019_14.20.02ve_viec_ho_tro_cung_cap_dssv_tieu_bieu_tinh_dac_nong.pdf,https://flp.iuh.edu.vn/tin-noi-bat/tuyen-duong-sinh-vien-tinh-dak-nong-co-hoc-luc-gioi-va-xuat-sac/,Khoa Luật và Khoa học chính trị,HCM,KHOA_LUAT_KHCT,false,2,auto,3,0,scanned,1349215,598f4a479c986adcb541259f93592fe01577374f9c412d4014dd6a5fb318ade3,scanned_pdf/khoa-luat-va-khoa-hoc-chinh-tri/598f4a479c98.pdf,false,2026-09-30T07:42:19+00:00,false,,
5a058a215103,Thong-bao-gia-han-thoi-gian-nop-khoa-luan-tot-nghiep-K12.pdf,https://flp.iuh.edu.vn/wp-content/uploads/2020/06/Thong-bao-gia-han-thoi-gian-nop-khoa-luan-tot-nghiep-K12.pdf,https://flp.iuh.edu.vn/khong-phan-loai/gia-han-thoi-gian-nop-khoa-luan-tot-nghiep-cua-sinh-vien-khoa-12/,Khoa Luật và Khoa học chính trị,HCM,KHOA_LUAT_KHCT,true,,auto,1,1249,ok,286774,5a058a21510397fad00c94add8ed5b509ee4c9f50bfaacd5c5a084233a45393c,files/khoa-luat-va-khoa-hoc-chinh-tri/5a058a215103.pdf,false,2026-09-30T07:42:38+00:00,true,,
5a841496eecd,DS-SV-Bao-ve-khoa-luan-TN-DHLKT12A.pdf,https://flp.iuh.edu.vn/wp-content/uploads/2020/07/DS-SV-Bao-ve-khoa-luan-TN-DHLKT12A.pdf,https://flp.iuh.edu.vn/khong-phan-loai/danh-sach-sinh-vien-bao-ve-khoa-luan-tot-nghiep-dhlkt12a/,Khoa Luật và Khoa học chính trị,HCM,KHOA_LUAT_KHCT,true,,auto,6,12870,ok,880057,5a841496eecdcef9f46d280bfdd6d38a7d71d9d31bdd8db45b6b85eed2008772,files/khoa-luat-va-khoa-hoc-chinh-tri/5a841496eecd.pdf,false,2026-09-30T07:42:40+00:00,true,,
5b3c3de765ef,TKB-giang-day-online-dot-2-Khoa-Luat.pdf,https://flp.iuh.edu.vn/wp-content/uploads/2020/04/TKB-giang-day-online-dot-2-Khoa-Luat.pdf,https://flp.iuh.edu.vn/tin-noi-bat/thoi-khoa-bieu-giang-day-truc-tuyen-dot-2/,Khoa Luật và Khoa học chính trị,HCM,KHOA_LUAT_KHCT,true,,auto,2,2020,ok,280085,5b3c3de765ef6b1eaa8e9060cd490496271d75662ac7a47403085cb3810f11c6,files/khoa-luat-va-khoa-hoc-chinh-tri/5b3c3de765ef.pdf,false,2026-09-30T07:42:32+00:00,true,,
5eea4b265223,TB-59.pdf,https://flp.iuh.edu.vn/wp-content/uploads/2022/04/TB-59.pdf,https://flp.iuh.edu.vn/tin-tuc-su-kien/thong-bao-tuyen-sinh-bac-dai-hoc-he-chinh-quy-nam-2022/,Khoa Luật và Khoa học chính trị,HCM,KHOA_LUAT_KHCT,true,,auto,12,0,scanned,4805844,5eea4b265223dc1c3562a4f9b00cfb83ba4bafd0ae7d09c91802b701476717e8,scanned_pdf/khoa-luat-va-khoa-hoc-chinh-tri/5eea4b265223.pdf,false,2026-09-30T07:43:12+00:00,false,,
65604501b122,LICH-LAM-VIEC-HD-THAM-DINH-NCKH-CAP-TRUONG-2025.pdf,https://flp.iuh.edu.vn/wp-content/uploads/2025/09/LICH-LAM-VIEC-HD-THAM-DINH-NCKH-CAP-TRUONG-2025.pdf,https://flp.iuh.edu.vn/nghien-cuu/thong-bao-lich-tham-dinh-de-tai-khcn-cap-truong-nam-2025/,Khoa Luật và Khoa học chính trị,HCM,KHOA_LUAT_KHCT,true,,auto,1,1768,ok,110730,65604501b1222f5f336fd646fda4949b73c360a774b24e8f489262521d21cbf8,files/khoa-luat-va-khoa-hoc-chinh-tri/65604501b122.pdf,false,2026-09-30T07:44:40+00:00,true,,
658745a40cbb,thong-bao-191-1-20221103100212-e-20221103105831-e.pdf,https://flp.iuh.edu.vn/wp-content/uploads/2022/11/thong-bao-191-1-20221103100212-e-20221103105831-e.pdf,https://flp.iuh.edu.vn/nghien-cuu/thong-bao-ve-viec-trien-khai-de-tai-nghien-cuu-khoa-hoc-cap-truong-nam-2022-dot-2/,Khoa Luật và Khoa học chính trị,HCM,KHOA_LUAT_KHCT,true,,auto,1,0,scanned,483527,658745a40cbb2ab86c874b2355f350c7ac95202966dfabc2772da33d14b260a4,scanned_pdf/khoa-luat-va-khoa-hoc-chinh-tri/658745a40cbb.pdf,false,2026-09-30T07:43:33+00:00,false,,
66adc136464c,Kế-hoạch-ngày-hội-việc-làm-dợt-tháng-4.2025.pdf,https://flp.iuh.edu.vn/wp-content/uploads/2025/03/Kế-hoạch-ngày-hội-việc-làm-dợt-tháng-4.2025.pdf,https://flp.iuh.edu.vn/ket-noi-doanh-nghiep/thong-bao-su-kien-ngay-hoi-tuyen-dung-viec-lam-nam-2025/,Khoa Luật và Khoa học chính trị,HCM,KHOA_LUAT_KHCT,false,2,auto,3,0,scanned,987363,66adc136464c5f29c1da3e5e1a6796fc09f181e86106bbad971d86713f1e0ce0,scanned_pdf/khoa-luat-va-khoa-hoc-chinh-tri/66adc136464c.pdf,false,2026-09-30T07:44:33+00:00,false,,
6b4d202d93d2,KẾ-HOẠCH-TỔ-CHỨC.pdf,https://flp.iuh.edu.vn/wp-content/uploads/2017/10/KẾ-HOẠCH-TỔ-CHỨC.pdf,https://flp.iuh.edu.vn/tin-noi-bat/to-chuc-hoi-nghi-chuyen-de-thu-bay-ngay-04112017/,Khoa Luật và Khoa học chính trị,HCM,KHOA_LUAT_KHCT,true,,auto,3,2671,ok,459798,6b4d202d93d2ec83f12910dc4ddca1162ee08dc1adbd49fc10cf0f597d8fd228,files/khoa-luat-va-khoa-hoc-chinh-tri/6b4d202d93d2.pdf,false,2026-09-30T07:41:51+00:00,true,,
6dadcbbc88ac,Tiến-dộ-thực-hiện-học-phần-TTDN-và-KLTN-HK2-2025-2026.pdf,https://flp.iuh.edu.vn/wp-content/uploads/2025/12/Tiến-dộ-thực-hiện-học-phần-TTDN-và-KLTN-HK2-2025-2026.pdf,https://flp.iuh.edu.vn/tin-noi-bat/thong-bao-tien-do-thuc-hien-hoc-phan-thuc-tap-doanh-nghiep-va-khoa-luan-tot-nghiep-hoc-ky-2-nam-hoc-2025-2026/,Khoa Luật và Khoa học chính trị,HCM,KHOA_LUAT_KHCT,true,,auto,3,3907,garbled_ocr,877672,6dadcbbc88acf25e61e20b39b97d59cb374c0c098701cbda2ad518caa075268d,scanned_pdf/khoa-luat-va-khoa-hoc-chinh-tri/6dadcbbc88ac.pdf,false,2026-09-30T07:44:41+00:00,false,,
6f3755b0be4a,Danh-sách-Hội-dồng-dánh-giá-Khóa-luận-tốt-nghiệp-Luật-kinh-tế-Luật-quốc-tế-HK2-2025-2026.pdf,https://flp.iuh.edu.vn/wp-content/uploads/2026/05/Danh-sách-Hội-dồng-dánh-giá-Khóa-luận-tốt-nghiệp-Luật-kinh-tế-Luật-quốc-tế-HK2-2025-2026.pdf,https://flp.iuh.edu.vn/tin-noi-bat/thong-bao-ve-viec-to-chuc-hoi-dong-danh-gia-khoa-luan-tot-nghiep-nganh-luat-kinh-te-va-luat-quoc-te-hoc-ky-2-nam-hoc-2025-2026/,Khoa Luật và Khoa học chính trị,HCM,KHOA_LUAT_KHCT,true,,auto,2,6051,garbled_ocr,956961,6f3755b0be4a076b30a0e016ad51253f10df42a69c19e736e04e7143347c8496,scanned_pdf/khoa-luat-va-khoa-hoc-chinh-tri/6f3755b0be4a.pdf,false,2026-09-30T07:44:42+00:00,false,,
6fa9ff71418c,26-05-2020_13.50.53tb0920.dtn-thuc-hien-khao-sat-doi-thoai-nam-2020.pdf,https://flp.iuh.edu.vn/wp-content/uploads/2020/05/26-05-2020_13.50.53tb0920.dtn-thuc-hien-khao-sat-doi-thoai-nam-2020.pdf,https://flp.iuh.edu.vn/tin-noi-bat/thuc-hien-khao-sat-y-kien-sinh-vien-phuc-vu-toa-dam-doi-thoai-giua-lanh-dao-nha-truong-voi-sinh-vien-nam-2020/,Khoa Luật và Khoa học chính trị,HCM,KHOA_LUAT_KHCT,true,,auto,1,1651,garbled_ocr,639354,6fa9ff71418c46a909ec3bdeb2f17711ccb0c51b4c0b84d2f157d9ea61ece39c,scanned_pdf/khoa-luat-va-khoa-hoc-chinh-tri/6fa9ff71418c.pdf,false,2026-09-30T07:42:34+00:00,false,,
728e1428b2e7,Danh-sách-lớp-AV-K14.pdf,https://flp.iuh.edu.vn/wp-content/uploads/2018/09/Danh-sách-lớp-AV-K14.pdf,https://flp.iuh.edu.vn/tin-noi-bat/lich-hoc-danh-sach-lop-va-phong-hoc-mon-tieng-anh-1-doi-voi-sinh-vien-k14/,Khoa Luật và Khoa học chính trị,HCM,KHOA_LUAT_KHCT,true,,auto,15,25727,ok,620544,728e1428b2e7ae9e9359000dc13c3ef2d4af9fa6465fe2821a993fe6ecc50700,files/khoa-luat-va-khoa-hoc-chinh-tri/728e1428b2e7.pdf,false,2026-09-30T07:42:04+00:00,true,,
75afaf505269,Han-nop-bao-cao-TTDN-KLTN-thang-5-Khoa-Luat-IUH.pdf,https://flp.iuh.edu.vn/wp-content/uploads/2020/05/Han-nop-bao-cao-TTDN-KLTN-thang-5-Khoa-Luat-IUH.pdf,https://flp.iuh.edu.vn/khong-phan-loai/han-nop-bao-cao-thuc-tap-doanh-nghiep-va-khoa-luan-tot-nghiep-thang-5-2020/,Khoa Luật và Khoa học chính trị,HCM,KHOA_LUAT_KHCT,true,,auto,1,1157,ok,206588,75afaf505269b69af3ec693d8e2102f14f824424d97e4de36ffacf7323403a27,files/khoa-luat-va-khoa-hoc-chinh-tri/75afaf505269.pdf,false,2026-09-30T07:42:36+00:00,true,,
77cee91f28a9,21-03-2019_08.55.20quyet_dinh_thanh_lap_hoi_dong_danh_gia_diem_ren_luyen_2019.pdf,https://flp.iuh.edu.vn/wp-content/uploads/2019/03/21-03-2019_08.55.20quyet_dinh_thanh_lap_hoi_dong_danh_gia_diem_ren_luyen_2019.pdf,https://flp.iuh.edu.vn/tin-noi-bat/thanh-lap-hoi-dong-danh-gia-diem-ren-luyen-sinh-vien-k12-k13-k14/,Khoa Luật và Khoa học chính trị,HCM,KHOA_LUAT_KHCT,false,4,auto,1,23,scanned,371779,77cee91f28a948830c08440b3d1101d0caaf92e005ce17f294b17c9de79c0921,scanned_pdf/khoa-luat-va-khoa-hoc-chinh-tri/77cee91f28a9.pdf,false,2026-09-30T07:42:10+00:00,false,,
7c6efe1b8d51,Mau_Chuong_trinh_Khoa_Luat_Thay-Hung.pdf,https://flp.iuh.edu.vn/wp-content/uploads/2022/10/Mau_Chuong_trinh_Khoa_Luat_Thay-Hung.pdf,https://flp.iuh.edu.vn/nghien-cuu/thong-bao-ve-viec-to-chuc-hoi-nghi-nghien-cuu-khoa-hoc-cap-khoa-nam-2022-voi-chu-de-khung-phap-ly-ve-thuong-mai-dien-tu-trong-ky-nguyen-so/,Khoa Luật và Khoa học chính trị,HCM,KHOA_LUAT_KHCT,true,,auto,2,2182,ok,254803,7c6efe1b8d518bb83abbfb84962515c5e809fe033ffbabe827aa9841c168f4a6,files/khoa-luat-va-khoa-hoc-chinh-tri/7c6efe1b8d51.pdf,false,2026-09-30T07:43:19+00:00,true,,
839f14065d5d,Don-de-nghi-cap-hoc-bong-SV-vuot-kho-hieu-hoc-2019.pdf,https://flp.iuh.edu.vn/wp-content/uploads/2019/10/Don-de-nghi-cap-hoc-bong-SV-vuot-kho-hieu-hoc-2019.pdf,https://flp.iuh.edu.vn/tin-noi-bat/hoc-bong-sinh-vien-vuot-kho-hieu-hoc-nam-2019/,Khoa Luật và Khoa học chính trị,HCM,KHOA_LUAT_KHCT,true,,auto,2,8858,ok,378648,839f14065d5dceaf9beed26445a06e51013825438e7569b9780d9f457dce2972,files/khoa-luat-va-khoa-hoc-chinh-tri/839f14065d5d.pdf,false,2026-09-30T07:42:24+00:00,true,,
8596c670cf81,ke-hoach.docx-1.pdf,https://flp.iuh.edu.vn/wp-content/uploads/2023/09/ke-hoach.docx-1.pdf,https://flp.iuh.edu.vn/nghien-cuu/hoi-nghi-khoa-hoc-cap-khoa-nam-2023-khoa-luat-truong-dai-hoc-cong-nghiep-tp-hcm/,Khoa Luật và Khoa học chính trị,HCM,KHOA_LUAT_KHCT,true,,auto,4,6326,ok,130818,8596c670cf81eb86871e5733685eae8dd2c811b92ddf42efae38673a1ffd11d7,files/khoa-luat-va-khoa-hoc-chinh-tri/8596c670cf81.pdf,false,2026-09-30T07:43:59+00:00,true,,
859be579f967,Tien-do-thuc-hien-hoc-phan-Thuc-tap-doanh-nghiep-va-Khoa-luan-tot-nghiep-Dot-Hoc-ky-1-nam-hoc-2026-2027.pdf,https://flp.iuh.edu.vn/wp-content/uploads/2026/07/Tien-do-thuc-hien-hoc-phan-Thuc-tap-doanh-nghiep-va-Khoa-luan-tot-nghiep-Dot-Hoc-ky-1-nam-hoc-2026-2027.pdf,https://flp.iuh.edu.vn/tin-noi-bat/thong-bao-v-v-trien-khai-hoc-phan-thuc-tap-doanh-nghiep-va-khoa-luan-tot-nghiep-dot-hoc-ky-1-nam-hoc-2026-2027/,Khoa Luật và Khoa học chính trị,HCM,KHOA_LUAT_KHCT,true,,auto,3,3826,garbled_ocr,834653,859be579f967149acb8e7ebd700bb31f6c9812d96733509fd1f2aeedbd2b8f4d,scanned_pdf/khoa-luat-va-khoa-hoc-chinh-tri/859be579f967.pdf,false,2026-09-30T07:44:45+00:00,false,,
86d6f039f736,THU-MOI-VIET-BAI-HOI-THAO-QUOC-GIA-PHAP-LUAT-VA-QUYEN-CON-NGUOI-2025.pdf,https://flp.iuh.edu.vn/wp-content/uploads/2025/02/THU-MOI-VIET-BAI-HOI-THAO-QUOC-GIA-PHAP-LUAT-VA-QUYEN-CON-NGUOI-2025.pdf,https://flp.iuh.edu.vn/tin-noi-bat/thu-moi-tham-gia-viet-bai-hoi-thao-khoa-hoc-quoc-gia-linh-vuc-luat-hoc/,Khoa Luật và Khoa học chính trị,HCM,KHOA_LUAT_KHCT,false,2,auto,10,4297,garbled_ocr,2262741,86d6f039f736649cf5efdc8b1e89780fe508b628554d9e8b9dae5f9e87db940e,scanned_pdf/khoa-luat-va-khoa-hoc-chinh-tri/86d6f039f736.pdf,false,2026-09-30T07:44:32+00:00,false,,
87271acda268,Thoi-khoa-bieu-DHLKT14A-DHLQT14A-2.pdf,https://flp.iuh.edu.vn/wp-content/uploads/2018/08/Thoi-khoa-bieu-DHLKT14A-DHLQT14A-2.pdf,https://flp.iuh.edu.vn/tin-noi-bat/thoi-khoa-bieu-khoa-14-khoa-luat-hoc-ky-1-2018-2019/,Khoa Luật và Khoa học chính trị,HCM,KHOA_LUAT_KHCT,false,1,auto,1,2337,ok,376828,87271acda268d34db5f2da9ee2e8e7c2a206832d7ce3ff6041c422e28eafe19c,files/khoa-luat-va-khoa-hoc-chinh-tri/87271acda268.pdf,false,2026-09-30T07:41:58+00:00,true,,
8f2629d70755,De-tai-khoa-luan-tot-nghiep-dot-1-khoa-16-HK2-nam-2023-2024-NGANH-LUAT-KINH-TE.pdf,https://flp.iuh.edu.vn/wp-content/uploads/2024/01/De-tai-khoa-luan-tot-nghiep-dot-1-khoa-16-HK2-nam-2023-2024-NGANH-LUAT-KINH-TE.pdf,https://flp.iuh.edu.vn/tin-noi-bat/de-tai-khoa-luan-tot-nghiep-khoa-16-hoc-ky-02-nam-hoc-2023-2024/,Khoa Luật và Khoa học chính trị,HCM,KHOA_LUAT_KHCT,false,2,auto,13,24168,garbled_ocr,4833932,8f2629d707559b1b3c060b0f997bd245f3e61d962d9a460eb5c7d80d05fcfe21,scanned_pdf/khoa-luat-va-khoa-hoc-chinh-tri/8f2629d70755.pdf,false,2026-09-30T07:44:13+00:00,false,,
926300cf5f15,K16_Quoc-te_Hoidong_compressed.pdf,https://flp.iuh.edu.vn/wp-content/uploads/2024/05/K16_Quoc-te_Hoidong_compressed.pdf,https://flp.iuh.edu.vn/tin-noi-bat/danh-sach-hoi-dong-chuyen-mon-cham-de-tai-khoa-luan-tot-nghiep-khoa-16-hk2-nam-2023-2024-nganh-luat-kinh-te-va-luat-quoc-te/,Khoa Luật và Khoa học chính trị,HCM,KHOA_LUAT_KHCT,false,1,auto,13,27525,garbled_ocr,2653976,926300cf5f156f7dc5a0d22069fda0b1f19abb3c14f6faf5aba522855de8d8bf,scanned_pdf/khoa-luat-va-khoa-hoc-chinh-tri/926300cf5f15.pdf,false,2026-09-30T07:44:22+00:00,false,,
96d40887ada6,prosonal-innogreen-life-2022-20221024045957-e.pdf,https://flp.iuh.edu.vn/wp-content/uploads/2022/10/prosonal-innogreen-life-2022-20221024045957-e.pdf,https://flp.iuh.edu.vn/nghien-cuu/cuoc-thi-doi-moi-sang-tao-khoi-nghiep-vi-cuoc-song-xanh-nam-2022/,Khoa Luật và Khoa học chính trị,HCM,KHOA_LUAT_KHCT,true,,auto,21,8102,ok,6254889,96d40887ada696d7bbd4c1e0c9f5f7dd0e310af88e9a37c0121c79dce3d41a23,files/khoa-luat-va-khoa-hoc-chinh-tri/96d40887ada6.pdf,false,2026-09-30T07:43:21+00:00,true,,
a1fd7b540827,DS-SV-K16-thi-xep-lop-tieng-Anh-dot-2.pdf,https://flp.iuh.edu.vn/wp-content/uploads/2020/11/DS-SV-K16-thi-xep-lop-tieng-Anh-dot-2.pdf,https://flp.iuh.edu.vn/tin-noi-bat/danh-sach-sv-khoa-16-thi-xep-lop-tieng-anh-dau-vao-nam-hoc-2020-2021-dot-2/,Khoa Luật và Khoa học chính trị,HCM,KHOA_LUAT_KHCT,true,,auto,5,24623,ok,774326,a1fd7b5408274fd8e8804c6f42977ddcb1ce8b5bd70c73a21479ed983c104468,files/khoa-luat-va-khoa-hoc-chinh-tri/a1fd7b540827.pdf,false,2026-09-30T07:42:48+00:00,true,,
a29f545b931b,TB-867.pdf,https://flp.iuh.edu.vn/wp-content/uploads/2025/08/TB-867.pdf,https://flp.iuh.edu.vn/tin-noi-bat/diem-trung-tuyen-bac-dai-hoc-he-chinh-quy-nam-2025-tai-tru-so-chinh/,Khoa Luật và Khoa học chính trị,HCM,KHOA_LUAT_KHCT,true,,auto,5,0,scanned,1486062,a29f545b931bf36293404968c71f63f076e96cfa221e006ee8573ad6d5faf707,scanned_pdf/khoa-luat-va-khoa-hoc-chinh-tri/a29f545b931b.pdf,false,2026-09-30T07:44:37+00:00,false,,
a50685dc9208,TKB-giang-day-online-Khoa-Luat-1.pdf,https://flp.iuh.edu.vn/wp-content/uploads/2020/04/TKB-giang-day-online-Khoa-Luat-1.pdf,https://flp.iuh.edu.vn/tin-noi-bat/thoi-khoa-bieu-giang-day-truc-tuyen-thang-4-2020/,Khoa Luật và Khoa học chính trị,HCM,KHOA_LUAT_KHCT,true,,auto,1,0,scanned,282125,a50685dc92086cfbd2a8c63a3d8f24d01c2ab7b324caf2740e10e4ba1bab96a5,scanned_pdf/khoa-luat-va-khoa-hoc-chinh-tri/a50685dc9208.pdf,false,2026-09-30T07:42:30+00:00,false,,
a5890aa4be0c,Tien-do-thuc-hien-hoc-phan-TTDN-va-KLTN-dot-HK2-nam-2023-2024.pdf,https://flp.iuh.edu.vn/wp-content/uploads/2023/11/Tien-do-thuc-hien-hoc-phan-TTDN-va-KLTN-dot-HK2-nam-2023-2024.pdf,https://flp.iuh.edu.vn/tin-noi-bat/tien-do-thuc-hien-hoc-phan-thuc-tap-doanh-nghiep-va-khoa-luan-tot-nghiep-dot-hk2-nam-2023-2024/,Khoa Luật và Khoa học chính trị,HCM,KHOA_LUAT_KHCT,true,,auto,2,3237,garbled_ocr,682479,a5890aa4be0c7f1971e0af558b66e203c33c900c31574f03e660b2bc6d4b6f71,scanned_pdf/khoa-luat-va-khoa-hoc-chinh-tri/a5890aa4be0c.pdf,false,2026-09-30T07:44:07+00:00,false,,
a6b8e171e61d,Ke-hoach-sinh-hoat-sinh-vien-dau-khoa-22-KLKHCT.pdf,https://flp.iuh.edu.vn/wp-content/uploads/2026/08/Ke-hoach-sinh-hoat-sinh-vien-dau-khoa-22-KLKHCT.pdf,https://flp.iuh.edu.vn/tin-noi-bat/thong-bao-chao-don-tan-sinh-vien-khoa-22-ke-hoach-sinh-hoat-dau-khoa-nam-hoc-2026-2027/,Khoa Luật và Khoa học chính trị,HCM,KHOA_LUAT_KHCT,true,,auto,4,5522,garbled_ocr,1172551,a6b8e171e61dbf3076bc030308d8d375abfc048add063f8f5dc485665764e6ba,scanned_pdf/khoa-luat-va-khoa-hoc-chinh-tri/a6b8e171e61d.pdf,false,2026-09-30T07:44:46+00:00,false,,
a8f0b80d738d,phong-KLTN-k15-1.pdf,https://flp.iuh.edu.vn/wp-content/uploads/2023/05/phong-KLTN-k15-1.pdf,https://flp.iuh.edu.vn/tin-noi-bat/danh-sach-ngay-va-phong-bao-ve-khoa-luan-tot-nghiep-khoa-15-hoc-ky-02-nam-hoc-2022-2023/,Khoa Luật và Khoa học chính trị,HCM,KHOA_LUAT_KHCT,true,,auto,1,1552,ok,419359,a8f0b80d738dafd15ce7ce8c84f35b9d29a4aaf06f66f741551441af02e1eb23,files/khoa-luat-va-khoa-hoc-chinh-tri/a8f0b80d738d.pdf,false,2026-09-30T07:43:48+00:00,true,,
aaa97353d525,HK2-nam-2024-2025-Tien-do-thuc-hien-hoc-phan-TTDN-va-KLTN-khoa-17.pdf,https://flp.iuh.edu.vn/wp-content/uploads/2024/11/HK2-nam-2024-2025-Tien-do-thuc-hien-hoc-phan-TTDN-va-KLTN-khoa-17.pdf,https://flp.iuh.edu.vn/tin-noi-bat/tien-do-thuc-hien-hoc-phan-thuc-tap-doanh-nghiep-va-khoa-luan-tot-nghiep-dot-hoc-ky-02-nam-hoc-2024-2025/,Khoa Luật và Khoa học chính trị,HCM,KHOA_LUAT_KHCT,true,,auto,3,3722,garbled_ocr,1405879,aaa97353d525c9ccb932b9e5dcba1635867a611eda6586396ae084dc2f97d538,scanned_pdf/khoa-luat-va-khoa-hoc-chinh-tri/aaa97353d525.pdf,false,2026-09-30T07:44:30+00:00,false,,
ad700598c32e,Tinh-huong-du-thi-Phien-toa-gia-dinh.pdf,https://flp.iuh.edu.vn/wp-content/uploads/2019/10/Tinh-huong-du-thi-Phien-toa-gia-dinh.pdf,https://flp.iuh.edu.vn/tin-noi-bat/lich-thi-phien-toa-gia-dinh-va-tinh-huong-du-thi/,Khoa Luật và Khoa học chính trị,HCM,KHOA_LUAT_KHCT,false,2,auto,2,3708,ok,275762,ad700598c32ec902d6bced25cb6b40089efa0eb467b200efa9d30341ff78dc78,files/khoa-luat-va-khoa-hoc-chinh-tri/ad700598c32e.pdf,false,2026-09-30T07:42:26+00:00,true,,
afccf5525aad,tb119.pdf,https://flp.iuh.edu.vn/wp-content/uploads/2021/12/tb119.pdf,https://flp.iuh.edu.vn/thong-tin-tuyen-sinh/tuyen-sinh-lien-thong-theo-phuong-thuc-dao-tao-truc-tuyen-dot-01-nam-2021/,Khoa Luật và Khoa học chính trị,HCM,KHOA_LUAT_KHCT,true,,auto,3,0,scanned,706657,afccf5525aadc5c0c3688a3bd36fd2bc0f81868a043a7b019bb710a8b622087b,scanned_pdf/khoa-luat-va-khoa-hoc-chinh-tri/afccf5525aad.pdf,false,2026-09-30T07:43:07+00:00,false,,
b076e807a25f,Giao-dề-tài-Khóa-luận-tốt-nghiệp-HK1-năm-2025-2026-ngành-Luật-kinh-tế-và-Luật-quốc-tế-hệ-dại-trà.pdf,https://flp.iuh.edu.vn/wp-content/uploads/2025/09/Giao-dề-tài-Khóa-luận-tốt-nghiệp-HK1-năm-2025-2026-ngành-Luật-kinh-tế-và-Luật-quốc-tế-hệ-dại-trà.pdf,https://flp.iuh.edu.vn/tin-noi-bat/thong-bao-danh-sach-giao-de-tai-khoa-luan-tot-nghiep-hk1-nam-hoc-2025-2026-nganh-luat-kinh-te-luat-quoc-te/,Khoa Luật và Khoa học chính trị,HCM,KHOA_LUAT_KHCT,true,,auto,11,27598,garbled_ocr,4638672,b076e807a25f49a9f82a7b9e13bcf7fb6d9c31405b88b309b88a0270b2e498a2,scanned_pdf/khoa-luat-va-khoa-hoc-chinh-tri/b076e807a25f.pdf,false,2026-09-30T07:44:38+00:00,false,,
b0edac4279ac,Hồ-sơ-xét-tốt-nghiệp-từ-tháng-7-2026.pdf,https://flp.iuh.edu.vn/wp-content/uploads/2026/06/Hồ-sơ-xét-tốt-nghiệp-từ-tháng-7-2026.pdf,https://flp.iuh.edu.vn/tin-noi-bat/thong-bao-v-v-nop-ho-so-xet-tot-nghiep-va-cap-bang-dot-thang-7-nam-2026/,Khoa Luật và Khoa học chính trị,HCM,KHOA_LUAT_KHCT,false,1,auto,1,1022,ok,103526,b0edac4279ac41d6e65c2695869edd10c3e74add810635f51f922348693d7ff9,files/khoa-luat-va-khoa-hoc-chinh-tri/b0edac4279ac.pdf,false,2026-09-30T07:44:43+00:00,true,,
b13049ef5a46,DS-thi-xep-lop-TA-sv-Luat-K16.pdf,https://flp.iuh.edu.vn/wp-content/uploads/2020/10/DS-thi-xep-lop-TA-sv-Luat-K16.pdf,https://flp.iuh.edu.vn/tin-noi-bat/5835/,Khoa Luật và Khoa học chính trị,HCM,KHOA_LUAT_KHCT,false,4,auto,2,6481,ok,661154,b13049ef5a46bf8789d98da80ab1b54d195541b4ece263000bdce97128e0d537,files/khoa-luat-va-khoa-hoc-chinh-tri/b13049ef5a46.pdf,false,2026-09-30T07:42:46+00:00,true,,
b42c5a8d64cf,2022-10-12_KH-dien-an.pdf,https://flp.iuh.edu.vn/wp-content/uploads/2022/10/2022-10-12_KH-dien-an.pdf,https://flp.iuh.edu.vn/tin-tuc-su-kien/ke-hoach-to-chuc-phien-toa-gia-dinh-chao-mung-ngay-phap-luat-09-thang-11/,Khoa Luật và Khoa học chính trị,HCM,KHOA_LUAT_KHCT,false,2,auto,3,5777,ok,231022,b42c5a8d64cf22f52c6a2751fe391013caba93923871ae9f0c3292fc9eb998fd,files/khoa-luat-va-khoa-hoc-chinh-tri/b42c5a8d64cf.pdf,false,2026-09-30T07:43:18+00:00,true,,
b9e8116b7553,FILE_20221117_162834_Ke-hoach-bao-ve-K14-dot-vet-HK1-2022-2023.pdf,https://flp.iuh.edu.vn/wp-content/uploads/2022/11/FILE_20221117_162834_Ke-hoach-bao-ve-K14-dot-vet-HK1-2022-2023.pdf,https://flp.iuh.edu.vn/tin-noi-bat/ke-hoach-danh-gia-hoc-phan-thuc-tap-doanh-nghiep-va-khoa-luan-tot-nghiep-hoc-ky-01-nam-hoc-2022-2023/,Khoa Luật và Khoa học chính trị,HCM,KHOA_LUAT_KHCT,true,,auto,3,0,scanned,1074188,b9e8116b7553b348bbaf1858ec173c5fe1a7e1e0cdae49313918cc72cb8a46b9,scanned_pdf/khoa-luat-va-khoa-hoc-chinh-tri/b9e8116b7553.pdf,false,2026-09-30T07:43:23+00:00,false,,
c3b828b758c9,Thong-bao-hoc-bong-Vu-Dinh-Lieu.pdf,https://flp.iuh.edu.vn/wp-content/uploads/2019/08/Thong-bao-hoc-bong-Vu-Dinh-Lieu.pdf,https://flp.iuh.edu.vn/tin-noi-bat/hoc-bong-vu-dinh-lieu-nam-hoc-2019-2020/,Khoa Luật và Khoa học chính trị,HCM,KHOA_LUAT_KHCT,true,,auto,6,0,scanned,4991555,c3b828b758c9f4327678216e65bc63a8bc68a803468e4bcc949780882300382f,scanned_pdf/khoa-luat-va-khoa-hoc-chinh-tri/c3b828b758c9.pdf,false,2026-09-30T07:42:22+00:00,false,,
cac6c36ab272,FILE_20221214_083302_Ten-de-tai-LQT-k15-signed.pdf,https://flp.iuh.edu.vn/wp-content/uploads/2022/12/FILE_20221214_083302_Ten-de-tai-LQT-k15-signed.pdf,https://flp.iuh.edu.vn/tin-noi-bat/danh-sach-ten-de-tai-khoa-luan-tot-nghiep-nganh-luat-quoc-te-hoc-ki-02-nam-hoc-2022-2023/,Khoa Luật và Khoa học chính trị,HCM,KHOA_LUAT_KHCT,true,,auto,4,0,scanned,1312977,cac6c36ab272092cc3f31d4239c669601d616ac9d8f8e88340ee96a448c1b4f1,scanned_pdf/khoa-luat-va-khoa-hoc-chinh-tri/cac6c36ab272.pdf,false,2026-09-30T07:43:37+00:00,false,,
cb8121418929,tb-thanh-lap-hd-danh-gia-drlsv-2020.pdf,https://flp.iuh.edu.vn/wp-content/uploads/2020/09/tb-thanh-lap-hd-danh-gia-drlsv-2020.pdf,https://flp.iuh.edu.vn/tin-noi-bat/hoi-dong-danh-gia-diem-ren-luyen-hk2-nam-hoc-2019-2020/,Khoa Luật và Khoa học chính trị,HCM,KHOA_LUAT_KHCT,false,2,auto,3,3191,ok,501498,cb8121418929da0e6f9fb305a42f82409e7d5c66a061421eab3a0739a312842a,files/khoa-luat-va-khoa-hoc-chinh-tri/cb8121418929.pdf,false,2026-09-30T07:42:44+00:00,true,,
ce9ba4fac62e,Tiến-dộ-thực-hiện-học-phần-KLTN-và-TTDN-dợt-hk1-2025-2026-k18.pdf,https://flp.iuh.edu.vn/wp-content/uploads/2025/07/Tiến-dộ-thực-hiện-học-phần-KLTN-và-TTDN-dợt-hk1-2025-2026-k18.pdf,https://flp.iuh.edu.vn/tin-noi-bat/thong-baove-tien-do-thuc-hien-hoc-phan-khoa-luan-tot-nghiep-va-thuc-tap-doanh-nghiep-dot-hoc-ky-1-nam-hoc-2025-2026-khoa-18/,Khoa Luật và Khoa học chính trị,HCM,KHOA_LUAT_KHCT,true,,auto,3,4037,garbled_ocr,1563635,ce9ba4fac62e90b04c5bfee233e2602b6b1a7fd16f69989c4d320d829caf0b89,scanned_pdf/khoa-luat-va-khoa-hoc-chinh-tri/ce9ba4fac62e.pdf,false,2026-09-30T07:44:35+00:00,false,,
cee15b7a72b4,02142025131059-linh-vuc-chinh-tri.pdf,https://flp.iuh.edu.vn/wp-content/uploads/2025/02/02142025131059-linh-vuc-chinh-tri.pdf,https://flp.iuh.edu.vn/tin-noi-bat/thu-moi-tham-gia-viet-bai-hoi-thao-khoa-hoc-quoc-gia-linh-vuc-khoa-hoc-chinh-tri/,Khoa Luật và Khoa học chính trị,HCM,KHOA_LUAT_KHCT,true,,auto,9,15092,garbled_ocr,1513159,cee15b7a72b40174ba4a32cc384fc17681176c956ff3f6f111138ba20285f755,scanned_pdf/khoa-luat-va-khoa-hoc-chinh-tri/cee15b7a72b4.pdf,false,2026-09-30T07:44:31+00:00,false,,
d00a3cc0b771,Tuyen-sinh-VB2_Luat-kinh-te.pdf,https://flp.iuh.edu.vn/wp-content/uploads/2023/08/Tuyen-sinh-VB2_Luat-kinh-te.pdf,https://flp.iuh.edu.vn/tin-tuc-su-kien/thong-bao-tuyen-sinh-dai-hoc-van-bang-hai-nganh-luat-kinh-te-khoa-luat-truong-dai-hoc-cong-nghiep-tp-ho-chi-minh/,Khoa Luật và Khoa học chính trị,HCM,KHOA_LUAT_KHCT,true,,auto,1,0,scanned,374871,d00a3cc0b771fd54374bad446bfaffc39980e651fe4514d726440a86e2a030d1,scanned_pdf/khoa-luat-va-khoa-hoc-chinh-tri/d00a3cc0b771.pdf,false,2026-09-30T07:43:51+00:00,false,,
da21ffab8751,thong-bao-xet-cap-hoc-bong-vuot-kho-hieu-hoc-nam-2020.pdf,https://flp.iuh.edu.vn/wp-content/uploads/2020/11/thong-bao-xet-cap-hoc-bong-vuot-kho-hieu-hoc-nam-2020.pdf,https://flp.iuh.edu.vn/tin-noi-bat/xet-cap-hoc-bong-sinh-vien-vuot-kho-hieu-hoc-nam-2020/,Khoa Luật và Khoa học chính trị,HCM,KHOA_LUAT_KHCT,false,1,auto,2,0,scanned,633734,da21ffab87517f73675f1e172f8bb613469a55d8dbc436ed05ccdd668766a235,scanned_pdf/khoa-luat-va-khoa-hoc-chinh-tri/da21ffab8751.pdf,false,2026-09-30T07:42:50+00:00,false,,
dab3643ac2bb,07-05-2019_12.00.18tb__hoc_bong_thap_sang_tuong_lai1.pdf,https://flp.iuh.edu.vn/wp-content/uploads/2019/05/07-05-2019_12.00.18tb__hoc_bong_thap_sang_tuong_lai1.pdf,https://flp.iuh.edu.vn/tin-noi-bat/thong-bao-hoc-bong-thap-sang-tuong-lai-lan-2-2019/,Khoa Luật và Khoa học chính trị,HCM,KHOA_LUAT_KHCT,true,,auto,3,7361,ok,304319,dab3643ac2bbfb23a9069d25768a0d34086f286a4b35c0e5e31446c83a6b512a,files/khoa-luat-va-khoa-hoc-chinh-tri/dab3643ac2bb.pdf,false,2026-09-30T07:42:16+00:00,true,,
e7add82cb14f,Thoi-gian-nop-bao-cao-TTDN-va-KLTN.pdf,https://flp.iuh.edu.vn/wp-content/uploads/2020/03/Thoi-gian-nop-bao-cao-TTDN-va-KLTN.pdf,https://flp.iuh.edu.vn/khong-phan-loai/thong-bao-thoi-gian-nop-bao-cao-thuc-tap-doanh-nghiep-va-khoa-luan-tot-nghiep/,Khoa Luật và Khoa học chính trị,HCM,KHOA_LUAT_KHCT,false,4,auto,1,1626,ok,573974,e7add82cb14fbcabd0f1a2b3f3b4d354ef50aace13ee3024fe5076f22ec39ce5,files/khoa-luat-va-khoa-hoc-chinh-tri/e7add82cb14f.pdf,false,2026-09-30T07:42:28+00:00,true,,
ee8c3116d0ca,Quy-Nguyet-1.pdf,https://flp.iuh.edu.vn/wp-content/uploads/2022/09/Quy-Nguyet-1.pdf,https://flp.iuh.edu.vn/hoc-bong-tai-tro/thong-bao-ve-quy-che-hoat-dong-cua-quy-dong-hanh-sinh-vien-luat-iuh/,Khoa Luật và Khoa học chính trị,HCM,KHOA_LUAT_KHCT,false,1,auto,5,9128,ok,298143,ee8c3116d0ca561aadb17a7661ee69608e44717cef3c7c956fd8044ee4d337a2,files/khoa-luat-va-khoa-hoc-chinh-tri/ee8c3116d0ca.pdf,false,2026-09-30T07:43:16+00:00,true,,
f0debec6637d,2023.11.08-TB-1735-Khuyen-khich-hoc-tap-cho-SV-TN-2023-da-nen.pdf,https://flp.iuh.edu.vn/wp-content/uploads/2023/11/2023.11.08-TB-1735-Khuyen-khich-hoc-tap-cho-SV-TN-2023-da-nen.pdf,https://flp.iuh.edu.vn/tin-noi-bat/thong-bao-ve-viec-cap-hoc-bong-khuyen-khich-hoc-tap-trinh-do-thac-si-cho-sinh-vien-sinh-tot-nghiep-nam-2023/,Khoa Luật và Khoa học chính trị,HCM,KHOA_LUAT_KHCT,false,2,auto,14,0,scanned,4399815,f0debec6637dbb532ee0a9263c98bf1f9bae0f366b0275580fd58fcab3b26cef,scanned_pdf/khoa-luat-va-khoa-hoc-chinh-tri/f0debec6637d.pdf,false,2026-09-30T07:44:04+00:00,false,,
f212e5a70f85,CÔNG-TY-TNHH-BẤT-ĐỘNG-SẢN-HỢP-PHÁT-TUYỂN-DỤNG.pdf,https://flp.iuh.edu.vn/wp-content/uploads/2021/04/CÔNG-TY-TNHH-BẤT-ĐỘNG-SẢN-HỢP-PHÁT-TUYỂN-DỤNG.pdf,https://flp.iuh.edu.vn/viec-lam-tuyen-dung/cong-ty-tnhh-bds-hop-phat-thong-bao-tuyen-dung/,Khoa Luật và Khoa học chính trị,HCM,KHOA_LUAT_KHCT,true,,auto,1,1561,ok,87580,f212e5a70f85ba8adf4a0cab4f9bb54be98a00957a8516f277a083466d99fec2,files/khoa-luat-va-khoa-hoc-chinh-tri/f212e5a70f85.pdf,false,2026-09-30T07:42:53+00:00,true,,
f78b5bd058ba,FILE_20221214_083302_Ten-de-tai-LKT-k15-signed.pdf,https://flp.iuh.edu.vn/wp-content/uploads/2022/12/FILE_20221214_083302_Ten-de-tai-LKT-k15-signed.pdf,https://flp.iuh.edu.vn/tin-noi-bat/danh-sach-ten-de-tai-khoa-luan-tot-nghiep-nganh-luat-kinh-te-hoc-ki-02-nam-hoc-2022-2023/,Khoa Luật và Khoa học chính trị,HCM,KHOA_LUAT_KHCT,true,,auto,4,0,scanned,1318583,f78b5bd058ba877a3234deb82c00f9295ec61ff3a24077a6b0af25ae60425e7f,scanned_pdf/khoa-luat-va-khoa-hoc-chinh-tri/f78b5bd058ba.pdf,false,2026-09-30T07:43:35+00:00,false,,
fa031dc18e98,KH1423_DHCN-Ke-hoach-to-chuc-Hoi-nghi-Khoa-hoc-tre-2023.pdf,https://flp.iuh.edu.vn/wp-content/uploads/2023/03/KH1423_DHCN-Ke-hoach-to-chuc-Hoi-nghi-Khoa-hoc-tre-2023.pdf,https://flp.iuh.edu.vn/tin-noi-bat/ke-hoach-to-chuc-hoi-nghi-khoa-hoc-tre-lan-thu-5-nam-2023/,Khoa Luật và Khoa học chính trị,HCM,KHOA_LUAT_KHCT,true,,auto,4,0,scanned,882463,fa031dc18e98a1c2b337a8e3e41f2d36fdbbdc48c21cbd2c899538d66e0466e5,scanned_pdf/khoa-luat-va-khoa-hoc-chinh-tri/fa031dc18e98.pdf,false,2026-09-30T07:43:39+00:00,false,,
fa2d8df01394,Khoa-Luat-Ke-hoach-ve-viec-to-chuc-HTKH-cap-truong.pdf,https://flp.iuh.edu.vn/wp-content/uploads/2023/12/Khoa-Luat-Ke-hoach-ve-viec-to-chuc-HTKH-cap-truong.pdf,https://flp.iuh.edu.vn/nghien-cuu/hoi-thao-khoa-hoc-cap-truong-quyen-huong-dung-theo-phap-luat-cac-nuoc-va-kinh-nghiem-cho-viet-nam/,Khoa Luật và Khoa học chính trị,HCM,KHOA_LUAT_KHCT,true,,auto,5,8646,garbled_ocr,3101007,fa2d8df0139468186419916d93025264abf33b4b7fe138a090d7f4fb1201a474,scanned_pdf/khoa-luat-va-khoa-hoc-chinh-tri/fa2d8df01394.pdf,false,2026-09-30T07:44:10+00:00,false,,
fa5b56140533,Cuoc-thi-Sang-kien-mo-hinh-pho-bien-giao-duc-phap-luat.pdf,https://flp.iuh.edu.vn/wp-content/uploads/2018/09/Cuoc-thi-Sang-kien-mo-hinh-pho-bien-giao-duc-phap-luat.pdf,https://flp.iuh.edu.vn/tin-noi-bat/cuoc-thi-viet-sang-kien-mo-hinh-pho-bien-giao-duc-phap-luat-co-hieu-qua-cho-thanh-thieu-nien/,Khoa Luật và Khoa học chính trị,HCM,KHOA_LUAT_KHCT,true,,auto,1,0,scanned,460231,fa5b56140533bfbffbb3d1b154a880f5c7215cb212ffbba37fce4d8199b68982,scanned_pdf/khoa-luat-va-khoa-hoc-chinh-tri/fa5b56140533.pdf,false,2026-09-30T07:42:00+00:00,false,,
fb41c5635936,Tien-do-thuc-hien-cac-hoc-phan-tot-nghiep-dot-HK1-nam-hoc-2024-2025.pdf,https://flp.iuh.edu.vn/wp-content/uploads/2024/05/Tien-do-thuc-hien-cac-hoc-phan-tot-nghiep-dot-HK1-nam-hoc-2024-2025.pdf,https://flp.iuh.edu.vn/tin-noi-bat/tien-do-thuc-hien-cac-hoc-phan-tot-nghiep-dot-hoc-ky-01-nam-2024-2025/,Khoa Luật và Khoa học chính trị,HCM,KHOA_LUAT_KHCT,true,,auto,2,2245,garbled_ocr,534191,fb41c5635936a23a21221915861b1798a8ecccff71abe053c5f967793bd9ca4a,scanned_pdf/khoa-luat-va-khoa-hoc-chinh-tri/fb41c5635936.pdf,false,2026-09-30T07:44:25+00:00,false,,
ffae1c27b4b3,Giao-dề-tài-Khóa-luận-tốt-nghiệp-HK1-năm-2025-2026-ngành-Luật-kinh-tế-và-Luật-quốc-tế-hệ-tiên-tiến.pdf,https://flp.iuh.edu.vn/wp-content/uploads/2025/09/Giao-dề-tài-Khóa-luận-tốt-nghiệp-HK1-năm-2025-2026-ngành-Luật-kinh-tế-và-Luật-quốc-tế-hệ-tiên-tiến.pdf,https://flp.iuh.edu.vn/tin-noi-bat/thong-bao-danh-sach-giao-de-tai-khoa-luan-tot-nghiep-hk1-nam-hoc-2025-2026-nganh-luat-kinh-te-luat-quoc-te/,Khoa Luật và Khoa học chính trị,HCM,KHOA_LUAT_KHCT,true,,auto,6,21482,garbled_ocr,3282567,ffae1c27b4b3e520f2dd6d53796adc22e2f22bd942a958bcc6161f5502464d6b,scanned_pdf/khoa-luat-va-khoa-hoc-chinh-tri/ffae1c27b4b3.pdf,false,2026-09-30T07:44:39+00:00,false,,
ffbf94658ad4,DS-Thi-Anh-Van-Dot-2-khoa-Luat.pdf,https://flp.iuh.edu.vn/wp-content/uploads/2017/09/DS-Thi-Anh-Van-Dot-2-khoa-Luat.pdf,https://flp.iuh.edu.vn/tin-noi-bat/danh-sach-thi-tieng-anh-xep-lop-dot-2-thu-7-2392017/,Khoa Luật và Khoa học chính trị,HCM,KHOA_LUAT_KHCT,true,,auto,4,3034,ok,318291,ffbf94658ad49f1ee0b80cbb4ca4b8d93f72876ed37f46d7163cd39ab8f39826,files/khoa-luat-va-khoa-hoc-chinh-tri/ffbf94658ad4.pdf,false,2026-09-30T07:41:48+00:00,true,,
02edbe88ff27,Bien ban xet tot nghiep dot thang 10_2024.pdf,https://ffl.iuh.edu.vn/upload/files/2024/10.2024/Bien%20ban%20xet%20tot%20nghiep%20dot%20thang%2010_2024.pdf,https://ffl.iuh.edu.vn/news.html@detail@264@725@Thong-bao-nhan-bang-tot-nghiep-dot-xet-thang-10-nam-2024,Khoa Ngoại ngữ,HCM,KHOA_NGOAI_NGU,true,,auto,16,0,scanned,9520334,02edbe88ff27a866d42e0c5f6b307f054434f32a40bbfa239cd99d73da2888c6,scanned_pdf/khoa-ngoai-ngu/02edbe88ff27.pdf,true,2026-09-30T07:42:46+00:00,false,,
038b14b5aa0c,tong-hop-ngu-phap-tieng-anh-on-thi-toeic-moi-nhat-2.pdf,https://ffl.iuh.edu.vn/upload/01220023/files/tong-hop-ngu-phap-tieng-anh-on-thi-toeic-moi-nhat-2.pdf,https://ffl.iuh.edu.vn/giangvien@trananhdung,Khoa Ngoại ngữ,HCM,KHOA_NGOAI_NGU,false,3,auto,273,396458,ok,2367502,038b14b5aa0cba42f554b52fbcaa81a674e2775b53a56f47bbae0f75912525c9,files/khoa-ngoai-ngu/038b14b5aa0c.pdf,true,2026-09-30T07:41:57+00:00,false,,
042a6a38af6b,Programme Specification 2022.pdf,https://ffl.iuh.edu.vn/upload/files/2024/08.2024/Programme%20Specification%202022.pdf,https://ffl.iuh.edu.vn/news.html@detail@211@690@Programme-Specification-2022,Khoa Ngoại ngữ,HCM,KHOA_NGOAI_NGU,true,,auto,72,111256,ok,3861164,042a6a38af6b514990f9ab9de9791eed4de0aef0508bf51358c794d6f81cd451,files/khoa-ngoai-ngu/042a6a38af6b.pdf,true,2026-09-30T07:42:44+00:00,true,,
04e829a52e44,DS THI BỔ SUNG new.pdf,https://ffl.iuh.edu.vn/upload/files/2025/03.2025/DS%20THI%20B%E1%BB%94%20SUNG%20new.pdf,"https://ffl.iuh.edu.vn/news.html@detail@264@740@DANH-SACH-KIEM-TRA-THUONG-KY,-THI-GIUA-KY-CAC-MON-TIENG-ANH-1,2-VA-ANH-VAN-1,2,3,4-(-BO-SUNG)",Khoa Ngoại ngữ,HCM,KHOA_NGOAI_NGU,true,,auto,13,9924,ok,79939,04e829a52e44d3f9007f7597ef8d7d1a685b24652c5860bfe8ae3b28a5c73a8b,files/khoa-ngoai-ngu/04e829a52e44.pdf,true,2026-09-30T07:43:13+00:00,true,,
0694586b463a,tb42.pdf,https://ffl.iuh.edu.vn/upload/files/2020/05/tb42.pdf,https://ffl.iuh.edu.vn/news.html@detail@273@121@Thong-bao-tuyen-sinh-dai-hoc-he-chinh-quy-nam-2020,Khoa Ngoại ngữ,HCM,KHOA_NGOAI_NGU,false,4,auto,6,0,scanned,1948755,0694586b463afaf8b908ce29c27362693f9c4275f1a9f771107034aae29beb2c,scanned_pdf/khoa-ngoai-ngu/0694586b463a.pdf,true,2026-09-30T07:42:18+00:00,false,,
08ad47a6d5e1,ilovepdf_merged.pdf,https://ffl.iuh.edu.vn/upload/files/2025/ilovepdf_merged.pdf,https://ffl.iuh.edu.vn/news.html@detail@264@739@THONG-BAO-LICH-DANG-KY-THI-TOEIC-TAI-IIG-THANG-04-VA-THANG-5-NAM-2025,Khoa Ngoại ngữ,HCM,KHOA_NGOAI_NGU,true,,auto,2,4122,ok,1937914,08ad47a6d5e11ea2bca2929f5ddf21a05f39d0fa412f4082a7ea754c2fcf0200,files/khoa-ngoai-ngu/08ad47a6d5e1.pdf,true,2026-09-30T07:43:56+00:00,true,,
08de0c443ed4,Bien ban xet tot nghiep dot thang 07_2026.pdf,https://ffl.iuh.edu.vn/upload/files/2026/08.2026/Bien%20ban%20xet%20tot%20nghiep%20dot%20thang%2007_2026.pdf,https://ffl.iuh.edu.vn/news.html@detail@264@784@Thong-bao-nhan-bang-tot-nghiep-dot-xet-thang-07-nam-2026,Khoa Ngoại ngữ,HCM,KHOA_NGOAI_NGU,false,3,auto,7,0,scanned,4026680,08de0c443ed4e87e9d8508ee2c004292ece20bd3eacb3d0f75fe8aa731455cda,scanned_pdf/khoa-ngoai-ngu/08de0c443ed4.pdf,true,2026-09-30T07:44:19+00:00,false,,
0fc7538898ce,Ket qua phuc khao hk1_2025_2026 to PPGD.pdf,https://ffl.iuh.edu.vn/upload/files/2026/03.2026/Ket%20qua%20phuc%20khao%20hk1_2025_2026%20to%20PPGD.pdf,https://ffl.iuh.edu.vn/news.html@detail@264@772@Ket-qua-phuc-khao-diem-thi-cuoi-ky-nganh-Ngon-ngu-Anh-Hoc-ky-1-2025-2026,Khoa Ngoại ngữ,HCM,KHOA_NGOAI_NGU,true,,auto,1,0,scanned,596309,0fc7538898cec18a32f08d560cf3571f4c5cfa43b6ff8f578784de52f57bf91e,scanned_pdf/khoa-ngoai-ngu/0fc7538898ce.pdf,true,2026-09-30T07:44:09+00:00,false,,
15e4977edeac,DS THI BỔ SUNG MON TIẾNG ANH 1 VA TIẾNG ANH 2.pdf,https://ffl.iuh.edu.vn/upload/files/2025/03.2025/DS%20THI%20B%E1%BB%94%20SUNG%20MON%20TI%E1%BA%BENG%20ANH%201%20VA%20TI%E1%BA%BENG%20ANH%202.pdf,https://ffl.iuh.edu.vn/news.html@detail@264@745@Danh-sach-sinh-vien-thi-bo-sung-giua-ky-mon-Tieng-Anh-1-va-Tieng-Anh-2,Khoa Ngoại ngữ,HCM,KHOA_NGOAI_NGU,true,,auto,1,1009,ok,94675,15e4977edeac062d6ffdad2d72a0ea78488ba3ec553d80685be901a002bee948,files/khoa-ngoai-ngu/15e4977edeac.pdf,true,2026-09-30T07:43:11+00:00,true,,
18e24bbb5a5a,ilovepdf_merged(7).pdf,https://ffl.iuh.edu.vn/upload/files/2024/ilovepdf_merged(7).pdf,https://ffl.iuh.edu.vn/news.html@detail@264@733@DANH-SACH-THI-TOEIC-NGAY-16-17-18-20-01-2025,Khoa Ngoại ngữ,HCM,KHOA_NGOAI_NGU,false,1,auto,10,6413,ok,126329,18e24bbb5a5a8851afd0bc3700d6b57ac07de24c884b012e177479af50b53e33,files/khoa-ngoai-ngu/18e24bbb5a5a.pdf,true,2026-09-30T07:42:59+00:00,true,,
1bd8f9c64ef7,Bien ban xet tot nghiep dot thang 07_2023.pdf,https://ffl.iuh.edu.vn/upload/files/2023/08.2023/Bien%20ban%20xet%20tot%20nghiep%20dot%20thang%2007_2023.pdf,https://ffl.iuh.edu.vn/news.html@detail@264@625@Thong-bao-nhan-bang-tot-nghiep-dot-xet-thang-07-nam-2023,Khoa Ngoại ngữ,HCM,KHOA_NGOAI_NGU,true,,auto,10,0,scanned,7326368,1bd8f9c64ef77728d6ef5e02d43a83058f8fc7574d14c3983b0b9d9de82f6723,scanned_pdf/khoa-ngoai-ngu/1bd8f9c64ef7.pdf,true,2026-09-30T07:42:36+00:00,false,,
1e96fe119370,ilovepdf_merged.pdf,https://ffl.iuh.edu.vn/upload/files/ilovepdf_merged.pdf,https://ffl.iuh.edu.vn/news.html@detail@264@729@DANH-SACH-THI-TOEIC-NGAY-28-29-12-2024,Khoa Ngoại ngữ,HCM,KHOA_NGOAI_NGU,false,3,auto,7,6388,ok,71083,1e96fe119370681b138dd8ec3949a8cddfb9ebfadca7b4a27cb438ceb0fa3ddd,files/khoa-ngoai-ngu/1e96fe119370.pdf,true,2026-09-30T07:44:27+00:00,true,,
20e9fd275638,ilovepdf_merged(6).pdf,https://ffl.iuh.edu.vn/upload/files/2024/ilovepdf_merged(6).pdf,https://ffl.iuh.edu.vn/news.html@detail@264@728@THONG-BAO-LICH-DANG-KY-THI-TOEIC-TAI-IIG-THANG-01-NAM-2025,Khoa Ngoại ngữ,HCM,KHOA_NGOAI_NGU,true,,auto,2,5166,ok,309501,20e9fd275638134e56b5e37cbd692da57adbeaa5797400b0add21926084d1b12,files/khoa-ngoai-ngu/20e9fd275638.pdf,true,2026-09-30T07:42:53+00:00,true,,
2e687339f939,Speaking 2 - course induction.pdf,https://ffl.iuh.edu.vn/upload/01026002/files/Speaking%202%20-%20course%20induction.pdf,https://ffl.iuh.edu.vn/giangvien@nguyenthidiemthi,Khoa Ngoại ngữ,HCM,KHOA_NGOAI_NGU,true,,auto,12,1956,ok,541727,2e687339f939202eae7235b41e71cd02b90c03397dc4b513bec56940b810f544,files/khoa-ngoai-ngu/2e687339f939.pdf,true,2026-09-30T07:41:48+00:00,true,,
31e18b884233,03_06 DANH SACH SV THI BỔ SUNG.pdf,https://ffl.iuh.edu.vn/upload/files/2026/05.2026/03_06%20DANH%20SACH%20SV%20THI%20B%E1%BB%94%20SUNG.pdf,"https://ffl.iuh.edu.vn/news.html@detail@264@781@TB-THI-CUOI-KY-BO-SUNG-CAC-MON-ANH-VAN-1,2,3,4-VA-TIENG-ANH-1,2-HK2-NAM-2025-2026",Khoa Ngoại ngữ,HCM,KHOA_NGOAI_NGU,true,,auto,1,1207,ok,111066,31e18b8842331fde0fa4015d3062a087df55f733770e557c38ff5825a2785f92,files/khoa-ngoai-ngu/31e18b884233.pdf,true,2026-09-30T07:44:12+00:00,true,,
3ac3bcb79e14,Quy dinh doi voi thi sinh du thi TOEIC.pdf,https://ffl.iuh.edu.vn/upload/files/2022/Quy%20dinh%20doi%20voi%20thi%20sinh%20du%20thi%20TOEIC.pdf,https://ffl.iuh.edu.vn/news.html@detail@264@748@DANH-SACH-THI-TOEIC-NGAY-04-05-2025,Khoa Ngoại ngữ,HCM,KHOA_NGOAI_NGU,true,,auto,2,0,scanned,1062894,3ac3bcb79e149b12a6ee3eeab113cc4b296ac019152a2a71d7f076a413b7b18f,scanned_pdf/khoa-ngoai-ngu/3ac3bcb79e14.pdf,true,2026-09-30T07:42:31+00:00,false,,
3cbf7fe2f979,SINH VIEN DỰ LỄ TRAO BẰNG TỐT NGHIỆP NGAY 01_12_2025.pdf,https://ffl.iuh.edu.vn/upload/files/2025/11.2025/SINH%20VIEN%20D%E1%BB%B0%20L%E1%BB%84%20TRAO%20B%E1%BA%B0NG%20T%E1%BB%90T%20NGHI%E1%BB%86P%20NGAY%2001_12_2025.pdf,https://ffl.iuh.edu.vn/news.html@detail@264@766@Danh-sach-sinh-vien-tham-du-le-tot-nghiep-ngay-01-12-2025,Khoa Ngoại ngữ,HCM,KHOA_NGOAI_NGU,true,,auto,21,26069,ok,466225,3cbf7fe2f97930fd637f6711c378ecd99e142c802f29fdedddbe6d45b81bdb76,files/khoa-ngoai-ngu/3cbf7fe2f979.pdf,true,2026-09-30T07:43:35+00:00,true,,
3f9a0363c298,20_ 10 DSSV THI BỔ SUNG.pdf,https://ffl.iuh.edu.vn/upload/files/20_%2010%20DSSV%20THI%20B%E1%BB%94%20SUNG.pdf,"https://ffl.iuh.edu.vn/news.html@detail@264@763@TB-THI-BO-SUNG-CAC-MON-ANH-VAN-1,2,3,4-VA-TIENG-ANH-1,2-HK1-NAM-2025-2026",Khoa Ngoại ngữ,HCM,KHOA_NGOAI_NGU,false,1,auto,1,2052,ok,117114,3f9a0363c2988dcdaeb44839469609a47de33317d2720aa57eb8e37d9c5d3bfa,files/khoa-ngoai-ngu/3f9a0363c298.pdf,true,2026-09-30T07:44:24+00:00,true,,
48be2a3ee1b9,THONG BAO_LT NN 6 BAC.pdf,https://ffl.iuh.edu.vn/upload/files/2021/05.2021/THONG%20BAO_LT%20NN%206%20BAC.pdf,https://ffl.iuh.edu.vn/news.html@detail@262@407@Thong-bao-to-chuc-luyen-thi-nang-luc-tieng-Anh-theo-khung-nang-luc-Ngoai-Ngu-6-bac-dung-cho-Viet-Nam,Khoa Ngoại ngữ,HCM,KHOA_NGOAI_NGU,false,1,auto,1,1781,garbled_ocr,409079,48be2a3ee1b9bd089a52fcea2ddf0245dac6eb7290c82c52cc6e0db0e075f7ab,scanned_pdf/khoa-ngoai-ngu/48be2a3ee1b9.pdf,true,2026-09-30T07:42:27+00:00,false,,
4cb3e6127cc5,THI BO SUNG AV3 GK(1).pdf,https://ffl.iuh.edu.vn/upload/files/2026/08.2026/THI%20BO%20SUNG%20AV3%20GK(1).pdf,https://ffl.iuh.edu.vn/news.html@detail@264@786@TB-THI-BO-SUNG-GK-CAC-MON-ANH-VAN-3-HK1-NAM-2026-2027,Khoa Ngoại ngữ,HCM,KHOA_NGOAI_NGU,false,4,auto,1,2529,ok,97721,4cb3e6127cc5eee5afcda3a18c72e1dd36a489d7a8ebfc2f5a18514676820dbf,files/khoa-ngoai-ngu/4cb3e6127cc5.pdf,true,2026-09-30T07:44:22+00:00,true,,
4d6b45634500,05_12_24 DANH SACH THI BỔ SUNG CỦA HK2 VA HK3 NAM 2023-2024.pdf,https://ffl.iuh.edu.vn/upload/files/05_12_24%20DANH%20SACH%20THI%20B%E1%BB%94%20SUNG%20C%E1%BB%A6A%20HK2%20VA%20HK3%20NAM%202023-2024.pdf,https://ffl.iuh.edu.vn/news.html@detail@264@726@Danh-sach-sinh-vien-thi-bo-sung-cuoi-ky-mon-Tieng-anh-va-Anh-van-CLC-nam-hoc-2023-2024,Khoa Ngoại ngữ,HCM,KHOA_NGOAI_NGU,true,,auto,1,1333,ok,62313,4d6b456345000ddcd7c23255dbb35fded2c2d679abb6988ebd70d82a34f85576,files/khoa-ngoai-ngu/4d6b45634500.pdf,true,2026-09-30T07:42:16+00:00,true,,
4f2ab20034b6,Bien ban xet tot nghiep dot thang 03_2026.pdf,https://ffl.iuh.edu.vn/upload/files/2026/03.2026/Bien%20ban%20xet%20tot%20nghiep%20dot%20thang%2003_2026.pdf,https://ffl.iuh.edu.vn/news.html@detail@264@774@Thong-bao-nhan-bang-tot-nghiep-dot-xet-thang-03-nam-2026,Khoa Ngoại ngữ,HCM,KHOA_NGOAI_NGU,true,,auto,6,0,scanned,3303430,4f2ab20034b64bbef1bb0758b08d06e8b18509526f4dfa52f02ec1a94c1fe329,scanned_pdf/khoa-ngoai-ngu/4f2ab20034b6.pdf,true,2026-09-30T07:44:04+00:00,false,,
50a3968a8857,Quy dinh vv Chung minh nhan dan khong hop le (01_7_2019).pdf,https://ffl.iuh.edu.vn/upload/files/2022/Quy%20dinh%20vv%20Chung%20minh%20nhan%20dan%20khong%20hop%20le%20(01_7_2019).pdf,https://ffl.iuh.edu.vn/news.html@detail@263@656@THONG-BAO-DANG-KY-THI-TOEIC-DOT-THI-NGAY-13-01-2024,Khoa Ngoại ngữ,HCM,KHOA_NGOAI_NGU,true,,auto,1,1422,garbled_ocr,291221,50a3968a88578b46dd96f2dcd1d30ac5cad13ce0b3ac0ed7d1f77f01b04191d8,scanned_pdf/khoa-ngoai-ngu/50a3968a8857.pdf,true,2026-09-30T07:42:34+00:00,false,,
549716a6c63c,Ket qua phuc khao HK2_2022_2023.pdf,https://ffl.iuh.edu.vn/upload/files/2023/08.2023/Ket%20qua%20phuc%20khao%20HK2_2022_2023.pdf,https://ffl.iuh.edu.vn/news.html@detail@264@627@Ket-qua-phuc-khao-thi-cuoi-ky-2-2022-2023-nganh-Ngon-ngu-Anh,Khoa Ngoại ngữ,HCM,KHOA_NGOAI_NGU,false,3,auto,4,0,scanned,2291814,549716a6c63c9a47b903494a4c68ad25f3c523549c6702fa90cdd12d9803513e,scanned_pdf/khoa-ngoai-ngu/549716a6c63c.pdf,true,2026-09-30T07:42:38+00:00,false,,
5523fd13c531,tb_57.pdf,https://ffl.iuh.edu.vn/upload/files/2020/05/tb_57.pdf,"https://ffl.iuh.edu.vn/news.html@detail@273@124@Thong-bao-v-v-tuyen-sinh-dao-tao-lien-thong-hinh-thuc-vua-lam-vua-hoc-tu-trinh-do-cao-dang-len-trinh-do-dai-hoc-dot-1-nam-2020,-lop-dat-tai-Truong-Cao-dang-Cong-Thuong-Thanh-pho-Ho-Chi-Minh",Khoa Ngoại ngữ,HCM,KHOA_NGOAI_NGU,true,,auto,2,0,scanned,541026,5523fd13c531101bcb85c5b5397c0d16ebcdc445cadfbfa3c909331450fd6924,scanned_pdf/khoa-ngoai-ngu/5523fd13c531.pdf,true,2026-09-30T07:42:26+00:00,false,,
5daa4000142d,Hội dồng khoa luận học ky 2-2024-2025.pdf,https://ffl.iuh.edu.vn/upload/files/2025/04.2025/H%E1%BB%99i%20d%E1%BB%93ng%20khoa%20lu%E1%BA%ADn%20h%E1%BB%8Dc%20ky%202-2024-2025.pdf,https://ffl.iuh.edu.vn/news.html@detail@264@746@Hoi-dong-bao-ve-khoa-luan-Hoc-Ky-2-(2024-2025),Khoa Ngoại ngữ,HCM,KHOA_NGOAI_NGU,false,4,auto,17,0,scanned,8985643,5daa4000142d69b31f5a33c7664eb0627b8910ac95bb4d9b332241963e824909,scanned_pdf/khoa-ngoai-ngu/5daa4000142d.pdf,true,2026-09-30T07:43:18+00:00,false,,
617ab3d62643,ilovepdf_merged(5).pdf,https://ffl.iuh.edu.vn/upload/files/2024/ilovepdf_merged(5).pdf,https://ffl.iuh.edu.vn/news.html@detail@264@727@DANH-SACH-THI-TOEIC-NGAY-20-12-2024,Khoa Ngoại ngữ,HCM,KHOA_NGOAI_NGU,true,,auto,4,3466,ok,42613,617ab3d6264332f2f324c4315152d3cd03e7a66c290058be6a97c7a96188b044,files/khoa-ngoai-ngu/617ab3d62643.pdf,true,2026-09-30T07:42:51+00:00,true,,
65559c34b245,HD du thi TOEIC Online.pdf,https://ffl.iuh.edu.vn/upload/files/2025/HD%20du%20thi%20TOEIC%20Online.pdf,https://ffl.iuh.edu.vn/news.html@detail@264@748@DANH-SACH-THI-TOEIC-NGAY-04-05-2025,Khoa Ngoại ngữ,HCM,KHOA_NGOAI_NGU,true,,auto,20,54466,ok,7404735,65559c34b24562a5f9cc527414622de0c03a03ebab5f12d19468387487eb8b9b,files/khoa-ngoai-ngu/65559c34b245.pdf,true,2026-09-30T07:43:46+00:00,true,,
683dea712288,2025-12-17 (1).pdf,https://ffl.iuh.edu.vn/upload/files/2025/12.2025/2025-12-17%20(1).pdf,https://ffl.iuh.edu.vn/news.html@detail@264@768@Hoi-dong-khoa-luan-Hoc-ky-1-(2025-2026),Khoa Ngoại ngữ,HCM,KHOA_NGOAI_NGU,true,,auto,2,0,scanned,672772,683dea712288d3ee840abdcb38aacd6a9140591afd19a0a53a223291a29b73b3,scanned_pdf/khoa-ngoai-ngu/683dea712288.pdf,true,2026-09-30T07:43:39+00:00,false,,
7959594962c9,ilovepdf_merged(4).pdf,https://ffl.iuh.edu.vn/upload/files/2024/ilovepdf_merged(4).pdf,https://ffl.iuh.edu.vn/news.html@detail@264@723@DANH-SACH-THI-TOEIC-NGAY-27-11-2024,Khoa Ngoại ngữ,HCM,KHOA_NGOAI_NGU,true,,auto,3,2989,ok,38513,7959594962c9ef65e5082d199ff9896f7448828ae6bfacc82ec4414f68cfeb03,files/khoa-ngoai-ngu/7959594962c9.pdf,true,2026-09-30T07:42:50+00:00,true,,
7c314a84796f,ilovepdf_merged(1).pdf,https://ffl.iuh.edu.vn/upload/files/2025/ilovepdf_merged(1).pdf,https://ffl.iuh.edu.vn/news.html@detail@264@737@DANH-SACH-THI-TOEIC-NGAY-16-17-03-2025,Khoa Ngoại ngữ,HCM,KHOA_NGOAI_NGU,false,2,auto,7,6786,ok,85378,7c314a84796f12eb036048704ff6de8af125a7f693f4e1a2fc823039a671fbc8,files/khoa-ngoai-ngu/7c314a84796f.pdf,true,2026-09-30T07:43:49+00:00,true,,
7ffa250e324c,Bien ban xet tot nghiep dot thang 10_2025.pdf,https://ffl.iuh.edu.vn/upload/files/2025/11.2025/Bien%20ban%20xet%20tot%20nghiep%20dot%20thang%2010_2025.pdf,https://ffl.iuh.edu.vn/news.html@detail@264@764@Thong-bao-nhan-bang-tot-nghiep-dot-xet-thang-10-nam-2025,Khoa Ngoại ngữ,HCM,KHOA_NGOAI_NGU,false,4,auto,10,0,scanned,5761945,7ffa250e324c1a2a12ad9df6582f0eff83e3b025608afea997e3b5b4f0d95302,scanned_pdf/khoa-ngoai-ngu/7ffa250e324c.pdf,true,2026-09-30T07:43:31+00:00,false,,
83a97513ac19,19_12 DANH SACH SV THI BỔ SUNG HK1.pdf,https://ffl.iuh.edu.vn/upload/files/2025/12.2025/19_12%20DANH%20SACH%20SV%20THI%20B%E1%BB%94%20SUNG%20HK1.pdf,"https://ffl.iuh.edu.vn/news.html@detail@264@769@TB-THI-BO-SUNG-CAC-MON-ANH-VAN-1,2,3,4-VA-TIENG-ANH-1,2-HK1-NAM-2025-2026",Khoa Ngoại ngữ,HCM,KHOA_NGOAI_NGU,true,,auto,2,3154,ok,115969,83a97513ac19da5fcba4b7358a574382b5bceb91d4e9210ef059350d2a75812d,files/khoa-ngoai-ngu/83a97513ac19.pdf,true,2026-09-30T07:43:37+00:00,true,,
83e04104d268,01 apa-6th-edition-20221223112651-e.pdf,https://ffl.iuh.edu.vn/upload/files/2023/12.2023/01%20apa-6th-edition-20221223112651-e.pdf,https://ffl.iuh.edu.vn/bieumau.html@p=1,Khoa Ngoại ngữ,HCM,KHOA_NGOAI_NGU,true,,auto,17,36302,ok,448772,83e04104d26896d70dd19a64c4da7f2ccb1466c474be066cd61faa249f953f37,files/khoa-ngoai-ngu/83e04104d268.pdf,true,2026-09-30T07:42:40+00:00,true,,
8565e9cc9fca,16_ 2111443- interpretation 1 25-6-2019 checked.pdf,https://ffl.iuh.edu.vn/upload/01210023/files/16_%202111443-%20interpretation%201%2025-6-2019%20checked.pdf,https://ffl.iuh.edu.vn/giangvien@nguyendinhluat,Khoa Ngoại ngữ,HCM,KHOA_NGOAI_NGU,true,,auto,4,6918,ok,81301,8565e9cc9fca0f38a976bfc5c5c9fc52da42cf984b3235386eee2ca6d1779f60,files/khoa-ngoai-ngu/8565e9cc9fca.pdf,true,2026-09-30T07:41:49+00:00,true,,
8823448651ba,Sự hoa hợp giữa chủ ngữ va dộng từ.pdf,https://ffl.iuh.edu.vn/upload/08760002/files/S%E1%BB%B1%20hoa%20h%E1%BB%A3p%20gi%E1%BB%AFa%20ch%E1%BB%A7%20ng%E1%BB%AF%20va%20d%E1%BB%99ng%20t%E1%BB%AB.pdf,https://ffl.iuh.edu.vn/giangvien@trananhtuan,Khoa Ngoại ngữ,HCM,KHOA_NGOAI_NGU,true,,auto,28,23729,ok,165836,8823448651ba758dc9e09803293574afb655f2d9848141b23bda247bf6402dc9,files/khoa-ngoai-ngu/8823448651ba.pdf,true,2026-09-30T07:42:04+00:00,true,,
8f21f60bd57f,Ket qua phuc khao hk2-2024-2025 to PPGD.pdf,https://ffl.iuh.edu.vn/upload/files/2025/07.2025/Ket%20qua%20phuc%20khao%20hk2-2024-2025%20to%20PPGD.pdf,https://ffl.iuh.edu.vn/news.html@detail@264@752@Ket-qua-phuc-khao-diem-thi-cuoi-ky-nganh-Ngon-ngu-Anh-Hoc-ky-2-2024-2025,Khoa Ngoại ngữ,HCM,KHOA_NGOAI_NGU,true,,auto,1,0,scanned,432221,8f21f60bd57f733bf829853435025fa7bdac84ea5885d512086e4ef0687a0f28,scanned_pdf/khoa-ngoai-ngu/8f21f60bd57f.pdf,true,2026-09-30T07:43:23+00:00,false,,
8f78bdc5b445,programme_description_2014.pdf,http://ffl.iuh.edu.vn/Upload/Files/programme_description_2014.pdf,https://ffl.iuh.edu.vn/news.html@detail@211@202@PROGRAMME-SPECIFICATION,Khoa Ngoại ngữ,HCM,KHOA_NGOAI_NGU,true,,auto,9,15834,ok,1042352,8f78bdc5b44594ebaceadc4c6dd496ce055c31683fd48560eafcf0a50a898444,files/khoa-ngoai-ngu/8f78bdc5b445.pdf,true,2026-09-30T07:41:46+00:00,true,,
949997b4494c,Ket qua phuc khao hk2-2025-2026 to csn.pdf,https://ffl.iuh.edu.vn/upload/files/2026/07.2026/Ket%20qua%20phuc%20khao%20hk2-2025-2026%20to%20csn.pdf,https://ffl.iuh.edu.vn/news.html@detail@264@782@Ket-qua-phuc-khao-mon-Tieng-Viet-thuc-hanh-Hoc-ky-2-(2025-2026),Khoa Ngoại ngữ,HCM,KHOA_NGOAI_NGU,true,,auto,1,0,scanned,327216,949997b4494c4f0e04ccf9d57fcda7cecdaae800b28222304eef8c8cb0d3be5e,scanned_pdf/khoa-ngoai-ngu/949997b4494c.pdf,true,2026-09-30T07:44:16+00:00,false,,
95555f075597,KET QUA PHUC KHAO DIEM(1).pdf,https://ffl.iuh.edu.vn/upload/files/2025/07.2025/KET%20QUA%20PHUC%20KHAO%20DIEM(1).pdf,https://ffl.iuh.edu.vn/news.html@detail@264@754@Ket-qua-phuc-khao-diem-thi-cuoi-ky-mon-Tieng-anh-1-Hoc-ky-3-2024-2025,Khoa Ngoại ngữ,HCM,KHOA_NGOAI_NGU,true,,auto,1,0,scanned,437956,95555f075597918991a0fede9d759a67e3a306d7261e0496a3f9093acd4cb689,scanned_pdf/khoa-ngoai-ngu/95555f075597.pdf,true,2026-09-30T07:43:21+00:00,false,,
95b042bc0188,9- 2111471- Reading 2 -2018.pdf,https://ffl.iuh.edu.vn/upload/01210029/files/9-%202111471-%20Reading%202%20-2018.pdf,https://ffl.iuh.edu.vn/giangvien@lethithanhlap,Khoa Ngoại ngữ,HCM,KHOA_NGOAI_NGU,false,4,auto,3,4954,ok,346896,95b042bc0188ddd5774073afe2da8c61bca105261971b7d0de2288a261cc11ff,files/khoa-ngoai-ngu/95b042bc0188.pdf,true,2026-09-30T07:41:54+00:00,true,,
9a807d923547,DS THI BỔ SUNG 27_03.pdf,https://ffl.iuh.edu.vn/upload/files/2025/03.2025/DS%20THI%20B%E1%BB%94%20SUNG%2027_03.pdf,"https://ffl.iuh.edu.vn/news.html@detail@264@740@DANH-SACH-KIEM-TRA-THUONG-KY,-THI-GIUA-KY-CAC-MON-TIENG-ANH-1,2-VA-ANH-VAN-1,2,3,4-(-BO-SUNG)",Khoa Ngoại ngữ,HCM,KHOA_NGOAI_NGU,true,,auto,13,9845,ok,77338,9a807d92354772fd178b5608e9efe4e65177ae18bbe1dbbebc6fad890d021dfa,files/khoa-ngoai-ngu/9a807d923547.pdf,true,2026-09-30T07:43:09+00:00,true,,
a17cc0538d47,5_8 DIỂM PHUC KHẢO.pdf,https://ffl.iuh.edu.vn/upload/files/2025/07.2025/5_8%20DI%E1%BB%82M%20PHUC%20KH%E1%BA%A2O.pdf,https://ffl.iuh.edu.vn/news.html@detail@264@753@Ket-qua-phuc-khao-diem-thi-cuoi-ky-mon-Tieng-anh-1-va-Anh-van-1-Hoc-ky-2-2024-2025,Khoa Ngoại ngữ,HCM,KHOA_NGOAI_NGU,false,2,auto,8,2846,ok,81703,a17cc0538d477c0b05377d98a4f27024a0f17afee30f8b76687aa6fbcadce6b2,files/khoa-ngoai-ngu/a17cc0538d47.pdf,true,2026-09-30T07:43:19+00:00,true,,
a187b3592934,MASTER RUBRIC - Testing & Evaluation.pdf,https://ffl.iuh.edu.vn/upload/0199900065/files/MASTER%20RUBRIC%20-%20Testing%20%26%20Evaluation.pdf,https://ffl.iuh.edu.vn/giangvien@nguyentruongsa,Khoa Ngoại ngữ,HCM,KHOA_NGOAI_NGU,true,,auto,2,5156,ok,84545,a187b3592934d8443cef2ff19d5f7fb17165c03b8fd507a04d950e0f8e045a0a,files/khoa-ngoai-ngu/a187b3592934.pdf,true,2026-09-30T07:42:00+00:00,true,,
a3a45658f35d,THONG BAO_THI NN 6 BAC.pdf,https://ffl.iuh.edu.vn/upload/files/2021/05.2021/THONG%20BAO_THI%20NN%206%20BAC.pdf,https://ffl.iuh.edu.vn/news.html@detail@262@406@Thong-bao-to-chuc-thi-nang-luc-tieng-Anh-theo-khung-nang-luc-Ngoai-Ngu-6-bac-dung-cho-Viet-Nam,Khoa Ngoại ngữ,HCM,KHOA_NGOAI_NGU,true,,auto,2,3861,garbled_ocr,779869,a3a45658f35d5ee6d8dbccc70fecd9917b0bd1359d07d49fcf4613469cea6eee,scanned_pdf/khoa-ngoai-ngu/a3a45658f35d.pdf,true,2026-09-30T07:42:30+00:00,false,,
acbfa996ca3d,PS 2024 version.pdf,https://ffl.iuh.edu.vn/upload/files/2024/PS%202024%20version.pdf,https://ffl.iuh.edu.vn/news.html@detail@211@691@Programme-Specification-2024,Khoa Ngoại ngữ,HCM,KHOA_NGOAI_NGU,true,,auto,38,77463,ok,4482455,acbfa996ca3d7ba52f804e1be7e465a930b5be05700772904b1cebea28f61dc7,files/khoa-ngoai-ngu/acbfa996ca3d.pdf,true,2026-09-30T07:42:48+00:00,true,,
acffbb3512e3,sach tieng Anh thong dung lop 12 19_6_2010.pdf,https://ffl.iuh.edu.vn/upload/08760002/files/sach%20tieng%20Anh%20thong%20dung%20lop%2012%2019_6_2010.pdf,https://ffl.iuh.edu.vn/giangvien@trananhtuan,Khoa Ngoại ngữ,HCM,KHOA_NGOAI_NGU,true,,auto,512,884459,ok,7964750,acffbb3512e3fa4eaa07964c56b06b1946aa35fa6185ada5e64970f2fe8de7a3,files/khoa-ngoai-ngu/acffbb3512e3.pdf,true,2026-09-30T07:42:11+00:00,false,,
b0229f034b34,ilovepdf_merged(3).pdf,https://ffl.iuh.edu.vn/upload/files/2025/ilovepdf_merged(3).pdf,https://ffl.iuh.edu.vn/news.html@detail@264@748@DANH-SACH-THI-TOEIC-NGAY-04-05-2025,Khoa Ngoại ngữ,HCM,KHOA_NGOAI_NGU,true,,auto,5,7847,ok,141031,b0229f034b347f5ec0f9c15ffd740d0e3ed9642a78bce69a99dd332749bce34d,files/khoa-ngoai-ngu/b0229f034b34.pdf,true,2026-09-30T07:43:54+00:00,true,,
b22597555e02,ilovepdf_merged(2).pdf,https://ffl.iuh.edu.vn/upload/files/2025/ilovepdf_merged(2).pdf,https://ffl.iuh.edu.vn/news.html@detail@264@747@DANH-SACH-THI-TOEIC-NGAY-27-28-04-2025,Khoa Ngoại ngữ,HCM,KHOA_NGOAI_NGU,false,4,auto,8,9465,ok,97602,b22597555e02c3412ff7331db90bb00d8bc6370af90b3c760028435daea2ce10,files/khoa-ngoai-ngu/b22597555e02.pdf,true,2026-09-30T07:43:51+00:00,true,,
b3a74c64ebcb,sach tieng Anh thong dụng lop 11 19_6_2010.pdf,https://ffl.iuh.edu.vn/upload/08760002/files/sach%20tieng%20Anh%20thong%20d%E1%BB%A5ng%20lop%2011%2019_6_2010.pdf,https://ffl.iuh.edu.vn/giangvien@trananhtuan,Khoa Ngoại ngữ,HCM,KHOA_NGOAI_NGU,false,2,auto,455,749731,ok,9671514,b3a74c64ebcb7ce99a863376d35f7268fb1603ce6f99cc7fda770d4b399826bc,files/khoa-ngoai-ngu/b3a74c64ebcb.pdf,true,2026-09-30T07:42:08+00:00,false,,
c3f041cc962a,"DANH SACH THI BS CAC MON ANH VAN 1,2,3,4 VA TIẾNG ANH 1,2(2).pdf",https://ffl.iuh.edu.vn/upload/files/2026/03.2026/DANH%20SACH%20THI%20BS%20CAC%20MON%20ANH%20VAN%201%2C2%2C3%2C4%20VA%20TI%E1%BA%BENG%20ANH%201%2C2(2).pdf,"https://ffl.iuh.edu.vn/news.html@detail@264@777@TB-THI-GIUA-KY-BO-SUNG-CAC-MON-ANH-VAN-1,2,3,4-VA-TIENG-ANH-1,2-HK2-NAM-2025-2026",Khoa Ngoại ngữ,HCM,KHOA_NGOAI_NGU,false,1,auto,3,7033,ok,296155,c3f041cc962a87dc28c168e67f36cb51cfc17a5695ef03962c6b8124e0c584c5,files/khoa-ngoai-ngu/c3f041cc962a.pdf,true,2026-09-30T07:44:06+00:00,true,,
cbaf33bff641,4_ THONG BAO MUA SACH- DH CONG NGHIEP TP HCM -4_2025- new.pdf,https://ffl.iuh.edu.vn/upload/files/2025/12.2025/4_%20THONG%20BAO%20MUA%20SACH-%20DH%20CONG%20NGHIEP%20TP%20HCM%20-4_2025-%20new.pdf,https://ffl.iuh.edu.vn/news.html@detail@264@770@Thong-bao-ve-viec-mua-sach-hoc-Tieng-Anh,Khoa Ngoại ngữ,HCM,KHOA_NGOAI_NGU,true,,auto,2,3011,ok,657811,cbaf33bff6413e1d88cac4159125abb739dc5b6dc76789b600217bc8d383161e,files/khoa-ngoai-ngu/cbaf33bff641.pdf,true,2026-09-30T07:43:41+00:00,true,,
cbf18915f285,sach tieng anh thong dung lop 10 ngay 19_6_2010.pdf,https://ffl.iuh.edu.vn/upload/08760002/files/sach%20tieng%20anh%20thong%20dung%20lop%2010%20ngay%2019_6_2010.pdf,https://ffl.iuh.edu.vn/giangvien@trananhtuan,Khoa Ngoại ngữ,HCM,KHOA_NGOAI_NGU,true,,auto,401,643598,ok,7776779,cbf18915f2854c6b093aa22cef6a20ca7c764742e56afb9ce033612e00579456,files/khoa-ngoai-ngu/cbf18915f285.pdf,true,2026-09-30T07:42:13+00:00,false,,
d436f2d7eacc,8_10_25 DANH SACH SV THI BO SUNG K21.pdf,https://ffl.iuh.edu.vn/upload/files/2025/09.2025/8_10_25%20DANH%20SACH%20SV%20THI%20BO%20SUNG%20K21.pdf,https://ffl.iuh.edu.vn/news.html@detail@264@762@TB-THI-BO-SUNG-SAT-HACH-TIENG-ANH-DAU-VAO-CHO-SINH-VIEN-K21,Khoa Ngoại ngữ,HCM,KHOA_NGOAI_NGU,false,4,auto,2,1203,ok,69208,d436f2d7eacc55ff8d02519bc09e502b2819dec5a5c204f9deb4b34e15fd9883,files/khoa-ngoai-ngu/d436f2d7eacc.pdf,true,2026-09-30T07:43:27+00:00,true,,
d9786fd96a98,HUỚNG DẪN NỘP HỒ SO MON THỰC TẬP DOANH NGHIỆP HK1 25-26.pdf,https://ffl.iuh.edu.vn/upload/files/2025/11.2025/HU%E1%BB%9ANG%20D%E1%BA%AAN%20N%E1%BB%98P%20H%E1%BB%92%20SO%20MON%20TH%E1%BB%B0C%20T%E1%BA%ACP%20DOANH%20NGHI%E1%BB%86P%20HK1%2025-26.pdf,https://ffl.iuh.edu.vn/news.html@detail@264@767@Thong-bao-nop-bai-bao-cao-thuc-tap-(-Giang-Day),Khoa Ngoại ngữ,HCM,KHOA_NGOAI_NGU,true,,auto,1,826,ok,116536,d9786fd96a98c0e2b55af47f12fbe8343ebdb9a0afc0cf5bebc2b944bfd47aa6,files/khoa-ngoai-ngu/d9786fd96a98.pdf,true,2026-09-30T07:43:32+00:00,true,,
d9ea0937bf85,2026-03-09 (1).pdf,https://ffl.iuh.edu.vn/upload/files/2026/03.2026/2026-03-09%20(1).pdf,https://ffl.iuh.edu.vn/news.html@detail@264@773@Quyet-dinh-giao-de-tai-Khoa-luan-Hoc-ky-2-(2025-2026),Khoa Ngoại ngữ,HCM,KHOA_NGOAI_NGU,false,1,auto,24,0,scanned,12349750,d9ea0937bf851375dc8f2ef1227aaab8da09477398f3b6e500e9c20ddc4264c0,scanned_pdf/khoa-ngoai-ngu/d9ea0937bf85.pdf,true,2026-09-30T07:44:01+00:00,false,,
e0176b4a4bef,Bien ban xet tot nghiep dot thang 07_2025.pdf,https://ffl.iuh.edu.vn/upload/files/2025/08.2025/Bien%20ban%20xet%20tot%20nghiep%20dot%20thang%2007_2025.pdf,https://ffl.iuh.edu.vn/news.html@detail@264@755@Thong-bao-nhan-bang-tot-nghiep-dot-xet-thang-07-nam-2025,Khoa Ngoại ngữ,HCM,KHOA_NGOAI_NGU,false,4,auto,16,0,scanned,10862267,e0176b4a4bef55805f095c85b4e150eb963dd6453ef2a10a7c6d8660e358f3ce,scanned_pdf/khoa-ngoai-ngu/e0176b4a4bef.pdf,true,2026-09-30T07:43:25+00:00,false,,
e27a1c8e9733,22 Advanced Translation 10-12-2019.pdf,https://ffl.iuh.edu.vn/upload/01210023/files/22%20Advanced%20Translation%2010-12-2019.pdf,https://ffl.iuh.edu.vn/news.html@detail@203@324@DE-CUONG-CAC-MON-HOC-TRONG-HOC-KI-1-2020-2021,Khoa Ngoại ngữ,HCM,KHOA_NGOAI_NGU,true,,auto,3,5117,ok,118650,e27a1c8e9733c2002aab0816f84c2c3561166038874bc82d52a305c65e2c63de,files/khoa-ngoai-ngu/e27a1c8e9733.pdf,true,2026-09-30T07:41:51+00:00,true,,
e2a164dbf068,200823 - DH CONG NGHIEP - AM (1).pdf,https://ffl.iuh.edu.vn/upload/files/2023/200823%20-%20DH%20CONG%20NGHIEP%20-%20AM%20(1).pdf,https://ffl.iuh.edu.vn/news.html@detail@264@626@DANH-SACH-THI-TOEIC-NGAY-20-08-2023,Khoa Ngoại ngữ,HCM,KHOA_NGOAI_NGU,true,,auto,8,0,scanned,2598246,e2a164dbf0688a521e33aa40d2644d929fac0485b086e69bd28c4ddce5dd81c9,scanned_pdf/khoa-ngoai-ngu/e2a164dbf068.pdf,true,2026-09-30T07:42:41+00:00,false,,
e2b93b2c8d81,tb_46.pdf,https://ffl.iuh.edu.vn/upload/files/2020/05/tb_46.pdf,https://ffl.iuh.edu.vn/news.html@detail@273@122@Thong-bao-V-v-tuyen-sinh-dao-tao-lien-thong-hinh-thuc-vua-lam-vua-hoc-tu-trinh-do-cao-dang-len-trinh-do-dai-hoc-dot-1-nam-2020,Khoa Ngoại ngữ,HCM,KHOA_NGOAI_NGU,false,1,auto,2,0,scanned,707440,e2b93b2c8d81f3921e810e32d23475eff00d9c16d8bc5acd7d5baf09ff95a659,scanned_pdf/khoa-ngoai-ngu/e2b93b2c8d81.pdf,true,2026-09-30T07:42:24+00:00,false,,
e2d4f516f4a8,Ket qua phuc khao hk3-2024-2025.pdf,https://ffl.iuh.edu.vn/upload/files/2025/09.2025/Ket%20qua%20phuc%20khao%20hk3-2024-2025.pdf,https://ffl.iuh.edu.vn/news.html@detail@264@758@Ket-qua-phuc-khao-cuoi-ky-he-2024-2025-nganh-Ngon-ngu-Anh,Khoa Ngoại ngữ,HCM,KHOA_NGOAI_NGU,true,,auto,1,0,scanned,334824,e2d4f516f4a8a0fd18aa3ffb719216f3027f378f7b1a9272c5df7185bb957631,scanned_pdf/khoa-ngoai-ngu/e2d4f516f4a8.pdf,true,2026-09-30T07:43:29+00:00,false,,
e7d3892895a7,Bien ban xet tot nghiep dot thang 02_2025.pdf,https://ffl.iuh.edu.vn/upload/files/2025/03.2025/Bien%20ban%20xet%20tot%20nghiep%20dot%20thang%2002_2025.pdf,https://ffl.iuh.edu.vn/news.html@detail@264@738@Thong-bao-nhan-bang-tot-nghiep-dot-xet-thang-02-nam-2025,Khoa Ngoại ngữ,HCM,KHOA_NGOAI_NGU,true,,auto,8,0,scanned,4837409,e7d3892895a742d5a1272618b9ba85a324beda58c4d6fe78625ff789f4d0f402,scanned_pdf/khoa-ngoai-ngu/e7d3892895a7.pdf,true,2026-09-30T07:43:07+00:00,false,,
e9fb8a9fdca6,DM CAC LOẠI CCNN (bản full)-2-3.pdf,https://ffl.iuh.edu.vn/upload/files/2025/DM%20CAC%20LO%E1%BA%A0I%20CCNN%20(b%E1%BA%A3n%20full)-2-3.pdf,https://ffl.iuh.edu.vn/news.html@detail@264@750@DANH-MUC-CAC-LOAI-CHUNG-CHI-TIENG-ANH-DUOC-CONG-NHAN-TRONG-TUYEN-SINH-VA-DAO-TAO-TRINH-DO-DAI-HOC-VA-MUC-DIEM-TOI-THIEU,Khoa Ngoại ngữ,HCM,KHOA_NGOAI_NGU,true,,auto,2,0,scanned,698798,e9fb8a9fdca67710d3429f9337088bdefd2b33990020aefe6c7a2571a9658ea1,scanned_pdf/khoa-ngoai-ngu/e9fb8a9fdca6.pdf,true,2026-09-30T07:43:43+00:00,false,,
eea23f436a37,tb_45_new.pdf,https://ffl.iuh.edu.vn/upload/files/2020/05/tb_45_new.pdf,https://ffl.iuh.edu.vn/news.html@detail@273@123@Thong-bao-V-v-tuyen-sinh-dai-hoc-van-bang-2-hinh-thuc-vua-lam-vua-hoc-nam-2020,Khoa Ngoại ngữ,HCM,KHOA_NGOAI_NGU,true,,auto,2,0,scanned,525580,eea23f436a3728f30f3d21dd0f301d132f4497892d8d46f2b5fd7baf09958c8e,scanned_pdf/khoa-ngoai-ngu/eea23f436a37.pdf,true,2026-09-30T07:42:21+00:00,false,,
f24656bac85e,Ket qua phuc khao hk1-2025-2026 to csn va bpd.pdf,https://ffl.iuh.edu.vn/upload/files/2026/02.2026/Ket%20qua%20phuc%20khao%20hk1-2025-2026%20to%20csn%20va%20bpd.pdf,https://ffl.iuh.edu.vn/news.html@detail@264@772@Ket-qua-phuc-khao-diem-thi-cuoi-ky-nganh-Ngon-ngu-Anh-Hoc-ky-1-2025-2026,Khoa Ngoại ngữ,HCM,KHOA_NGOAI_NGU,true,,auto,2,0,scanned,836810,f24656bac85e4f3956d816d564dd348cebfb9a55fe75e0724fef9a7b3970dc91,scanned_pdf/khoa-ngoai-ngu/f24656bac85e.pdf,true,2026-09-30T07:43:58+00:00,false,,
f3232eb3bc8d,Ket qua phuc khao HK1_2024_2025 to BPD.pdf,https://ffl.iuh.edu.vn/upload/files/2025/02.2025/Ket%20qua%20phuc%20khao%20HK1_2024_2025%20to%20BPD.pdf,https://ffl.iuh.edu.vn/news.html@detail@264@736@Ket-qua-phuc-khao-diem-thi-cuoi-ky-1-(2024-2025)-nganh-Ngon-ngu-Anh,Khoa Ngoại ngữ,HCM,KHOA_NGOAI_NGU,true,,auto,1,0,scanned,478034,f3232eb3bc8db1bea6ffe1f4ec0bb6af8fc10cf1fac01247bd0c6fff1200e048,scanned_pdf/khoa-ngoai-ngu/f3232eb3bc8d.pdf,true,2026-09-30T07:43:02+00:00,false,,
f45c69fd19a6,7_7.pdf,https://ffl.iuh.edu.vn/upload/files/2025/04.2025/7_7.pdf,"https://ffl.iuh.edu.vn/news.html@detail@264@751@DANH-SACH-SV-THI-BO-SUNG-CAC-MON-ANH-VAN-CLC-VA-TIENG-ANH-1,2",Khoa Ngoại ngữ,HCM,KHOA_NGOAI_NGU,true,,auto,1,2010,ok,288095,f45c69fd19a6725f348b540c109a048363b7eea028d0fe24cadc82e1ff818a00,files/khoa-ngoai-ngu/f45c69fd19a6.pdf,true,2026-09-30T07:43:15+00:00,true,,
f6b71ec097a1,Ket qua phuc khao HK1_2024_2025 to CSN.pdf,https://ffl.iuh.edu.vn/upload/files/2025/02.2025/Ket%20qua%20phuc%20khao%20HK1_2024_2025%20to%20CSN.pdf,https://ffl.iuh.edu.vn/news.html@detail@264@736@Ket-qua-phuc-khao-diem-thi-cuoi-ky-1-(2024-2025)-nganh-Ngon-ngu-Anh,Khoa Ngoại ngữ,HCM,KHOA_NGOAI_NGU,true,,auto,1,0,scanned,461611,f6b71ec097a11f6385ce4251add82eea4e13cdc60a6d164f38a0eaff9d6297f0,scanned_pdf/khoa-ngoai-ngu/f6b71ec097a1.pdf,true,2026-09-30T07:43:04+00:00,false,,
fa48effe7ca7,THONG TIN CHỨNG CHỈ NGOẠI NGỮ MIỄN TIẾNG ANH DẦU VAO (Responses)(2).pdf,https://ffl.iuh.edu.vn/upload/files/2025/THONG%20TIN%20CH%E1%BB%A8NG%20CH%E1%BB%88%20NGO%E1%BA%A0I%20NG%E1%BB%AE%20MI%E1%BB%84N%20TI%E1%BA%BENG%20ANH%20D%E1%BA%A6U%20VAO%20(Responses)(2).pdf,https://ffl.iuh.edu.vn/news.html@detail@264@761@Tra-loi-ket-qua-xet-mien-thi-sat-hach-tieng-Anh-dau-vao-cho-sinh-vien-K21-nam-hoc-2025-2026,Khoa Ngoại ngữ,HCM,KHOA_NGOAI_NGU,true,,auto,22,33107,ok,548394,fa48effe7ca756542aa29337f7a55ac1edcaaad994f84de1b736e4118e76d45c,files/khoa-ngoai-ngu/fa48effe7ca7.pdf,true,2026-09-30T07:43:47+00:00,true,,
fd18df6b9342,programme-specification-2018.pdf,http://ffl.iuh.edu.vn/Upload/Files/programme-specification-2018.pdf,https://ffl.iuh.edu.vn/news.html@detail@211@202@PROGRAMME-SPECIFICATION,Khoa Ngoại ngữ,HCM,KHOA_NGOAI_NGU,true,,auto,41,103087,ok,3389215,fd18df6b9342445732946668a67d5c73a7dd9865a82dfa05619307bdffa6da31,files/khoa-ngoai-ngu/fd18df6b9342.pdf,true,2026-09-30T07:41:45+00:00,true,,
fd6d784f35ee,Ket qua phuc khao HK1_2024_2025 to PPGD.pdf,https://ffl.iuh.edu.vn/upload/files/2025/02.2025/Ket%20qua%20phuc%20khao%20HK1_2024_2025%20to%20PPGD.pdf,https://ffl.iuh.edu.vn/news.html@detail@264@736@Ket-qua-phuc-khao-diem-thi-cuoi-ky-1-(2024-2025)-nganh-Ngon-ngu-Anh,Khoa Ngoại ngữ,HCM,KHOA_NGOAI_NGU,true,,auto,2,0,scanned,749102,fd6d784f35ee7428111255aa05de59b74acd82786b16120a4b70003ef04be8ec,scanned_pdf/khoa-ngoai-ngu/fd6d784f35ee.pdf,true,2026-09-30T07:43:06+00:00,false,,
00237112e863,Khung-chuong-trinh-QTKD.pdf,https://fba.iuh.edu.vn/wp-content/uploads/2024/09/Khung-chuong-trinh-QTKD.pdf,https://fba.iuh.edu.vn/chuong-trinh-khung/chuong-trinh-dao-tao-marketing-2-2/,Khoa Quản trị Kinh doanh,HCM,KHOA_QTKD,true,,auto,3,3467,ok,195888,00237112e863b2806deed240a9517b2c9e6b7af3ec518633df9210ffca33b0f0,files/khoa-quan-tri-kinh-doanh/00237112e863.pdf,false,2026-09-30T07:42:50+00:00,true,,
03c55366a4ea,TTS-NHAN-SU.pdf,https://fba.iuh.edu.vn/wp-content/uploads/2024/08/TTS-NHAN-SU.pdf,https://fba.iuh.edu.vn/ket-noi-doanh-nghiep/cong-ty-cp-tu-van-chat-luong-phuong-nam-tuyen-dung-thuc-tap-sinh/,Khoa Quản trị Kinh doanh,HCM,KHOA_QTKD,true,,auto,2,1399,ok,277636,03c55366a4ea45b6c068f25c5a5fad896e0eebf8d6b859881adb58b7cc79acff,files/khoa-quan-tri-kinh-doanh/03c55366a4ea.pdf,false,2026-09-30T07:42:10+00:00,true,,
0d124d055c7d,Quy-che-tuyen-sinh-va-dao-tao-Thac-si-IUH-2021-Final2-1.pdf,https://ipe.iuh.edu.vn/uploads/2016/03/Quy-che-tuyen-sinh-va-dao-tao-Thac-si-IUH-2021-Final2-1.pdf,https://fba.iuh.edu.vn/qui-che-quy-dinh/qui-che-quy-dinh/,Khoa Quản trị Kinh doanh,HCM,KHOA_QTKD,false,4,auto,36,72871,ok,427940,0d124d055c7d96e2d342ecb03db519fc064744cd1c9211ce784d631a8977d615,files/khoa-quan-tri-kinh-doanh/0d124d055c7d.pdf,false,2026-09-30T07:43:43+00:00,true,,
0e94aa127bd3,8_-Don-xin-chuyen-lich-thi.pdf,https://fba.iuh.edu.vn/wp-content/uploads/2024/09/8_-Don-xin-chuyen-lich-thi.pdf,https://fba.iuh.edu.vn/quy-trinh-thu-tuc/bieu-mau-hoc-vu/,Khoa Quản trị Kinh doanh,HCM,KHOA_QTKD,true,,auto,1,1365,ok,197630,0e94aa127bd392d2befb03ba3759005a73a2eddb1f89b5229f8a87ec8e5a5cee,files/khoa-quan-tri-kinh-doanh/0e94aa127bd3.pdf,false,2026-09-30T07:42:31+00:00,true,,
0f8eb75a5883,The-Blue-Ocean-JD-Market-Research-Innovation-Training-Trainee-2026.pdf,https://fba.iuh.edu.vn/wp-content/uploads/2026/08/The-Blue-Ocean-JD-Market-Research-Innovation-Training-Trainee-2026.pdf,https://fba.iuh.edu.vn/viec-lam/market-research-innovation-training-trainee/,Khoa Quản trị Kinh doanh,HCM,KHOA_QTKD,true,,auto,3,6507,ok,115802,0f8eb75a588387e06d40603eb4209ec768ead8963a1a4b814965b2764f0b69a4,files/khoa-quan-tri-kinh-doanh/0f8eb75a5883.pdf,false,2026-09-30T07:43:32+00:00,true,,
0fa55f8c9a8c,1_-Don-xin-dang-ky-hoc-phan.pdf,https://fba.iuh.edu.vn/wp-content/uploads/2024/09/1_-Don-xin-dang-ky-hoc-phan.pdf,https://fba.iuh.edu.vn/quy-trinh-thu-tuc/bieu-mau-hoc-vu/,Khoa Quản trị Kinh doanh,HCM,KHOA_QTKD,true,,auto,1,877,ok,153932,0fa55f8c9a8c25fccb71bd24f7be778f5c3217e2e42e8c7a3264280ef136b8c7,files/khoa-quan-tri-kinh-doanh/0fa55f8c9a8c.pdf,false,2026-09-30T07:42:15+00:00,true,,
1101a31ce7cd,PL1-1.pdf,https://ipe.iuh.edu.vn/uploads/2026/08/PL1-1.pdf,https://fba.iuh.edu.vn/thong-bao/thong-bao-tuyen-sinh-dao-tao-trinh-do-thac-si-nam-2026-dot-2/,Khoa Quản trị Kinh doanh,HCM,KHOA_QTKD,true,,auto,6,11418,ok,391355,1101a31ce7cdc595e7c75b325d9189631cc6c3d83624e8601de9decd4fadd79a,files/khoa-quan-tri-kinh-doanh/1101a31ce7cd.pdf,false,2026-09-30T07:44:15+00:00,true,,
131c597f9e34,MAU-03.-Ban-cam-ket-CC-TH-NN.pdf,https://fba.iuh.edu.vn/wp-content/uploads/2024/09/MAU-03.-Ban-cam-ket-CC-TH-NN.pdf,https://fba.iuh.edu.vn/quy-trinh-thu-tuc/bieu-mau-hoc-vu/,Khoa Quản trị Kinh doanh,HCM,KHOA_QTKD,true,,auto,1,2042,ok,279751,131c597f9e34cec07379eb2755c3996392596b85362237bb95e4836216659998,files/khoa-quan-tri-kinh-doanh/131c597f9e34.pdf,false,2026-09-30T07:43:01+00:00,true,,
148a0aa71759,ts1.pdf,https://ipe.iuh.edu.vn/uploads/2026/08/ts1.pdf,https://fba.iuh.edu.vn/thong-bao/thong-bao-tuyen-sinh-dao-tao-trinh-do-tien-si-nam-2026-dot-2/,Khoa Quản trị Kinh doanh,HCM,KHOA_QTKD,true,,auto,1,1816,ok,368611,148a0aa7175929de76200f9c0769c0e05516a03e422f9e17a3f50e7dfd59e75c,files/khoa-quan-tri-kinh-doanh/148a0aa71759.pdf,false,2026-09-30T07:44:21+00:00,true,,
1529af36e0f0,Quy-che-hoc-vu-dao-tao-thac-si-Cap-nhat-2016-Dang-Web.pdf,https://ipe.iuh.edu.vn/uploads/2016/03/Quy-che-hoc-vu-dao-tao-thac-si-Cap-nhat-2016-Dang-Web.pdf,https://fba.iuh.edu.vn/qui-che-quy-dinh/qui-che-quy-dinh/,Khoa Quản trị Kinh doanh,HCM,KHOA_QTKD,true,,auto,7,19956,ok,470453,1529af36e0f0cef645c496336db515800048198a3e8f7fa7d3d12522415b40ae,files/khoa-quan-tri-kinh-doanh/1529af36e0f0.pdf,false,2026-09-30T07:43:38+00:00,true,,
171576b7c553,576-GCN-P33-CNHCM-CT-ThS-QTKD.pdf,https://fba.iuh.edu.vn/wp-content/uploads/2025/04/576-GCN-P33-CNHCM-CT-ThS-QTKD.pdf,https://fba.iuh.edu.vn/vi/,Khoa Quản trị Kinh doanh,HCM,KHOA_QTKD,false,4,auto,1,0,scanned,1566920,171576b7c5536e02a751b6089b66322f09883442d9b2175ebfad170b33cf58ff,scanned_pdf/khoa-quan-tri-kinh-doanh/171576b7c553.pdf,false,2026-09-30T07:43:30+00:00,false,,
171a2f074570,IUH_Quy_che_dao_tao_ThS_2015.pdf,http://iuh.edu.vn/Resource/Upload2/files/2015/08/IUH_Quy_che_dao_tao_ThS_2015.pdf,https://fba.iuh.edu.vn/qui-che-quy-dinh/qui-che-quy-dinh/,Khoa Quản trị Kinh doanh,HCM,KHOA_QTKD,true,,auto,25,38838,garbled_ocr,9587965,171a2f074570b6175148dd2d4c847a86d69ffd9a48cf1ae1233699534a2944b6,scanned_pdf/khoa-quan-tri-kinh-doanh/171a2f074570.pdf,true,2026-09-30T07:41:56+00:00,false,,
197187ad47be,ts2.pdf,https://ipe.iuh.edu.vn/uploads/2026/08/ts2.pdf,https://fba.iuh.edu.vn/thong-bao/thong-bao-tuyen-sinh-dao-tao-trinh-do-tien-si-nam-2026-dot-2/,Khoa Quản trị Kinh doanh,HCM,KHOA_QTKD,true,,auto,2,4034,ok,350811,197187ad47be282a2c2587bb4aa98384d9f1e967e9bb7d53b87429116209e64c,files/khoa-quan-tri-kinh-doanh/197187ad47be.pdf,false,2026-09-30T07:44:24+00:00,true,,
1a789e8bf51a,CHUONG-TRINH-KHUNG-THS-QTKD-2022.pdf,https://fba.iuh.edu.vn/wp-content/uploads/2024/09/CHUONG-TRINH-KHUNG-THS-QTKD-2022.pdf,https://fba.iuh.edu.vn/chuong-trinh-khung-vi-thac-si-qtkd/khung-chuong-trinh-thac-si-2022-dinh-huong-nghien-cuu/,Khoa Quản trị Kinh doanh,HCM,KHOA_QTKD,true,,auto,1,1543,ok,152552,1a789e8bf51af3ab89e47ee53aeb8756aae1376563b1beb8ff0f7f1133d76764,files/khoa-quan-tri-kinh-doanh/1a789e8bf51a.pdf,false,2026-09-30T07:42:37+00:00,true,,
1cb3dfdb3a57,2_-Don-xin-hoc-ghep.pdf,https://fba.iuh.edu.vn/wp-content/uploads/2024/09/2_-Don-xin-hoc-ghep.pdf,https://fba.iuh.edu.vn/quy-trinh-thu-tuc/bieu-mau-hoc-vu/,Khoa Quản trị Kinh doanh,HCM,KHOA_QTKD,true,,auto,1,1131,ok,224878,1cb3dfdb3a57159a45558313b71575f1c611f0674a621186dac1080f219a262f,files/khoa-quan-tri-kinh-doanh/1cb3dfdb3a57.pdf,false,2026-09-30T07:42:17+00:00,true,,
1de3bf900956,BAIC-Opt2-1.pdf,https://fba.iuh.edu.vn/wp-content/uploads/2024/12/BAIC-Opt2-1.pdf,https://fba.iuh.edu.vn/thong-bao/hoi-nghi-khoa-hoc-quoc-te-baic-2025/,Khoa Quản trị Kinh doanh,HCM,KHOA_QTKD,false,3,auto,1,1059,ok,3785366,1de3bf900956cccc6714ff53fb57dae79e239b723af4450d10590153f4c1a072,files/khoa-quan-tri-kinh-doanh/1de3bf900956.pdf,false,2026-09-30T07:43:19+00:00,true,,
1e9f718d6761,IUH.-QD-hoc-bong-2023.pdf,https://ipe.iuh.edu.vn/uploads/2016/03/IUH.-QD-hoc-bong-2023.pdf,https://fba.iuh.edu.vn/qui-che-quy-dinh/qui-che-quy-dinh/,Khoa Quản trị Kinh doanh,HCM,KHOA_QTKD,false,2,auto,12,0,scanned,3919248,1e9f718d6761e15c2f28088515b0d0f8ced0f2c6eaa7972661437db9dd85eb1b,scanned_pdf/khoa-quan-tri-kinh-doanh/1e9f718d6761.pdf,false,2026-09-30T07:43:34+00:00,false,,
21dd89557b7a,Quy-dinh-quan-ly-va-to-chuc-dao-tao-Trinh-do-Thac-si-2017-Final.pdf,https://ipe.iuh.edu.vn/uploads/2016/03/Quy-dinh-quan-ly-va-to-chuc-dao-tao-Trinh-do-Thac-si-2017-Final.pdf,https://fba.iuh.edu.vn/qui-che-quy-dinh/qui-che-quy-dinh/,Khoa Quản trị Kinh doanh,HCM,KHOA_QTKD,true,,auto,31,63791,ok,354143,21dd89557b7a0f30d47e20358055a8bd75cb1ff7a6f2e48b768107d7a715f193,files/khoa-quan-tri-kinh-doanh/21dd89557b7a.pdf,false,2026-09-30T07:43:47+00:00,true,,
25d8e49f40ab,Ban-mo-ta-CTDT-THS-QTKD-2022-NC.pdf,https://fba.iuh.edu.vn/wp-content/uploads/2024/09/Ban-mo-ta-CTDT-THS-QTKD-2022-NC.pdf,https://fba.iuh.edu.vn/ban-mo-ta-ctdt-vi-thac-si-qtkd/ban-mo-ta-ctdt-thac-si-quan-tri-kinh-doanh-2022/,Khoa Quản trị Kinh doanh,HCM,KHOA_QTKD,true,,auto,31,63007,ok,864849,25d8e49f40ab3c3a069dc94169c00b58b72aa0ec5dcd242509aaaf98998265a1,files/khoa-quan-tri-kinh-doanh/25d8e49f40ab.pdf,false,2026-09-30T07:42:34+00:00,true,,
260d334ecd22,PL1.pdf,https://ipe.iuh.edu.vn/uploads/2025/03/PL1.pdf,https://fba.iuh.edu.vn/tin-moi/thong-bao-tuyen-sinh-dao-tao-trinh-do-tien-si-nam-2025-dot-1/,Khoa Quản trị Kinh doanh,HCM,KHOA_QTKD,true,,auto,1,1496,ok,365225,260d334ecd227abcb993411c42c51c1fd81673894374a473f12d97fdf9eb55f4,files/khoa-quan-tri-kinh-doanh/260d334ecd22.pdf,false,2026-09-30T07:44:04+00:00,true,,
266dbca3bcde,de_cuong_chuong_trinh_dao_tao_thac_si_2019-1.pdf,https://fba.iuh.edu.vn/wp-content/uploads/2024/11/de_cuong_chuong_trinh_dao_tao_thac_si_2019-1.pdf,https://fba.iuh.edu.vn/thac-si-qtkd-de-cuong-ctdt/ctdt-thac-si-quan-tri-kinh-doanh-2019/,Khoa Quản trị Kinh doanh,HCM,KHOA_QTKD,true,,auto,88,125965,ok,592078,266dbca3bcded3f12d95f503f90051552842e338f22faabd57160b351f2a172e,files/khoa-quan-tri-kinh-doanh/266dbca3bcde.pdf,false,2026-09-30T07:43:18+00:00,true,,
27f8fac312ee,DH-Mar.pdf,https://fba.iuh.edu.vn/wp-content/uploads/2022/11/DH-Mar.pdf,https://fba.iuh.edu.vn/doi-ngu-giang-vien-co-huu-cua-khoa-quan-tri-kinh-doanh-bo-tri-dam-nhan-dieu-kien-duy-tri-nganh-dao-tao-trinh-do-dai-hoc-nganh-marketing/,Khoa Quản trị Kinh doanh,HCM,KHOA_QTKD,true,,auto,1,999,ok,83343,27f8fac312ee213837cee67547e607d4557cb7e657a286ec8d2ac4f5c31829d2,files/khoa-quan-tri-kinh-doanh/27f8fac312ee.pdf,false,2026-09-30T07:41:51+00:00,true,,
2e379acc6ddd,Quy-che-tuyen-sinh-va-dao-tao-Tien-si-2023.pdf,https://ipe.iuh.edu.vn/uploads/2023/10/Quy-che-tuyen-sinh-va-dao-tao-Tien-si-2023.pdf,https://fba.iuh.edu.vn/qui-che-quy-dinh/qui-che-quy-dinh/,Khoa Quản trị Kinh doanh,HCM,KHOA_QTKD,true,,auto,39,80158,ok,593382,2e379acc6ddd18e90947e0d868d5766848049abca8d57505df5a2310967ce3ff,files/khoa-quan-tri-kinh-doanh/2e379acc6ddd.pdf,false,2026-09-30T07:43:57+00:00,true,,
3199cf8d42ec,Khung-chuong-trinh-SCM.pdf,https://fba.iuh.edu.vn/wp-content/uploads/2024/09/Khung-chuong-trinh-SCM.pdf,https://fba.iuh.edu.vn/chuong-trinh-khung/chuong-trinh-dao-tao-marketing-2-2-2/,Khoa Quản trị Kinh doanh,HCM,KHOA_QTKD,true,,auto,3,3639,ok,162274,3199cf8d42ecb0d569f142088eeb026d9b2e799989e7672a6bb124d3b7c603f0,files/khoa-quan-tri-kinh-doanh/3199cf8d42ec.pdf,false,2026-09-30T07:42:51+00:00,true,,
34bcf92c8294,Quy-trinh-to-chuc-danh-gia-LVThS-IUH-2016-Dang-Web.pdf,https://ipe.iuh.edu.vn/uploads/2016/03/Quy-trinh-to-chuc-danh-gia-LVThS-IUH-2016-Dang-Web.pdf,https://fba.iuh.edu.vn/qui-che-quy-dinh/qui-che-quy-dinh/,Khoa Quản trị Kinh doanh,HCM,KHOA_QTKD,false,3,auto,2,4334,ok,311953,34bcf92c829453072dbd54480743e6c0d39ea851f3785502781623183aa2b3d2,files/khoa-quan-tri-kinh-doanh/34bcf92c8294.pdf,false,2026-09-30T07:43:51+00:00,true,,
387672d6ea88,Khung-chuong-trinh-NNL.pdf,https://fba.iuh.edu.vn/wp-content/uploads/2024/09/Khung-chuong-trinh-NNL.pdf,https://fba.iuh.edu.vn/chuong-trinh-khung/chuong-trinh-dao-tao-marketing-2-2-2-2/,Khoa Quản trị Kinh doanh,HCM,KHOA_QTKD,true,,auto,3,3601,ok,185576,387672d6ea8802631e90c33589f975d134db2bd1e99404efef7c4d201dc32f47,files/khoa-quan-tri-kinh-doanh/387672d6ea88.pdf,false,2026-09-30T07:42:47+00:00,true,,
3b393125812f,PL2.pdf,https://ipe.iuh.edu.vn/uploads/2026/08/PL2.pdf,https://fba.iuh.edu.vn/thong-bao/thong-bao-tuyen-sinh-dao-tao-trinh-do-thac-si-nam-2026-dot-2/,Khoa Quản trị Kinh doanh,HCM,KHOA_QTKD,false,1,auto,1,1912,ok,370075,3b393125812f9074c653d497f809fc05973643eb18732f3446ec8fac8dfcc29c,files/khoa-quan-tri-kinh-doanh/3b393125812f.pdf,false,2026-09-30T07:44:19+00:00,true,,
3c72b58e2303,PL2.pdf,https://ipe.iuh.edu.vn/uploads/2025/10/PL2.pdf,https://fba.iuh.edu.vn/thong-bao/thong-bao-tuyen-sinh-dao-tao-trinh-do-tien-si-nam-2025-dot-2/,Khoa Quản trị Kinh doanh,HCM,KHOA_QTKD,false,3,auto,2,4418,ok,532524,3c72b58e23039bf23ca78c4daed1028c82928cbcc7799bac579012e89cbba51c,files/khoa-quan-tri-kinh-doanh/3c72b58e2303.pdf,false,2026-09-30T07:44:08+00:00,true,,
3c82454863f3,01-Chuan-dau-ra_09_09.pdf,https://fba.iuh.edu.vn/wp-content/uploads/2024/10/01-Chuan-dau-ra_09_09.pdf,https://fba.iuh.edu.vn/chuan-dau-ra-vi-thac-si-qtkd/muc-tieu-va-chuan-dau-ra-thac-si-2022-huong-nghien-cuu/,Khoa Quản trị Kinh doanh,HCM,KHOA_QTKD,true,,auto,2,2873,ok,149157,3c82454863f3313a98254ff60f65c335a510e9cd8af207c918613d32ede6fa99,files/khoa-quan-tri-kinh-doanh/3c82454863f3.pdf,false,2026-09-30T07:43:10+00:00,true,,
4250a9fdc41e,KHUNG-CHUONG-TRINH-THS-UNG-DUNG.pdf,https://fba.iuh.edu.vn/wp-content/uploads/2024/09/KHUNG-CHUONG-TRINH-THS-UNG-DUNG.pdf,https://fba.iuh.edu.vn/chuong-trinh-khung-vi-thac-si-qtkd/khung-chuong-trinh-thac-si-2019-2/,Khoa Quản trị Kinh doanh,HCM,KHOA_QTKD,true,,auto,1,1406,ok,143698,4250a9fdc41edadadcd3c78f34ecd8d7bee562c6229f93e2d8591f2901d200ef,files/khoa-quan-tri-kinh-doanh/4250a9fdc41e.pdf,false,2026-09-30T07:42:41+00:00,true,,
489f4b8894a2,Khung-chuong-trinh-MAR.pdf,https://fba.iuh.edu.vn/wp-content/uploads/2024/09/Khung-chuong-trinh-MAR.pdf,https://fba.iuh.edu.vn/chuong-trinh-khung-vi/chuong-trinh-dao-tao-marketing/,Khoa Quản trị Kinh doanh,HCM,KHOA_QTKD,true,,auto,3,3309,ok,157762,489f4b8894a2d1244df28d0ab499de78c2666e65e515719c6752e79bb3f11907,files/khoa-quan-tri-kinh-doanh/489f4b8894a2.pdf,false,2026-09-30T07:42:46+00:00,true,,
4b82afbe14e3,02-Chuan-dau-ra-UD_09_09_2024.pdf,https://fba.iuh.edu.vn/wp-content/uploads/2025/01/02-Chuan-dau-ra-UD_09_09_2024.pdf,https://fba.iuh.edu.vn/chuan-dau-ra-vi-thac-si-qtkd/muc-tieu-va-chuan-dau-ra-thac-si-2022-huong-ung-dung/,Khoa Quản trị Kinh doanh,HCM,KHOA_QTKD,true,,auto,2,3502,ok,156044,4b82afbe14e39d8d872ec7b3a83a4dd807bb4d5b282260ced5a18772494a9fae,files/khoa-quan-tri-kinh-doanh/4b82afbe14e3.pdf,false,2026-09-30T07:43:20+00:00,true,,
4cb9e012a756,ThS-QTKD.pdf,https://fba.iuh.edu.vn/wp-content/uploads/2022/11/ThS-QTKD.pdf,https://fba.iuh.edu.vn/doi-ngu-giang-vien-co-huu-cua-khoa-quan-tri-kinh-doanh-bo-tri-dam-nhan-dieu-kien-duy-tri-nganh-dao-tao-trinh-do-thac-si-quan-tri-kinh-doanh/,Khoa Quản trị Kinh doanh,HCM,KHOA_QTKD,true,,auto,1,1186,ok,85898,4cb9e012a7567165c848e7548db4aab4f845e4281d4e5820becd07ce05b3e12c,files/khoa-quan-tri-kinh-doanh/4cb9e012a756.pdf,false,2026-09-30T07:42:00+00:00,true,,
4e85fd180242,PL1-2.pdf,https://ipe.iuh.edu.vn/uploads/2025/10/PL1-2.pdf,https://fba.iuh.edu.vn/thong-bao/thong-bao-tuyen-sinh-dao-tao-trinh-do-tien-si-nam-2025-dot-2/,Khoa Quản trị Kinh doanh,HCM,KHOA_QTKD,true,,auto,1,1808,ok,549115,4e85fd180242ae2fb940bd65a18374e5795875d338a9542f4469a410645b7c57,files/khoa-quan-tri-kinh-doanh/4e85fd180242.pdf,false,2026-09-30T07:44:06+00:00,true,,
538f6323d3ed,Quy-che-tuyen-sinh-va-dao-tao-Tien-si-IUH-2021-Final2-1.pdf,https://ipe.iuh.edu.vn/uploads/2016/03/Quy-che-tuyen-sinh-va-dao-tao-Tien-si-IUH-2021-Final2-1.pdf,https://fba.iuh.edu.vn/qui-che-quy-dinh/qui-che-quy-dinh/,Khoa Quản trị Kinh doanh,HCM,KHOA_QTKD,true,,auto,34,82802,ok,618259,538f6323d3ed913eed2404aad4397687a5dfcc9fa3c90fade32e15ad56b6b95d,files/khoa-quan-tri-kinh-doanh/538f6323d3ed.pdf,false,2026-09-30T07:43:45+00:00,true,,
55344fba53b4,ts3.pdf,https://ipe.iuh.edu.vn/uploads/2026/08/ts3.pdf,https://fba.iuh.edu.vn/thong-bao/thong-bao-tuyen-sinh-dao-tao-trinh-do-tien-si-nam-2026-dot-2/,Khoa Quản trị Kinh doanh,HCM,KHOA_QTKD,false,1,auto,1,1504,ok,338823,55344fba53b4f1afa471bc498f2ef95a88d5409669cd60814a23fd271d36742d,files/khoa-quan-tri-kinh-doanh/55344fba53b4.pdf,false,2026-09-30T07:44:26+00:00,true,,
5770bc1a0d75,Quy-che-tien-si-IUH-2017-Final2-1.pdf,https://ipe.iuh.edu.vn/uploads/2016/03/Quy-che-tien-si-IUH-2017-Final2-1.pdf,https://fba.iuh.edu.vn/qui-che-quy-dinh/qui-che-quy-dinh/,Khoa Quản trị Kinh doanh,HCM,KHOA_QTKD,false,2,auto,28,62451,ok,503359,5770bc1a0d750aef1b5a370c1a8e5728f5ee95ad9a7aa4e7a003134973f35ded,files/khoa-quan-tri-kinh-doanh/5770bc1a0d75.pdf,false,2026-09-30T07:43:41+00:00,true,,
5a4d341128ee,4_-Don-xin-huy-bot-hoc-phan-vua-dang-ky.pdf,https://fba.iuh.edu.vn/wp-content/uploads/2024/09/4_-Don-xin-huy-bot-hoc-phan-vua-dang-ky.pdf,https://fba.iuh.edu.vn/quy-trinh-thu-tuc/bieu-mau-hoc-vu/,Khoa Quản trị Kinh doanh,HCM,KHOA_QTKD,true,,auto,1,1221,ok,172427,5a4d341128eec3672a43a16abe2c769d34b516d176636b3922fb0b97caa504d3,files/khoa-quan-tri-kinh-doanh/5a4d341128ee.pdf,false,2026-09-30T07:42:24+00:00,true,,
646f7cd5e5a4,lich-thi-HK1-23.24.pdf,https://fba.iuh.edu.vn/wp-content/uploads/2024/09/lich-thi-HK1-23.24.pdf,https://fba.iuh.edu.vn/dao-tao/hoat-dong-dao-tao/,Khoa Quản trị Kinh doanh,HCM,KHOA_QTKD,true,,auto,15,110629,ok,531822,646f7cd5e5a4065bbc40e43f9b8a9fbe971193f981162748dcd3c9cdbcc87327,files/khoa-quan-tri-kinh-doanh/646f7cd5e5a4.pdf,false,2026-09-30T07:43:08+00:00,true,,
6bee596b5bdd,Quy-che-tuyen-sinh-va-dao-tao-Thac-si-2023.pdf,https://ipe.iuh.edu.vn/uploads/2023/10/Quy-che-tuyen-sinh-va-dao-tao-Thac-si-2023.pdf,https://fba.iuh.edu.vn/qui-che-quy-dinh/qui-che-quy-dinh/,Khoa Quản trị Kinh doanh,HCM,KHOA_QTKD,false,3,auto,40,75294,ok,399448,6bee596b5bdd98234af8ded5d3ce29250a8890fe99e6f7da51a5107c328f47c8,files/khoa-quan-tri-kinh-doanh/6bee596b5bdd.pdf,false,2026-09-30T07:43:53+00:00,true,,
6cb14d6b2f47,GIAY-CHUNG-NHAN-DAT-CHUAN-AUN-154_3-1.pdf,https://fba.iuh.edu.vn/wp-content/uploads/2020/06/GIAY-CHUNG-NHAN-DAT-CHUAN-AUN-154_3-1.pdf,https://fba.iuh.edu.vn/tin-tuc-su-kien/khoa-quan-tri-kinh-doanh-dao-tao-nganh-quan-tri-kinh-doanh-theo-chuan-aun-qa/,Khoa Quản trị Kinh doanh,HCM,KHOA_QTKD,true,,auto,1,0,scanned,1816644,6cb14d6b2f47a5bd11071f69fd84c6be135f258a6705f8f4833f24631a8b63a8,scanned_pdf/khoa-quan-tri-kinh-doanh/6cb14d6b2f47.pdf,false,2026-09-30T07:41:48+00:00,false,,
6e232072e9b8,TS.-QTKD.pdf,https://fba.iuh.edu.vn/wp-content/uploads/2022/11/TS.-QTKD.pdf,https://fba.iuh.edu.vn/doi-ngu-giang-vien-co-huu-cua-khoa-quan-tri-kinh-doanh-bo-tri-dam-nhan-dieu-kien-duy-tri-nganh-dao-tao-trinh-do-tien-si-quan-tri-kinh-doanh/,Khoa Quản trị Kinh doanh,HCM,KHOA_QTKD,true,,auto,1,1209,ok,86179,6e232072e9b8de4bb29496f59e6ee79fed45d71cd2644efb37f49c79776fa7d2,files/khoa-quan-tri-kinh-doanh/6e232072e9b8.pdf,false,2026-09-30T07:41:57+00:00,true,,
75290b0e8607,7_-Don-xin-huy-mon-tu-chon-da-hoc.pdf,https://fba.iuh.edu.vn/wp-content/uploads/2024/09/7_-Don-xin-huy-mon-tu-chon-da-hoc.pdf,https://fba.iuh.edu.vn/quy-trinh-thu-tuc/bieu-mau-hoc-vu/,Khoa Quản trị Kinh doanh,HCM,KHOA_QTKD,true,,auto,1,1093,ok,168605,75290b0e8607f0a0944153573f367eb59eaad160168e86e92a90bf1a344e6d28,files/khoa-quan-tri-kinh-doanh/75290b0e8607.pdf,false,2026-09-30T07:42:29+00:00,true,,
80d07d962bc3,Khung-chuong-trinh-D-MAR.pdf,https://fba.iuh.edu.vn/wp-content/uploads/2024/09/Khung-chuong-trinh-D-MAR.pdf,https://fba.iuh.edu.vn/chuong-trinh-khung-vi/chuong-trinh-dao-tao-marketing-2/,Khoa Quản trị Kinh doanh,HCM,KHOA_QTKD,false,4,auto,6,3328,ok,161380,80d07d962bc39323e937142ce8db7c3ac1a270cc226d90a98e33d03d3a398447,files/khoa-quan-tri-kinh-doanh/80d07d962bc3.pdf,false,2026-09-30T07:42:43+00:00,true,,
82c91af4596f,Rubric_KLTN-R2a.pdf,https://fba.iuh.edu.vn/wp-content/uploads/2024/09/Rubric_KLTN-R2a.pdf,https://fba.iuh.edu.vn/danh-gia-sinh-vien/rubrics-danh-gia-noi-dung-kltn-2/,Khoa Quản trị Kinh doanh,HCM,KHOA_QTKD,true,,auto,6,13582,ok,370661,82c91af4596f3800e6e83d10e241de9bf8b3fd9b42f508e31c430d92f8635472,files/khoa-quan-tri-kinh-doanh/82c91af4596f.pdf,false,2026-09-30T07:43:05+00:00,true,,
884b95ee2e10,6_-Don-xin-nhap-diem-F.pdf,https://fba.iuh.edu.vn/wp-content/uploads/2024/09/6_-Don-xin-nhap-diem-F.pdf,https://fba.iuh.edu.vn/quy-trinh-thu-tuc/bieu-mau-hoc-vu/,Khoa Quản trị Kinh doanh,HCM,KHOA_QTKD,false,1,auto,1,940,ok,174301,884b95ee2e10fa144dc5229299e8773a808987beddd9965c88e3163dd04a0c27,files/khoa-quan-tri-kinh-doanh/884b95ee2e10.pdf,false,2026-09-30T07:42:27+00:00,true,,
88b922e890a2,Rubric_KLTN-R3.pdf,https://fba.iuh.edu.vn/wp-content/uploads/2024/09/Rubric_KLTN-R3.pdf,https://fba.iuh.edu.vn/danh-gia-sinh-vien/rubrics-danh-gia-noi-dung-kltn-2-2/,Khoa Quản trị Kinh doanh,HCM,KHOA_QTKD,true,,auto,2,3496,ok,183580,88b922e890a2a8f2479ade5903465e090f02e78ae27482193ca88a3236db569b,files/khoa-quan-tri-kinh-doanh/88b922e890a2.pdf,false,2026-09-30T07:43:07+00:00,true,,
8e5e9fb0aed7,MAU-02.-Don-xin-XTN_TH-qua-thoi-han-hoc-tap.pdf,https://fba.iuh.edu.vn/wp-content/uploads/2024/09/MAU-02.-Don-xin-XTN_TH-qua-thoi-han-hoc-tap.pdf,https://fba.iuh.edu.vn/quy-trinh-thu-tuc/bieu-mau-hoc-vu/,Khoa Quản trị Kinh doanh,HCM,KHOA_QTKD,false,2,auto,1,2966,ok,383039,8e5e9fb0aed727a0603cd164731a8527f0960c49835bfd56cbd654169382dc21,files/khoa-quan-tri-kinh-doanh/8e5e9fb0aed7.pdf,false,2026-09-30T07:42:58+00:00,true,,
8ef1791b774f,DON-XIN-CHAM-PHUC-KHAO-MON-HOC.pdf,https://fba.iuh.edu.vn/wp-content/uploads/2024/09/DON-XIN-CHAM-PHUC-KHAO-MON-HOC.pdf,https://fba.iuh.edu.vn/quy-trinh-thu-tuc/bieu-mau-hoc-vu/,Khoa Quản trị Kinh doanh,HCM,KHOA_QTKD,false,4,auto,1,1167,ok,189389,8ef1791b774f522b68f157c59c7d6ea123c34bfa653e7ad4a9bbce18f828d77a,files/khoa-quan-tri-kinh-doanh/8ef1791b774f.pdf,false,2026-09-30T07:42:39+00:00,true,,
8f7c75fa82e7,01-De-cuong-ThS.pdf,https://fba.iuh.edu.vn/wp-content/uploads/2024/11/01-De-cuong-ThS.pdf,https://fba.iuh.edu.vn/thac-si-qtkd-de-cuong-ctdt/ctdt-thac-si-quan-tri-kinh-doanh-2022/,Khoa Quản trị Kinh doanh,HCM,KHOA_QTKD,true,,auto,124,187277,ok,4453465,8f7c75fa82e7edc043c3fe83061d9b46311d0fe94ea4a11277774fe56c7f8b11,files/khoa-quan-tri-kinh-doanh/8f7c75fa82e7.pdf,false,2026-09-30T07:43:13+00:00,false,,
97d265bcb197,2024-Thong-bao-Tuyen-sinh-Tien-si-Dot-1.pdf,https://fba.iuh.edu.vn/wp-content/uploads/2024/02/2024-Thong-bao-Tuyen-sinh-Tien-si-Dot-1.pdf,https://fba.iuh.edu.vn/thong-bao/thong-bao-tuyen-sinh-dao-tao-trinh-do-tien-si-nam-2024-dot-1/,Khoa Quản trị Kinh doanh,HCM,KHOA_QTKD,true,,auto,8,0,scanned,1688336,97d265bcb197ebb08532ce286f5e8295946aece68f97fd81e0eeea5d68751f01,scanned_pdf/khoa-quan-tri-kinh-doanh/97d265bcb197.pdf,false,2026-09-30T07:42:06+00:00,false,,
9847bdd53c69,3_-Don-xin-mo-lop-hoc-phan.pdf,https://fba.iuh.edu.vn/wp-content/uploads/2024/09/3_-Don-xin-mo-lop-hoc-phan.pdf,https://fba.iuh.edu.vn/quy-trinh-thu-tuc/bieu-mau-hoc-vu/,Khoa Quản trị Kinh doanh,HCM,KHOA_QTKD,true,,auto,1,956,ok,174181,9847bdd53c69eec50d0c5beaad5b15a9be0ea301cba7eed0869ae8c97d641b9a,files/khoa-quan-tri-kinh-doanh/9847bdd53c69.pdf,false,2026-09-30T07:42:21+00:00,true,,
a0b7d30b389e,5_-Don-xin-huy-mon-diem-F.pdf,https://fba.iuh.edu.vn/wp-content/uploads/2024/09/5_-Don-xin-huy-mon-diem-F.pdf,https://fba.iuh.edu.vn/quy-trinh-thu-tuc/bieu-mau-hoc-vu/,Khoa Quản trị Kinh doanh,HCM,KHOA_QTKD,true,,auto,1,1152,ok,171511,a0b7d30b389ec47dd7ba9f5a0aac6a81516ac1d04d4e0469a5100b5c67329ce0,files/khoa-quan-tri-kinh-doanh/a0b7d30b389e.pdf,false,2026-09-30T07:42:25+00:00,true,,
a625487a48fd,572-GCN-P33-CNHCM-CT-QTKD.pdf,https://fba.iuh.edu.vn/wp-content/uploads/2025/04/572-GCN-P33-CNHCM-CT-QTKD.pdf,https://fba.iuh.edu.vn/vi/,Khoa Quản trị Kinh doanh,HCM,KHOA_QTKD,true,,auto,1,0,scanned,1554799,a625487a48fd40d8470647b2f8c6fa641c108133c29d9b8f17e20fe8e8b802b7,scanned_pdf/khoa-quan-tri-kinh-doanh/a625487a48fd.pdf,false,2026-09-30T07:43:29+00:00,false,,
acdbb5b22b1b,Rubric_KLTN-R1.pdf,https://fba.iuh.edu.vn/wp-content/uploads/2024/09/Rubric_KLTN-R1.pdf,https://fba.iuh.edu.vn/danh-gia-sinh-vien/rubrics-danh-gia-noi-dung-kltn/,Khoa Quản trị Kinh doanh,HCM,KHOA_QTKD,false,2,auto,3,5218,ok,223471,acdbb5b22b1b50e2a105ba4e18433caa8fcf108054531ac54294ee7ee9ba0a54,files/khoa-quan-tri-kinh-doanh/acdbb5b22b1b.pdf,false,2026-09-30T07:43:03+00:00,true,,
ad0c03fed564,PL-2-tien-si.pdf,https://ipe.iuh.edu.vn/uploads/2025/02/PL-2-tien-si.pdf,https://fba.iuh.edu.vn/tin-moi/thong-bao-tuyen-sinh-dao-tao-trinh-do-tien-si-nam-2025-dot-1/,Khoa Quản trị Kinh doanh,HCM,KHOA_QTKD,true,,auto,3,4647,ok,354454,ad0c03fed564a2ee564c7589da8710fe343313b174712cdeef09e2b1b6d08d48,files/khoa-quan-tri-kinh-doanh/ad0c03fed564.pdf,false,2026-09-30T07:44:00+00:00,true,,
b29f6d7278e3,10.don_xin_cap_giay_hoc_het_ct.pdf,https://fba.iuh.edu.vn/wp-content/uploads/2024/09/10.don_xin_cap_giay_hoc_het_ct.pdf,https://fba.iuh.edu.vn/quy-trinh-thu-tuc/bieu-mau-hoc-vu/,Khoa Quản trị Kinh doanh,HCM,KHOA_QTKD,false,2,auto,1,1625,ok,204121,b29f6d7278e3e463f2b5abb054fe73cb2704f8adc730bedd5b36fa6977658e23,files/khoa-quan-tri-kinh-doanh/b29f6d7278e3.pdf,false,2026-09-30T07:42:12+00:00,true,,
b48abb99d339,Ban-mo-ta-CTDT-THS-QTKD-2019-1.pdf,https://fba.iuh.edu.vn/wp-content/uploads/2024/11/Ban-mo-ta-CTDT-THS-QTKD-2019-1.pdf,https://fba.iuh.edu.vn/ban-mo-ta-ctdt-vi-thac-si-qtkd/ban-mo-ta-ctdt-thac-si-quan-tri-kinh-doanh-2019/,Khoa Quản trị Kinh doanh,HCM,KHOA_QTKD,false,3,auto,31,61497,ok,401505,b48abb99d33962c5b485ef194e7a109711a1c08c3bcfe6324f47674eb4e9c951,files/khoa-quan-tri-kinh-doanh/b48abb99d339.pdf,false,2026-09-30T07:43:14+00:00,true,,
b4ac0f031673,QD-2196-Quyet-diinh-ban-hanh-CTDT-Bac-dai-hoc-dai-tra.pdf,https://fba.iuh.edu.vn/wp-content/uploads/2025/01/QD-2196-Quyet-diinh-ban-hanh-CTDT-Bac-dai-hoc-dai-tra.pdf,https://fba.iuh.edu.vn/cu-nhan-mar-de-cuong-ctdt/quyet-dinh-ban-hanh-ctdt-dai-hoc-chinh-quy-chuong-trinh-dai-tra-nam-2024/,Khoa Quản trị Kinh doanh,HCM,KHOA_QTKD,true,,auto,5,0,scanned,1357003,b4ac0f031673496527c3caf92c0522254961e6ca9e84ee31a1324f08dd68986a,scanned_pdf/khoa-quan-tri-kinh-doanh/b4ac0f031673.pdf,false,2026-09-30T07:43:25+00:00,false,,
c4a35f8c1ab3,THONG-BAO_PHIEU-DANG-KY_MAU.pdf,http://fba.iuh.edu.vn/wp-content/uploads/2020/01/THONG-BAO_PHIEU-DANG-KY_MAU.pdf,https://fba.iuh.edu.vn/thong-bao/thong-bao-hoi-nghi-sinh-vien-nghien-cuu-khoa-hoc-cap-khoa-nam-2020/,Khoa Quản trị Kinh doanh,HCM,KHOA_QTKD,false,3,auto,4,6726,ok,445939,c4a35f8c1ab30a3ac35e7b3e28267c6e47baa7dea1ae1d5e00fdf7c72a349098,files/khoa-quan-tri-kinh-doanh/c4a35f8c1ab3.pdf,false,2026-09-30T07:41:44+00:00,true,,
c851d2d212a7,571-GCN-P33-CNHCM-CT-MARKETING.pdf,https://fba.iuh.edu.vn/wp-content/uploads/2025/04/571-GCN-P33-CNHCM-CT-MARKETING.pdf,https://fba.iuh.edu.vn/vi/,Khoa Quản trị Kinh doanh,HCM,KHOA_QTKD,true,,auto,1,0,scanned,1557922,c851d2d212a746b94a9cf2217dfc7c1321c3041cd3abba3c3ff495634e77dde6,scanned_pdf/khoa-quan-tri-kinh-doanh/c851d2d212a7.pdf,false,2026-09-30T07:43:26+00:00,false,,
ca3657e61ab9,Timeline.pdf,http://fba.iuh.edu.vn/wp-content/uploads/2021/09/Timeline.pdf,https://fba.iuh.edu.vn/thong-bao/12475/,Khoa Quản trị Kinh doanh,HCM,KHOA_QTKD,true,,auto,2,2724,ok,124563,ca3657e61ab9260e5b70934dbf7acecf5f6f39bacfeedc5927320a7ffdd52218,files/khoa-quan-tri-kinh-doanh/ca3657e61ab9.pdf,false,2026-09-30T07:41:45+00:00,true,,
cb4f68a15a5f,Quy-dinh-ve-viec-huong-dan-luan-van-SDH-Dang-Web-1.pdf,https://ipe.iuh.edu.vn/uploads/2016/03/Quy-dinh-ve-viec-huong-dan-luan-van-SDH-Dang-Web-1.pdf,https://fba.iuh.edu.vn/qui-che-quy-dinh/qui-che-quy-dinh/,Khoa Quản trị Kinh doanh,HCM,KHOA_QTKD,true,,auto,3,7067,ok,411379,cb4f68a15a5fb292911efec6b1a566c090486eb910ba54e2a46d4d8e8e284e3e,files/khoa-quan-tri-kinh-doanh/cb4f68a15a5f.pdf,false,2026-09-30T07:43:49+00:00,true,,
d8a699c66478,DH-QTKD.pdf,https://fba.iuh.edu.vn/wp-content/uploads/2022/11/DH-QTKD.pdf,https://fba.iuh.edu.vn/doi-ngu-giang-vien-co-huu-cua-khoa-quan-tri-kinh-doanh-bo-tri-dam-nhan-dieu-kien-duy-tri-nganh-dao-tao-trinh-do-dai-hoc/,Khoa Quản trị Kinh doanh,HCM,KHOA_QTKD,true,,auto,1,1000,ok,137828,d8a699c66478d0e21ab099592c08e03cbc4add084b136c7dcbf984263189fc40,files/khoa-quan-tri-kinh-doanh/d8a699c66478.pdf,false,2026-09-30T07:41:54+00:00,true,,
d8b994b0507e,Ban-mo-ta-CTDT-THS-QTKD-2022-UD.pdf,https://fba.iuh.edu.vn/wp-content/uploads/2025/01/Ban-mo-ta-CTDT-THS-QTKD-2022-UD.pdf,https://fba.iuh.edu.vn/ban-mo-ta-ctdt-vi-thac-si-qtkd/ban-mo-ta-ctdt-thac-si-quan-tri-kinh-doanh-2022-dinh-huong-ung-dung/,Khoa Quản trị Kinh doanh,HCM,KHOA_QTKD,true,,auto,31,61723,ok,854904,d8b994b0507ec0cbd405bc7cdc7bae60e4e7140add6c0d085cb5a66e20bafd95,files/khoa-quan-tri-kinh-doanh/d8b994b0507e.pdf,false,2026-09-30T07:43:23+00:00,true,,
d9656498bb10,PL3.pdf,https://ipe.iuh.edu.vn/uploads/2025/10/PL3.pdf,https://fba.iuh.edu.vn/thong-bao/thong-bao-tuyen-sinh-dao-tao-trinh-do-tien-si-nam-2025-dot-2/,Khoa Quản trị Kinh doanh,HCM,KHOA_QTKD,false,1,auto,1,1552,ok,519606,d9656498bb102777c86b1a5d217d90ac22bfe9330da70a7abee4f92db92c5a2a,files/khoa-quan-tri-kinh-doanh/d9656498bb10.pdf,false,2026-09-30T07:44:12+00:00,true,,
dd96778aa28a,TB-tuyen-dung-NVKD-2024.pdf,https://fba.iuh.edu.vn/wp-content/uploads/2024/01/TB-tuyen-dung-NVKD-2024.pdf,https://fba.iuh.edu.vn/thong-bao/cong-ty-co-phan-dau-tu-cong-nghe-sach-biosacotec-tuyen-dung/,Khoa Quản trị Kinh doanh,HCM,KHOA_QTKD,true,,auto,2,1711,ok,189686,dd96778aa28a71ae680307ca7896c13b9bf3d7b150d6b939aed6efdbd9bc08be,files/khoa-quan-tri-kinh-doanh/dd96778aa28a.pdf,false,2026-09-30T07:42:03+00:00,true,,
e1cb27f7b908,QD1000_19.8.2020_Quy-dinh-chinh-sach-hoc-bong-khuyen-khich-hoc-tap-thac-si.pdf,https://ipe.iuh.edu.vn/uploads/2016/03/QD1000_19.8.2020_Quy-dinh-chinh-sach-hoc-bong-khuyen-khich-hoc-tap-thac-si.pdf,https://fba.iuh.edu.vn/qui-che-quy-dinh/qui-che-quy-dinh/,Khoa Quản trị Kinh doanh,HCM,KHOA_QTKD,false,1,auto,4,0,scanned,1598869,e1cb27f7b908ee8c25ef04c2186053c00b48e32dff2dbd35b9f078015e2737b8,scanned_pdf/khoa-quan-tri-kinh-doanh/e1cb27f7b908.pdf,false,2026-09-30T07:43:36+00:00,false,,
f799f6f93fc3,CHUONG-TRINH-KHUNG-THS-QTKD-2019-.pdf,https://fba.iuh.edu.vn/wp-content/uploads/2024/09/CHUONG-TRINH-KHUNG-THS-QTKD-2019-.pdf,https://fba.iuh.edu.vn/chuong-trinh-khung-vi-thac-si-qtkd/khung-chuong-trinh-thac-si-2019/,Khoa Quản trị Kinh doanh,HCM,KHOA_QTKD,true,,auto,1,1268,ok,131398,f799f6f93fc318a5adf7b170ea8329367e79af0f7c4c91e20578dcf38d3d811e,files/khoa-quan-tri-kinh-doanh/f799f6f93fc3.pdf,false,2026-09-30T07:42:35+00:00,true,,
fc611173b1ce,PL-3-tien-si-1.pdf,https://ipe.iuh.edu.vn/uploads/2025/02/PL-3-tien-si-1.pdf,https://fba.iuh.edu.vn/tin-moi/thong-bao-tuyen-sinh-dao-tao-trinh-do-tien-si-nam-2025-dot-1/,Khoa Quản trị Kinh doanh,HCM,KHOA_QTKD,false,2,auto,1,1543,ok,339953,fc611173b1ce800bdbee27b3af348a1562356cfd24ba5e7cec046ed424db8b5f,files/khoa-quan-tri-kinh-doanh/fc611173b1ce.pdf,false,2026-09-30T07:44:02+00:00,true,,
0562e024a6a2,KH10_HTGV.pdf,https://fct.iuh.edu.vn/upload/files/2024/KH10_HTGV.pdf,https://fct.iuh.edu.vn/news.html@detail@256@952@HOI-THAO-GIANG-VIEN-NGHIEN-CUU-KHOA-HOC-CAP-KHOA-NAM-2024-(FCTLRC2024),Khoa Thương mại - Du lịch,HCM,KHOA_THUONG_MAI_DU_LICH,true,,auto,4,6799,garbled_ocr,1558354,0562e024a6a2120aff80ff37cad7823a9f98b67211a4d0ee1f416aa0ac0b55c7,scanned_pdf/khoa-thuong-mai-du-lich/0562e024a6a2.pdf,true,2026-09-30T07:42:36+00:00,false,,
09d4e8cf48db,ctk18(1).pdf,https://fct.iuh.edu.vn/upload/files/2026/ctk18(1).pdf,https://fct.iuh.edu.vn/news.html@detail@354@1227@CHUONG-TRINH-DAO-TAO-2022-2023,Khoa Thương mại - Du lịch,HCM,KHOA_THUONG_MAI_DU_LICH,true,,auto,3,10482,ok,969696,09d4e8cf48db4c15d40a351d78beb184334130f7f799606328c6e300ec312d12,files/khoa-thuong-mai-du-lich/09d4e8cf48db.pdf,true,2026-09-30T07:43:15+00:00,true,,
0c96b4835904,Programme_Specification_2024.pdf,https://fct.iuh.edu.vn/upload/files/2026/Programme_Specification_2024.pdf,https://fct.iuh.edu.vn/news.html@detail@356@1234@BANG-MO-TA-CHUONG-TRINH-DAO-TAO-2024,Khoa Thương mại - Du lịch,HCM,KHOA_THUONG_MAI_DU_LICH,true,,auto,38,102621,ok,1781822,0c96b48359044d81b1df73e15083be926e9ba7827517280887e3b728b99a3701,files/khoa-thuong-mai-du-lich/0c96b4835904.pdf,true,2026-09-30T07:43:10+00:00,true,,
0f9ff1fe0682,TTDN2 HK1_2026-2027.pdf,https://fct.iuh.edu.vn/upload/files/TTDN2%20HK1_2026-2027.pdf,https://fct.iuh.edu.vn/news.html@detail@305@1259@Thong-bao-phan-cong-giang-vien-huong-dan-Thuc-tap-Doanh-nghiep-2-HK1-nam-hoc-2026-2027,Khoa Thương mại - Du lịch,HCM,KHOA_THUONG_MAI_DU_LICH,true,,auto,2,8969,ok,218924,0f9ff1fe0682e2f6196ee0b089a5faf022d6aff2d7bd54f437c0e7af38aa5c70,files/khoa-thuong-mai-du-lich/0f9ff1fe0682.pdf,true,2026-09-30T07:44:06+00:00,true,,
13fca56fee9a,K25_KLTN KDQT (1).pdf,https://fct.iuh.edu.vn/upload/files/K25_KLTN%20KDQT%20(1).pdf,https://fct.iuh.edu.vn/news.html@detail@305@1088@Ke-hoach-bao-ve-khoa-luan-nganh-Kinh-doanh-Quoc-te-HK1.2024-2025,Khoa Thương mại - Du lịch,HCM,KHOA_THUONG_MAI_DU_LICH,false,3,auto,7,0,scanned,4656616,13fca56fee9a819d1a73ee18273ba1dba90c487b0adc4ac1a678c64024c40f74,scanned_pdf/khoa-thuong-mai-du-lich/13fca56fee9a.pdf,true,2026-09-30T07:43:37+00:00,false,,
14a256beedbf,KH Thực tập doanh nghiệp_HK1_26-27.pdf,https://fct.iuh.edu.vn/upload/files/2026/KH%20Th%E1%BB%B1c%20t%E1%BA%ADp%20doanh%20nghi%E1%BB%87p_HK1_26-27.pdf,"https://fct.iuh.edu.vn/news.html@detail@264@1256@Thong-bao-Ke-hoach-Thuc-tap-doanh-nghiep-Hoc-ky-I,-nam-hoc-2026-2027",Khoa Thương mại - Du lịch,HCM,KHOA_THUONG_MAI_DU_LICH,true,,auto,2,3710,garbled_ocr,1550205,14a256beedbf842e8cc90712ca17a06b4893a4f61bd499edad3729d37d01528c,scanned_pdf/khoa-thuong-mai-du-lich/14a256beedbf.pdf,true,2026-09-30T07:43:03+00:00,false,,
152c115681f3,PLO_ELO_Phase1_2021-2024_Vietnamese(1).pdf,https://fct.iuh.edu.vn/upload/files/2026/PLO_ELO_Phase1_2021-2024_Vietnamese(1).pdf,https://fct.iuh.edu.vn/news.html@detail@353@1224@CHUAN-DAU-RA-CHUONG-TRINH-DAO-TAO-2021-%E2%80%93-2024,Khoa Thương mại - Du lịch,HCM,KHOA_THUONG_MAI_DU_LICH,true,,auto,1,1830,ok,119117,152c115681f3241eb3536b3b621c7cf5839ddd6c21609563c4abf0984bc644a5,files/khoa-thuong-mai-du-lich/152c115681f3.pdf,true,2026-09-30T07:43:05+00:00,true,,
198a00e24459,KE HOACH  KLTN K17 HK2 2024_2025.pdf,https://fct.iuh.edu.vn/upload/01031022/files/KE%20HOACH%20%20KLTN%20K17%20HK2%202024_2025.pdf,"https://fct.iuh.edu.vn/news.html@detail@271@1116@Ke-hoach-trien-khai-thuc-hien-KLTN_-Danh-sach-ten-de-tai-cung-GVHD-Khoa-luan-TN-cua-sinh-vien-nganh-QTDVDL&LH-K17A,B-da-dang-ky-",Khoa Thương mại - Du lịch,HCM,KHOA_THUONG_MAI_DU_LICH,false,4,auto,11,15932,ok,550845,198a00e244590e70aaade9aaceaee849737f0f0fd9d3ee41c4bb05a6f7beb062,files/khoa-thuong-mai-du-lich/198a00e24459.pdf,true,2026-09-30T07:41:54+00:00,true,,
1bcf8542616b,CTDT_QTNHDVAU_K20L3.pdf,https://fct.iuh.edu.vn/upload/files/2025/CTDT_QTNHDVAU_K20L3.pdf,https://fct.iuh.edu.vn/category.html@294@QT-nha-hang-va-Dich-vu-an-uong,Khoa Thương mại - Du lịch,HCM,KHOA_THUONG_MAI_DU_LICH,true,,auto,9,12183,ok,281901,1bcf8542616b130bdef6c3ffd1f3cebe59912a8a66a6c5ff6f05899dc4786080,files/khoa-thuong-mai-du-lich/1bcf8542616b.pdf,true,2026-09-30T07:42:47+00:00,true,,
1d10fb48dceb,ctk21.pdf,https://fct.iuh.edu.vn/upload/files/2026/ctk21.pdf,https://fct.iuh.edu.vn/news.html@detail@354@1230@CHUONG-TRINH-DAO-TAO-2025-2026,Khoa Thương mại - Du lịch,HCM,KHOA_THUONG_MAI_DU_LICH,true,,auto,3,10487,ok,975444,1d10fb48dceb95be5f2aa923a772a7d5e924a51ac491bb61de132929a3797f32,files/khoa-thuong-mai-du-lich/1d10fb48dceb.pdf,true,2026-09-30T07:43:25+00:00,true,,
1eb22050e74b,CTDT_Khung QTKS_K20.pdf,https://fct.iuh.edu.vn/upload/files/2025/CTDT_Khung%20QTKS_K20.pdf,https://fct.iuh.edu.vn/category.html@244@Quan-tri-khach-san,Khoa Thương mại - Du lịch,HCM,KHOA_THUONG_MAI_DU_LICH,true,,auto,8,12281,ok,433313,1eb22050e74b8acc5638808607a859f58f1bb6f0ca8a37e526ba763a44a62dcb,files/khoa-thuong-mai-du-lich/1eb22050e74b.pdf,true,2026-09-30T07:42:44+00:00,true,,
230fee4bc378,QT Thủ tục nhập học trực tuyến 2024-2025.pdf,https://fct.iuh.edu.vn/upload/files/2024/QT%20Th%E1%BB%A7%20t%E1%BB%A5c%20nh%E1%BA%ADp%20h%E1%BB%8Dc%20tr%E1%BB%B1c%20tuy%E1%BA%BFn%202024-2025.pdf,https://fct.iuh.edu.vn/news.html@detail@264@1037@Quy-trinh-lam-thu-tuc-nhap-hoc-truc-tuyen-nam-hoc-2024-2025,Khoa Thương mại - Du lịch,HCM,KHOA_THUONG_MAI_DU_LICH,true,,auto,1,1760,garbled_ocr,812621,230fee4bc37887365fbe57112817c01d6454217312cb819da3e4dae58d87482a,scanned_pdf/khoa-thuong-mai-du-lich/230fee4bc378.pdf,true,2026-09-30T07:42:39+00:00,false,,
2a0d11582514,ctk20-TA.pdf,https://fct.iuh.edu.vn/upload/files/2026/ctk20-TA.pdf,https://fct.iuh.edu.vn/news.html@detail@354@1231@CHUONG-TRINH-DAO-TAO-TCTA-2024-2025,Khoa Thương mại - Du lịch,HCM,KHOA_THUONG_MAI_DU_LICH,false,2,auto,3,10483,ok,975343,2a0d11582514469964c7664ad5d5b9c9cc08685a25f7359fef851c0d9e7fc84c,files/khoa-thuong-mai-du-lich/2a0d11582514.pdf,true,2026-09-30T07:43:19+00:00,true,,
2e68f66db336,KH08_HTSV.pdf,https://fct.iuh.edu.vn/upload/files/2024/KH08_HTSV.pdf,https://fct.iuh.edu.vn/news.html@detail@256@953@HOI-THAO-SINH-VIEN-NGHIEN-CUU-KHOA-HOC-CAP-KHOA-NAM-2024-(FCTSRC2024),Khoa Thương mại - Du lịch,HCM,KHOA_THUONG_MAI_DU_LICH,true,,auto,4,7086,garbled_ocr,2046014,2e68f66db33624d12a0e634a4d25a2a80d4f97e33a51f5e1354538c95725c537,scanned_pdf/khoa-thuong-mai-du-lich/2e68f66db336.pdf,true,2026-09-30T07:42:34+00:00,false,,
2fbb1f621b4a,Moi KH37_KhoaLuanTotNghiep_2_25-26 mới.pdf,https://fct.iuh.edu.vn/upload/files/Moi%20KH37_KhoaLuanTotNghiep_2_25-26%20m%E1%BB%9Bi.pdf,https://fct.iuh.edu.vn/news.html@detail@264@1206@THONG-BAO-KE-HOACH-KHOA-LUAN-TOT-NGHIEP-HK2-NAM-HOC-2025-2026,Khoa Thương mại - Du lịch,HCM,KHOA_THUONG_MAI_DU_LICH,true,,auto,3,6113,garbled_ocr,2995087,2fbb1f621b4af01b8867195f8049f5ddfe70946c35636873425a492ea96e6dbb,scanned_pdf/khoa-thuong-mai-du-lich/2fbb1f621b4a.pdf,true,2026-09-30T07:43:51+00:00,false,,
30544c8e7a3a,Thong bao trien khai ke hoach KLTN HK1 2025_2026.pdf,https://fct.iuh.edu.vn/upload/files/Thong%20bao%20trien%20khai%20ke%20hoach%20KLTN%20HK1%202025_2026.pdf,https://fct.iuh.edu.vn/news.html@detail@309@1168@Ke-hoach-dang-ky-va-huong-dan-khoa-luan-tot-nghiep-dot-HK1-nam-hoc-2025-2026,Khoa Thương mại - Du lịch,HCM,KHOA_THUONG_MAI_DU_LICH,false,1,auto,3,5266,ok,213013,30544c8e7a3aaa685daf226f7a4246acbc8dea848591ba52cb052c8c3d0b5a21,files/khoa-thuong-mai-du-lich/30544c8e7a3a.pdf,true,2026-09-30T07:44:08+00:00,true,,
32a045d54b97,KH38_Thực tập doanh nghiệp_2_25-26.pdf,https://fct.iuh.edu.vn/upload/files/KH38_Th%E1%BB%B1c%20t%E1%BA%ADp%20doanh%20nghi%E1%BB%87p_2_25-26.pdf,"https://fct.iuh.edu.vn/news.html@detail@264@1207@THONG-BAO-KE-HOACH-THUC-TAP-DN1,-THUC-TAP-DN2",Khoa Thương mại - Du lịch,HCM,KHOA_THUONG_MAI_DU_LICH,false,4,auto,2,3682,garbled_ocr,1897972,32a045d54b9711e03c9cb86115ae6311f822690f83d0250f04e29dcf7ede915b,scanned_pdf/khoa-thuong-mai-du-lich/32a045d54b97.pdf,true,2026-09-30T07:43:43+00:00,false,,
3864c51a30e0,BMDLNHKS_KẾ HOẠCH KLTN_GVHD_QTDL -QTNH-QTKS_K18_HK2-2025-2026(1).pdf,https://fct.iuh.edu.vn/upload/files/BMDLNHKS_K%E1%BA%BE%20HO%E1%BA%A0CH%20KLTN_GVHD_QTDL%20-QTNH-QTKS_K18_HK2-2025-2026(1).pdf,https://fct.iuh.edu.vn/news.html@detail@321@1210@BMDLNHKS_KE-HOACH_NOI-DUNG_GVHD_KLTN_K18_HK2-2025-2026,Khoa Thương mại - Du lịch,HCM,KHOA_THUONG_MAI_DU_LICH,true,,auto,23,31710,ok,403293,3864c51a30e06257ea0ef71f45bab8556fe27540057344d56aedb28e4d83bba4,files/khoa-thuong-mai-du-lich/3864c51a30e0.pdf,true,2026-09-30T07:43:27+00:00,true,,
41ccb0689d14,KH26_Dang ky va Huớng dẫn KLTN_HK2(24-25)(1).pdf,https://fct.iuh.edu.vn/upload/files/2024/KH26_Dang%20ky%20va%20Hu%E1%BB%9Bng%20d%E1%BA%ABn%20KLTN_HK2(24-25)(1).pdf,https://fct.iuh.edu.vn/news.html@detail@264@1093@Ke-hoach-dang-ky-va-huong-dan-Khoa-luan-tot-nghiep-HK2(24-25),Khoa Thương mại - Du lịch,HCM,KHOA_THUONG_MAI_DU_LICH,true,,auto,3,4616,ok,763019,41ccb0689d148791c4c210b6af3e8bf620b28dfc791dd891f15ab5b6035666c1,files/khoa-thuong-mai-du-lich/41ccb0689d14.pdf,true,2026-09-30T07:42:38+00:00,true,,
41d277ac6c40,ctk19.pdf,https://fct.iuh.edu.vn/upload/files/2026/ctk19.pdf,https://fct.iuh.edu.vn/news.html@detail@354@1228@CHUONG-TRINH-DAO-TAO-2023-2024,Khoa Thương mại - Du lịch,HCM,KHOA_THUONG_MAI_DU_LICH,true,,auto,3,10307,ok,970250,41d277ac6c40f342128cb63433fae003d74897ed9968d93defa7667203f1e74e,files/khoa-thuong-mai-du-lich/41d277ac6c40.pdf,true,2026-09-30T07:43:18+00:00,true,,
424d3b6a23d4,1410_QD_DHCN_11_06_2018.pdf,https://fct.iuh.edu.vn/upload/files/2022/1410_QD_DHCN_11_06_2018.pdf,https://fct.iuh.edu.vn/news.html@detail@295@700@Chuong-trinh-dao-tao-nganh-Quan-tri-Dich-vu-du-lich-va-lu-hanh,Khoa Thương mại - Du lịch,HCM,KHOA_THUONG_MAI_DU_LICH,true,,auto,1,0,scanned,379287,424d3b6a23d43a4e2feede24a000903a44fe63c8509277c3e3f6ebf8399b2df0,scanned_pdf/khoa-thuong-mai-du-lich/424d3b6a23d4.pdf,true,2026-09-30T07:42:24+00:00,false,,
449355b2bd4f,Don xin chuyển nganh.pdf,https://fct.iuh.edu.vn/upload/files/2022/09.2022/Don%20xin%20chuy%E1%BB%83n%20nganh.pdf,https://fct.iuh.edu.vn/bieumau.html@266@Bieu-mau,Khoa Thương mại - Du lịch,HCM,KHOA_THUONG_MAI_DU_LICH,true,,auto,1,0,scanned,534342,449355b2bd4fb26b00ee1b31f2216f3ae60b6462f90e439aabe2ea160f157830,scanned_pdf/khoa-thuong-mai-du-lich/449355b2bd4f.pdf,true,2026-09-30T07:42:16+00:00,false,,
46faee7e8e22,Progamme Specification 2020.pdf,https://fct.iuh.edu.vn/upload/files/2026/Progamme%20Specification%202020.pdf,https://fct.iuh.edu.vn/news.html@detail@356@1233@BANG-MO-TA-CHUONG-TRINH-DAO-TAO-2020,Khoa Thương mại - Du lịch,HCM,KHOA_THUONG_MAI_DU_LICH,false,3,auto,52,101263,ok,5301437,46faee7e8e22fb421891612aa50cc7a2cc5eb556fa462b85af05a410a9cf587c,files/khoa-thuong-mai-du-lich/46faee7e8e22.pdf,true,2026-09-30T07:43:09+00:00,true,,
4b1fac15ddda,danh sach phong va HD KLTN-QTKS.pdf,https://fct.iuh.edu.vn/upload/files/danh%20sach%20phong%20va%20HD%20KLTN-QTKS.pdf,https://fct.iuh.edu.vn/news.html@detail@321@1197@THONG-BAO-KE-HOACH-HOI-DONG-DANH-GIA-KHOA-LUAN-TOT-NGHIEP-DOT-1-NAM-HOC-2025-2026-CHUYEN-NGANH-QUAN-TRI-KHACH-SAN-HOC-KY-1-(2025-2026),Khoa Thương mại - Du lịch,HCM,KHOA_THUONG_MAI_DU_LICH,false,3,auto,4,5195,ok,206802,4b1fac15dddaebcc81f985ae9783206e32ca39301fdbe2fe8800e834337a6b21,files/khoa-thuong-mai-du-lich/4b1fac15ddda.pdf,true,2026-09-30T07:44:24+00:00,true,,
51e9d4e5b631,CTDT_QTDVDLLH_TCTA_K20.pdf,https://fct.iuh.edu.vn/upload/files/2025/CTDT_QTDVDLLH_TCTA_K20.pdf,https://fct.iuh.edu.vn/category.html@295@Quan-tri-Dich-vu-Du-lich-&-Lu-hanh,Khoa Thương mại - Du lịch,HCM,KHOA_THUONG_MAI_DU_LICH,false,4,auto,9,12392,ok,437377,51e9d4e5b6314b904ddba475114357c830b27ea61cfde7cc6fbaa4fb4c63b842,files/khoa-thuong-mai-du-lich/51e9d4e5b631.pdf,true,2026-09-30T07:42:46+00:00,true,,
55d93f94857b,08_2022_Mobifone_BANG TIN TUYEN DUNG.pdf,https://fct.iuh.edu.vn/upload/files/08_2022_Mobifone_BANG%20TIN%20TUYEN%20DUNG.pdf,https://fct.iuh.edu.vn/category.html@312@Lien-ket-doanh-nghiep,Khoa Thương mại - Du lịch,HCM,KHOA_THUONG_MAI_DU_LICH,false,4,auto,1,0,scanned,336757,55d93f94857bb2c879895cd9a548e2bf1a47389742bcb1a59a7480308ab398b5,scanned_pdf/khoa-thuong-mai-du-lich/55d93f94857b.pdf,true,2026-09-30T07:42:12+00:00,false,,
5d3ea83953fb,Ke hoach chuyen de HON NHAN.pdf,https://fct.iuh.edu.vn/upload/files/2022/Ke%20hoach%20chuyen%20de%20HON%20NHAN.pdf,https://fct.iuh.edu.vn/news.html@detail@256@731@Hoi-thao-Phong-tuc-hon-nhan-truyen-thong-Viet-Nam,Khoa Thương mại - Du lịch,HCM,KHOA_THUONG_MAI_DU_LICH,false,2,auto,2,2878,ok,171010,5d3ea83953fb884d1eedd9678141d47b4db9da241b30bcfdca07434d88818051,files/khoa-thuong-mai-du-lich/5d3ea83953fb.pdf,true,2026-09-30T07:42:27+00:00,true,,
639faa8cb8cb,Thong bao ve viec chao tour Mien Tay - KTMDL.pdf,https://fct.iuh.edu.vn/upload/files/Thong%20bao%20ve%20viec%20chao%20tour%20Mien%20Tay%20-%20KTMDL.pdf,"https://fct.iuh.edu.vn/news.html@detail@321@1220@Thong-bao-kinh-moi-Quy-Doanh-nghiep-lu-hanh-chao-Tour-Thuc-tap-mien-Tay-bac-dao-tao-he-Dai-hoc-chinh-quy-chuyen-nganh-QTDVDL&LH-khoa-20,-Hoc-ky-2-nam-hoc-2025-2026",Khoa Thương mại - Du lịch,HCM,KHOA_THUONG_MAI_DU_LICH,false,2,auto,4,6934,ok,288335,639faa8cb8cb369fd27b89c48bb4f1085238f062d6a3b5f9537deee9e4ba6330,files/khoa-thuong-mai-du-lich/639faa8cb8cb.pdf,true,2026-09-30T07:44:15+00:00,true,,
6ba643b14099,Thong bao trien khai ke hoach_danh sach HD KLTN HK2 2024_2025.pdf,https://fct.iuh.edu.vn/upload/files/Thong%20bao%20trien%20khai%20ke%20hoach_danh%20sach%20HD%20KLTN%20HK2%202024_2025.pdf,https://fct.iuh.edu.vn/news.html@detail@309@1131@Ke-hoach-trien-khai-khoa-luan-tot-nghiep-dot-HK-2-nam-hoc-2024-2025,Khoa Thương mại - Du lịch,HCM,KHOA_THUONG_MAI_DU_LICH,true,,auto,21,46980,ok,441140,6ba643b14099337ab72b5bc9ca8e86f8e64e81432ac3990151c92a420a487295,files/khoa-thuong-mai-du-lich/6ba643b14099.pdf,true,2026-09-30T07:44:12+00:00,true,,
718b2ea51aa0, KẾ HOẠCH PHÂN CÔNG KHOÁ LUẬN K17_QTKS_HK2(24-25).pdf,https://fct.iuh.edu.vn/upload/01140030/files/%20KE%CC%82%CC%81%20HOA%CC%A3CH%20PHA%CC%82N%20CO%CC%82NG%20KHOA%CC%81%20LUA%CC%A3%CC%82N%20K17_QTKS_HK2(24-25).pdf,"https://fct.iuh.edu.vn/news.html@detail@271@1117@KE-HOACH-KHOA-LUAN-KHOA-17,-HOC-KY-2-NAM-HOC-2024-2025",Khoa Thương mại - Du lịch,HCM,KHOA_THUONG_MAI_DU_LICH,true,,auto,4,7321,ok,393405,718b2ea51aa005020dcec28217966b12419679ecac2165a360cd3391ca868f1d,files/khoa-thuong-mai-du-lich/718b2ea51aa0.pdf,true,2026-09-30T07:42:00+00:00,true,,
738a56bf80e8,KH29_HD KLTN KDQT_2_24-25.pdf,https://fct.iuh.edu.vn/upload/files/KH29_HD%20KLTN%20KDQT_2_24-25.pdf,https://fct.iuh.edu.vn/news.html@detail@305@1146@Ke-hoach-bao-ve-khoa-luan-nganh-Kinh-doanh-Quoc-te-Hk2.2024-2025,Khoa Thương mại - Du lịch,HCM,KHOA_THUONG_MAI_DU_LICH,true,,auto,9,23958,garbled_ocr,8538485,738a56bf80e8fdb6fdd7a1606d0ca37d59e998de76683528784165ca417eec81,scanned_pdf/khoa-thuong-mai-du-lich/738a56bf80e8.pdf,true,2026-09-30T07:43:39+00:00,false,,
7aa970220eed,"chuong 7 y chi, hanh dộng y chi.pdf",https://fct.iuh.edu.vn/upload/01031018/files/chuong%207%20y%20chi%2C%20hanh%20d%E1%BB%99ng%20y%20chi.pdf,https://fct.iuh.edu.vn/giangvien@lethihuong,Khoa Thương mại - Du lịch,HCM,KHOA_THUONG_MAI_DU_LICH,true,,auto,37,9219,ok,5848226,7aa970220eed85d3abcacaada003444701ff348d11416f4d037be74101ec9b48,files/khoa-thuong-mai-du-lich/7aa970220eed.pdf,true,2026-09-30T07:41:49+00:00,true,,
7b069ba53a47,QDthanh lập HD KDQT5_2023.pdf,https://fct.iuh.edu.vn/upload/files/QDthanh%20l%E1%BA%ADp%20HD%20KDQT5_2023.pdf,https://fct.iuh.edu.vn/news.html@detail@305@877@Quyet-dinh-thanh-lap-Hoi-dong-bao-ve-KLTN-nganh-Kinh-doanh-Quoc-te-Dai-hoc-15,Khoa Thương mại - Du lịch,HCM,KHOA_THUONG_MAI_DU_LICH,true,,auto,4,0,scanned,2050592,7b069ba53a4744bc8f8c14c58efb07bbbae5bd900fa321b7859630f594ddbb05,scanned_pdf/khoa-thuong-mai-du-lich/7b069ba53a47.pdf,true,2026-09-30T07:43:56+00:00,false,,
7e84b08821db,ctk17.pdf,https://fct.iuh.edu.vn/upload/files/2026/ctk17.pdf,https://fct.iuh.edu.vn/news.html@detail@354@1226@CHUONG-TRINH-DAO-TAO-2021-2022,Khoa Thương mại - Du lịch,HCM,KHOA_THUONG_MAI_DU_LICH,false,3,auto,3,10455,ok,969039,7e84b08821dbe4beacb5ab439c3b474236641f45a3a9a12bfdb808f8e5ae551e,files/khoa-thuong-mai-du-lich/7e84b08821db.pdf,true,2026-09-30T07:43:13+00:00,true,,
816813917bac,DIEU KIEN TOT NGHIEP 2022 - 2026.pdf,https://fct.iuh.edu.vn/upload/files/2026/DIEU%20KIEN%20TOT%20NGHIEP%202022%20-%202026.pdf,https://fct.iuh.edu.vn/news.html@detail@355@1243@Dieu-kien-tot-nghiep-2022-2026,Khoa Thương mại - Du lịch,HCM,KHOA_THUONG_MAI_DU_LICH,true,,auto,1,681,ok,87474,816813917bac22aee412e04033fb92e4bff9194d77094823102feb4c4d555ea8,files/khoa-thuong-mai-du-lich/816813917bac.pdf,true,2026-09-30T07:42:50+00:00,true,,
81fe498c9194,_HD KLTN_TMDT_3_1_2025.pdf,https://fct.iuh.edu.vn/upload/files/_HD%20KLTN_TMDT_3_1_2025.pdf,https://fct.iuh.edu.vn/news.html@detail@309@1092@Danh-sach-bao-ve-khoa-luan-tot-nghiep-nganh-TMDT-HK1-(2024-2025),Khoa Thương mại - Du lịch,HCM,KHOA_THUONG_MAI_DU_LICH,false,4,auto,3,0,scanned,231390,81fe498c9194cb3468354c67f6e50beba7a3316643c2e59127ba77e8d8c63b65,scanned_pdf/khoa-thuong-mai-du-lich/81fe498c9194.pdf,true,2026-09-30T07:44:22+00:00,false,,
833c55bdf222,ctk20.pdf,https://fct.iuh.edu.vn/upload/files/2026/ctk20.pdf,https://fct.iuh.edu.vn/news.html@detail@354@1229@CHUONG-TRINH-DAO-TAO-2024-2025,Khoa Thương mại - Du lịch,HCM,KHOA_THUONG_MAI_DU_LICH,true,,auto,3,10488,ok,976002,833c55bdf22222c8a030983c5c26fba41599dd5d4c94a1e2b7a4fcc18ca052eb,files/khoa-thuong-mai-du-lich/833c55bdf222.pdf,true,2026-09-30T07:43:21+00:00,true,,
834d3900e242,KH Khoa luận tốt nghiệp_HK1_26-27.pdf,https://fct.iuh.edu.vn/upload/files/2026/KH%20Khoa%20lu%E1%BA%ADn%20t%E1%BB%91t%20nghi%E1%BB%87p_HK1_26-27.pdf,"https://fct.iuh.edu.vn/news.html@detail@264@1257@Thong-bao-Ke-hoach-Khoa-luan-tot-nghiep-Hoc-ky-I,-nam-hoc-2026-2027",Khoa Thương mại - Du lịch,HCM,KHOA_THUONG_MAI_DU_LICH,false,4,auto,3,6357,garbled_ocr,2478449,834d3900e242cd46c5e0f0b30715ded4db3060f80506e14f63658aea885b3e62,scanned_pdf/khoa-thuong-mai-du-lich/834d3900e242.pdf,true,2026-09-30T07:43:02+00:00,false,,
855673be1f44,Pages from KH30_HD KLTN TMDT_2_24-25(1).pdf,https://fct.iuh.edu.vn/upload/files/Pages%20from%20KH30_HD%20KLTN%20TMDT_2_24-25(1).pdf,https://fct.iuh.edu.vn/news.html@detail@309@1149@Thong-bao-Hoi-dong-Khoa-luan-tot-nghiep-HK2-(2024-2025),Khoa Thương mại - Du lịch,HCM,KHOA_THUONG_MAI_DU_LICH,true,,auto,17,29899,ok,313180,855673be1f4452b633da1ee423e113a30b2bff7dbf6700b9951d24a845f3d084,files/khoa-thuong-mai-du-lich/855673be1f44.pdf,true,2026-09-30T07:43:54+00:00,true,,
8af66a7d9675,Check List Tieu chuẩn chuyen cần tich cực mon học 2021-2022.pdf,https://fct.iuh.edu.vn/upload/01031018/files/Check%20List%20Tieu%20chu%E1%BA%A9n%20chuyen%20c%E1%BA%A7n%20tich%20c%E1%BB%B1c%20mon%20h%E1%BB%8Dc%202021-2022.pdf,https://fct.iuh.edu.vn/giangvien@lethihuong,Khoa Thương mại - Du lịch,HCM,KHOA_THUONG_MAI_DU_LICH,true,,auto,2,1872,ok,492653,8af66a7d9675ea0817879b1d120db0e2394c6d1c01a75255b8e2e4b109b97c1c,files/khoa-thuong-mai-du-lich/8af66a7d9675.pdf,true,2026-09-30T07:41:46+00:00,true,,
8cb9efbb8766,ctk21-TA.pdf,https://fct.iuh.edu.vn/upload/files/2026/ctk21-TA.pdf,https://fct.iuh.edu.vn/news.html@detail@354@1232@CHUONG-TRINH-DAO-TAO-TCTA-2025-2026,Khoa Thương mại - Du lịch,HCM,KHOA_THUONG_MAI_DU_LICH,false,3,auto,3,11530,ok,975261,8cb9efbb8766d22d089db972e8382c3b5478a62711c2f7b72c330dc98ba3611d,files/khoa-thuong-mai-du-lich/8cb9efbb8766.pdf,true,2026-09-30T07:43:23+00:00,true,,
8ee1745b8e1b,Kế hoạch Bảo vệ  KLTN KDQT HK2(23-24).pdf,https://fct.iuh.edu.vn/upload/files/K%E1%BA%BF%20ho%E1%BA%A1ch%20B%E1%BA%A3o%20v%E1%BB%87%20%20KLTN%20KDQT%20HK2(23-24).pdf,https://fct.iuh.edu.vn/news.html@detail@305@1026@Ke-hoach-bao-ve-khoa-luan-nganh-Kinh-doanh-Quoc-te-Hk2.2023-2024,Khoa Thương mại - Du lịch,HCM,KHOA_THUONG_MAI_DU_LICH,false,2,auto,19,38148,garbled_ocr,3743147,8ee1745b8e1b85a8d99e5a0eca2dfc90f233ee31391b9846b96e8a1becf1cb0b,scanned_pdf/khoa-thuong-mai-du-lich/8ee1745b8e1b.pdf,true,2026-09-30T07:43:32+00:00,false,,
8fc665a84469,Kế hoạch 34 KLTN (gửi sv).pdf,https://fct.iuh.edu.vn/upload/01920006/files/K%E1%BA%BF%20ho%E1%BA%A1ch%2034%20KLTN%20(g%E1%BB%ADi%20sv).pdf,https://fct.iuh.edu.vn/news.html@detail@271@1198@Ke-hoach-Bao-ve-khoa-luan-nganh-Kinh-doanh-quoc-te-HK1.2025-2026,Khoa Thương mại - Du lịch,HCM,KHOA_THUONG_MAI_DU_LICH,true,,auto,13,18381,ok,944745,8fc665a8446979e968c1937119a05c10e61683df9561e0922739d54836c2a869,files/khoa-thuong-mai-du-lich/8fc665a84469.pdf,true,2026-09-30T07:42:03+00:00,true,,
956b4a75fad4,TTDN1 HK He 2025-2026_Danh sach phan cong GVHD TTDN1 HK He 2025-2026 (1).pdf,https://fct.iuh.edu.vn/upload/files/TTDN1%20HK%20He%202025-2026_Danh%20sach%20phan%20cong%20GVHD%20TTDN1%20HK%20He%202025-2026%20(1).pdf,https://fct.iuh.edu.vn/news.html@detail@305@1253@Thong-bao-phan-cong-giang-vien-huong-dan-Thuc-tap-Doanh-nghiep-1-HK3-nam-hoc-2025-2026,Khoa Thương mại - Du lịch,HCM,KHOA_THUONG_MAI_DU_LICH,true,,auto,4,11354,ok,240586,956b4a75fad41c10529fd98c2a28d79277a7aedf5963f65caf3d171b71c7654f,files/khoa-thuong-mai-du-lich/956b4a75fad4.pdf,true,2026-09-30T07:44:01+00:00,true,,
974c09b5f7b0,"Ke hoach TTDN1_DHDLNHKS_K19,20_HK2 25-26.pdf",https://fct.iuh.edu.vn/upload/files/Ke%20hoach%20TTDN1_DHDLNHKS_K19%2C20_HK2%2025-26.pdf,https://fct.iuh.edu.vn/news.html@detail@321@1208@BMDLNHKS_Thong-bao-TTDN1_Hoc-ky-2-nam-hoc-2025-2026,Khoa Thương mại - Du lịch,HCM,KHOA_THUONG_MAI_DU_LICH,true,,auto,8,13004,ok,242645,974c09b5f7b0a23b26acd00f1d59eb724a5a3238de30d64e52a077985b96538f,files/khoa-thuong-mai-du-lich/974c09b5f7b0.pdf,true,2026-09-30T07:43:47+00:00,true,,
985d311e0a5f,Turban_E_King_D_Lee_J_K_Liang_T_P_and_Tu.pdf,https://fct.iuh.edu.vn/upload/0199900064/files/Turban_E_King_D_Lee_J_K_Liang_T_P_and_Tu.pdf,https://fct.iuh.edu.vn/giangvien@nguyenthiphuonggiang,Khoa Thương mại - Du lịch,HCM,KHOA_THUONG_MAI_DU_LICH,true,,auto,820,2856794,ok,20373531,985d311e0a5f5fee499cae3137fdb0d0c68c8f68caaf9aa76f9424bd57166546,files/khoa-thuong-mai-du-lich/985d311e0a5f.pdf,true,2026-09-30T07:42:08+00:00,false,,
9d32aefc7ee9,TTDN2 HK He 2025-2026_Danh sach phan cong GVHD TTDN1 HK He 2025-2026.pdf,https://fct.iuh.edu.vn/upload/files/TTDN2%20HK%20He%202025-2026_Danh%20sach%20phan%20cong%20GVHD%20TTDN1%20HK%20He%202025-2026.pdf,https://fct.iuh.edu.vn/news.html@detail@305@1254@Thong-bao-phan-cong-giang-vien-huong-dan-Thuc-tap-Doanh-nghiep-2-HK3-nam-hoc-2025-2026,Khoa Thương mại - Du lịch,HCM,KHOA_THUONG_MAI_DU_LICH,false,2,auto,2,5821,ok,191340,9d32aefc7ee98f79bbc7e781c783f76631f478c39d6338785d4e4a6ec658bee5,files/khoa-thuong-mai-du-lich/9d32aefc7ee9.pdf,true,2026-09-30T07:44:03+00:00,true,,
a0bb9a0347f6,IUH Student Handbook - 2021.pdf,https://fct.iuh.edu.vn/upload/files/2026/IUH%20Student%20Handbook%20-%202021.pdf,https://fct.iuh.edu.vn/news.html@detail@358@1235@SO-TAY-SINH-VIEN-2021,Khoa Thương mại - Du lịch,HCM,KHOA_THUONG_MAI_DU_LICH,true,,auto,1,51,scanned,3019728,a0bb9a0347f6b9d89877e0117c20a29db063eb913f814d70f1bd596f5987e80e,scanned_pdf/khoa-thuong-mai-du-lich/a0bb9a0347f6.pdf,true,2026-09-30T07:42:51+00:00,false,,
a6aa3de1005b,BMDLNHKS_Ke hoach TTDN2_QTDL_QTKS_QTNH_HK2 25-26.pdf,https://fct.iuh.edu.vn/upload/files/BMDLNHKS_Ke%20hoach%20TTDN2_QTDL_QTKS_QTNH_HK2%2025-26.pdf,https://fct.iuh.edu.vn/news.html@detail@321@1209@KE-HOACH_NOI-DUNG_GVHD_TTDN2_K18-BMDLNHKS_HK2-2025-2026,Khoa Thương mại - Du lịch,HCM,KHOA_THUONG_MAI_DU_LICH,false,3,auto,8,11699,ok,237251,a6aa3de1005bfc8572e28476d51d008930490cdc1f4c9dc262a8b66530832f65,files/khoa-thuong-mai-du-lich/a6aa3de1005b.pdf,true,2026-09-30T07:43:29+00:00,true,,
b620e5cf79ab,KH32_Khoa luận tốt nghiệp_1_25-26-da gộp.pdf,https://fct.iuh.edu.vn/upload/files/KH32_Khoa%20lu%E1%BA%ADn%20t%E1%BB%91t%20nghi%E1%BB%87p_1_25-26-da%20g%E1%BB%99p.pdf,https://fct.iuh.edu.vn/news.html@detail@264@1166@KE-HOACH-TRIEN-KHAI-KHOA-LUAN-TOT-NGHIEP-VA-THUC-TAP-DOANH-NGHIEP-2-NAM-HOC-2025-2026,Khoa Thương mại - Du lịch,HCM,KHOA_THUONG_MAI_DU_LICH,true,,auto,5,7983,garbled_ocr,2585862,b620e5cf79ab20c134575fc20beb9323b8eee9d3d4dc79d819182c04fdf6c869,scanned_pdf/khoa-thuong-mai-du-lich/b620e5cf79ab.pdf,true,2026-09-30T07:43:41+00:00,false,,
b7aead36be4f,Kế hoạch xet cong nhận tốt nghiệp dợt thang 10 nam 2025.pdf,https://fct.iuh.edu.vn/upload/files/K%E1%BA%BF%20ho%E1%BA%A1ch%20xet%20cong%20nh%E1%BA%ADn%20t%E1%BB%91t%20nghi%E1%BB%87p%20d%E1%BB%A3t%20thang%2010%20nam%202025.pdf,https://fct.iuh.edu.vn/news.html@detail@264@1164@THONG-BAO-KE-HOACH-XET-TOT-NGHIEP-DOT-THANG-10.2025,Khoa Thương mại - Du lịch,HCM,KHOA_THUONG_MAI_DU_LICH,true,,auto,1,0,scanned,271011,b7aead36be4f1bec7b55178f3685f191f59af5831576e5aede444f5b27144db0,scanned_pdf/khoa-thuong-mai-du-lich/b7aead36be4f.pdf,true,2026-09-30T07:43:35+00:00,false,,
c139ee6a3e64,Khoa luận tốt nghiệp KDQT HK 2 2025-296.pdf,https://fct.iuh.edu.vn/upload/files/Khoa%20lu%E1%BA%ADn%20t%E1%BB%91t%20nghi%E1%BB%87p%20KDQT%20HK%202%202025-296.pdf,"https://fct.iuh.edu.vn/news.html@detail@305@1250@-HOI-DONG-DANH-GIA-KHOA-LUAN-TOT-NGHIEP-HE-DAI-HOC-NGANH-KINH-DOANH-QUOC-TE-HOC-KY-2,-NAM-HOC-2025-2026",Khoa Thương mại - Du lịch,HCM,KHOA_THUONG_MAI_DU_LICH,true,,auto,4,7415,ok,545486,c139ee6a3e640eefd8db766da8b6b3681dccc5d2fc615d1593592a31ff96bf64,files/khoa-thuong-mai-du-lich/c139ee6a3e64.pdf,true,2026-09-30T07:43:49+00:00,true,,
c9dcdc970e37,Thong bao ve viec chao tour Nhan thuc K21 - KTMDL(1).pdf,https://fct.iuh.edu.vn/upload/files/Thong%20bao%20ve%20viec%20chao%20tour%20Nhan%20thuc%20K21%20-%20KTMDL(1).pdf,https://fct.iuh.edu.vn/category.html@321@Thong-bao,Khoa Thương mại - Du lịch,HCM,KHOA_THUONG_MAI_DU_LICH,true,,auto,4,7051,ok,290670,c9dcdc970e377cd9400c6ad667d391b55af41ecbee77377c6dc4d00a35e5fcfd,files/khoa-thuong-mai-du-lich/c9dcdc970e37.pdf,true,2026-09-30T07:44:19+00:00,true,,
cf22486dea76,Gui sinh vien_Kh hoi dong_TMDT(1).pdf,https://fct.iuh.edu.vn/upload/files/Gui%20sinh%20vien_Kh%20hoi%20dong_TMDT(1).pdf,https://fct.iuh.edu.vn/news.html@detail@309@1029@Danh-sach-bao-ve-khoa-luan-tot-nghiep-nganh-TMDT-HK2-(2023-2024),Khoa Thương mại - Du lịch,HCM,KHOA_THUONG_MAI_DU_LICH,true,,auto,8,20205,ok,274375,cf22486dea76d790f7714881ac1abb5113bb8983f4193e2239b6bf2f51078680,files/khoa-thuong-mai-du-lich/cf22486dea76.pdf,true,2026-09-30T07:43:30+00:00,true,,
d0fe0fbee9a0,TAI LIỆU HỌC TẬP VA THAM KHẢO HỌC PHẦN QTDL.pdf,https://fct.iuh.edu.vn/upload/01031021/files/TAI%20LI%E1%BB%86U%20H%E1%BB%8CC%20T%E1%BA%ACP%20VA%20THAM%20KH%E1%BA%A2O%20H%E1%BB%8CC%20PH%E1%BA%A6N%20QTDL.pdf,https://fct.iuh.edu.vn/giangvien@tatuongvi,Khoa Thương mại - Du lịch,HCM,KHOA_THUONG_MAI_DU_LICH,false,1,auto,1,702,ok,134517,d0fe0fbee9a0f5544cfe00771c45d4c145c30cf30da59b64d8dddb0edc63482b,files/khoa-thuong-mai-du-lich/d0fe0fbee9a0.pdf,true,2026-09-30T07:41:51+00:00,true,,
d14a4ab9f390,723_QD-BGDDT_25_02_2013.pdf,https://fct.iuh.edu.vn/upload/files/2022/723_QD-BGDDT_25_02_2013.pdf,https://fct.iuh.edu.vn/category.html@222@Thuong-mai-dien-tu,Khoa Thương mại - Du lịch,HCM,KHOA_THUONG_MAI_DU_LICH,true,,auto,1,0,scanned,348823,d14a4ab9f3900c5beac65fe6a126300518f946b1c5734ddfaac0ce1932ddd2cd,scanned_pdf/khoa-thuong-mai-du-lich/d14a4ab9f390.pdf,true,2026-09-30T07:42:25+00:00,false,,
deb62596f6c1,IUH Student Handbook - 2024(1).pdf,https://fct.iuh.edu.vn/upload/files/2026/IUH%20Student%20Handbook%20-%202024(1).pdf,https://fct.iuh.edu.vn/news.html@detail@358@1237@SO-TAY-SINH-VIEN-2024,Khoa Thương mại - Du lịch,HCM,KHOA_THUONG_MAI_DU_LICH,true,,auto,82,0,scanned,4981214,deb62596f6c13c0549c0d5f3d1fbbf0684ce32ac52f3aacad833b0411854f5cf,scanned_pdf/khoa-thuong-mai-du-lich/deb62596f6c1.pdf,true,2026-09-30T07:42:53+00:00,false,,
dffedebc78e0,Nganh Kinh doanh Quoc te.pdf,https://fct.iuh.edu.vn/upload/files/2022/Nganh%20Kinh%20doanh%20Quoc%20te.pdf,https://fct.iuh.edu.vn/category.html@213@Kinh-doanh-Quoc-te,Khoa Thương mại - Du lịch,HCM,KHOA_THUONG_MAI_DU_LICH,true,,auto,2,2559,broken_encoding,1625327,dffedebc78e08c1548ddb1fb36d7be41924c0624d169d8f8f2bb012e691c402a,scanned_pdf/khoa-thuong-mai-du-lich/dffedebc78e0.pdf,true,2026-09-30T07:42:29+00:00,false,,
e06f54957ca9,GIAO TRINH KNGT-TS LE THỊ HUONG.pdf,https://fct.iuh.edu.vn/upload/01031018/files/GIAO%20TRINH%20KNGT-TS%20LE%20TH%E1%BB%8A%20HUONG.pdf,https://fct.iuh.edu.vn/giangvien@lethihuong,Khoa Thương mại - Du lịch,HCM,KHOA_THUONG_MAI_DU_LICH,true,,auto,195,455449,ok,1953562,e06f54957ca9b4c4e1cd535e6874288967b550581181795f679509a30b0148a9,files/khoa-thuong-mai-du-lich/e06f54957ca9.pdf,true,2026-09-30T07:41:47+00:00,false,,
e37657de6b1f,CHUONG 1 KHAI QUAT CHUNG VỀ GT.pdf,https://fct.iuh.edu.vn/upload/01031018/files/CHUONG%201%20KHAI%20QUAT%20CHUNG%20V%E1%BB%80%20GT.pdf,https://fct.iuh.edu.vn/giangvien@lethihuong,Khoa Thương mại - Du lịch,HCM,KHOA_THUONG_MAI_DU_LICH,true,,auto,63,17588,ok,11073599,e37657de6b1fdb815c88ea199968df9979b99cbcd083e1dc5123e7583816c4a4,files/khoa-thuong-mai-du-lich/e37657de6b1f.pdf,true,2026-09-30T07:41:45+00:00,true,,
e5e6514efa13,TCBC - Cuộc thi _Edtech Startup Quốc gia 2022.pdf,https://fct.iuh.edu.vn/upload/files/TCBC%20-%20Cu%E1%BB%99c%20thi%20_Edtech%20Startup%20Qu%E1%BB%91c%20gia%202022.pdf,https://fct.iuh.edu.vn/news.html@detail@342@668@THONG-CAO-BAO-CHI-CUOC-THI-NATIONAL-EDTECH-STARTUP-2022%E2%80%9D,Khoa Thương mại - Du lịch,HCM,KHOA_THUONG_MAI_DU_LICH,true,,auto,2,3580,ok,432110,e5e6514efa13d1c9cbad012f40851f684f2f706b0629b9b938efb4296294d63b,files/khoa-thuong-mai-du-lich/e5e6514efa13.pdf,true,2026-09-30T07:43:58+00:00,true,,
e80b6290e41e,(420300288909) - TTDN1_DHTMDT16_HE_2122.pdf,https://fct.iuh.edu.vn/upload/files/(420300288909)%20-%20TTDN1_DHTMDT16_HE_2122.pdf,"https://fct.iuh.edu.vn/news.html@detail@309@645@Thong-bao-ve-bao-cao-ket-qua-Thuc-tap-doanh-nghiep-1,-hoc-ki-he,-2021-2022",Khoa Thương mại - Du lịch,HCM,KHOA_THUONG_MAI_DU_LICH,true,,auto,3,4498,ok,69705,e80b6290e41e3882e0665fd5d027ef2523551f72e2a69cc31aaa64d9d7036933,files/khoa-thuong-mai-du-lich/e80b6290e41e.pdf,true,2026-09-30T07:42:10+00:00,true,,
eeafc5fc002d,2024_08_01-TB-888-Tuyen-sinh-thac-si-2024-2-chung ccccccc(1).pdf,https://fct.iuh.edu.vn/upload/files/2024/2024_08_01-TB-888-Tuyen-sinh-thac-si-2024-2-chung%20ccccccc(1).pdf,https://fct.iuh.edu.vn/news.html@detail@344@1049@Thong-bao-tuyen-sinh-dao-tao-trinh-do-Thac-si-nam-2024-%E2%80%93-Dot-2,Khoa Thương mại - Du lịch,HCM,KHOA_THUONG_MAI_DU_LICH,true,,auto,10,0,scanned,7511428,eeafc5fc002d7f56b217173afea2826ea3b75be16e23551a4d2bfc5c0103474d,scanned_pdf/khoa-thuong-mai-du-lich/eeafc5fc002d.pdf,true,2026-09-30T07:42:31+00:00,false,,
f0dcc948670a,KH_KLTN_2_24-25.pdf,https://fct.iuh.edu.vn/upload/files/KH_KLTN_2_24-25.pdf,https://fct.iuh.edu.vn/news.html@detail@305@1129@Ke-hoach-trien-khai-khoa-luan-nganh-Kinh-doanh-Quoc-te-HK2.2024,Khoa Thương mại - Du lịch,HCM,KHOA_THUONG_MAI_DU_LICH,false,2,auto,3,3796,garbled_ocr,1339544,f0dcc948670a1ef3fd6e8931b38daba992bf2ff9dc3e3124a98a1af7d98cd2c4,scanned_pdf/khoa-thuong-mai-du-lich/f0dcc948670a.pdf,true,2026-09-30T07:43:45+00:00,false,,
fb336790ecb2,PLO_ELO_Phase2_2024-2027_Vietnamese.pdf,https://fct.iuh.edu.vn/upload/files/2026/PLO_ELO_Phase2_2024-2027_Vietnamese.pdf,https://fct.iuh.edu.vn/news.html@detail@353@1225@CHUAN-DAU-RA-CHUONG-TRINH-DAO-TAO-2024-%E2%80%93-2027,Khoa Thương mại - Du lịch,HCM,KHOA_THUONG_MAI_DU_LICH,true,,auto,1,2193,ok,120517,fb336790ecb249970edd4f87aa9469f0786698153db61c173e86d030a9500b5a,files/khoa-thuong-mai-du-lich/fb336790ecb2.pdf,true,2026-09-30T07:43:07+00:00,true,,
fe3f473ae03d,TB05_Thong bao BB xuat sac 15052024.pdf,https://fct.iuh.edu.vn/upload/files/2024/TB05_Thong%20bao%20BB%20xuat%20sac%2015052024.pdf,https://fct.iuh.edu.vn/news.html@detail@256@976@Ket-qua-hoi-thao-nghien-cuu-khoa-hoc-cua-Khoa-Thuong-mai-%E2%80%93-Du-lich-(FCTSRC2024-va-FCTLRC2024),Khoa Thương mại - Du lịch,HCM,KHOA_THUONG_MAI_DU_LICH,true,,auto,2,3738,ok,176484,fe3f473ae03d633084c09bf4cd1c05b5d71e669ab4d0f52fd04b26d9d18caacd,files/khoa-thuong-mai-du-lich/fe3f473ae03d.pdf,true,2026-09-30T07:42:41+00:00,true,,
00115c04482b,CTK.DHCNTT13.pdf,https://qn.iuh.edu.vn/uploads/2017/05/CTK.DHCNTT13.pdf,https://qn.iuh.edu.vn/dai-hoc-chinh-quy/phan-hieu-truong-dai-hoc-cong-nghiep-tp-ho-chi-minh-tai-quang-ngai-dao-tao-08-nganh-dai-hoc-chinh-quy-thong-tin-cu-the-tung-nganh-nhu-sau/,Phân hiệu Quảng Ngãi,Quảng Ngãi,PHAN_HIEU_QUANG_NGAI,true,,auto,3,4948,ok,337250,00115c04482b17dff365e14d950279ef96a6ee293107f3041e2b53380bda8a84,files/phan-hieu-quang-ngai/00115c04482b.pdf,false,2026-09-30T07:42:40+00:00,true,,
005b1308f2dd,03_CongNgheThongTin.pdf,https://qn.iuh.edu.vn/uploads/2021/04/03_CongNgheThongTin.pdf,https://qn.iuh.edu.vn/thong-tin-dao-tao/5529/,Phân hiệu Quảng Ngãi,Quảng Ngãi,PHAN_HIEU_QUANG_NGAI,true,,auto,3,5148,garbled_ocr,2110416,005b1308f2dda136098bf959191d31c5521aede9b9e49d138472d10356b22a9a,scanned_pdf/phan-hieu-quang-ngai/005b1308f2dd.pdf,false,2026-09-30T07:43:14+00:00,false,,
026f9384ab0f,tb_110.pdf,https://qn.iuh.edu.vn/uploads/2017/07/tb_110.pdf,https://qn.iuh.edu.vn/thong-tin-dao-tao/thong-bao-ke-hoach-xet-tot-nghiep-dot-thang-08-nam-2017/,Phân hiệu Quảng Ngãi,Quảng Ngãi,PHAN_HIEU_QUANG_NGAI,false,1,auto,1,1653,garbled_ocr,260252,026f9384ab0f3045962442ade936f48d17ed005097f95da1b043d63ba241a083,scanned_pdf/phan-hieu-quang-ngai/026f9384ab0f.pdf,false,2026-09-30T07:42:54+00:00,false,,
03c0bc5cc709,DOC140826.pdf,https://qn.iuh.edu.vn/uploads/2026/08/DOC140826.pdf,https://qn.iuh.edu.vn/thong-bao/thong-bao-xet-tuyen-bo-sung-bac-dai-hoc-chinh-quy-nam-2026-tai-phan-hieu-quang-ngai/,Phân hiệu Quảng Ngãi,Quảng Ngãi,PHAN_HIEU_QUANG_NGAI,true,,auto,2,0,scanned,643753,03c0bc5cc70920d476a97e36e486cfc61b9ef5f027aacc52dccf0daa0c03a7f9,scanned_pdf/phan-hieu-quang-ngai/03c0bc5cc709.pdf,false,2026-09-30T07:44:46+00:00,false,,
085690ef6486,05_Don xin nhap hoc tro lai (Sau thoi gian nghi hoc tam thoi).pdf,http://iuh.edu.vn/Resource/Upload2/files/documents/Bieumaudaotao/05_Don%20xin%20nhap%20hoc%20tro%20lai%20(Sau%20thoi%20gian%20nghi%20hoc%20tam%20thoi).pdf,https://qn.iuh.edu.vn/van-ban-tien-ich/bieu-mau-dao-tao/,Phân hiệu Quảng Ngãi,Quảng Ngãi,PHAN_HIEU_QUANG_NGAI,false,3,auto,1,1619,ok,187419,085690ef648681e3fd2c8a8777db80a1ab8c7146a0009a78035818d314072aa8,files/phan-hieu-quang-ngai/085690ef6486.pdf,true,2026-09-30T07:42:07+00:00,true,,
09ddf4d273e3,TB_Diem_TT_DGNL_PHQN_2023.pdf,https://qn.iuh.edu.vn/uploads/2023/07/TB_Diem_TT_DGNL_PHQN_2023.pdf,https://qn.iuh.edu.vn/ket-qua-tuyen-sinh/thong-bao-diem-du-dieu-kien-trung-tuyen-bang-phuong-thuc-xet-ket-qua-ky-thi-danh-gia-nang-luc-nam-2023/,Phân hiệu Quảng Ngãi,Quảng Ngãi,PHAN_HIEU_QUANG_NGAI,true,,auto,2,0,scanned,670867,09ddf4d273e3984f3e0772138ef99ea25588c32ea6e9868dc922aae5e978e46c,scanned_pdf/phan-hieu-quang-ngai/09ddf4d273e3.pdf,false,2026-09-30T07:43:46+00:00,false,,
0ab975c358ba,TB_TS_DHCQ_2025.pdf,https://qn.iuh.edu.vn/uploads/2025/05/TB_TS_DHCQ_2025.pdf,https://qn.iuh.edu.vn/dai-hoc-chinh-quy/thong-bao-tuyen-sinh-dhcq-2025/,Phân hiệu Quảng Ngãi,Quảng Ngãi,PHAN_HIEU_QUANG_NGAI,false,3,auto,14,0,scanned,4196621,0ab975c358bae132d1a8a1920bdb19f56bae04719e1ebad2679d18051a01edf7,scanned_pdf/phan-hieu-quang-ngai/0ab975c358ba.pdf,false,2026-09-30T07:43:59+00:00,false,,
1241e878650e,tb-892-2025-HocPhanTiengAnh.pdf,https://qn.iuh.edu.vn/uploads/2025/09/tb-892-2025-HocPhanTiengAnh.pdf,https://qn.iuh.edu.vn/quy-che-hoc-vu/thong-bao-ve-viec-to-chuc-giang-day-va-hoc-tap-cac-lop-hoc-phan-tieng-anh-tai-truong/,Phân hiệu Quảng Ngãi,Quảng Ngãi,PHAN_HIEU_QUANG_NGAI,true,,auto,2,0,scanned,704249,1241e878650e4fa1343b69ae692f42f382a06196051b59fad109cf9b84a23024,scanned_pdf/phan-hieu-quang-ngai/1241e878650e.pdf,false,2026-09-30T07:44:31+00:00,false,,
134ae41fbbce,Chuyên-Số-TB-99-sang-TB101.pdf,https://qn.iuh.edu.vn/uploads/2021/09/Chuyên-Số-TB-99-sang-TB101.pdf,https://qn.iuh.edu.vn/ket-qua-tuyen-sinh/thong-bao-diem-trung-tuyen-he-dai-hoc-chinh-quy-nam-2021-bang-phuong-thuc-xet-tuyen-ket-qua-ky-thi-thpt-2021-tai-phan-hieu-quang-ngai/,Phân hiệu Quảng Ngãi,Quảng Ngãi,PHAN_HIEU_QUANG_NGAI,false,1,auto,2,0,scanned,433156,134ae41fbbce3273e96f790cfbd78712be228d430ab367f031ac8e60df7b566d,scanned_pdf/phan-hieu-quang-ngai/134ae41fbbce.pdf,false,2026-09-30T07:43:24+00:00,false,,
15960d122d97,B2.-QN_DongHocPhi_Online.pdf,https://qn.iuh.edu.vn/uploads/2024/08/B2.-QN_DongHocPhi_Online.pdf,https://qn.iuh.edu.vn/van-ban/huong-dan-quy-trinh-nhap-hoc-cho-tan-sinh-vien-khoa-20-nam-hoc-2024-2025/,Phân hiệu Quảng Ngãi,Quảng Ngãi,PHAN_HIEU_QUANG_NGAI,true,,auto,7,3127,ok,825668,15960d122d975d4b29dcec17eed26209d7e0ee65a71e913fc1e537c59ae78864,files/phan-hieu-quang-ngai/15960d122d97.pdf,false,2026-09-30T07:43:54+00:00,true,,
1675d5df59fe,TB-92-dn.pdf,https://qn.iuh.edu.vn/uploads/2021/07/TB-92-dn.pdf,https://qn.iuh.edu.vn/thong-tin-dao-tao/diem-trung-tuyen-bac-dai-hoc-he-chinh-quy-nam-2021-bang-phuong-thuc-xet-tuyen-su-dung-ket-qua-hoc-tap-thpt/,Phân hiệu Quảng Ngãi,Quảng Ngãi,PHAN_HIEU_QUANG_NGAI,true,,auto,6,0,scanned,1185691,1675d5df59fe2a7819d27a62247ecf3b55db614a83396b90174be63ace92c130,scanned_pdf/phan-hieu-quang-ngai/1675d5df59fe.pdf,false,2026-09-30T07:43:22+00:00,false,,
19dd32d3a13c,hd-05-2025-20250918042027-e.pdf,https://qn.iuh.edu.vn/uploads/2025/09/hd-05-2025-20250918042027-e.pdf,https://qn.iuh.edu.vn/van-ban-tien-ich/huong-dan-ve-viec-thuc-hien-chinh-sach-mien-giam-hoc-phi-va-ho-tro-chi-phi-hoc-tap-nam-hoc-2025-2026/,Phân hiệu Quảng Ngãi,Quảng Ngãi,PHAN_HIEU_QUANG_NGAI,true,,auto,5,0,scanned,1578312,19dd32d3a13c4742a16a3dfd84cdd685aa03d10ebedee622620f2e1c44588980,scanned_pdf/phan-hieu-quang-ngai/19dd32d3a13c.pdf,false,2026-09-30T07:44:30+00:00,false,,
1a592e4e5936,10_Don xin xet tot nghiep - He tin chi.pdf,http://iuh.edu.vn/Resource/Upload2/files/documents/Bieumaudaotao/10_Don%20xin%20xet%20tot%20nghiep%20-%20He%20tin%20chi.pdf,https://qn.iuh.edu.vn/van-ban-tien-ich/bieu-mau-dao-tao/,Phân hiệu Quảng Ngãi,Quảng Ngãi,PHAN_HIEU_QUANG_NGAI,false,4,auto,1,2032,ok,87055,1a592e4e5936088b2c73e613480afce74c3d3645e174b95e680f489e5291ec1f,files/phan-hieu-quang-ngai/1a592e4e5936.pdf,true,2026-09-30T07:42:22+00:00,true,,
1b8a9777d894,B1.-QN_HDTaiGiayBaoNhapHoc_Online.pdf,https://qn.iuh.edu.vn/uploads/2024/08/B1.-QN_HDTaiGiayBaoNhapHoc_Online.pdf,https://qn.iuh.edu.vn/van-ban/huong-dan-quy-trinh-nhap-hoc-cho-tan-sinh-vien-khoa-20-nam-hoc-2024-2025/,Phân hiệu Quảng Ngãi,Quảng Ngãi,PHAN_HIEU_QUANG_NGAI,true,,auto,3,1446,ok,312274,1b8a9777d8944b8f33adb08fa640d5938ea34d5087b5f086c633b29191ba083f,files/phan-hieu-quang-ngai/1b8a9777d894.pdf,false,2026-09-30T07:43:52+00:00,true,,
1f46c76e9bae,CTK.DHQTKD13.pdf,https://qn.iuh.edu.vn/uploads/2017/05/CTK.DHQTKD13.pdf,https://qn.iuh.edu.vn/dai-hoc-chinh-quy/phan-hieu-truong-dai-hoc-cong-nghiep-tp-ho-chi-minh-tai-quang-ngai-dao-tao-08-nganh-dai-hoc-chinh-quy-thong-tin-cu-the-tung-nganh-nhu-sau/,Phân hiệu Quảng Ngãi,Quảng Ngãi,PHAN_HIEU_QUANG_NGAI,true,,auto,3,4696,ok,333055,1f46c76e9baee5bd46dc25b49cc1f05a3ebf89ba745555ca84ab6f6678c55902,files/phan-hieu-quang-ngai/1f46c76e9bae.pdf,false,2026-09-30T07:42:49+00:00,true,,
2533f9e7d7a1,TB-lien-thongQuangNgai_dot-1_1.pdf,https://qn.iuh.edu.vn/uploads/2026/03/TB-lien-thongQuangNgai_dot-1_1.pdf,https://qn.iuh.edu.vn/lien-thong-dai-hoc/thong-bao-tuyen-sinh-dao-tao-lien-thong-tu-trinh-do-cao-dang-leeng-trinh-do-dai-hoc-dot-1-nam-2026/,Phân hiệu Quảng Ngãi,Quảng Ngãi,PHAN_HIEU_QUANG_NGAI,false,2,auto,2,0,scanned,556496,2533f9e7d7a11410ab5255174107554ef799bfe15008a677c2eec317176b6381,scanned_pdf/phan-hieu-quang-ngai/2533f9e7d7a1.pdf,false,2026-09-30T07:44:35+00:00,false,,
26e3a7c19dcf,kh-50-2025-20250813083612-e.pdf,https://qn.iuh.edu.vn/uploads/2025/08/kh-50-2025-20250813083612-e.pdf,https://qn.iuh.edu.vn/gioi-thieu-viec-lam/ngay-hoi-viec-lam-dot-2-nam-2025/,Phân hiệu Quảng Ngãi,Quảng Ngãi,PHAN_HIEU_QUANG_NGAI,true,,auto,3,0,scanned,681040,26e3a7c19dcf1171b6002d2c4e907bf0a4b9a7a1a74738cf206892530710df7d,scanned_pdf/phan-hieu-quang-ngai/26e3a7c19dcf.pdf,false,2026-09-30T07:44:27+00:00,false,,
27a748c99b5b,kh-06-2026-20260119052221.pdf,https://qn.iuh.edu.vn/uploads/2026/04/kh-06-2026-20260119052221.pdf,https://qn.iuh.edu.vn/sinh-vien-tinh-nguyen/thong-bao-ke-hoach-to-chuc-ngay-hoi-viec-lam-dot-1-nam-2026/,Phân hiệu Quảng Ngãi,Quảng Ngãi,PHAN_HIEU_QUANG_NGAI,false,1,auto,3,0,scanned,958739,27a748c99b5b24088da8036906ea43634c2db990a111ecb686992de542171f19,scanned_pdf/phan-hieu-quang-ngai/27a748c99b5b.pdf,false,2026-09-30T07:44:38+00:00,false,,
2a13f3235136,07_Don xin chuyen co so.pdf,http://iuh.edu.vn/Resource/Upload2/files/documents/Bieumaudaotao/07_Don%20xin%20chuyen%20co%20so.pdf,https://qn.iuh.edu.vn/van-ban-tien-ich/bieu-mau-dao-tao/,Phân hiệu Quảng Ngãi,Quảng Ngãi,PHAN_HIEU_QUANG_NGAI,true,,auto,1,1979,ok,144614,2a13f3235136077b16b22d1f3cac4006fff1d22fbe196d889b4f7ace4c2b3312,files/phan-hieu-quang-ngai/2a13f3235136.pdf,true,2026-09-30T07:42:13+00:00,true,,
2ba7d8eed8fb,KH-TUAN-SINH-HOAT-CONG-DAN.pdf,https://qn.iuh.edu.vn/uploads/2020/09/KH-TUAN-SINH-HOAT-CONG-DAN.pdf,https://qn.iuh.edu.vn/chuyen-muc-sinh-vien/ke-hoach-to-chuc-tuan-sinh-hoat-cong-dan-dau-khoa-cho-sinh-vien-dai-hoc-khoa-16/,Phân hiệu Quảng Ngãi,Quảng Ngãi,PHAN_HIEU_QUANG_NGAI,true,,auto,3,5285,garbled_ocr,1717657,2ba7d8eed8fb77e1ca649a6659b61f339f0e02ba9e04430851b9199e4924f9b6,scanned_pdf/phan-hieu-quang-ngai/2ba7d8eed8fb.pdf,false,2026-09-30T07:43:06+00:00,false,,
2d03174debfb,CTK.DHKT13.pdf,https://qn.iuh.edu.vn/uploads/2017/05/CTK.DHKT13.pdf,https://qn.iuh.edu.vn/dai-hoc-chinh-quy/phan-hieu-truong-dai-hoc-cong-nghiep-tp-ho-chi-minh-tai-quang-ngai-dao-tao-08-nganh-dai-hoc-chinh-quy-thong-tin-cu-the-tung-nganh-nhu-sau/,Phân hiệu Quảng Ngãi,Quảng Ngãi,PHAN_HIEU_QUANG_NGAI,false,4,auto,3,5617,ok,340538,2d03174debfb33e204fed175b1a0a8473812633a8cecc91a86825e3af26e46a5,files/phan-hieu-quang-ngai/2d03174debfb.pdf,false,2026-09-30T07:42:45+00:00,true,,
34fb182d6a3c,DOT_BS_PHIEU_DKXT_HB.pdf,https://qn.iuh.edu.vn/uploads/2025/08/DOT_BS_PHIEU_DKXT_HB.pdf,https://qn.iuh.edu.vn/van-ban/huong-dan-dkxt-bac-dhcq-nam-2025-dot-bo-sung/,Phân hiệu Quảng Ngãi,Quảng Ngãi,PHAN_HIEU_QUANG_NGAI,true,,auto,2,8988,ok,228209,34fb182d6a3cd49d26e39800ffa2ab88631d7662518594731c937016093f9dad,files/phan-hieu-quang-ngai/34fb182d6a3c.pdf,false,2026-09-30T07:44:13+00:00,true,,
3cc57977ced0,LIEN-THONG-DOT-2.2026.QN-QD-1015.pdf,https://qn.iuh.edu.vn/uploads/2026/09/LIEN-THONG-DOT-2.2026.QN-QD-1015.pdf,https://qn.iuh.edu.vn/thong-bao/thong-bao-ve-viec-tuyen-sinh-dao-tao-lien-thong-tu-trinh-do-cao-dang-le-trinh-do-dai-hoc-dot-2-nam-2026/,Phân hiệu Quảng Ngãi,Quảng Ngãi,PHAN_HIEU_QUANG_NGAI,true,,auto,2,0,scanned,605351,3cc57977ced0ffa25850c81928ab68782d12dfd4e362dfa2ac4f58e3dbb9b0a8,scanned_pdf/phan-hieu-quang-ngai/3cc57977ced0.pdf,false,2026-09-30T07:44:52+00:00,false,,
3d33e551171a,02_KeToan.pdf,https://qn.iuh.edu.vn/uploads/2021/04/02_KeToan.pdf,https://qn.iuh.edu.vn/thong-tin-dao-tao/5529/,Phân hiệu Quảng Ngãi,Quảng Ngãi,PHAN_HIEU_QUANG_NGAI,false,4,auto,7,12147,garbled_ocr,3829781,3d33e551171aaa0e1909b5708121804426db6d2fd279009f56914ab2ce3f9d93,scanned_pdf/phan-hieu-quang-ngai/3d33e551171a.pdf,false,2026-09-30T07:43:12+00:00,false,,
43226655b4d0,tb_tuyensinhlienthong2020.pdf,https://qn.iuh.edu.vn/uploads/2020/06/tb_tuyensinhlienthong2020.pdf,https://qn.iuh.edu.vn/thong-tin-dao-tao/thong-bao-tuyen-sinh-dao-tao-lien-thong-hinh-thuc-vua-lam-vua-hoc-tu-trinh-do-cao-dang-len-trinh-do-dai-hoc-nam-2020/,Phân hiệu Quảng Ngãi,Quảng Ngãi,PHAN_HIEU_QUANG_NGAI,true,,auto,2,2511,garbled_ocr,1147901,43226655b4d0084f4e81f32d6f408c40682cb26e22519bf0b64f7cf688cf4b87,scanned_pdf/phan-hieu-quang-ngai/43226655b4d0.pdf,false,2026-09-30T07:43:04+00:00,false,,
449221854f02,05-TB-PHQN-1.pdf,https://qn.iuh.edu.vn/uploads/2025/08/05-TB-PHQN-1.pdf,https://qn.iuh.edu.vn/thong-tin-dao-tao/thong-bao-ve-viec-hoc-bo-sung-kien-thuc-cua-sinh-vien-tot-nghiep-bac-cao-dang-nghe-va-cao-dang-thuc-hanh-xet-tuyen-lien-thong-len-bac-dai-hoc-hinh-thuc-vua-hoc-vua-lam/,Phân hiệu Quảng Ngãi,Quảng Ngãi,PHAN_HIEU_QUANG_NGAI,true,,auto,1,1812,garbled_ocr,355917,449221854f02ecc01ddf08e2959f28ce5a64242cb8a43687e3833db5152015f1,scanned_pdf/phan-hieu-quang-ngai/449221854f02.pdf,false,2026-09-30T07:44:07+00:00,false,,
449b1afca357,B3.-QN_KhaiHoSoNhapHoc_Online.pdf,https://qn.iuh.edu.vn/uploads/2024/08/B3.-QN_KhaiHoSoNhapHoc_Online.pdf,https://qn.iuh.edu.vn/van-ban/huong-dan-quy-trinh-nhap-hoc-cho-tan-sinh-vien-khoa-20-nam-hoc-2024-2025/,Phân hiệu Quảng Ngãi,Quảng Ngãi,PHAN_HIEU_QUANG_NGAI,true,,auto,5,2767,ok,499092,449b1afca35754239d333938315faa647bfa7ea5d5787c9230ce5b201d9905f3,files/phan-hieu-quang-ngai/449b1afca357.pdf,false,2026-09-30T07:43:57+00:00,true,,
46efa1ec0df0,tb_207-1.pdf,https://qn.iuh.edu.vn/uploads/2016/01/tb_207-1.pdf,https://qn.iuh.edu.vn/chuyen-muc-giang-vien/thong-bao-ket-qua-tuyen-dung-giang-vien-dot-2-nam-hoc-2015-2016-2/,Phân hiệu Quảng Ngãi,Quảng Ngãi,PHAN_HIEU_QUANG_NGAI,false,1,auto,2,0,scanned,968656,46efa1ec0df085de0fb518cc1d2cdfbb53e988d5d520c6378c647d12f34af699,scanned_pdf/phan-hieu-quang-ngai/46efa1ec0df0.pdf,false,2026-09-30T07:42:25+00:00,false,,
484cbb4d4b61,05-LLKH_NguyenHuuThe.pdf,https://qn.iuh.edu.vn/uploads/2022/11/05-LLKH_NguyenHuuThe.pdf,https://qn.iuh.edu.vn/khoa-cong-nghe/,Phân hiệu Quảng Ngãi,Quảng Ngãi,PHAN_HIEU_QUANG_NGAI,true,,auto,1,771,ok,125001,484cbb4d4b6164fde55b8154bbd2fd1dada7162b3af28c18039af373bcf94261,files/phan-hieu-quang-ngai/484cbb4d4b61.pdf,false,2026-09-30T07:43:35+00:00,true,,
4e4a54cafeab,06_KyThuatDien.pdf,https://qn.iuh.edu.vn/uploads/2021/04/06_KyThuatDien.pdf,https://qn.iuh.edu.vn/thong-tin-dao-tao/5529/,Phân hiệu Quảng Ngãi,Quảng Ngãi,PHAN_HIEU_QUANG_NGAI,true,,auto,5,6463,garbled_ocr,1568399,4e4a54cafeab5c3817765d8a3c3cf3e00b1433b9c19a0fddf5ce05b60fd2e500,scanned_pdf/phan-hieu-quang-ngai/4e4a54cafeab.pdf,false,2026-09-30T07:43:20+00:00,false,,
5198b9d893a7,THONG-KE-BAI-BAO-KHOA-HOC-NAM-HOC-2024-2025.pdf,https://qn.iuh.edu.vn/uploads/2025/08/THONG-KE-BAI-BAO-KHOA-HOC-NAM-HOC-2024-2025.pdf,https://qn.iuh.edu.vn/nghien-cuu/thong-ke-bai-bao-khoa-hoc-nam-hoc-2024-2025/,Phân hiệu Quảng Ngãi,Quảng Ngãi,PHAN_HIEU_QUANG_NGAI,false,2,auto,2,6006,ok,220823,5198b9d893a7534786672df07278d3cde8031065ec2521d198b7fce95c2c46b7,files/phan-hieu-quang-ngai/5198b9d893a7.pdf,false,2026-09-30T07:44:23+00:00,true,,
5780babc93a6,quy_dinh_danh_gia_ket_qua_ren_luyen_sinh_vien_chinh_qui.pdf,https://qn.iuh.edu.vn/uploads/2017/05/quy_dinh_danh_gia_ket_qua_ren_luyen_sinh_vien_chinh_qui.pdf,https://qn.iuh.edu.vn/quy-che-hoc-vu/thong-bao-quyet-dinh-ve-viec-ban-hanh-quy-dinh-danh-gia-ket-qua-ren-luyen-doi-voi-sinh-vien-he-dai-hoc-chinh-qui-truong-dhcn-tp-hcm/,Phân hiệu Quảng Ngãi,Quảng Ngãi,PHAN_HIEU_QUANG_NGAI,false,3,auto,13,23346,garbled_ocr,10218688,5780babc93a6fcf19159338faecb908c223a7c3a5ee09e8f964c2f6a6ad3dfa9,scanned_pdf/phan-hieu-quang-ngai/5780babc93a6.pdf,false,2026-09-30T07:42:51+00:00,false,,
57a513ffa03d,02-LLKH_LeTrongHien.pdf,https://qn.iuh.edu.vn/uploads/2022/11/02-LLKH_LeTrongHien.pdf,https://qn.iuh.edu.vn/khoa-cong-nghe/,Phân hiệu Quảng Ngãi,Quảng Ngãi,PHAN_HIEU_QUANG_NGAI,true,,auto,1,628,ok,96302,57a513ffa03d93fd08df2a5c38f1222f3a71755150db4f2b52f37607b3e7336c,files/phan-hieu-quang-ngai/57a513ffa03d.pdf,false,2026-09-30T07:43:30+00:00,true,,
5cb1c598966f,TUYEN-DUNG-LAO-DONG.pdf,https://qn.iuh.edu.vn/uploads/2021/11/TUYEN-DUNG-LAO-DONG.pdf,https://qn.iuh.edu.vn/gioi-thieu-viec-lam/thong-bao-tuyen-dung-lao-dong-2/,Phân hiệu Quảng Ngãi,Quảng Ngãi,PHAN_HIEU_QUANG_NGAI,false,3,auto,5,12389,garbled_ocr,2477741,5cb1c598966ff376b7e941abb6319bc2b2680c4bd30a2caa04d7f6e9f2409781,scanned_pdf/phan-hieu-quang-ngai/5cb1c598966f.pdf,false,2026-09-30T07:43:26+00:00,false,,
5ebbc27c1ef5,CTK.DHCK13.pdf,https://qn.iuh.edu.vn/uploads/2017/05/CTK.DHCK13.pdf,https://qn.iuh.edu.vn/dai-hoc-chinh-quy/phan-hieu-truong-dai-hoc-cong-nghiep-tp-ho-chi-minh-tai-quang-ngai-dao-tao-08-nganh-dai-hoc-chinh-quy-thong-tin-cu-the-tung-nganh-nhu-sau/,Phân hiệu Quảng Ngãi,Quảng Ngãi,PHAN_HIEU_QUANG_NGAI,true,,auto,3,6026,ok,349056,5ebbc27c1ef5adf92ce9af7229da886a0a36ed2132611621fb1eaf21ac3d0f76,files/phan-hieu-quang-ngai/5ebbc27c1ef5.pdf,false,2026-09-30T07:42:38+00:00,true,,
6190e2be4975,CTK.DHOTO13.pdf,https://qn.iuh.edu.vn/uploads/2017/05/CTK.DHOTO13.pdf,https://qn.iuh.edu.vn/dai-hoc-chinh-quy/phan-hieu-truong-dai-hoc-cong-nghiep-tp-ho-chi-minh-tai-quang-ngai-dao-tao-08-nganh-dai-hoc-chinh-quy-thong-tin-cu-the-tung-nganh-nhu-sau/,Phân hiệu Quảng Ngãi,Quảng Ngãi,PHAN_HIEU_QUANG_NGAI,false,3,auto,3,5131,ok,336434,6190e2be4975ee35c0825f422c4c0598d840df1460c58f03024b419a21f5a2cd,files/phan-hieu-quang-ngai/6190e2be4975.pdf,false,2026-09-30T07:42:47+00:00,true,,
626ef0efad67,KE-HOACH-TRUONG-TRINH-TRAO-HOC-BONG-2.pdf,https://qn.iuh.edu.vn/uploads/2025/07/KE-HOACH-TRUONG-TRINH-TRAO-HOC-BONG-2.pdf,https://qn.iuh.edu.vn/thong-bao-cong-doan/thong-bao-ke-hoach-trao-thuong-hoc-bong-nguyen-duc-canh-nam-hoc-2024-2025/,Phân hiệu Quảng Ngãi,Quảng Ngãi,PHAN_HIEU_QUANG_NGAI,true,,auto,2,3464,ok,225030,626ef0efad670264b24d28f6dd56d50b459dcb32b24743c4699b39e0b1dac276,files/phan-hieu-quang-ngai/626ef0efad67.pdf,false,2026-09-30T07:44:02+00:00,true,,
677151bd37ef,TB-830-2025-Nguong_Chuan.pdf,https://qn.iuh.edu.vn/uploads/2025/07/TB-830-2025-Nguong_Chuan.pdf,https://qn.iuh.edu.vn/thong-tin-dao-tao/thong-bao-nguong-dam-bao-chat-luong-dau-vao-tuyen-sinh-bac-dai-hoc-he-chinh-quy-nam-2025-theo-phuong-thuc-xet-diem-ky-thi-tot-nghiep-thpt-nam-2025-va-quy-tac-quy-doi-diem-trung-tuyen-tuong-duong/,Phân hiệu Quảng Ngãi,Quảng Ngãi,PHAN_HIEU_QUANG_NGAI,true,,auto,2,0,scanned,723058,677151bd37ef9abb92b45baa79c30816168a73a888dc82a42d33a25e48b51514,scanned_pdf/phan-hieu-quang-ngai/677151bd37ef.pdf,false,2026-09-30T07:44:05+00:00,false,,
725d5a295e1c,0617PGV_CD_chinh_quy_2017-1.pdf,https://qn.iuh.edu.vn/uploads/2017/06/0617PGV_CD_chinh_quy_2017-1.pdf,https://qn.iuh.edu.vn/cao-dang-chinh-quy/thong-bao-tuyen-sinh-cao-dang-chinh-quy-nam-2017/,Phân hiệu Quảng Ngãi,Quảng Ngãi,PHAN_HIEU_QUANG_NGAI,true,,auto,1,2123,garbled_ocr,851756,725d5a295e1c93326568a2bb05a4345774355e87d1db836a07bbfd12fd5e320b,scanned_pdf/phan-hieu-quang-ngai/725d5a295e1c.pdf,false,2026-09-30T07:42:52+00:00,false,,
7669a0baba14,08-TB-DANG-KY-HOC-PHAN-TIENG-ANH.pdf,https://qn.iuh.edu.vn/uploads/2025/11/08-TB-DANG-KY-HOC-PHAN-TIENG-ANH.pdf,https://qn.iuh.edu.vn/quy-che-hoc-vu/dang-ky-hoc-cac-hoc-phan-tieng-anh-tai-phqn/,Phân hiệu Quảng Ngãi,Quảng Ngãi,PHAN_HIEU_QUANG_NGAI,true,,auto,2,2176,garbled_ocr,826221,7669a0baba146cb08f69098d250bdd8fa73856c74394c2f21bbfb5fb4fca3a5b,scanned_pdf/phan-hieu-quang-ngai/7669a0baba14.pdf,false,2026-09-30T07:44:33+00:00,false,,
7de8aca0478a,04_CoKhi.pdf,https://qn.iuh.edu.vn/uploads/2021/04/04_CoKhi.pdf,https://qn.iuh.edu.vn/thong-tin-dao-tao/5529/,Phân hiệu Quảng Ngãi,Quảng Ngãi,PHAN_HIEU_QUANG_NGAI,false,3,auto,4,6278,garbled_ocr,1380905,7de8aca0478abedc1c817fec79341a83b5486e198935667976d44c0112863917,scanned_pdf/phan-hieu-quang-ngai/7de8aca0478a.pdf,false,2026-09-30T07:43:16+00:00,false,,
7fdaacb11498,TB-1820-2025.pdf,https://qn.iuh.edu.vn/uploads/2025/11/TB-1820-2025.pdf,https://qn.iuh.edu.vn/thong-bao-phong-tong-hop/thong-bao-v-v-nghi-tet-duong-lich-tet-nguyen-dan-binh-ngo-nam-2026/,Phân hiệu Quảng Ngãi,Quảng Ngãi,PHAN_HIEU_QUANG_NGAI,true,,auto,1,0,scanned,201519,7fdaacb11498726dd75a0e240bb9f28d53998281c568f49bf343955b35cd2e17,scanned_pdf/phan-hieu-quang-ngai/7fdaacb11498.pdf,false,2026-09-30T07:44:34+00:00,false,,
7ffddc68a46e,DOT_BS_PHIEU_DKXT_DT.pdf,https://qn.iuh.edu.vn/uploads/2024/07/DOT_BS_PHIEU_DKXT_DT.pdf,https://qn.iuh.edu.vn/van-ban/huong-dan-dkxt-bac-dhcq-nam-2025-dot-bo-sung/,Phân hiệu Quảng Ngãi,Quảng Ngãi,PHAN_HIEU_QUANG_NGAI,false,2,auto,2,8975,ok,225917,7ffddc68a46efd796eae86159b1765ed0fa35e6e7f9f56c791e5ed10344b584a,files/phan-hieu-quang-ngai/7ffddc68a46e.pdf,false,2026-09-30T07:43:48+00:00,true,,
81200d927252,13-KH-TUAN-SINH-HOAT-CONG-DAN-CHO-SV21.pdf,https://qn.iuh.edu.vn/uploads/2025/08/13-KH-TUAN-SINH-HOAT-CONG-DAN-CHO-SV21.pdf,https://qn.iuh.edu.vn/thong-tin-dao-tao/ke-hoach-to-chuc-tuan-sinh-hoat-cong-dan-dau-khoa-cho-sinh-vien-khoa-21-nam-hoc-2025-2026/,Phân hiệu Quảng Ngãi,Quảng Ngãi,PHAN_HIEU_QUANG_NGAI,true,,auto,3,4347,garbled_ocr,994526,81200d927252645f3ffc9fd33dcc626d9c0068e9470910c95d66cda314623d54,scanned_pdf/phan-hieu-quang-ngai/81200d927252.pdf,false,2026-09-30T07:44:10+00:00,false,,
87c26a7fa2bb,tuyen_dung_dot_2_2015.pdf,https://qn.iuh.edu.vn/uploads/2016/01/tuyen_dung_dot_2_2015.pdf,https://qn.iuh.edu.vn/thong-bao/thong-bao-tuyen-dung-giang-vien-dot-2-nam-2015/,Phân hiệu Quảng Ngãi,Quảng Ngãi,PHAN_HIEU_QUANG_NGAI,true,,auto,2,0,scanned,1132068,87c26a7fa2bb814613c576ddb48f537d003ce662f360ab7ac13ca7d789899138,scanned_pdf/phan-hieu-quang-ngai/87c26a7fa2bb.pdf,false,2026-09-30T07:42:30+00:00,false,,
8e1950bf7fea,Thong-bao-tuyen-sinh-thac-si-dot-2_2025.pdf,https://qn.iuh.edu.vn/uploads/2025/08/Thong-bao-tuyen-sinh-thac-si-dot-2_2025.pdf,https://qn.iuh.edu.vn/thong-tin-dao-tao/thong-bao-tuyen-sinh-dao-tao-trinh-do-thac-si-dot-2-nam-2025/,Phân hiệu Quảng Ngãi,Quảng Ngãi,PHAN_HIEU_QUANG_NGAI,true,,auto,7,0,scanned,4605496,8e1950bf7feaea946563a50159730916e749718d388401a6cd378ed21e4118a5,scanned_pdf/phan-hieu-quang-ngai/8e1950bf7fea.pdf,false,2026-09-30T07:44:25+00:00,false,,
92923a08160e,Tuyen-dung-vnpt.pdf,https://qn.iuh.edu.vn/uploads/2026/06/Tuyen-dung-vnpt.pdf,https://qn.iuh.edu.vn/gioi-thieu-viec-lam/thu-ngo-vnpt-quang-ngai-tuyen-dung/,Phân hiệu Quảng Ngãi,Quảng Ngãi,PHAN_HIEU_QUANG_NGAI,true,,auto,2,4310,ok,289383,92923a08160ef3364b3eaa2be952c6ed6173fb86b4b25ee7642ddefc2dd4bd1f,files/phan-hieu-quang-ngai/92923a08160e.pdf,false,2026-09-30T07:44:43+00:00,true,,
9367922fc29d,06_Don xin thoi hoc.pdf,http://iuh.edu.vn/Resource/Upload2/files/documents/Bieumaudaotao/06_Don%20xin%20thoi%20hoc.pdf,https://qn.iuh.edu.vn/van-ban-tien-ich/bieu-mau-dao-tao/,Phân hiệu Quảng Ngãi,Quảng Ngãi,PHAN_HIEU_QUANG_NGAI,true,,auto,1,1942,ok,143746,9367922fc29d60e49d8f9a28292a80e61a8a1042abf87b258d0bf71bff3065c5,files/phan-hieu-quang-ngai/9367922fc29d.pdf,true,2026-09-30T07:42:10+00:00,true,,
9465b2f48f91,TB-935-Nguong_DiemThi_2023.pdf,https://qn.iuh.edu.vn/uploads/2023/07/TB-935-Nguong_DiemThi_2023.pdf,https://qn.iuh.edu.vn/ket-qua-tuyen-sinh/thong-bao-nguong-dam-bao-chat-luong-dau-vao-dai-hoc-chinh-quy-bang-phuong-thuc-xet-diem-thi-tot-nghiep-thpt-nam-2023/,Phân hiệu Quảng Ngãi,Quảng Ngãi,PHAN_HIEU_QUANG_NGAI,true,,auto,1,0,scanned,440695,9465b2f48f91f9f55d39674fba8094a0770a49d20e35c82c4bef0f0872576143,scanned_pdf/phan-hieu-quang-ngai/9465b2f48f91.pdf,false,2026-09-30T07:43:42+00:00,false,,
a66968bcec11,04-LLKH_TruongVanHuy.pdf,https://qn.iuh.edu.vn/uploads/2022/11/04-LLKH_TruongVanHuy.pdf,https://qn.iuh.edu.vn/khoa-cong-nghe/,Phân hiệu Quảng Ngãi,Quảng Ngãi,PHAN_HIEU_QUANG_NGAI,true,,auto,1,688,ok,93177,a66968bcec119aa898c09c4e98e09366216fe809b17e0c0acb705e197178f9f3,files/phan-hieu-quang-ngai/a66968bcec11.pdf,false,2026-09-30T07:43:34+00:00,true,,
a77805ee86fb,04_Don xin nghi hoc tam thoi.pdf,http://iuh.edu.vn/Resource/Upload2/files/documents/Bieumaudaotao/04_Don%20xin%20nghi%20hoc%20tam%20thoi.pdf,https://qn.iuh.edu.vn/van-ban-tien-ich/bieu-mau-dao-tao/,Phân hiệu Quảng Ngãi,Quảng Ngãi,PHAN_HIEU_QUANG_NGAI,false,3,auto,1,2042,ok,146181,a77805ee86fb5d5f6952f8a7ac0c494469ea98ef9c7b2ee4e66f414a68bbed10,files/phan-hieu-quang-ngai/a77805ee86fb.pdf,true,2026-09-30T07:42:03+00:00,true,,
b0b5033d4dbc,03_Don xin chuyen diem.pdf,http://iuh.edu.vn/Resource/Upload2/files/documents/Bieumaudaotao/03_Don%20xin%20chuyen%20diem.pdf,https://qn.iuh.edu.vn/van-ban-tien-ich/bieu-mau-dao-tao/,Phân hiệu Quảng Ngãi,Quảng Ngãi,PHAN_HIEU_QUANG_NGAI,true,,auto,2,2631,ok,428014,b0b5033d4dbc90df13ad0bc211cff85d9e3996391d368c8efc413a05d0125b63,files/phan-hieu-quang-ngai/b0b5033d4dbc.pdf,true,2026-09-30T07:41:59+00:00,true,,
b269680bd47f,DH_QuanTriKinhDoanh.pdf,https://qn.iuh.edu.vn/uploads/2017/03/DH_QuanTriKinhDoanh.pdf,https://qn.iuh.edu.vn/dai-hoc-chinh-quy/phan-hieu-truong-dai-hoc-cong-nghiep-tp-ho-chi-minh-tai-quang-ngai-dao-tao-08-nganh-dai-hoc-chinh-quy-thong-tin-cu-the-tung-nganh-nhu-sau/,Phân hiệu Quảng Ngãi,Quảng Ngãi,PHAN_HIEU_QUANG_NGAI,true,,auto,8,11895,garbled_ocr,5438854,b269680bd47f1dd21a0acc403b757f348056c055de70d4ab0cfab1579f6cce9d,scanned_pdf/phan-hieu-quang-ngai/b269680bd47f.pdf,false,2026-09-30T07:42:37+00:00,false,,
b507e654eb57,Huong-dan-thu-tuc-cho-sinh-vien-Print.pdf,https://qn.iuh.edu.vn/uploads/2016/03/Huong-dan-thu-tuc-cho-sinh-vien-Print.pdf,https://qn.iuh.edu.vn/van-ban-tien-ich/bieu-mau-dao-tao/,Phân hiệu Quảng Ngãi,Quảng Ngãi,PHAN_HIEU_QUANG_NGAI,true,,auto,3,6307,ok,436764,b507e654eb57875cfddd3d6f805e31d86c705eb313fd3e785b032160b74c2327,files/phan-hieu-quang-ngai/b507e654eb57.pdf,false,2026-09-30T07:42:32+00:00,true,,
b5f59048b7f4,13_Phieu xoa hoc phan.pdf,http://iuh.edu.vn/Resource/Upload2/files/documents/Bieumaudaotao/13_Phieu%20xoa%20hoc%20phan.pdf,https://qn.iuh.edu.vn/van-ban-tien-ich/bieu-mau-dao-tao/,Phân hiệu Quảng Ngãi,Quảng Ngãi,PHAN_HIEU_QUANG_NGAI,false,2,auto,1,1362,ok,188349,b5f59048b7f42cc9b4d73d23b311f92e9feaef0bc674a65367ed4c90f5d64848,files/phan-hieu-quang-ngai/b5f59048b7f4.pdf,true,2026-09-30T07:42:31+00:00,true,,
b5f776e7986b,SO-16-KH-SINH-HOAT-DAU-KHOA-CHO-SV-DAI-HOC-CHINH-QUY-K22.pdf,https://qn.iuh.edu.vn/uploads/2026/08/SO-16-KH-SINH-HOAT-DAU-KHOA-CHO-SV-DAI-HOC-CHINH-QUY-K22.pdf,https://qn.iuh.edu.vn/thong-bao/thong-bao-ke-hoach-sinh-hoat-cong-dan-dau-khoa-cho-sinh-vien-dai-hoc-chinh-quy-khoa-22/,Phân hiệu Quảng Ngãi,Quảng Ngãi,PHAN_HIEU_QUANG_NGAI,true,,auto,3,3505,garbled_ocr,1570396,b5f776e7986b713fa6f08b829d987564152f3c9cd7e9b6f0f43888902a4bd7d3,scanned_pdf/phan-hieu-quang-ngai/b5f776e7986b.pdf,false,2026-09-30T07:44:48+00:00,false,,
c4af535e8876,06-LLKH_TruongQuangVinh.pdf,https://qn.iuh.edu.vn/uploads/2022/11/06-LLKH_TruongQuangVinh.pdf,https://qn.iuh.edu.vn/khoa-cong-nghe/,Phân hiệu Quảng Ngãi,Quảng Ngãi,PHAN_HIEU_QUANG_NGAI,true,,auto,1,599,ok,93604,c4af535e88769fa4012b2ed4ab51aa4984c211eaec0dc7c0c42875eb00683758,files/phan-hieu-quang-ngai/c4af535e8876.pdf,false,2026-09-30T07:43:38+00:00,true,,
c6ed5944b61b,TB-TUYEN-DUNG-DIEN-LUC.pdf,https://qn.iuh.edu.vn/uploads/2026/06/TB-TUYEN-DUNG-DIEN-LUC.pdf,https://qn.iuh.edu.vn/gioi-thieu-viec-lam/thong-bao-cong-ty-dien-luc-quang-ngai-tuyen-dung-lao-dong-dot-2-nam-2026/,Phân hiệu Quảng Ngãi,Quảng Ngãi,PHAN_HIEU_QUANG_NGAI,true,,auto,7,7547,garbled_ocr,2732665,c6ed5944b61b91916708332b161d3b2852611f8bca0b889d9b9de80b3788266d,scanned_pdf/phan-hieu-quang-ngai/c6ed5944b61b.pdf,false,2026-09-30T07:44:42+00:00,false,,
c84982dd39cd,danh_sach_sinh_vien_nhan_bong_hieu_hoc_nam_2017-2018.pdf,https://qn.iuh.edu.vn/uploads/2018/11/danh_sach_sinh_vien_nhan_bong_hieu_hoc_nam_2017-2018.pdf,https://qn.iuh.edu.vn/hoc-bong/thong-bao-sinh-vien-nhan-hoc-bong-vuot-kho-hieu-hoc-nam-hoc-2017-2018/,Phân hiệu Quảng Ngãi,Quảng Ngãi,PHAN_HIEU_QUANG_NGAI,true,,auto,4,0,scanned,2657630,c84982dd39cd112cbd75e5ce42d9ec9a331fefa272f2b7a840a0e8edc51f9212,scanned_pdf/phan-hieu-quang-ngai/c84982dd39cd.pdf,false,2026-09-30T07:43:03+00:00,false,,
d04648c290c9,05.-TB_Diem_TTDT_D1_2024_PHQN.pdf,https://qn.iuh.edu.vn/uploads/2024/08/05.-TB_Diem_TTDT_D1_2024_PHQN.pdf,https://qn.iuh.edu.vn/ket-qua-tuyen-sinh/thong-bao-diem-trung-tuyen-dhcq-nam-2024-bang-phuong-thuc-xet-tuyen-su-dung-ket-qua-thi-tot-nghiep/,Phân hiệu Quảng Ngãi,Quảng Ngãi,PHAN_HIEU_QUANG_NGAI,true,,auto,2,0,scanned,721732,d04648c290c977e7c571691b9471f0e35ad7774d217694754f2f4982294d670f,scanned_pdf/phan-hieu-quang-ngai/d04648c290c9.pdf,false,2026-09-30T07:43:50+00:00,false,,
d3ca869d00ef,TB-839-1.pdf,https://qn.iuh.edu.vn/uploads/2025/08/TB-839-1.pdf,https://qn.iuh.edu.vn/thong-tin-dao-tao/thong-bao-tuyen-sinh-dao-tao-lien-thong-tu-trinh-do-cao-dang-len-trinh-do-dai-hoc-dot-2-nam-2025-dat-tai-phan-hieu-quang-ngai-tinh-quang-ngai/,Phân hiệu Quảng Ngãi,Quảng Ngãi,PHAN_HIEU_QUANG_NGAI,true,,auto,2,0,scanned,451976,d3ca869d00efbf21844a31262e1c434217e2419f6e1faf383976e0cfc988a3f9,scanned_pdf/phan-hieu-quang-ngai/d3ca869d00ef.pdf,false,2026-09-30T07:44:17+00:00,false,,
d66f99c91673,TB_Diem_TTHB_PHQN_2023.pdf,https://qn.iuh.edu.vn/uploads/2023/07/TB_Diem_TTHB_PHQN_2023.pdf,https://qn.iuh.edu.vn/ket-qua-tuyen-sinh/thong-bao-diem-du-dieu-kien-trung-tuyen-bang-phuong-thuc-xet-ket-qua-hoc-tap-lop-12-va-phowng-thuc-uu-tien-xet-tuyen-nam-2023/,Phân hiệu Quảng Ngãi,Quảng Ngãi,PHAN_HIEU_QUANG_NGAI,true,,auto,2,0,scanned,762294,d66f99c916737639294e926c7b6e6bb96e694c4639e20021e4624100aa3d132d,scanned_pdf/phan-hieu-quang-ngai/d66f99c91673.pdf,false,2026-09-30T07:43:44+00:00,false,,
d9f98b2d67e2,03-LLKH_HoThanhHoang.pdf,https://qn.iuh.edu.vn/uploads/2022/11/03-LLKH_HoThanhHoang.pdf,https://qn.iuh.edu.vn/khoa-cong-nghe/,Phân hiệu Quảng Ngãi,Quảng Ngãi,PHAN_HIEU_QUANG_NGAI,true,,auto,1,735,ok,121901,d9f98b2d67e265ef513f7d78d2788fca1e50bf06ef87db52b96aaa43bf29910b,files/phan-hieu-quang-ngai/d9f98b2d67e2.pdf,false,2026-09-30T07:43:31+00:00,true,,
df90fe8906e6,tb_ngan_hang_dong_a.pdf,https://qn.iuh.edu.vn/uploads/2016/01/tb_ngan_hang_dong_a.pdf,https://qn.iuh.edu.vn/thong-bao/thong-bao-ve-viec-ngung-hop-tac-toan-dien-voi-ngan-hang-tmcp-dong-a/,Phân hiệu Quảng Ngãi,Quảng Ngãi,PHAN_HIEU_QUANG_NGAI,false,4,auto,1,0,scanned,653606,df90fe8906e6879f3d5e3ccfe0dac879d0a0bf3d6658f1f1be6a573aac99bb0a,scanned_pdf/phan-hieu-quang-ngai/df90fe8906e6.pdf,false,2026-09-30T07:42:28+00:00,false,,
e2088b6c6cc5,01-LLKH_VoDucAnh.pdf,https://qn.iuh.edu.vn/uploads/2022/11/01-LLKH_VoDucAnh.pdf,https://qn.iuh.edu.vn/khoa-cong-nghe/,Phân hiệu Quảng Ngãi,Quảng Ngãi,PHAN_HIEU_QUANG_NGAI,true,,auto,2,4950,ok,149129,e2088b6c6cc548c37fba2fcf23631555b1f934daaa28813db5899ccc23ecfa8a,files/phan-hieu-quang-ngai/e2088b6c6cc5.pdf,false,2026-09-30T07:43:28+00:00,true,,
e3abdc67fce3,DeAnTuyenSinh2026-Nen.pdf,https://qn.iuh.edu.vn/uploads/2026/07/DeAnTuyenSinh2026-Nen.pdf,https://qn.iuh.edu.vn/thong-bao-tuyen-sinh/quyet-dinh-ve-viec-cap-nhap-thong-tin-tuyen-sinh-dai-hoc-nam-2026/,Phân hiệu Quảng Ngãi,Quảng Ngãi,PHAN_HIEU_QUANG_NGAI,true,,auto,44,0,scanned,6977189,e3abdc67fce3a247ca2733a3200a834b268ebcf6518d4872968dfe89bc14e18f,scanned_pdf/phan-hieu-quang-ngai/e3abdc67fce3.pdf,false,2026-09-30T07:44:44+00:00,false,,
e3e0b4ea41aa,05_OTo.pdf,https://qn.iuh.edu.vn/uploads/2021/04/05_OTo.pdf,https://qn.iuh.edu.vn/thong-tin-dao-tao/5529/,Phân hiệu Quảng Ngãi,Quảng Ngãi,PHAN_HIEU_QUANG_NGAI,false,2,auto,6,13222,garbled_ocr,4614487,e3e0b4ea41aa12700880203015786cd1b269e47be5d2534713d5bc0ed76f719d,scanned_pdf/phan-hieu-quang-ngai/e3e0b4ea41aa.pdf,false,2026-09-30T07:43:19+00:00,false,,
ede9bc4b5b6c,qd-986-2026_1.pdf,https://qn.iuh.edu.vn/uploads/2026/04/qd-986-2026_1.pdf,https://qn.iuh.edu.vn/thong-bao/thong-bao-quyet-dinh-so-986-qd-dhcn-ngay-17-4-2026-ve-viec-ban-hanh-thong-tin-tuyen-sinh-dai-hoc-nam-2026-cua-truong-dai-hoc-cong-nghiep-thanh-pho-ho-chi-minh/,Phân hiệu Quảng Ngãi,Quảng Ngãi,PHAN_HIEU_QUANG_NGAI,true,,auto,37,0,scanned,2762360,ede9bc4b5b6c1faa2b3e7c71267e6af69552531306288093396a17fda98e8e57,scanned_pdf/phan-hieu-quang-ngai/ede9bc4b5b6c.pdf,false,2026-09-30T07:44:39+00:00,false,,
f5021e77550d,02_Don xin chuyen nganh.pdf,http://iuh.edu.vn/Resource/Upload2/files/documents/Bieumaudaotao/02_Don%20xin%20chuyen%20nganh.pdf,https://qn.iuh.edu.vn/van-ban-tien-ich/bieu-mau-dao-tao/,Phân hiệu Quảng Ngãi,Quảng Ngãi,PHAN_HIEU_QUANG_NGAI,false,1,auto,1,2355,ok,194522,f5021e77550dcbe339ba3b4af882cc66c450d89751392cecd63c0fecefd2b26e,files/phan-hieu-quang-ngai/f5021e77550d.pdf,true,2026-09-30T07:41:54+00:00,true,,
fe141117fa50,CTK.DHDI13.pdf,https://qn.iuh.edu.vn/uploads/2017/05/CTK.DHDI13.pdf,https://qn.iuh.edu.vn/dai-hoc-chinh-quy/phan-hieu-truong-dai-hoc-cong-nghiep-tp-ho-chi-minh-tai-quang-ngai-dao-tao-08-nganh-dai-hoc-chinh-quy-thong-tin-cu-the-tung-nganh-nhu-sau/,Phân hiệu Quảng Ngãi,Quảng Ngãi,PHAN_HIEU_QUANG_NGAI,true,,auto,3,5343,ok,340349,fe141117fa508b6a46a7b5dda4656ce1e2e55ee1c7233d95d4dbdee802c6e84c,files/phan-hieu-quang-ngai/fe141117fa50.pdf,false,2026-09-30T07:42:42+00:00,true,,
ffcf47670f2a,07-LLKH_PhamVanVinh.pdf,https://qn.iuh.edu.vn/uploads/2022/11/07-LLKH_PhamVanVinh.pdf,https://qn.iuh.edu.vn/khoa-cong-nghe/,Phân hiệu Quảng Ngãi,Quảng Ngãi,PHAN_HIEU_QUANG_NGAI,true,,auto,2,729,ok,122737,ffcf47670f2a03c2a2c7b4d501a7be3ba747b321165e5f5cbe56bb379f012712,files/phan-hieu-quang-ngai/ffcf47670f2a.pdf,false,2026-09-30T07:43:40+00:00,true,,
09fcad6914c2,Thong_bao_82-2026_Nghỉ Lễ Giỗ Tổ Hung Vuong va 30-4 va 01-05.pdf,https://ctsv.iuh.edu.vn/upload/files/nam%202025-2026/Thong_bao_82-2026_Ngh%E1%BB%89%20L%E1%BB%85%20Gi%E1%BB%97%20T%E1%BB%95%20Hung%20Vuong%20va%2030-4%20va%2001-05.pdf,"https://ctsv.iuh.edu.vn/news.html@detail@150@606@Thong-bao-ve-viec-nghi-le-Gio-To-Hung-Vuong-(10-3-am-lich),-ngay-Chien-thang-30-4-va-ngay-Quoc-te-lao-dong-01-5-nam-2026",Phòng Công tác chính trị và Hỗ trợ sinh viên,HCM,PHONG_CTSV,true,,auto,1,0,scanned,286425,09fcad6914c2c481f254a1231ffd996b78bfaec8f744dae3bd7e5243eca20e92,scanned_pdf/phong-cong-tac-chinh-tri-va-ho-tro-sinh-vien/09fcad6914c2.pdf,true,2026-09-30T07:42:02+00:00,false,,
460ef5fce3eb,THONG BAO VE VIEC CAP NHAT THONG TIN CA NHAN SINH VIEN.pdf,https://ctsv.iuh.edu.vn/upload/files/nam%202026-2027/THONG%20BAO%20VE%20VIEC%20CAP%20NHAT%20THONG%20TIN%20CA%20NHAN%20SINH%20VIEN.pdf,https://ctsv.iuh.edu.vn/news.html@detail@150@610@THONG-BAO-VE-VIEC-CAP-NHAT-THONG-TIN-CA-NHAN-SINH-VIEN,Phòng Công tác chính trị và Hỗ trợ sinh viên,HCM,PHONG_CTSV,true,,auto,1,0,scanned,268430,460ef5fce3ebeb8b538ceca4722e46e6e09b397e14edb4bb9d09185582d6e230,scanned_pdf/phong-cong-tac-chinh-tri-va-ho-tro-sinh-vien/460ef5fce3eb.pdf,true,2026-09-30T07:42:12+00:00,false,,
4f9c3d7ea424,1_ Quy tắc bảo hiểm sức khỏe sinh vien_1_7_2025.pdf,https://ctsv.iuh.edu.vn/upload/files/1_%20Quy%20t%E1%BA%AFc%20b%E1%BA%A3o%20hi%E1%BB%83m%20s%E1%BB%A9c%20kh%E1%BB%8Fe%20sinh%20vien_1_7_2025.pdf,https://ctsv.iuh.edu.vn/news.html@detail@165@599@Quy-tac-bao-hiem-suc-khoe-sinh-vien,Phòng Công tác chính trị và Hỗ trợ sinh viên,HCM,PHONG_CTSV,true,,auto,12,0,scanned,3010907,4f9c3d7ea424971f83458327a11f5c9288072c4d83a4244a303c489c4db49691,scanned_pdf/phong-cong-tac-chinh-tri-va-ho-tro-sinh-vien/4f9c3d7ea424.pdf,true,2026-09-30T07:41:46+00:00,false,,
5654c28eaf3e,Thong bao về việc gia hạn nộp học phi_SV ảnh huởng vung lu.pdf,https://ctsv.iuh.edu.vn/upload/files/nam%202025-2026/Thong%20bao%20v%E1%BB%81%20vi%E1%BB%87c%20gia%20h%E1%BA%A1n%20n%E1%BB%99p%20h%E1%BB%8Dc%20phi_SV%20%E1%BA%A3nh%20hu%E1%BB%9Fng%20vung%20lu.pdf,https://ctsv.iuh.edu.vn/news.html@detail@150@605@Thong-bao-ve-viec-gia-han-nop-hoc-phi-hoc-ky-II-nam-hoc-2025-2026-,Phòng Công tác chính trị và Hỗ trợ sinh viên,HCM,PHONG_CTSV,true,,auto,1,1363,no_diacritics,266354,5654c28eaf3eb16285e3dc6c10ace48f696603efbdd7231f9db82234c3fd6a19,scanned_pdf/phong-cong-tac-chinh-tri-va-ho-tro-sinh-vien/5654c28eaf3e.pdf,true,2026-09-30T07:41:57+00:00,false,,
65a68c559171,Huớng dẫn học phi nam học 2026-2027 final.pdf,https://ctsv.iuh.edu.vn/upload/files/nam%202026-2027/Hu%E1%BB%9Bng%20d%E1%BA%ABn%20h%E1%BB%8Dc%20phi%20nam%20h%E1%BB%8Dc%202026-2027%20final.pdf,"https://ctsv.iuh.edu.vn/news.html@detail@150@609@Huong-dan-ve-viec-thuc-hien-chinh-sach-mien,-giam-hoc-phi-ho-tro-chi-phi-hoc-tap",Phòng Công tác chính trị và Hỗ trợ sinh viên,HCM,PHONG_CTSV,false,3,auto,4,0,scanned,1409567,65a68c559171a46b39c77f02acb7e24344bb302d95b5c1c26f70539691deecf8,scanned_pdf/phong-cong-tac-chinh-tri-va-ho-tro-sinh-vien/65a68c559171.pdf,true,2026-09-30T07:42:09+00:00,false,,
6c0e5cef1e13,Thong bao_sinh vien Khoa 22 tham gia BHYT.pdf,https://ctsv.iuh.edu.vn/upload/files/nam%202026-2027/Thong%20bao_sinh%20vien%20Khoa%2022%20tham%20gia%20BHYT.pdf,https://ctsv.iuh.edu.vn/news.html@detail@150@613@Thong-bao-tham-gia-bao-hiem-y-te-bat-buoc-doi-voi-sinh-vien-khoa-22-(thang-10-12-2026),Phòng Công tác chính trị và Hỗ trợ sinh viên,HCM,PHONG_CTSV,false,3,auto,2,0,scanned,525651,6c0e5cef1e133c8c7c1d15534d6d3cf0b403dfa26d9e81fa188e2e0495df6187,scanned_pdf/phong-cong-tac-chinh-tri-va-ho-tro-sinh-vien/6c0e5cef1e13.pdf,true,2026-09-30T07:42:15+00:00,false,,
7271e855c41f,0_ QUYỀN LỢI BẢO HIỂM SỨC KHỎE SINH VIEN(1).pdf,https://ctsv.iuh.edu.vn/upload/files/0_%20QUY%E1%BB%80N%20L%E1%BB%A2I%20B%E1%BA%A2O%20HI%E1%BB%82M%20S%E1%BB%A8C%20KH%E1%BB%8EE%20SINH%20VIEN(1).pdf,https://ctsv.iuh.edu.vn/news.html@detail@165@598@Quyen-loi-bao-hiem-suc-khoe-sinh-vien-,Phòng Công tác chính trị và Hỗ trợ sinh viên,HCM,PHONG_CTSV,false,1,auto,1,1896,ok,262298,7271e855c41fd50e3b3244f7d77be11484091e932f1c964e21ac892d7daaaa17,files/phong-cong-tac-chinh-tri-va-ho-tro-sinh-vien/7271e855c41f.pdf,true,2026-09-30T07:41:44+00:00,true,,
783fb2672832,Kế hoạch thực hiện nam học 2025_2026 dối với cong tac sinh vien.pdf,https://ctsv.iuh.edu.vn/upload/files/nam%202025-2026/K%E1%BA%BF%20ho%E1%BA%A1ch%20th%E1%BB%B1c%20hi%E1%BB%87n%20nam%20h%E1%BB%8Dc%202025_2026%20d%E1%BB%91i%20v%E1%BB%9Bi%20cong%20tac%20sinh%20vien.pdf,https://ctsv.iuh.edu.vn/news.html@detail@150@604@Ke-hoach-thuc-hien-nam-hoc-2025_2026-doi-voi-cong-tac-sinh-vien,Phòng Công tác chính trị và Hỗ trợ sinh viên,HCM,PHONG_CTSV,false,3,auto,5,14849,no_diacritics,2401912,783fb2672832530ecc1b030af984243492d6661d8920c65454ed4fc7ce7e89cc,scanned_pdf/phong-cong-tac-chinh-tri-va-ho-tro-sinh-vien/783fb2672832.pdf,true,2026-09-30T07:41:54+00:00,false,,
79d0b0d472c7,Kế hoạch phong chống khủng bố nam 2025.pdf,https://ctsv.iuh.edu.vn/upload/files/nam%202025-2026/K%E1%BA%BF%20ho%E1%BA%A1ch%20phong%20ch%E1%BB%91ng%20kh%E1%BB%A7ng%20b%E1%BB%91%20nam%202025.pdf,https://ctsv.iuh.edu.vn/news.html@detail@150@603@Ke-hoach-phong-chong-khung-bo,Phòng Công tác chính trị và Hỗ trợ sinh viên,HCM,PHONG_CTSV,true,,auto,6,13786,no_diacritics,2366285,79d0b0d472c751ab51edc86c8389976d0792c7a128478c0959a98bd954452464,scanned_pdf/phong-cong-tac-chinh-tri-va-ho-tro-sinh-vien/79d0b0d472c7.pdf,true,2026-09-30T07:41:51+00:00,false,,
9a52dbe6e37c,Thong bao ve viec tang cuong cac hoat dong phoi hop va dam bao an toan sinh vien trong dip he nam 2026.pdf,https://ctsv.iuh.edu.vn/upload/files/nam%202025-2026/Thong%20bao%20ve%20viec%20tang%20cuong%20cac%20hoat%20dong%20phoi%20hop%20va%20dam%20bao%20an%20toan%20sinh%20vien%20trong%20dip%20he%20nam%202026.pdf,https://ctsv.iuh.edu.vn/news.html@detail@150@607@Thong-bao-ve-viec-tang-cuong-cac-hoat-dong-phoi-hop-va-dam-bao-an-toan-sinh-vien-trong-dip-he-nam-2026,Phòng Công tác chính trị và Hỗ trợ sinh viên,HCM,PHONG_CTSV,true,,auto,2,0,scanned,618927,9a52dbe6e37c40c6c81fa8165e6a2b7569d60cebd471a833da599ebf16cbdfac,scanned_pdf/phong-cong-tac-chinh-tri-va-ho-tro-sinh-vien/9a52dbe6e37c.pdf,true,2026-09-30T07:41:59+00:00,false,,
fc409c1f1652,26_Thu ngo Quy học bổng VAS(1).pdf,https://ctsv.iuh.edu.vn/upload/files/nam%202026-2027/26_Thu%20ngo%20Quy%20h%E1%BB%8Dc%20b%E1%BB%95ng%20VAS(1).pdf,https://ctsv.iuh.edu.vn/news.html@detail@150@612@Hoc-bong-VAS-nam-hoc-2026-2027-Ho-tro-hoc-phi-cho-sinh-vien-vuot-kho,Phòng Công tác chính trị và Hỗ trợ sinh viên,HCM,PHONG_CTSV,false,3,auto,2,0,scanned,572982,fc409c1f1652c51ba9218587a75ad54135d1f661e3f54ac76c3cd44df43db733,scanned_pdf/phong-cong-tac-chinh-tri-va-ho-tro-sinh-vien/fc409c1f1652.pdf,true,2026-09-30T07:42:06+00:00,false,,
0001bf680cfb,BieuMau_18C_KhoaHoa.pdf,https://iuh.edu.vn/Resource/Upload2/files/2023/ba-cong-khai/BieuMau_18C_KhoaHoa.pdf,https://tqa.iuh.edu.vn/ba-cong-khai/ba-cong-khai-nam-hoc-2021-2022/,Phòng Khảo thí và Đảm bảo chất lượng,HCM,PHONG_KHAO_THI_DBCL,true,,auto,94,0,scanned,27435431,0001bf680cfb0e4ff641512c1e5d80c308d3da68fdc572f07e5f20c0affc2ded,scanned_pdf/phong-khao-thi-va-dam-bao-chat-luong/0001bf680cfb.pdf,true,2026-09-30T07:45:53+00:00,false,,
006f3af54506,3.-Decision-Internal-expenditure-regulations-2025.pdf,https://tqa.iuh.edu.vn/wp-content/uploads/2026/05/3.-Decision-Internal-expenditure-regulations-2025.pdf,https://tqa.iuh.edu.vn/sdgs-article-2/iuh-strengthens-policies-to-prevent-forced-labour-and-promote-ethical-working-conditions/,Phòng Khảo thí và Đảm bảo chất lượng,HCM,PHONG_KHAO_THI_DBCL,true,,auto,37,98864,ok,458496,006f3af54506d3c634d1d8a5a347a64aad94924fef2c7b6e101338a93fd76968,files/phong-khao-thi-va-dam-bao-chat-luong/006f3af54506.pdf,false,2026-09-30T07:48:11+00:00,true,,
04dc4f41f689,BieuMau_18C_KhoaDienTu.pdf,https://iuh.edu.vn/Resource/Upload2/files/2023/ba-cong-khai/BieuMau_18C_KhoaDienTu.pdf,https://tqa.iuh.edu.vn/ba-cong-khai/ba-cong-khai-nam-hoc-2021-2022/,Phòng Khảo thí và Đảm bảo chất lượng,HCM,PHONG_KHAO_THI_DBCL,true,,auto,100,0,scanned,29735897,04dc4f41f6894c53fcfdfad9ccb9f89cb034fd3fe82c1de83f5fd033484c552b,scanned_pdf/phong-khao-thi-va-dam-bao-chat-luong/04dc4f41f689.pdf,true,2026-09-30T07:45:51+00:00,false,,
06997b862d61,10_BieuMau_21.pdf,http://iuh.edu.vn/Resource/Upload2/files/2020/Ba-cong-khai/10_BieuMau_21.pdf,https://tqa.iuh.edu.vn/ba-cong-khai/ba-cong-khai-nam-hoc-2019-2020/,Phòng Khảo thí và Đảm bảo chất lượng,HCM,PHONG_KHAO_THI_DBCL,true,,auto,2,0,scanned,386868,06997b862d61e03b0321120d7b502f019bd7498b4bb5d72dbbbe49445d4ed332,scanned_pdf/phong-khao-thi-va-dam-bao-chat-luong/06997b862d61.pdf,true,2026-09-30T07:43:02+00:00,false,,
0824aaf715be,04_BieuMau_18C_KhoaDongLuc.pdf,http://iuh.edu.vn/Resource/Upload2/files/2020/Ba-cong-khai/04_BieuMau_18C_KhoaDongLuc.pdf,https://tqa.iuh.edu.vn/ba-cong-khai/ba-cong-khai-nam-hoc-2019-2020/,Phòng Khảo thí và Đảm bảo chất lượng,HCM,PHONG_KHAO_THI_DBCL,true,,auto,7,0,scanned,2021139,0824aaf715be942003d1ee37668ff6235f40eff5cdbc1c3aafd88931838a31f1,scanned_pdf/phong-khao-thi-va-dam-bao-chat-luong/0824aaf715be.pdf,true,2026-09-30T07:42:17+00:00,false,,
084f701f20dc,KE-HOACH-KHAO-SAT-CAC-BEN-LIEN-QUAN-2023-2024.pdf,https://tqa.iuh.edu.vn/wp-content/uploads/2023/08/KE-HOACH-KHAO-SAT-CAC-BEN-LIEN-QUAN-2023-2024.pdf,https://tqa.iuh.edu.vn/thong-bao/ke-hoach-khao-sat-cac-ben-lien-quan-nam-hoc-2023-2024/,Phòng Khảo thí và Đảm bảo chất lượng,HCM,PHONG_KHAO_THI_DBCL,false,2,auto,4,8177,no_diacritics,1142978,084f701f20dcd926095742225f6c4192db72f1edd39108ceb2a4083d8e02a572,scanned_pdf/phong-khao-thi-va-dam-bao-chat-luong/084f701f20dc.pdf,false,2026-09-30T07:47:45+00:00,false,,
0a19d5b52b10,04-03 - BieuMau_18C_KhoaNgoaiNgu.pdf,http://iuh.edu.vn/Resource/Upload2/files/documents/2019_bacongkhai/04-03%20-%20BieuMau_18C_KhoaNgoaiNgu.pdf,https://tqa.iuh.edu.vn/ba-cong-khai/ba-cong-khai-nam-hoc-2018-2019/,Phòng Khảo thí và Đảm bảo chất lượng,HCM,PHONG_KHAO_THI_DBCL,false,3,auto,31,0,scanned,8028089,0a19d5b52b100ffb423f232745b2db8df1705211f980db2414822616094287e1,scanned_pdf/phong-khao-thi-va-dam-bao-chat-luong/0a19d5b52b10.pdf,true,2026-09-30T07:45:19+00:00,false,,
0adc6f0ad4c9,bao_cao_tinh-hinh-phuc-khao-HK2-2019-2020.pdf,https://tqa.iuh.edu.vn/wp-content/uploads/2021/05/bao_cao_tinh-hinh-phuc-khao-HK2-2019-2020.pdf,https://tqa.iuh.edu.vn/cong-tac-khao-thi/tong-hop-ket-qua-phuc-khao/,Phòng Khảo thí và Đảm bảo chất lượng,HCM,PHONG_KHAO_THI_DBCL,true,,auto,1,1529,ok,486181,0adc6f0ad4c9e791923d49c62d0228d963e56c6ab4ea7853d55d47fdf4ec3197,files/phong-khao-thi-va-dam-bao-chat-luong/0adc6f0ad4c9.pdf,false,2026-09-30T07:47:11+00:00,true,,
0ae0376b3a09,Appendix_1b_Guide_to_writing_learning_outcomes.pdf,https://tqa.iuh.edu.vn/wp-content/uploads/2018/04/Appendix_1b_Guide_to_writing_learning_outcomes.pdf,https://tqa.iuh.edu.vn/appendix_1b_guide_to_writing_learning_outcomes/,Phòng Khảo thí và Đảm bảo chất lượng,HCM,PHONG_KHAO_THI_DBCL,true,,auto,30,66701,ok,155509,0ae0376b3a09f40d720648e3dace8772b77761e7d5883ec2e9ec7b51ab702e5a,files/phong-khao-thi-va-dam-bao-chat-luong/0ae0376b3a09.pdf,false,2026-09-30T07:46:41+00:00,true,,
0b4478ca5658,04_BieuMau_18C_KhoaTCNH.pdf,http://iuh.edu.vn/Resource/Upload2/files/2020/Ba-cong-khai/04_BieuMau_18C_KhoaTCNH.pdf,https://tqa.iuh.edu.vn/ba-cong-khai/ba-cong-khai-nam-hoc-2019-2020/,Phòng Khảo thí và Đảm bảo chất lượng,HCM,PHONG_KHAO_THI_DBCL,true,,auto,10,0,scanned,3078914,0b4478ca5658cdb873eca8bb8ce846f5b61ce5bfcd131d9a2491178ac7b6adb8,scanned_pdf/phong-khao-thi-va-dam-bao-chat-luong/0b4478ca5658.pdf,true,2026-09-30T07:42:39+00:00,false,,
0b8f4621b738,BieuMau_18C_KhoaLuat.pdf,http://iuh.edu.vn/Resource/Upload2/files/documents/2018_bacongkhai/BieuMau_18C_KhoaLuat.pdf,https://tqa.iuh.edu.vn/ba-cong-khai/ba-cong-khai-nam-hoc-2017-2018/,Phòng Khảo thí và Đảm bảo chất lượng,HCM,PHONG_KHAO_THI_DBCL,true,,auto,22,0,scanned,6047283,0b8f4621b7386b7959feda0cafcaf5dfa5e0ab2d76f8742644c34606fd8e7875,scanned_pdf/phong-khao-thi-va-dam-bao-chat-luong/0b8f4621b738.pdf,true,2026-09-30T07:44:57+00:00,false,,
0d0d1d5ab69a,Health-check-schedule-for-students-2020-2021-2021-2022-1.pdf,https://tqa.iuh.edu.vn/wp-content/uploads/2026/05/Health-check-schedule-for-students-2020-2021-2021-2022-1.pdf,https://tqa.iuh.edu.vn/sdgs-article-2/iuh-strengthens-a-safe-healthy-and-supportive-learning-environment-for-students/,Phòng Khảo thí và Đảm bảo chất lượng,HCM,PHONG_KHAO_THI_DBCL,true,,auto,3,327,ok,667804,0d0d1d5ab69a45ed209f620b29f4e2fbebf9f196d32a3c6c3dee62fb9dbf823b,files/phong-khao-thi-va-dam-bao-chat-luong/0d0d1d5ab69a.pdf,false,2026-09-30T07:48:16+00:00,true,,
0eba66571d1d,Appendix_3_-_Types_of_Instructional_Methods.pdf,https://tqa.iuh.edu.vn/wp-content/uploads/2018/03/Appendix_3_-_Types_of_Instructional_Methods.pdf,https://tqa.iuh.edu.vn/tai-lieu-kiem-dinh-chat-luong/,Phòng Khảo thí và Đảm bảo chất lượng,HCM,PHONG_KHAO_THI_DBCL,true,,auto,3,2428,ok,15372,0eba66571d1d55b7e3b3a642aaf7e3e1f79eedb94d637b574b9989fefb8a90a4,files/phong-khao-thi-va-dam-bao-chat-luong/0eba66571d1d.pdf,false,2026-09-30T07:46:37+00:00,true,,
0ee3d2d23ff2,B23 - Doi ngu giang vien.pdf,http://iuh.edu.vn/Resource/Upload2/files/documents/2016_bacongkhai/B23%20-%20Doi%20ngu%20giang%20vien.pdf,https://tqa.iuh.edu.vn/ba-cong-khai/ba-cong-khai-nam-hoc-2015-2016/,Phòng Khảo thí và Đảm bảo chất lượng,HCM,PHONG_KHAO_THI_DBCL,false,2,auto,1,1577,garbled_ocr,430356,0ee3d2d23ff292406b45dc0fcfd339f004890ec5faa05c5db067554ddc2ffc6d,scanned_pdf/phong-khao-thi-va-dam-bao-chat-luong/0ee3d2d23ff2.pdf,true,2026-09-30T07:43:59+00:00,false,,
0eea65c821e2,BieuMau_18C_KhoaDongLuc.pdf,https://iuh.edu.vn/Resource/Upload2/files/2023/ba-cong-khai/BieuMau_18C_KhoaDongLuc.pdf,https://tqa.iuh.edu.vn/ba-cong-khai/ba-cong-khai-nam-hoc-2021-2022/,Phòng Khảo thí và Đảm bảo chất lượng,HCM,PHONG_KHAO_THI_DBCL,false,1,auto,38,0,scanned,10844977,0eea65c821e28d0201d9cf44496399378c80c44eb0fe1e71d605634f46390fcb,scanned_pdf/phong-khao-thi-va-dam-bao-chat-luong/0eea65c821e2.pdf,true,2026-09-30T07:45:51+00:00,false,,
0f860b3324c4,07_BieuMau_18G-H-I.pdf,http://iuh.edu.vn/Resource/Upload2/files/2020/Ba-cong-khai/07_BieuMau_18G-H-I.pdf,https://tqa.iuh.edu.vn/ba-cong-khai/ba-cong-khai-nam-hoc-2019-2020/,Phòng Khảo thí và Đảm bảo chất lượng,HCM,PHONG_KHAO_THI_DBCL,true,,auto,12,0,scanned,3075493,0f860b3324c4c0d151caae733d4c2b4ba43b70e82ee1f78fdaee0e89ade6b2bf,scanned_pdf/phong-khao-thi-va-dam-bao-chat-luong/0f860b3324c4.pdf,true,2026-09-30T07:42:53+00:00,false,,
0fab3d346fde,QUI-DINH-THI_894.2016.pdf,https://tqa.iuh.edu.vn/wp-content/uploads/2017/02/QUI-DINH-THI_894.2016.pdf,https://tqa.iuh.edu.vn/thong-bao/quy-dinh-quan-ly-cong-tac-thi-va-danh-gia-ket-qua-hoc-tap/,Phòng Khảo thí và Đảm bảo chất lượng,HCM,PHONG_KHAO_THI_DBCL,true,,auto,8,0,scanned,7602411,0fab3d346fde0c1a66ba9fae498a3d1cd235e850161f26be6b31f1e4e6e2a47b,scanned_pdf/phong-khao-thi-va-dam-bao-chat-luong/0fab3d346fde.pdf,false,2026-09-30T07:46:23+00:00,false,,
1006d7ba2bd5,Environmental-Health-and-School-Safety-Regulations-Rules-and-Standards.pdf,https://tqa.iuh.edu.vn/wp-content/uploads/2026/07/Environmental-Health-and-School-Safety-Regulations-Rules-and-Standards.pdf,https://tqa.iuh.edu.vn/sdgs-article-2/iuh-strengthens-a-safe-healthy-and-supportive-learning-environment-for-students/,Phòng Khảo thí và Đảm bảo chất lượng,HCM,PHONG_KHAO_THI_DBCL,true,,auto,21,0,scanned,1252761,1006d7ba2bd57daaf7a8c8e1c1943844a2408198ff15426a047344cd865d107c,scanned_pdf/phong-khao-thi-va-dam-bao-chat-luong/1006d7ba2bd5.pdf,false,2026-09-30T07:48:21+00:00,false,,
101579ae80dd,BieuMau_19.pdf,http://iuh.edu.vn/Resource/Upload2/files/documents/2018_bacongkhai/BieuMau_19.pdf,https://tqa.iuh.edu.vn/ba-cong-khai/ba-cong-khai-nam-hoc-2017-2018/,Phòng Khảo thí và Đảm bảo chất lượng,HCM,PHONG_KHAO_THI_DBCL,true,,auto,2,0,scanned,485506,101579ae80dde57271276b02a4d314024775e58d8d843de33abaa8348a0178d2,scanned_pdf/phong-khao-thi-va-dam-bao-chat-luong/101579ae80dd.pdf,true,2026-09-30T07:45:10+00:00,false,,
10e5896a7c36,04_BieuMau_18C_KhoaNgoaiNgu.pdf,http://iuh.edu.vn/Resource/Upload2/files/2020/Ba-cong-khai/04_BieuMau_18C_KhoaNgoaiNgu.pdf,https://tqa.iuh.edu.vn/ba-cong-khai/ba-cong-khai-nam-hoc-2019-2020/,Phòng Khảo thí và Đảm bảo chất lượng,HCM,PHONG_KHAO_THI_DBCL,false,2,auto,25,0,scanned,7472043,10e5896a7c368547d5c0291f42054ddcc13142a4861c17287cf415a75c19df28,scanned_pdf/phong-khao-thi-va-dam-bao-chat-luong/10e5896a7c36.pdf,true,2026-09-30T07:42:33+00:00,false,,
11c0aee8f434,04_BieuMau_18C_KhoaDienTu.pdf,http://iuh.edu.vn/Resource/Upload2/files/2020/Ba-cong-khai/04_BieuMau_18C_KhoaDienTu.pdf,https://tqa.iuh.edu.vn/ba-cong-khai/ba-cong-khai-nam-hoc-2019-2020/,Phòng Khảo thí và Đảm bảo chất lượng,HCM,PHONG_KHAO_THI_DBCL,false,1,auto,75,0,scanned,23480180,11c0aee8f434491948629364bed47f8208113e19076915b1b0451ae4fea5df7a,scanned_pdf/phong-khao-thi-va-dam-bao-chat-luong/11c0aee8f434.pdf,true,2026-09-30T07:42:15+00:00,false,,
128e1c0503b3,BieuMau_18C_KhoaLuat.pdf,https://iuh.edu.vn/Resource/Upload2/files/2023/ba-cong-khai/BieuMau_18C_KhoaLuat.pdf,https://tqa.iuh.edu.vn/ba-cong-khai/ba-cong-khai-nam-hoc-2021-2022/,Phòng Khảo thí và Đảm bảo chất lượng,HCM,PHONG_KHAO_THI_DBCL,true,,auto,25,0,scanned,6740999,128e1c0503b311fa53feae92dcb48b17714f9933a3c4a261cb27f2894ba42376,scanned_pdf/phong-khao-thi-va-dam-bao-chat-luong/128e1c0503b3.pdf,true,2026-09-30T07:45:54+00:00,false,,
12c79a6d3de2,Phuc-khao-HK3-2023-2024.pdf,https://tqa.iuh.edu.vn/wp-content/uploads/2026/03/Phuc-khao-HK3-2023-2024.pdf,https://tqa.iuh.edu.vn/cong-tac-khao-thi/tong-hop-ket-qua-phuc-khao/,Phòng Khảo thí và Đảm bảo chất lượng,HCM,PHONG_KHAO_THI_DBCL,true,,auto,1,1424,ok,246155,12c79a6d3de2859e6c0590a1be1886fcb58aa1785d913eec278ab1ce3ba5d79b,files/phong-khao-thi-va-dam-bao-chat-luong/12c79a6d3de2.pdf,false,2026-09-30T07:48:04+00:00,true,,
136cd23d1662,04-11 - BieuMau_18C_NhietLanh.pdf,http://iuh.edu.vn/Resource/Upload2/files/documents/2019_bacongkhai/04-11%20-%20BieuMau_18C_NhietLanh.pdf,https://tqa.iuh.edu.vn/ba-cong-khai/ba-cong-khai-nam-hoc-2018-2019/,Phòng Khảo thí và Đảm bảo chất lượng,HCM,PHONG_KHAO_THI_DBCL,true,,auto,17,0,scanned,4631505,136cd23d16622d1419360438fba32b45a1cacd15d702f2f3622a34e20c1e6773,scanned_pdf/phong-khao-thi-va-dam-bao-chat-luong/136cd23d1662.pdf,true,2026-09-30T07:45:27+00:00,false,,
149ead1586a2,04-08 - BieuMau_18C_KhoaQuanTriKD.pdf,http://iuh.edu.vn/Resource/Upload2/files/documents/2019_bacongkhai/04-08%20-%20BieuMau_18C_KhoaQuanTriKD.pdf,https://tqa.iuh.edu.vn/ba-cong-khai/ba-cong-khai-nam-hoc-2018-2019/,Phòng Khảo thí và Đảm bảo chất lượng,HCM,PHONG_KHAO_THI_DBCL,false,1,auto,47,0,scanned,13064818,149ead1586a2f9231c1e000cf9d469c425fa92a6eba7253e7c0648db1c51438a,scanned_pdf/phong-khao-thi-va-dam-bao-chat-luong/149ead1586a2.pdf,true,2026-09-30T07:45:24+00:00,false,,
15369099c563,04-15 - BieuMau_18C_KhoaXayDung.pdf,http://iuh.edu.vn/Resource/Upload2/files/documents/2019_bacongkhai/04-15%20-%20BieuMau_18C_KhoaXayDung.pdf,https://tqa.iuh.edu.vn/ba-cong-khai/ba-cong-khai-nam-hoc-2018-2019/,Phòng Khảo thí và Đảm bảo chất lượng,HCM,PHONG_KHAO_THI_DBCL,false,1,auto,31,0,scanned,12668608,15369099c5638d311d5a00b5893125098fc4243555e1339f4cdd0687419d30e7,scanned_pdf/phong-khao-thi-va-dam-bao-chat-luong/15369099c563.pdf,true,2026-09-30T07:45:31+00:00,false,,
15e4a7d7c145,CongKhaiTaiChinh_Bieu21.pdf,https://iuh.edu.vn/Resource/Upload2/files/2023/ba-cong-khai/CongKhaiTaiChinh_Bieu21.pdf,https://tqa.iuh.edu.vn/ba-cong-khai/ba-cong-khai-nam-hoc-2021-2022/,Phòng Khảo thí và Đảm bảo chất lượng,HCM,PHONG_KHAO_THI_DBCL,true,,auto,2,0,scanned,490994,15e4a7d7c145cbc7fbcd5b3ecfa6d21f3c2fb5a7423d2e08fc500c9951df4c00,scanned_pdf/phong-khao-thi-va-dam-bao-chat-luong/15e4a7d7c145.pdf,true,2026-09-30T07:46:08+00:00,false,,
1668319b3517,04-12 - BieuMau_18C_KhoaHoaHoc.pdf,http://iuh.edu.vn/Resource/Upload2/files/documents/2019_bacongkhai/04-12%20-%20BieuMau_18C_KhoaHoaHoc.pdf,https://tqa.iuh.edu.vn/ba-cong-khai/ba-cong-khai-nam-hoc-2018-2019/,Phòng Khảo thí và Đảm bảo chất lượng,HCM,PHONG_KHAO_THI_DBCL,false,2,auto,40,0,scanned,13989250,1668319b35175698cfcdcae87e70675408594a26c3e1371fe935e628689b6bc1,scanned_pdf/phong-khao-thi-va-dam-bao-chat-luong/1668319b3517.pdf,true,2026-09-30T07:45:28+00:00,false,,
1899c1a823d2,05_Nganh Khoa hoc May tinh.pdf,http://iuh.edu.vn/Resource/Upload2/files/documents/2016_bacongkhai/Bieu_20/05_Nganh%20Khoa%20hoc%20May%20tinh.pdf,https://tqa.iuh.edu.vn/ba-cong-khai/ba-cong-khai-nam-hoc-2015-2016/,Phòng Khảo thí và Đảm bảo chất lượng,HCM,PHONG_KHAO_THI_DBCL,true,,auto,6,14313,garbled_ocr,5619444,1899c1a823d25fa16012b72346534907482bb458f322c25e202f4934dd70f80f,scanned_pdf/phong-khao-thi-va-dam-bao-chat-luong/1899c1a823d2.pdf,true,2026-09-30T07:44:14+00:00,false,,
1aa138ed04c8,2.Engineering-in-Garment-Technology.pdf,https://tqa.iuh.edu.vn/wp-content/uploads/2023/03/2.Engineering-in-Garment-Technology.pdf,https://tqa.iuh.edu.vn/nam-2021/,Phòng Khảo thí và Đảm bảo chất lượng,HCM,PHONG_KHAO_THI_DBCL,true,,auto,1,0,scanned,184154,1aa138ed04c856703a347704af30be80b235579ab41acfef2ae193d44937ed84,scanned_pdf/phong-khao-thi-va-dam-bao-chat-luong/1aa138ed04c8.pdf,false,2026-09-30T07:47:41+00:00,false,,
1b9a0d2873ce,2.-QD-2222-_2022-Quy-dinh-ve-hoat-dong-BDCLGD-1.pdf,https://tqa.iuh.edu.vn/wp-content/uploads/2024/06/2.-QD-2222-_2022-Quy-dinh-ve-hoat-dong-BDCLGD-1.pdf,https://tqa.iuh.edu.vn/quy-dinh-ve-hoat-dong-dbcl/,Phòng Khảo thí và Đảm bảo chất lượng,HCM,PHONG_KHAO_THI_DBCL,true,,auto,22,39043,garbled_ocr,3742491,1b9a0d2873cef6b2c1e9f075c3197d9e89612482f3b2b25f432a57260f39b139,scanned_pdf/phong-khao-thi-va-dam-bao-chat-luong/1b9a0d2873ce.pdf,false,2026-09-30T07:47:49+00:00,false,,
1bc9cf77abae,24-04-2017_14.44.37tai_lieu_tieng_anh__v3.0_guide_to_aun-qa_assessment_at_programme_level_en.pdf,https://tqa.iuh.edu.vn/wp-content/uploads/2017/04/24-04-2017_14.44.37tai_lieu_tieng_anh__v3.0_guide_to_aun-qa_assessment_at_programme_level_en.pdf,https://tqa.iuh.edu.vn/danh-gia-chuong-trinh-dao-tao-theo-aun-qa/,Phòng Khảo thí và Đảm bảo chất lượng,HCM,PHONG_KHAO_THI_DBCL,true,,auto,136,155353,ok,1568792,1bc9cf77abae5629de7556d3c5d6e9d87f6d86a1bc79b65e2fe91cb906d9d8f4,files/phong-khao-thi-va-dam-bao-chat-luong/1bc9cf77abae.pdf,false,2026-09-30T07:46:23+00:00,false,,
1be67fe17a3c,03.-CV-1074.pdf,https://tqa.iuh.edu.vn/wp-content/uploads/2021/05/03.-CV-1074.pdf,https://tqa.iuh.edu.vn/tieu-chuan-kdcl/moet/,Phòng Khảo thí và Đảm bảo chất lượng,HCM,PHONG_KHAO_THI_DBCL,false,2,auto,26,46855,ok,642466,1be67fe17a3c26bf3d2f5285f0c121df2c6df326cfb5f599cda16f4f4ce88e0d,files/phong-khao-thi-va-dam-bao-chat-luong/1be67fe17a3c.pdf,false,2026-09-30T07:46:54+00:00,true,,
1e61e5d20455,BieuMau_18AB.pdf,https://iuh.edu.vn/Resource/Upload2/files/2023/ba-cong-khai/BieuMau_18AB.pdf,https://tqa.iuh.edu.vn/ba-cong-khai/ba-cong-khai-nam-hoc-2021-2022/,Phòng Khảo thí và Đảm bảo chất lượng,HCM,PHONG_KHAO_THI_DBCL,true,,auto,1,0,scanned,290788,1e61e5d204556fd9d80c09f152dc02c902f1307f4cabfdc3dbc98dfa456516c3,scanned_pdf/phong-khao-thi-va-dam-bao-chat-luong/1e61e5d20455.pdf,true,2026-09-30T07:45:45+00:00,false,,
1f1fef50f6d1,04-04 - BieuMau_18C_KhoaLuat_.pdf,http://iuh.edu.vn/Resource/Upload2/files/documents/2019_bacongkhai/04-04%20-%20BieuMau_18C_KhoaLuat_.pdf,https://tqa.iuh.edu.vn/ba-cong-khai/ba-cong-khai-nam-hoc-2018-2019/,Phòng Khảo thí và Đảm bảo chất lượng,HCM,PHONG_KHAO_THI_DBCL,true,,auto,27,0,scanned,7330017,1f1fef50f6d1e07eb8e206cc0d2e7f1bc097109dce6749b4fa4294320e1b2119,scanned_pdf/phong-khao-thi-va-dam-bao-chat-luong/1f1fef50f6d1.pdf,true,2026-09-30T07:45:20+00:00,false,,
1f85bb2b74fd,ke-hoach-khao-sat-nam-2020-2021.pdf,https://tqa.iuh.edu.vn/wp-content/uploads/2021/05/ke-hoach-khao-sat-nam-2020-2021.pdf,https://tqa.iuh.edu.vn/survey-plan/stakeholders-survey-plans-for-the-academic-year-of-2020-2021/,Phòng Khảo thí và Đảm bảo chất lượng,HCM,PHONG_KHAO_THI_DBCL,true,,auto,2,5387,no_diacritics,1619488,1f85bb2b74fdb27ce7209a1452667c6bf1868d181e35a7f9490623d06ca8f340,scanned_pdf/phong-khao-thi-va-dam-bao-chat-luong/1f85bb2b74fd.pdf,false,2026-09-30T07:47:17+00:00,false,,
212eef92fa29,Stakeholder-Survey-Plan-for-the-Academic-Year-of-2017-2018.pdf,https://tqa.iuh.edu.vn/wp-content/uploads/2017/12/Stakeholder-Survey-Plan-for-the-Academic-Year-of-2017-2018.pdf,https://tqa.iuh.edu.vn/survey-plan/stakeholders-survey-plans-for-the-academic-year-of-2017-2018/,Phòng Khảo thí và Đảm bảo chất lượng,HCM,PHONG_KHAO_THI_DBCL,false,3,auto,2,4916,garbled_ocr,31809,212eef92fa2904f3281dd5053a7a725c27e27babc472a75217e3cd13fcb282b9,scanned_pdf/phong-khao-thi-va-dam-bao-chat-luong/212eef92fa29.pdf,false,2026-09-30T07:46:33+00:00,false,,
216832fba4c9,BieuMau_18C_KhoaDienTu.pdf,http://iuh.edu.vn/Resource/Upload2/files/documents/2018_bacongkhai/BieuMau_18C_KhoaDienTu.pdf,https://tqa.iuh.edu.vn/ba-cong-khai/ba-cong-khai-nam-hoc-2017-2018/,Phòng Khảo thí và Đảm bảo chất lượng,HCM,PHONG_KHAO_THI_DBCL,false,2,auto,34,0,scanned,11969991,216832fba4c9fa4953cad8a95f9ce3c0848d13c53564b73b09a3354ce95583f1,scanned_pdf/phong-khao-thi-va-dam-bao-chat-luong/216832fba4c9.pdf,true,2026-09-30T07:44:54+00:00,false,,
25d6af87115f,19_Nganh CN Thuc pham.pdf,http://iuh.edu.vn/Resource/Upload2/files/documents/2016_bacongkhai/Bieu_20/19_Nganh%20CN%20Thuc%20pham.pdf,https://tqa.iuh.edu.vn/ba-cong-khai/ba-cong-khai-nam-hoc-2015-2016/,Phòng Khảo thí và Đảm bảo chất lượng,HCM,PHONG_KHAO_THI_DBCL,true,,auto,4,6646,garbled_ocr,2844080,25d6af87115f44058e79a40dd270a6745315b8293026856ed2e1ed45f78faadd,scanned_pdf/phong-khao-thi-va-dam-bao-chat-luong/25d6af87115f.pdf,true,2026-09-30T07:44:43+00:00,false,,
26b3902e5974,QUYET-DINH-BAN-CHI-DAO.pdf,https://tqa.iuh.edu.vn/wp-content/uploads/2017/04/QUYET-DINH-BAN-CHI-DAO.pdf,https://tqa.iuh.edu.vn/danh-gia-chuong-trinh-dao-tao-theo-aun-qa/,Phòng Khảo thí và Đảm bảo chất lượng,HCM,PHONG_KHAO_THI_DBCL,true,,auto,2,0,scanned,719787,26b3902e5974fef32bb405e3ef82fb63bdac352c0c370b992313dd2df8ab3687,scanned_pdf/phong-khao-thi-va-dam-bao-chat-luong/26b3902e5974.pdf,false,2026-09-30T07:46:25+00:00,false,,
28eeedbf4c7d,11_Nganh CNKT Nhiet.pdf,http://iuh.edu.vn/Resource/Upload2/files/documents/2016_bacongkhai/Bieu_20/11_Nganh%20CNKT%20Nhiet.pdf,https://tqa.iuh.edu.vn/ba-cong-khai/ba-cong-khai-nam-hoc-2015-2016/,Phòng Khảo thí và Đảm bảo chất lượng,HCM,PHONG_KHAO_THI_DBCL,false,4,auto,4,6964,garbled_ocr,2889944,28eeedbf4c7d99eda45963bd057af2dab8c2de33619bc7685e1eb4a650f67c0c,scanned_pdf/phong-khao-thi-va-dam-bao-chat-luong/28eeedbf4c7d.pdf,true,2026-09-30T07:44:33+00:00,false,,
2923f5442707,4.-Regulation-on-the-Implementation-of-Democracy-in-the-Operations-of-IUH.pdf,https://tqa.iuh.edu.vn/wp-content/uploads/2026/05/4.-Regulation-on-the-Implementation-of-Democracy-in-the-Operations-of-IUH.pdf,https://tqa.iuh.edu.vn/sdgs-article-2/iuh-strengthens-policies-to-prevent-forced-labour-and-promote-ethical-working-conditions/,Phòng Khảo thí và Đảm bảo chất lượng,HCM,PHONG_KHAO_THI_DBCL,true,,auto,25,63561,ok,613006,2923f5442707604c2c45165c0393ad80b0bd92b4c6986ef6b3948fea54a69536,files/phong-khao-thi-va-dam-bao-chat-luong/2923f5442707.pdf,false,2026-09-30T07:48:12+00:00,true,,
29ddd397aa66,05.-CV-1076.pdf,https://tqa.iuh.edu.vn/wp-content/uploads/2021/05/05.-CV-1076.pdf,https://tqa.iuh.edu.vn/tieu-chuan-kdcl/moet/,Phòng Khảo thí và Đảm bảo chất lượng,HCM,PHONG_KHAO_THI_DBCL,true,,auto,28,24827,ok,999283,29ddd397aa66b02aee7e2b0002a6c9b514794bbd4389cc700b36ae524f95a6e1,files/phong-khao-thi-va-dam-bao-chat-luong/29ddd397aa66.pdf,false,2026-09-30T07:46:57+00:00,true,,
2b861461e028,09_BieuMau_20.pdf,http://iuh.edu.vn/Resource/Upload2/files/2020/Ba-cong-khai/09_BieuMau_20.pdf,https://tqa.iuh.edu.vn/ba-cong-khai/ba-cong-khai-nam-hoc-2019-2020/,Phòng Khảo thí và Đảm bảo chất lượng,HCM,PHONG_KHAO_THI_DBCL,false,1,auto,27,0,scanned,13279785,2b861461e0280938f06285fd6f17a8437ce471dae42c9a226c59e45401d83362,scanned_pdf/phong-khao-thi-va-dam-bao-chat-luong/2b861461e028.pdf,true,2026-09-30T07:43:01+00:00,false,,
2fd1b26b5b57,Bieu_18C_KhoaNgoaiNgu.pdf,https://iuh.edu.vn/Resource/Upload2/files/ba-cong-khai/2022-2023/Bieu_18C_KhoaNgoaiNgu.pdf,https://tqa.iuh.edu.vn/ba-cong-khai/ba-cong-khai-nam-hoc-2022-2023/,Phòng Khảo thí và Đảm bảo chất lượng,HCM,PHONG_KHAO_THI_DBCL,true,,auto,20,0,scanned,10699620,2fd1b26b5b574f5b0a77df3522d4b7bd5732003d4769d68bd24d91b0aa2fc0e3,scanned_pdf/phong-khao-thi-va-dam-bao-chat-luong/2fd1b26b5b57.pdf,true,2026-09-30T07:46:22+00:00,false,,
3082f349eba8,Bieu_18C_KhoaNhietLanh.pdf,https://iuh.edu.vn/Resource/Upload2/files/ba-cong-khai/2022-2023/Bieu_18C_KhoaNhietLanh.pdf,https://tqa.iuh.edu.vn/ba-cong-khai/ba-cong-khai-nam-hoc-2022-2023/,Phòng Khảo thí và Đảm bảo chất lượng,HCM,PHONG_KHAO_THI_DBCL,false,3,auto,61,0,scanned,26907957,3082f349eba8013d93ecd789eaa933772b22324c949026c67f0cdf61797363c5,scanned_pdf/phong-khao-thi-va-dam-bao-chat-luong/3082f349eba8.pdf,true,2026-09-30T07:46:23+00:00,false,,
31127d39e79d,Phuc-khao-HK1-2024-2025.pdf,https://tqa.iuh.edu.vn/wp-content/uploads/2026/03/Phuc-khao-HK1-2024-2025.pdf,https://tqa.iuh.edu.vn/cong-tac-khao-thi/tong-hop-ket-qua-phuc-khao/,Phòng Khảo thí và Đảm bảo chất lượng,HCM,PHONG_KHAO_THI_DBCL,true,,auto,1,1436,ok,243433,31127d39e79dfa565fe19924283dc578319ca1abd6e78f43f1b47840d77be842,files/phong-khao-thi-va-dam-bao-chat-luong/31127d39e79d.pdf,false,2026-09-30T07:48:02+00:00,true,,
31bab369d3e3,03_BieuMau_18AB.pdf,http://iuh.edu.vn/Resource/Upload2/files/2020/Ba-cong-khai/03_BieuMau_18AB.pdf,https://tqa.iuh.edu.vn/ba-cong-khai/ba-cong-khai-nam-hoc-2019-2020/,Phòng Khảo thí và Đảm bảo chất lượng,HCM,PHONG_KHAO_THI_DBCL,false,1,auto,1,0,scanned,299360,31bab369d3e3f665e5f6429c5163432252b9428582642d4fa709c7161c9192b0,scanned_pdf/phong-khao-thi-va-dam-bao-chat-luong/31bab369d3e3.pdf,true,2026-09-30T07:42:00+00:00,false,,
326728308333,Bieu_19ABCD.pdf,https://iuh.edu.vn/Resource/Upload2/files/ba-cong-khai/2022-2023/Bieu_19ABCD.pdf,https://tqa.iuh.edu.vn/ba-cong-khai/ba-cong-khai-nam-hoc-2022-2023/,Phòng Khảo thí và Đảm bảo chất lượng,HCM,PHONG_KHAO_THI_DBCL,false,3,auto,2,2,scanned,864352,3267283083336aedaa3bd69fff6012c6e32c92ee085d8080a26f08e88180013e,scanned_pdf/phong-khao-thi-va-dam-bao-chat-luong/326728308333.pdf,true,2026-09-30T07:46:34+00:00,false,,
326b8f4b8d85,1.Engineering-in-Computer-Engineering-Technology.pdf,https://tqa.iuh.edu.vn/wp-content/uploads/2023/03/1.Engineering-in-Computer-Engineering-Technology.pdf,https://tqa.iuh.edu.vn/nam-2021/,Phòng Khảo thí và Đảm bảo chất lượng,HCM,PHONG_KHAO_THI_DBCL,true,,auto,1,0,scanned,183453,326b8f4b8d85661da68bc5ea5427ae19e860132629f5ba1ef44a7f72117f9fe1,scanned_pdf/phong-khao-thi-va-dam-bao-chat-luong/326b8f4b8d85.pdf,false,2026-09-30T07:47:40+00:00,false,,
32a58eac339e,Bieu_20.pdf,https://iuh.edu.vn/Resource/Upload2/files/ba-cong-khai/2022-2023/Bieu_20.pdf,https://tqa.iuh.edu.vn/ba-cong-khai/ba-cong-khai-nam-hoc-2022-2023/,Phòng Khảo thí và Đảm bảo chất lượng,HCM,PHONG_KHAO_THI_DBCL,true,,auto,25,0,scanned,18411627,32a58eac339eb21fecb5cef02f6e2e1c11a0752124019b14ba5d5251fa71c508,scanned_pdf/phong-khao-thi-va-dam-bao-chat-luong/32a58eac339e.pdf,true,2026-09-30T07:46:35+00:00,false,,
32e113e9aa8c,01 - ThongBao_ThucHien3CongKhai.pdf,http://iuh.edu.vn/Resource/Upload2/files/documents/2019_bacongkhai/01%20-%20ThongBao_ThucHien3CongKhai.pdf,https://tqa.iuh.edu.vn/ba-cong-khai/ba-cong-khai-nam-hoc-2018-2019/,Phòng Khảo thí và Đảm bảo chất lượng,HCM,PHONG_KHAO_THI_DBCL,true,,auto,1,0,scanned,311734,32e113e9aa8c72188d58ddd74e3eee84f67c2be646032161e90b3d1a6327e493,scanned_pdf/phong-khao-thi-va-dam-bao-chat-luong/32e113e9aa8c.pdf,true,2026-09-30T07:45:13+00:00,false,,
3445da1fc102,bao_cao_tinh-hinh-phuc-khao-HK1-2017-2018.pdf,https://tqa.iuh.edu.vn/wp-content/uploads/2021/05/bao_cao_tinh-hinh-phuc-khao-HK1-2017-2018.pdf,https://tqa.iuh.edu.vn/cong-tac-khao-thi/tong-hop-ket-qua-phuc-khao/,Phòng Khảo thí và Đảm bảo chất lượng,HCM,PHONG_KHAO_THI_DBCL,true,,auto,1,1525,ok,487944,3445da1fc102c4214112e8011dfda5af7e299d494f7de2c479e3d8bfa657c590,files/phong-khao-thi-va-dam-bao-chat-luong/3445da1fc102.pdf,false,2026-09-30T07:47:05+00:00,true,,
34e0669e8a4d,BieuMau_18C_KhoaCoKhi.pdf,http://iuh.edu.vn/Resource/Upload2/files/documents/2018_bacongkhai/BieuMau_18C_KhoaCoKhi.pdf,https://tqa.iuh.edu.vn/ba-cong-khai/ba-cong-khai-nam-hoc-2017-2018/,Phòng Khảo thí và Đảm bảo chất lượng,HCM,PHONG_KHAO_THI_DBCL,true,,auto,94,0,scanned,23078197,34e0669e8a4dbfa91bc4295a3fbe0454ed919c006c543609e463c2a6aecc3f43,scanned_pdf/phong-khao-thi-va-dam-bao-chat-luong/34e0669e8a4d.pdf,true,2026-09-30T07:44:53+00:00,false,,
3513886531c1,phuc-khao-HK3-2022-2023-dang-web.pdf,https://tqa.iuh.edu.vn/wp-content/uploads/2023/10/phuc-khao-HK3-2022-2023-dang-web.pdf,https://tqa.iuh.edu.vn/cong-tac-khao-thi/tong-hop-ket-qua-phuc-khao/,Phòng Khảo thí và Đảm bảo chất lượng,HCM,PHONG_KHAO_THI_DBCL,false,2,auto,1,1515,ok,186402,3513886531c1266fafaa54834ee5cc5aa98770d2613c246017b5c3fa541d3cc4,files/phong-khao-thi-va-dam-bao-chat-luong/3513886531c1.pdf,false,2026-09-30T07:47:47+00:00,true,,
35c6a0407e35,07 - BieuMau_21.pdf,http://iuh.edu.vn/Resource/Upload2/files/documents/2019_bacongkhai/07%20-%20BieuMau_21.pdf,https://tqa.iuh.edu.vn/ba-cong-khai/ba-cong-khai-nam-hoc-2018-2019/,Phòng Khảo thí và Đảm bảo chất lượng,HCM,PHONG_KHAO_THI_DBCL,true,,auto,2,0,scanned,396702,35c6a0407e357396b818edbf8b0469b4af045cb25876a1197d6ae0bbeba98ed9,scanned_pdf/phong-khao-thi-va-dam-bao-chat-luong/35c6a0407e35.pdf,true,2026-09-30T07:45:35+00:00,false,,
3683592e100a,BieuMau_18C_KhoaCNTT.pdf,http://iuh.edu.vn/Resource/Upload2/files/documents/2018_bacongkhai/BieuMau_18C_KhoaCNTT.pdf,https://tqa.iuh.edu.vn/ba-cong-khai/ba-cong-khai-nam-hoc-2017-2018/,Phòng Khảo thí và Đảm bảo chất lượng,HCM,PHONG_KHAO_THI_DBCL,true,,auto,112,0,scanned,30434436,3683592e100ab5f8133fca5c27843261bfe55784cde9326326a109170b13edc8,scanned_pdf/phong-khao-thi-va-dam-bao-chat-luong/3683592e100a.pdf,true,2026-09-30T07:44:51+00:00,false,,
37df20c49a78,QD_1313_DHCN_DT.pdf,https://iuh.edu.vn/Resource/Upload2/files/ba-cong-khai/2022-2023/QD_1313_DHCN_DT.pdf,https://tqa.iuh.edu.vn/ba-cong-khai/ba-cong-khai-nam-hoc-2022-2023/,Phòng Khảo thí và Đảm bảo chất lượng,HCM,PHONG_KHAO_THI_DBCL,true,,auto,1,0,scanned,484539,37df20c49a78ad8335f3c2e4c3b48e4636a44391b16878d9837166951daab1e1,scanned_pdf/phong-khao-thi-va-dam-bao-chat-luong/37df20c49a78.pdf,true,2026-09-30T07:46:37+00:00,false,,
37e87cf6c8c2,BieuMau_21.pdf,http://iuh.edu.vn/Resource/Upload2/files/documents/2018_bacongkhai/BieuMau_21.pdf,https://tqa.iuh.edu.vn/ba-cong-khai/ba-cong-khai-nam-hoc-2017-2018/,Phòng Khảo thí và Đảm bảo chất lượng,HCM,PHONG_KHAO_THI_DBCL,true,,auto,2,5,scanned,488504,37e87cf6c8c2c9d25e72e81596b5a3469e383d020721e57ca0fbfda0b4c6324a,scanned_pdf/phong-khao-thi-va-dam-bao-chat-luong/37e87cf6c8c2.pdf,true,2026-09-30T07:45:12+00:00,false,,
38a410b5659d,01_ThongBao_ThucHien3CongKhai.pdf,http://iuh.edu.vn/Resource/Upload2/files/2020/Ba-cong-khai/01_ThongBao_ThucHien3CongKhai.pdf,https://tqa.iuh.edu.vn/ba-cong-khai/ba-cong-khai-nam-hoc-2019-2020/,Phòng Khảo thí và Đảm bảo chất lượng,HCM,PHONG_KHAO_THI_DBCL,true,,auto,1,0,scanned,326191,38a410b5659d26c8831d14e1023ebc21f10920f65fcc3a028113e2cf4786c676,scanned_pdf/phong-khao-thi-va-dam-bao-chat-luong/38a410b5659d.pdf,true,2026-09-30T07:41:48+00:00,false,,
3a03793a5738,08_BieuMau_19.pdf,http://iuh.edu.vn/Resource/Upload2/files/2020/Ba-cong-khai/08_BieuMau_19.pdf,https://tqa.iuh.edu.vn/ba-cong-khai/ba-cong-khai-nam-hoc-2019-2020/,Phòng Khảo thí và Đảm bảo chất lượng,HCM,PHONG_KHAO_THI_DBCL,true,,auto,2,0,scanned,534590,3a03793a5738e2fb657b2e8e9f3bca6127b3ae9e40eef3fe36871108c5474e55,scanned_pdf/phong-khao-thi-va-dam-bao-chat-luong/3a03793a5738.pdf,true,2026-09-30T07:42:58+00:00,false,,
3c0ada3aaf42,BieuMau_18C_KhoaNgoaiNgu.pdf,http://iuh.edu.vn/Resource/Upload2/files/documents/2018_bacongkhai/BieuMau_18C_KhoaNgoaiNgu.pdf,https://tqa.iuh.edu.vn/ba-cong-khai/ba-cong-khai-nam-hoc-2017-2018/,Phòng Khảo thí và Đảm bảo chất lượng,HCM,PHONG_KHAO_THI_DBCL,true,,auto,25,0,scanned,6797770,3c0ada3aaf427eec79fc893b586b0530824203937919c70db550ec08fd9d1061,scanned_pdf/phong-khao-thi-va-dam-bao-chat-luong/3c0ada3aaf42.pdf,true,2026-09-30T07:45:00+00:00,false,,
3d88bbf334e1,BieuMau_18C_KhoaNhietLanh.pdf,http://iuh.edu.vn/Resource/Upload2/files/documents/2018_bacongkhai/BieuMau_18C_KhoaNhietLanh.pdf,https://tqa.iuh.edu.vn/ba-cong-khai/ba-cong-khai-nam-hoc-2017-2018/,Phòng Khảo thí và Đảm bảo chất lượng,HCM,PHONG_KHAO_THI_DBCL,true,,auto,18,0,scanned,4915504,3d88bbf334e10460c73f5f1e8b24bf568fe1f87730c568eac0885c84c12d60cb,scanned_pdf/phong-khao-thi-va-dam-bao-chat-luong/3d88bbf334e1.pdf,true,2026-09-30T07:45:01+00:00,false,,
3f4138dfc705,Plan-for-Implementing-the-Student-Crime-Prevention-and-Legal-Education-Project-1.pdf,https://tqa.iuh.edu.vn/wp-content/uploads/2026/05/Plan-for-Implementing-the-Student-Crime-Prevention-and-Legal-Education-Project-1.pdf,https://tqa.iuh.edu.vn/sdgs-article-2/iuh-strengthens-a-safe-healthy-and-supportive-learning-environment-for-students/,Phòng Khảo thí và Đảm bảo chất lượng,HCM,PHONG_KHAO_THI_DBCL,true,,auto,4,7259,no_diacritics,849870,3f4138dfc7054498aebcd0ca49ffbcd4498593e65f181cfe2ea64e6a187f4466,scanned_pdf/phong-khao-thi-va-dam-bao-chat-luong/3f4138dfc705.pdf,false,2026-09-30T07:48:17+00:00,false,,
41c8981e6cb1,Guide-to-AUN-QA-Assessment-at-Programme-Level-Version-4.0.pdf,https://tqa.iuh.edu.vn/wp-content/uploads/2023/02/Guide-to-AUN-QA-Assessment-at-Programme-Level-Version-4.0.pdf,https://tqa.iuh.edu.vn/aun-qa-asian-university-network-qa/,Phòng Khảo thí và Đảm bảo chất lượng,HCM,PHONG_KHAO_THI_DBCL,true,,auto,111,178577,ok,2724603,41c8981e6cb104ed3c6dcf14befe42afe28f571e68e4cb0b1facafeb0d8f2204,files/phong-khao-thi-va-dam-bao-chat-luong/41c8981e6cb1.pdf,false,2026-09-30T07:47:40+00:00,false,,
41fde2fa123f,3.Electronic-Commerce.pdf,https://tqa.iuh.edu.vn/wp-content/uploads/2023/03/3.Electronic-Commerce.pdf,https://tqa.iuh.edu.vn/nam-2021/,Phòng Khảo thí và Đảm bảo chất lượng,HCM,PHONG_KHAO_THI_DBCL,false,4,auto,1,0,scanned,184648,41fde2fa123f9031ebfbc1284609adead7837b988db5d94e1a486caea98df522,scanned_pdf/phong-khao-thi-va-dam-bao-chat-luong/41fde2fa123f.pdf,false,2026-09-30T07:47:42+00:00,false,,
44481301efd3,Ke_hoach_khao_sat_nam_hoc_2019-2020.pdf,https://tqa.iuh.edu.vn/wp-content/uploads/2019/09/Ke_hoach_khao_sat_nam_hoc_2019-2020.pdf,https://tqa.iuh.edu.vn/chua-duoc-phan-loai-en/stakeholders-survey-plans-for-the-academic-year-of-2019-2020/,Phòng Khảo thí và Đảm bảo chất lượng,HCM,PHONG_KHAO_THI_DBCL,true,,auto,4,7799,no_diacritics,2035393,44481301efd3f642389620acf95a5e667562a8f0ba9a8b630c3e229475059492,scanned_pdf/phong-khao-thi-va-dam-bao-chat-luong/44481301efd3.pdf,false,2026-09-30T07:46:50+00:00,false,,
4486ba9c9fe9,BieuMau19.pdf,http://iuh.edu.vn/Resource/Upload2/files/2021/Ba-cong-khai/BieuMau19.pdf,https://tqa.iuh.edu.vn/ba-cong-khai/ba-cong-khai-nam-2020-2021/,Phòng Khảo thí và Đảm bảo chất lượng,HCM,PHONG_KHAO_THI_DBCL,true,,auto,2,0,scanned,2608366,4486ba9c9fe92b4fbfa0ea237438557ddd057e294b863624d315d011d58ac9be,scanned_pdf/phong-khao-thi-va-dam-bao-chat-luong/4486ba9c9fe9.pdf,true,2026-09-30T07:43:47+00:00,false,,
47213886ef14,06 - BieuMau_20.pdf,http://iuh.edu.vn/Resource/Upload2/files/documents/2019_bacongkhai/06%20-%20BieuMau_20.pdf,https://tqa.iuh.edu.vn/ba-cong-khai/ba-cong-khai-nam-hoc-2018-2019/,Phòng Khảo thí và Đảm bảo chất lượng,HCM,PHONG_KHAO_THI_DBCL,false,1,auto,40,0,scanned,13518185,47213886ef1416616e7d94d4da2f09e69a7de11067f2cdb9bdf5672c413c4714,scanned_pdf/phong-khao-thi-va-dam-bao-chat-luong/47213886ef14.pdf,true,2026-09-30T07:45:35+00:00,false,,
48c3878fb628,Plan-for-Prevention-of-School-Social-Evils-and-Traffic-Safety-2025..pdf,https://tqa.iuh.edu.vn/wp-content/uploads/2026/05/Plan-for-Prevention-of-School-Social-Evils-and-Traffic-Safety-2025..pdf,https://tqa.iuh.edu.vn/sdgs-article-2/iuh-strengthens-a-safe-healthy-and-supportive-learning-environment-for-students/,Phòng Khảo thí và Đảm bảo chất lượng,HCM,PHONG_KHAO_THI_DBCL,true,,auto,6,5752,ok,1019253,48c3878fb628af722a53c797f290d332da01e97e8ea8d42111fe4058f6aa373e,files/phong-khao-thi-va-dam-bao-chat-luong/48c3878fb628.pdf,false,2026-09-30T07:48:18+00:00,true,,
4a071c206752,BieuMau_18C_KhoaDongLuc.pdf,http://iuh.edu.vn/Resource/Upload2/files/documents/2018_bacongkhai/BieuMau_18C_KhoaDongLuc.pdf,https://tqa.iuh.edu.vn/ba-cong-khai/ba-cong-khai-nam-hoc-2017-2018/,Phòng Khảo thí và Đảm bảo chất lượng,HCM,PHONG_KHAO_THI_DBCL,true,,auto,8,32,scanned,2199977,4a071c206752be02184a152c9385dbd1106e149baaaf8ce6ca5075341153b81d,scanned_pdf/phong-khao-thi-va-dam-bao-chat-luong/4a071c206752.pdf,true,2026-09-30T07:44:54+00:00,false,,
4a9980ee10d4,04_BieuMau_18C_VienSinhHoc.pdf,http://iuh.edu.vn/Resource/Upload2/files/2020/Ba-cong-khai/04_BieuMau_18C_VienSinhHoc.pdf,https://tqa.iuh.edu.vn/ba-cong-khai/ba-cong-khai-nam-hoc-2019-2020/,Phòng Khảo thí và Đảm bảo chất lượng,HCM,PHONG_KHAO_THI_DBCL,false,4,auto,109,0,scanned,31373377,4a9980ee10d498f03d0d96db7db02b0b98392b9d6a74419355c3db22b7002c58,scanned_pdf/phong-khao-thi-va-dam-bao-chat-luong/4a9980ee10d4.pdf,true,2026-09-30T07:42:49+00:00,false,,
4ba94af134e7,QĐ_don_vi_abet-1.pdf,https://tqa.iuh.edu.vn/wp-content/uploads/2018/04/QĐ_don_vi_abet-1.pdf,https://tqa.iuh.edu.vn/documents/quyet-dinh-cac-don-vi-xay-dung-chuong-trinh-dao-tao-theo-tieu-chuan-abet/,Phòng Khảo thí và Đảm bảo chất lượng,HCM,PHONG_KHAO_THI_DBCL,true,,auto,3,3767,garbled_ocr,1075549,4ba94af134e74a856eb1c10b71d2434e2e8029740a8a41c071a5764d8edb6ff8,scanned_pdf/phong-khao-thi-va-dam-bao-chat-luong/4ba94af134e7.pdf,false,2026-09-30T07:46:46+00:00,false,,
4d0f1e33e602,08.-LUAT-GD-2019.pdf,https://tqa.iuh.edu.vn/wp-content/uploads/2021/05/08.-LUAT-GD-2019.pdf,https://tqa.iuh.edu.vn/tieu-chuan-kdcl/moet/,Phòng Khảo thí và Đảm bảo chất lượng,HCM,PHONG_KHAO_THI_DBCL,true,,auto,51,0,scanned,10597432,4d0f1e33e6026df485aaa215f0d419524b440cef33fb6149a18bbfdf8c5c5163,scanned_pdf/phong-khao-thi-va-dam-bao-chat-luong/4d0f1e33e602.pdf,false,2026-09-30T07:47:01+00:00,false,,
4d21b4b25806,B22 - Co so vat chat.pdf,http://iuh.edu.vn/Resource/Upload2/files/documents/2016_bacongkhai/B22%20-%20Co%20so%20vat%20chat.pdf,https://tqa.iuh.edu.vn/ba-cong-khai/ba-cong-khai-nam-hoc-2015-2016/,Phòng Khảo thí và Đảm bảo chất lượng,HCM,PHONG_KHAO_THI_DBCL,true,,auto,1,1081,garbled_ocr,633649,4d21b4b25806721104bb7ff01184ede040d57e8b857725cdb2bb797b874aea60,scanned_pdf/phong-khao-thi-va-dam-bao-chat-luong/4d21b4b25806.pdf,true,2026-09-30T07:43:57+00:00,false,,
4d40b9f10c24,SUPPORT-SERVICES-HANDBOOK.pdf,https://tqa.iuh.edu.vn/wp-content/uploads/2026/05/SUPPORT-SERVICES-HANDBOOK.pdf,https://tqa.iuh.edu.vn/sdgs-article-2/iuh-strengthens-a-safe-healthy-and-supportive-learning-environment-for-students/,Phòng Khảo thí và Đảm bảo chất lượng,HCM,PHONG_KHAO_THI_DBCL,false,3,auto,63,101709,ok,4671682,4d40b9f10c24aa1840fa338afcd91449b30a495e8c46057d1d55d0239cdce54a,files/phong-khao-thi-va-dam-bao-chat-luong/4d40b9f10c24.pdf,false,2026-09-30T07:48:19+00:00,true,,
4d50d8a0ff3e,BieuMau_18C_KhoaXayDung.pdf,https://iuh.edu.vn/Resource/Upload2/files/2023/ba-cong-khai/BieuMau_18C_KhoaXayDung.pdf,https://tqa.iuh.edu.vn/ba-cong-khai/ba-cong-khai-nam-hoc-2021-2022/,Phòng Khảo thí và Đảm bảo chất lượng,HCM,PHONG_KHAO_THI_DBCL,true,,auto,39,0,scanned,12527491,4d50d8a0ff3e41ed6fcb2ee09c80e520b49ff4e15d8a18eb76d3c42735760fe4,scanned_pdf/phong-khao-thi-va-dam-bao-chat-luong/4d50d8a0ff3e.pdf,true,2026-09-30T07:46:01+00:00,false,,
4f3c8c56857d,BieuMau_19.pdf,https://iuh.edu.vn/Resource/Upload2/files/2023/ba-cong-khai/BieuMau_19.pdf,https://tqa.iuh.edu.vn/ba-cong-khai/ba-cong-khai-nam-hoc-2021-2022/,Phòng Khảo thí và Đảm bảo chất lượng,HCM,PHONG_KHAO_THI_DBCL,false,4,auto,2,0,scanned,512164,4f3c8c56857de59aaa71754ca4b293891ee37082cc1897cdac32f67373a773fb,scanned_pdf/phong-khao-thi-va-dam-bao-chat-luong/4f3c8c56857d.pdf,true,2026-09-30T07:46:06+00:00,false,,
506264de6ec4,BieuMau_18C_KhoaKTKT.pdf,https://iuh.edu.vn/Resource/Upload2/files/2023/ba-cong-khai/BieuMau_18C_KhoaKTKT.pdf,https://tqa.iuh.edu.vn/ba-cong-khai/ba-cong-khai-nam-hoc-2021-2022/,Phòng Khảo thí và Đảm bảo chất lượng,HCM,PHONG_KHAO_THI_DBCL,true,,auto,67,0,scanned,20116471,506264de6ec4e81d107f1c20749c9c8c654777946c5b4afbcd9b2d0c9f2a5549,scanned_pdf/phong-khao-thi-va-dam-bao-chat-luong/506264de6ec4.pdf,true,2026-09-30T07:45:53+00:00,false,,
5177bb91ab2e,phuc-khao-HK2-2022-2023-dang-web.pdf,https://tqa.iuh.edu.vn/wp-content/uploads/2023/10/phuc-khao-HK2-2022-2023-dang-web.pdf,https://tqa.iuh.edu.vn/cong-tac-khao-thi/tong-hop-ket-qua-phuc-khao/,Phòng Khảo thí và Đảm bảo chất lượng,HCM,PHONG_KHAO_THI_DBCL,true,,auto,1,1526,ok,187002,5177bb91ab2ef3a1ca486ea337bab50927f66a45eb2630e4a5b38bbe23e8d50f,files/phong-khao-thi-va-dam-bao-chat-luong/5177bb91ab2e.pdf,false,2026-09-30T07:47:46+00:00,true,,
51d3df82906c,BieuMau_18C_KhoaDien.pdf,https://iuh.edu.vn/Resource/Upload2/files/2023/ba-cong-khai/BieuMau_18C_KhoaDien.pdf,https://tqa.iuh.edu.vn/ba-cong-khai/ba-cong-khai-nam-hoc-2021-2022/,Phòng Khảo thí và Đảm bảo chất lượng,HCM,PHONG_KHAO_THI_DBCL,true,,auto,27,0,scanned,7982539,51d3df82906cee296eaae7781cc0b91776904cb625aa95d638bcb8b82b1a5031,scanned_pdf/phong-khao-thi-va-dam-bao-chat-luong/51d3df82906c.pdf,true,2026-09-30T07:45:49+00:00,false,,
5265fccdf318,04-16 - BieuMau_18C_VienMoiTruong.pdf,http://iuh.edu.vn/Resource/Upload2/files/documents/2019_bacongkhai/04-16%20-%20BieuMau_18C_VienMoiTruong.pdf,https://tqa.iuh.edu.vn/ba-cong-khai/ba-cong-khai-nam-hoc-2018-2019/,Phòng Khảo thí và Đảm bảo chất lượng,HCM,PHONG_KHAO_THI_DBCL,true,,auto,41,0,scanned,12577017,5265fccdf318aa6302acc69cd1b482606e48d9c17fab5aaed444edff81692641,scanned_pdf/phong-khao-thi-va-dam-bao-chat-luong/5265fccdf318.pdf,true,2026-09-30T07:45:32+00:00,false,,
528da910d819,16_Nganh Ke toan.pdf,http://iuh.edu.vn/Resource/Upload2/files/documents/2016_bacongkhai/Bieu_20/16_Nganh%20Ke%20toan.pdf,https://tqa.iuh.edu.vn/ba-cong-khai/ba-cong-khai-nam-hoc-2015-2016/,Phòng Khảo thí và Đảm bảo chất lượng,HCM,PHONG_KHAO_THI_DBCL,false,4,auto,5,8378,garbled_ocr,3470876,528da910d8195547c2ed92f0e6ca2d667c5ff49f4f7de31ae4e6aae2dcdd2254,scanned_pdf/phong-khao-thi-va-dam-bao-chat-luong/528da910d819.pdf,true,2026-09-30T07:44:40+00:00,false,,
5334f46b757e,Appendix_2_Revised_Blooms_Verbs_Explanation_T.phuc_.pdf,https://tqa.iuh.edu.vn/wp-content/uploads/2018/03/Appendix_2_Revised_Blooms_Verbs_Explanation_T.phuc_.pdf,https://tqa.iuh.edu.vn/tai-lieu-dam-bao-chat-luong/,Phòng Khảo thí và Đảm bảo chất lượng,HCM,PHONG_KHAO_THI_DBCL,false,3,auto,12,13280,ok,70325,5334f46b757eb122111297337eb34a51c81f75dcbf41968c86da97974553894a,files/phong-khao-thi-va-dam-bao-chat-luong/5334f46b757e.pdf,false,2026-09-30T07:46:36+00:00,true,,
541f4ecccf1f,BieuMau_18C_KhoaMayThoiTrang.pdf,http://iuh.edu.vn/Resource/Upload2/files/documents/2018_bacongkhai/BieuMau_18C_KhoaMayThoiTrang.pdf,https://tqa.iuh.edu.vn/ba-cong-khai/ba-cong-khai-nam-hoc-2017-2018/,Phòng Khảo thí và Đảm bảo chất lượng,HCM,PHONG_KHAO_THI_DBCL,true,,auto,44,0,scanned,13389527,541f4ecccf1f85347f452e3b413b535a456cac634940d01d0fd40fe163ae55f6,scanned_pdf/phong-khao-thi-va-dam-bao-chat-luong/541f4ecccf1f.pdf,true,2026-09-30T07:44:59+00:00,false,,
5456de7401b7,17_Nganh CNKT Hoa hoc.pdf,http://iuh.edu.vn/Resource/Upload2/files/documents/2016_bacongkhai/Bieu_20/17_Nganh%20CNKT%20Hoa%20hoc.pdf,https://tqa.iuh.edu.vn/ba-cong-khai/ba-cong-khai-nam-hoc-2015-2016/,Phòng Khảo thí và Đảm bảo chất lượng,HCM,PHONG_KHAO_THI_DBCL,false,2,auto,4,8839,garbled_ocr,3131692,5456de7401b724923b300883000f7ff7202b81e64d21a2f68fcd79bd75dcf1e9,scanned_pdf/phong-khao-thi-va-dam-bao-chat-luong/5456de7401b7.pdf,true,2026-09-30T07:44:41+00:00,false,,
55baec59d1c0,QD1567_DHCN.pdf,https://iuh.edu.vn/Resource/Upload2/files/2023/ba-cong-khai/QD1567_DHCN.pdf,https://tqa.iuh.edu.vn/ba-cong-khai/ba-cong-khai-nam-hoc-2021-2022/,Phòng Khảo thí và Đảm bảo chất lượng,HCM,PHONG_KHAO_THI_DBCL,false,2,auto,1,0,scanned,279025,55baec59d1c08d6390156d0c268b65469b028257ddbeb1a1d31a65c504a0d60c,scanned_pdf/phong-khao-thi-va-dam-bao-chat-luong/55baec59d1c0.pdf,true,2026-09-30T07:46:09+00:00,false,,
55e65dae5e7f,Bieu_18C_KhoaXayDung.pdf,https://iuh.edu.vn/Resource/Upload2/files/ba-cong-khai/2022-2023/Bieu_18C_KhoaXayDung.pdf,https://tqa.iuh.edu.vn/ba-cong-khai/ba-cong-khai-nam-hoc-2022-2023/,Phòng Khảo thí và Đảm bảo chất lượng,HCM,PHONG_KHAO_THI_DBCL,true,,auto,45,0,scanned,22692697,55e65dae5e7f52aae6f1a1571b121452556e9dce7d76620b09097308db1f0816,scanned_pdf/phong-khao-thi-va-dam-bao-chat-luong/55e65dae5e7f.pdf,true,2026-09-30T07:46:27+00:00,false,,
5603463863b0,Ke-hoach-khao-sat-2026-2027.pdf,https://tqa.iuh.edu.vn/wp-content/uploads/2026/08/Ke-hoach-khao-sat-2026-2027.pdf,https://tqa.iuh.edu.vn/thong-bao/ke-hoach-khao-sat-cac-ben-lien-quan-nam-hoc-2025-2026/,Phòng Khảo thí và Đảm bảo chất lượng,HCM,PHONG_KHAO_THI_DBCL,false,4,auto,5,0,scanned,1082236,5603463863b0e2dd16f1fc631ae05b8c787ba64fa601ea06bd6c73a047737f8e,scanned_pdf/phong-khao-thi-va-dam-bao-chat-luong/5603463863b0.pdf,false,2026-09-30T07:48:23+00:00,false,,
56ec6867742a,3.-Ke-hoach-khao-sat-cac-ben-lien-quan-nam-hoc-2021-2022-1.pdf,https://tqa.iuh.edu.vn/wp-content/uploads/2024/09/3.-Ke-hoach-khao-sat-cac-ben-lien-quan-nam-hoc-2021-2022-1.pdf,https://tqa.iuh.edu.vn/survey-plan/stakeholders-survey-plans-for-the-academic-year-of-2021-2022/,Phòng Khảo thí và Đảm bảo chất lượng,HCM,PHONG_KHAO_THI_DBCL,false,1,auto,4,7775,ok,742699,56ec6867742a78fa290077c49263b3cd70c3a768cf09aeb77a85192ec9b31b5d,files/phong-khao-thi-va-dam-bao-chat-luong/56ec6867742a.pdf,false,2026-09-30T07:47:49+00:00,true,,
58769c4f55e5,07_Nganh CN Moi truong.pdf,http://iuh.edu.vn/Resource/Upload2/files/documents/2016_bacongkhai/Bieu_20/07_Nganh%20CN%20Moi%20truong.pdf,https://tqa.iuh.edu.vn/ba-cong-khai/ba-cong-khai-nam-hoc-2015-2016/,Phòng Khảo thí và Đảm bảo chất lượng,HCM,PHONG_KHAO_THI_DBCL,true,,auto,4,5662,garbled_ocr,2689504,58769c4f55e5c4a2be5536e2914e89e0e3ceba77a578a19351885b931f6aed49,scanned_pdf/phong-khao-thi-va-dam-bao-chat-luong/58769c4f55e5.pdf,true,2026-09-30T07:44:20+00:00,false,,
597c5c034fc1,BieuMau_18C_KhoaCoKhi.pdf,https://iuh.edu.vn/Resource/Upload2/files/2023/ba-cong-khai/BieuMau_18C_KhoaCoKhi.pdf,https://tqa.iuh.edu.vn/ba-cong-khai/ba-cong-khai-nam-hoc-2021-2022/,Phòng Khảo thí và Đảm bảo chất lượng,HCM,PHONG_KHAO_THI_DBCL,true,,auto,65,0,scanned,21251697,597c5c034fc1b6683ae4f7c22108b6e84937fbe7fa66add67c4a6e09aa96f94c,scanned_pdf/phong-khao-thi-va-dam-bao-chat-luong/597c5c034fc1.pdf,true,2026-09-30T07:45:48+00:00,false,,
59f638a7453a,10 - BieuMau_18G_H_I_K.pdf,http://iuh.edu.vn/Resource/Upload2/files/documents/2019_bacongkhai/10%20-%20BieuMau_18G_H_I_K.pdf,https://tqa.iuh.edu.vn/ba-cong-khai/ba-cong-khai-nam-hoc-2018-2019/,Phòng Khảo thí và Đảm bảo chất lượng,HCM,PHONG_KHAO_THI_DBCL,true,,auto,23,0,scanned,6746185,59f638a7453ace8d98d6ee85ed2753ffb605e26e535283e200a45b58332f95f7,scanned_pdf/phong-khao-thi-va-dam-bao-chat-luong/59f638a7453a.pdf,true,2026-09-30T07:45:39+00:00,false,,
5a0063f8805c,thong_ke_tinh_hinh_phuc_khao_HK-I_20-21.pdf,https://tqa.iuh.edu.vn/wp-content/uploads/2021/05/thong_ke_tinh_hinh_phuc_khao_HK-I_20-21.pdf,https://tqa.iuh.edu.vn/cong-tac-khao-thi/tong-hop-ket-qua-phuc-khao/,Phòng Khảo thí và Đảm bảo chất lượng,HCM,PHONG_KHAO_THI_DBCL,true,,auto,1,1525,ok,290068,5a0063f8805c20ffb6c590fe4a0ed88e4839e384eb46501d55b06bfa4973273f,files/phong-khao-thi-va-dam-bao-chat-luong/5a0063f8805c.pdf,false,2026-09-30T07:47:17+00:00,true,,
5a2cf6faf0ff,Bieu tong hop.pdf,http://iuh.edu.vn/Resource/Upload2/files/documents/2016_bacongkhai/Bieu%20tong%20hop.pdf,https://tqa.iuh.edu.vn/ba-cong-khai/ba-cong-khai-nam-hoc-2015-2016/,Phòng Khảo thí và Đảm bảo chất lượng,HCM,PHONG_KHAO_THI_DBCL,true,,auto,2,1982,garbled_ocr,700930,5a2cf6faf0ff7a74bb30c3934142d6e33436c6d21d75bbd34605e0b9e120c22e,scanned_pdf/phong-khao-thi-va-dam-bao-chat-luong/5a2cf6faf0ff.pdf,true,2026-09-30T07:44:03+00:00,false,,
5a88a320fa40,04_BieuMau_18C_KhoaDien.pdf,http://iuh.edu.vn/Resource/Upload2/files/2020/Ba-cong-khai/04_BieuMau_18C_KhoaDien.pdf,https://tqa.iuh.edu.vn/ba-cong-khai/ba-cong-khai-nam-hoc-2019-2020/,Phòng Khảo thí và Đảm bảo chất lượng,HCM,PHONG_KHAO_THI_DBCL,true,,auto,20,0,scanned,6452965,5a88a320fa408b3bc4ab02119a42e39e1e3560c9f34ee14227579603de8194b3,scanned_pdf/phong-khao-thi-va-dam-bao-chat-luong/5a88a320fa40.pdf,true,2026-09-30T07:42:11+00:00,false,,
5aaa12274e06,BieuMau_18D.pdf,https://iuh.edu.vn/Resource/Upload2/files/2023/ba-cong-khai/BieuMau_18D.pdf,https://tqa.iuh.edu.vn/ba-cong-khai/ba-cong-khai-nam-hoc-2021-2022/,Phòng Khảo thí và Đảm bảo chất lượng,HCM,PHONG_KHAO_THI_DBCL,true,,auto,60,0,scanned,16643934,5aaa12274e06a0bba832561ce41684406da97525fd7491a7e455979f7ed5c076,scanned_pdf/phong-khao-thi-va-dam-bao-chat-luong/5aaa12274e06.pdf,true,2026-09-30T07:46:04+00:00,false,,
5ba16532296b,03_Nganh CNKT Dien tu Truyen thong.pdf,http://iuh.edu.vn/Resource/Upload2/files/documents/2016_bacongkhai/Bieu_20/03_Nganh%20CNKT%20Dien%20tu%20Truyen%20thong.pdf,https://tqa.iuh.edu.vn/ba-cong-khai/ba-cong-khai-nam-hoc-2015-2016/,Phòng Khảo thí và Đảm bảo chất lượng,HCM,PHONG_KHAO_THI_DBCL,true,,auto,3,5238,garbled_ocr,2214024,5ba16532296b07e3d0aa22010ee3ee1bfdbdad52129051114d00ea8b1602f6f8,scanned_pdf/phong-khao-thi-va-dam-bao-chat-luong/5ba16532296b.pdf,true,2026-09-30T07:44:10+00:00,false,,
5bfae3ebaf19,Bieu_21.pdf,https://iuh.edu.vn/Resource/Upload2/files/ba-cong-khai/2022-2023/Bieu_21.pdf,https://tqa.iuh.edu.vn/ba-cong-khai/ba-cong-khai-nam-hoc-2022-2023/,Phòng Khảo thí và Đảm bảo chất lượng,HCM,PHONG_KHAO_THI_DBCL,true,,auto,1,0,scanned,456259,5bfae3ebaf19bd2502b23086648c2b85b561db33abaf59bc82b4c82b290bbc19,scanned_pdf/phong-khao-thi-va-dam-bao-chat-luong/5bfae3ebaf19.pdf,true,2026-09-30T07:46:36+00:00,false,,
5d99ffcb638c,Appendix_7_What_make_a_good_sar_version_3.pdf,https://tqa.iuh.edu.vn/wp-content/uploads/2018/04/Appendix_7_What_make_a_good_sar_version_3.pdf,https://tqa.iuh.edu.vn/appendix_7_what_make_a_good_sar_version_3/,Phòng Khảo thí và Đảm bảo chất lượng,HCM,PHONG_KHAO_THI_DBCL,false,1,auto,13,10231,ok,99472,5d99ffcb638cb75447bf058fc7862349735ed113201f4a91575ad6c472822890,files/phong-khao-thi-va-dam-bao-chat-luong/5d99ffcb638c.pdf,false,2026-09-30T07:46:44+00:00,true,,
5daa5003b961,B21 - Chat luong dao tao.pdf,http://iuh.edu.vn/Resource/Upload2/files/documents/2016_bacongkhai/B21%20-%20Chat%20luong%20dao%20tao.pdf,https://tqa.iuh.edu.vn/ba-cong-khai/ba-cong-khai-nam-hoc-2015-2016/,Phòng Khảo thí và Đảm bảo chất lượng,HCM,PHONG_KHAO_THI_DBCL,true,,auto,1,1780,garbled_ocr,816683,5daa5003b961842b1e30c2b5746be61fcd4e9b841d81b459503ac50611089a9a,scanned_pdf/phong-khao-thi-va-dam-bao-chat-luong/5daa5003b961.pdf,true,2026-09-30T07:43:55+00:00,false,,
5f273130e91b,05 - BieuMau_19.pdf,http://iuh.edu.vn/Resource/Upload2/files/documents/2019_bacongkhai/05%20-%20BieuMau_19.pdf,https://tqa.iuh.edu.vn/ba-cong-khai/ba-cong-khai-nam-hoc-2018-2019/,Phòng Khảo thí và Đảm bảo chất lượng,HCM,PHONG_KHAO_THI_DBCL,true,,auto,2,0,scanned,520605,5f273130e91bfa00a28e20c8301f20f6beb4f1da6de88ed1d584f771075f1bac,scanned_pdf/phong-khao-thi-va-dam-bao-chat-luong/5f273130e91b.pdf,true,2026-09-30T07:45:33+00:00,false,,
61342cc40486,Phu luc kem theo bieu mau 22.pdf,https://iuh.edu.vn/Resource/Upload/file/2012/3CK/Phu%20luc%20kem%20theo%20bieu%20mau%2022.pdf,https://tqa.iuh.edu.vn/news-events/iuh-ensures-energy-efficiency-in-all-new-and-renovated-buildings/,Phòng Khảo thí và Đảm bảo chất lượng,HCM,PHONG_KHAO_THI_DBCL,true,,auto,1186,1484331,ok,3935643,61342cc40486cab6348c787232573f5f40f9fff9e9d5eed6584c9b12488f35ac,files/phong-khao-thi-va-dam-bao-chat-luong/61342cc40486.pdf,true,2026-09-30T07:45:44+00:00,false,,
61e2a0a5a44b,04_BieuMau_18C_KhoaHoa.pdf,http://iuh.edu.vn/Resource/Upload2/files/2020/Ba-cong-khai/04_BieuMau_18C_KhoaHoa.pdf,https://tqa.iuh.edu.vn/ba-cong-khai/ba-cong-khai-nam-hoc-2019-2020/,Phòng Khảo thí và Đảm bảo chất lượng,HCM,PHONG_KHAO_THI_DBCL,true,,auto,52,0,scanned,16555444,61e2a0a5a44bb430afb7ab046c9281659a37cb4086465d8aa4de7b88a2e521ff,scanned_pdf/phong-khao-thi-va-dam-bao-chat-luong/61e2a0a5a44b.pdf,true,2026-09-30T07:42:20+00:00,false,,
61f0cea80cb6,10.-LUAT-SUA-DOI-BO-SUNG-LUAT-GDĐH.pdf,https://tqa.iuh.edu.vn/wp-content/uploads/2021/05/10.-LUAT-SUA-DOI-BO-SUNG-LUAT-GDĐH.pdf,https://tqa.iuh.edu.vn/tieu-chuan-kdcl/moet/,Phòng Khảo thí và Đảm bảo chất lượng,HCM,PHONG_KHAO_THI_DBCL,true,,auto,31,0,scanned,499713,61f0cea80cb6ef18bd9086496672916250388be44dbc5614a43a870e7d2ec5b1,scanned_pdf/phong-khao-thi-va-dam-bao-chat-luong/61f0cea80cb6.pdf,false,2026-09-30T07:47:02+00:00,false,,
63dc955d283f,KH-khảo-sát-2022-2023.pdf,https://tqa.iuh.edu.vn/wp-content/uploads/2022/09/KH-khảo-sát-2022-2023.pdf,https://tqa.iuh.edu.vn/thong-bao/ke-hoach-khao-sat-cac-ben-lien-quan-nam-hoc-2021-2022/,Phòng Khảo thí và Đảm bảo chất lượng,HCM,PHONG_KHAO_THI_DBCL,false,1,auto,4,0,scanned,593445,63dc955d283f9ff4d6eb64b7fe9dd6ae370989247b01628474749389995cefb0,scanned_pdf/phong-khao-thi-va-dam-bao-chat-luong/63dc955d283f.pdf,false,2026-09-30T07:47:35+00:00,false,,
64bb24d9a75a,BieuMau_18C_VienSinhHoc_ThucPham.pdf,http://iuh.edu.vn/Resource/Upload2/files/documents/2018_bacongkhai/BieuMau_18C_VienSinhHoc_ThucPham.pdf,https://tqa.iuh.edu.vn/ba-cong-khai/ba-cong-khai-nam-hoc-2017-2018/,Phòng Khảo thí và Đảm bảo chất lượng,HCM,PHONG_KHAO_THI_DBCL,true,,auto,66,0,scanned,19431190,64bb24d9a75a1678f74b82d8c229add8c6fb5134aae0969ea15312fda41d7893,scanned_pdf/phong-khao-thi-va-dam-bao-chat-luong/64bb24d9a75a.pdf,true,2026-09-30T07:45:07+00:00,false,,
67aa91d717a6,Appendix_4_-_Types_of_Assessment_Method.pdf,https://tqa.iuh.edu.vn/wp-content/uploads/2018/03/Appendix_4_-_Types_of_Assessment_Method.pdf,https://tqa.iuh.edu.vn/appendix_4_types_of_assessment_method/,Phòng Khảo thí và Đảm bảo chất lượng,HCM,PHONG_KHAO_THI_DBCL,true,,auto,7,17077,ok,195448,67aa91d717a6e841232fbdca0f50ea85f9bd2bd6abdf267d84f3cbc91db49a28,files/phong-khao-thi-va-dam-bao-chat-luong/67aa91d717a6.pdf,false,2026-09-30T07:46:38+00:00,true,,
681b05dc90a6,04-17 - BieuMau_18C_VienSinhHocTP.pdf,http://iuh.edu.vn/Resource/Upload2/files/documents/2019_bacongkhai/04-17%20-%20BieuMau_18C_VienSinhHocTP.pdf,https://tqa.iuh.edu.vn/ba-cong-khai/ba-cong-khai-nam-hoc-2018-2019/,Phòng Khảo thí và Đảm bảo chất lượng,HCM,PHONG_KHAO_THI_DBCL,true,,auto,88,0,scanned,22954729,681b05dc90a60055e1a5a02c576e66e3e42545b98e91061bb17744651bd4d33f,scanned_pdf/phong-khao-thi-va-dam-bao-chat-luong/681b05dc90a6.pdf,true,2026-09-30T07:45:33+00:00,false,,
69ded1daafba,Appendix_5b_Writing_assessment_criteria_standards.pdf,https://tqa.iuh.edu.vn/wp-content/uploads/2018/04/Appendix_5b_Writing_assessment_criteria_standards.pdf,https://tqa.iuh.edu.vn/appendix_5b_writing_assessment_criteria_standards-2/,Phòng Khảo thí và Đảm bảo chất lượng,HCM,PHONG_KHAO_THI_DBCL,true,,auto,4,12951,ok,65970,69ded1daafbaf49373edb3d3626598ad2e2dffcfcbe0d2a044eafef5e727c265,files/phong-khao-thi-va-dam-bao-chat-luong/69ded1daafba.pdf,false,2026-09-30T07:46:43+00:00,true,,
6ac91f38b725,BieuMau21.pdf,http://iuh.edu.vn/Resource/Upload2/files/2021/Ba-cong-khai/BieuMau21.pdf,https://tqa.iuh.edu.vn/ba-cong-khai/ba-cong-khai-nam-2020-2021/,Phòng Khảo thí và Đảm bảo chất lượng,HCM,PHONG_KHAO_THI_DBCL,false,3,auto,2,0,scanned,2083852,6ac91f38b72575dd73ca77fecfd977625c6bbd32e905cafc532e677bc4f646b5,scanned_pdf/phong-khao-thi-va-dam-bao-chat-luong/6ac91f38b725.pdf,true,2026-09-30T07:43:51+00:00,false,,
6e41183d6ab0,Bieu_18C_KhoaLuat.pdf,https://iuh.edu.vn/Resource/Upload2/files/ba-cong-khai/2022-2023/Bieu_18C_KhoaLuat.pdf,https://tqa.iuh.edu.vn/ba-cong-khai/ba-cong-khai-nam-hoc-2022-2023/,Phòng Khảo thí và Đảm bảo chất lượng,HCM,PHONG_KHAO_THI_DBCL,true,,auto,28,0,scanned,13167443,6e41183d6ab0f7facbb6958da232eab3a223455201694ff3b2b73fd6f5c4aa57,scanned_pdf/phong-khao-thi-va-dam-bao-chat-luong/6e41183d6ab0.pdf,true,2026-09-30T07:46:20+00:00,false,,
729f196070dc,01.-TT-04.pdf,https://tqa.iuh.edu.vn/wp-content/uploads/2021/05/01.-TT-04.pdf,https://tqa.iuh.edu.vn/tieu-chuan-kdcl/moet/,Phòng Khảo thí và Đảm bảo chất lượng,HCM,PHONG_KHAO_THI_DBCL,true,,auto,9,146,scanned,435546,729f196070dcad654ff743d12e742cd20e9d49857199eb593bc6517c6ab7b90d,scanned_pdf/phong-khao-thi-va-dam-bao-chat-luong/729f196070dc.pdf,false,2026-09-30T07:46:52+00:00,false,,
729f80865d68,04_BieuMau_18C_KhoaCoKhi.pdf,http://iuh.edu.vn/Resource/Upload2/files/2020/Ba-cong-khai/04_BieuMau_18C_KhoaCoKhi.pdf,https://tqa.iuh.edu.vn/ba-cong-khai/ba-cong-khai-nam-hoc-2019-2020/,Phòng Khảo thí và Đảm bảo chất lượng,HCM,PHONG_KHAO_THI_DBCL,false,3,auto,68,0,scanned,21448012,729f80865d68ad829ec23b3fa4ecb58fcefb9c6579f971812fc3ed9175e52c42,scanned_pdf/phong-khao-thi-va-dam-bao-chat-luong/729f80865d68.pdf,true,2026-09-30T07:42:09+00:00,false,,
7414745ee8b5,16-03-2018_10.02.07stemcon_2018_invitation.pdf,https://tqa.iuh.edu.vn/wp-content/uploads/2018/03/16-03-2018_10.02.07stemcon_2018_invitation.pdf,https://tqa.iuh.edu.vn/announcement/invatation-letter-steamcon-2018-industry-4-0-and-steam-people-will-the-be-key-to-success-and-competitiveness/,Phòng Khảo thí và Đảm bảo chất lượng,HCM,PHONG_KHAO_THI_DBCL,true,,auto,1,2281,ok,263780,7414745ee8b5732b451fd3fab877dc918554df25ab15a1c2246a96a67a574d44,files/phong-khao-thi-va-dam-bao-chat-luong/7414745ee8b5.pdf,false,2026-09-30T07:46:35+00:00,true,,
7565b29b32c6,phuc-khao-HK3-2024-2025-dang-web.pdf,https://tqa.iuh.edu.vn/wp-content/uploads/2026/03/phuc-khao-HK3-2024-2025-dang-web.pdf,https://tqa.iuh.edu.vn/cong-tac-khao-thi/tong-hop-ket-qua-phuc-khao/,Phòng Khảo thí và Đảm bảo chất lượng,HCM,PHONG_KHAO_THI_DBCL,true,,auto,1,1424,ok,185809,7565b29b32c6350097e89a60ba11aaed8b7de91765864f9607a4719713663385,files/phong-khao-thi-va-dam-bao-chat-luong/7565b29b32c6.pdf,false,2026-09-30T07:48:07+00:00,true,,
77071a7d5b84,04-14 - BieuMau_18C_KhoaDienTu.pdf,http://iuh.edu.vn/Resource/Upload2/files/documents/2019_bacongkhai/04-14%20-%20BieuMau_18C_KhoaDienTu.pdf,https://tqa.iuh.edu.vn/ba-cong-khai/ba-cong-khai-nam-hoc-2018-2019/,Phòng Khảo thí và Đảm bảo chất lượng,HCM,PHONG_KHAO_THI_DBCL,true,,auto,33,0,scanned,12713369,77071a7d5b84df3899e9be1e082f0b180d1d7eaebafa69b42c1df428be1642f7,scanned_pdf/phong-khao-thi-va-dam-bao-chat-luong/77071a7d5b84.pdf,true,2026-09-30T07:45:30+00:00,false,,
78e127e29b9b,BieuMau_18D.pdf,http://iuh.edu.vn/Resource/Upload2/files/documents/2018_bacongkhai/BieuMau_18D.pdf,https://tqa.iuh.edu.vn/ba-cong-khai/ba-cong-khai-nam-hoc-2017-2018/,Phòng Khảo thí và Đảm bảo chất lượng,HCM,PHONG_KHAO_THI_DBCL,true,,auto,12,5,scanned,4512725,78e127e29b9ba7b1fe25d5d788f4973d4b47b0f45809088993db3a1b988faf11,scanned_pdf/phong-khao-thi-va-dam-bao-chat-luong/78e127e29b9b.pdf,true,2026-09-30T07:45:08+00:00,false,,
78e3b8220ac7,04_BieuMau_18C_KhoaXayDung.pdf,http://iuh.edu.vn/Resource/Upload2/files/2020/Ba-cong-khai/04_BieuMau_18C_KhoaXayDung.pdf,https://tqa.iuh.edu.vn/ba-cong-khai/ba-cong-khai-nam-hoc-2019-2020/,Phòng Khảo thí và Đảm bảo chất lượng,HCM,PHONG_KHAO_THI_DBCL,true,,auto,51,0,scanned,14903179,78e3b8220ac7f1287e31b517e9d964a09611f2b278682028ad960bd0a24104ff,scanned_pdf/phong-khao-thi-va-dam-bao-chat-luong/78e3b8220ac7.pdf,true,2026-09-30T07:42:44+00:00,false,,
7a311ac554a8,Appendix_2a_Programme_specification_ba-economics_ul.pdf,https://tqa.iuh.edu.vn/wp-content/uploads/2018/04/Appendix_2a_Programme_specification_ba-economics_ul.pdf,https://tqa.iuh.edu.vn/appendix_2a_programme_specification_ba-economics_ul/,Phòng Khảo thí và Đảm bảo chất lượng,HCM,PHONG_KHAO_THI_DBCL,false,3,auto,11,25363,ok,466789,7a311ac554a8aa63cc13ff21a80310f92d726f122d10648e64cad45fdf677183,files/phong-khao-thi-va-dam-bao-chat-luong/7a311ac554a8.pdf,false,2026-09-30T07:46:42+00:00,true,,
7aae7f9408ec,04_BieuMau_18C_KhoaLuat.pdf,http://iuh.edu.vn/Resource/Upload2/files/2020/Ba-cong-khai/04_BieuMau_18C_KhoaLuat.pdf,https://tqa.iuh.edu.vn/ba-cong-khai/ba-cong-khai-nam-hoc-2019-2020/,Phòng Khảo thí và Đảm bảo chất lượng,HCM,PHONG_KHAO_THI_DBCL,true,,auto,27,0,scanned,7584327,7aae7f9408ecc368232daf7609016bf3064541edb7fea5605ea2ffe23ff953a0,scanned_pdf/phong-khao-thi-va-dam-bao-chat-luong/7aae7f9408ec.pdf,true,2026-09-30T07:42:26+00:00,false,,
7cecbc8900f3,bao_cao_tinh-hinh-phuc-khao-HK3-2016-2017.pdf,https://tqa.iuh.edu.vn/wp-content/uploads/2021/05/bao_cao_tinh-hinh-phuc-khao-HK3-2016-2017.pdf,https://tqa.iuh.edu.vn/cong-tac-khao-thi/tong-hop-ket-qua-phuc-khao/,Phòng Khảo thí và Đảm bảo chất lượng,HCM,PHONG_KHAO_THI_DBCL,false,4,auto,1,1515,ok,486719,7cecbc8900f3f3016dcd02c051363817480481c8d402c9c2cc053d62040694c6,files/phong-khao-thi-va-dam-bao-chat-luong/7cecbc8900f3.pdf,false,2026-09-30T07:47:12+00:00,true,,
7d8915a99d1a,BieuMau_18C_KhoaTCNH.pdf,https://iuh.edu.vn/Resource/Upload2/files/2023/ba-cong-khai/BieuMau_18C_KhoaTCNH.pdf,https://tqa.iuh.edu.vn/ba-cong-khai/ba-cong-khai-nam-hoc-2021-2022/,Phòng Khảo thí và Đảm bảo chất lượng,HCM,PHONG_KHAO_THI_DBCL,true,,auto,45,0,scanned,13840144,7d8915a99d1aa008c890d88c81873b980276298495169a690d1773d47d7e7e16,scanned_pdf/phong-khao-thi-va-dam-bao-chat-luong/7d8915a99d1a.pdf,true,2026-09-30T07:45:59+00:00,false,,
7ded1335c81c,BieuMau_17.pdf,http://iuh.edu.vn/Resource/Upload2/files/documents/2018_bacongkhai/BieuMau_17.pdf,https://tqa.iuh.edu.vn/ba-cong-khai/ba-cong-khai-nam-hoc-2017-2018/,Phòng Khảo thí và Đảm bảo chất lượng,HCM,PHONG_KHAO_THI_DBCL,true,,auto,82,0,scanned,26153755,7ded1335c81cb925345a8acbee649c9a5a7bf4fcf7546b6c2078fe49d8c701d4,scanned_pdf/phong-khao-thi-va-dam-bao-chat-luong/7ded1335c81c.pdf,true,2026-09-30T07:44:50+00:00,false,,
7f7fbafd5407,Bieu_18AB.pdf,https://iuh.edu.vn/Resource/Upload2/files/ba-cong-khai/2022-2023/Bieu_18AB.pdf,https://tqa.iuh.edu.vn/ba-cong-khai/ba-cong-khai-nam-hoc-2022-2023/,Phòng Khảo thí và Đảm bảo chất lượng,HCM,PHONG_KHAO_THI_DBCL,true,,auto,1,0,scanned,461426,7f7fbafd54078cebb7262e3eb1bec9a86642d48f4c96c0a6360262c07fb14609,scanned_pdf/phong-khao-thi-va-dam-bao-chat-luong/7f7fbafd5407.pdf,true,2026-09-30T07:46:12+00:00,false,,
80d9b88c98a7,4.Engineering-in-thermal-Engineering-Technology.pdf,https://tqa.iuh.edu.vn/wp-content/uploads/2023/03/4.Engineering-in-thermal-Engineering-Technology.pdf,https://tqa.iuh.edu.vn/nam-2021/,Phòng Khảo thí và Đảm bảo chất lượng,HCM,PHONG_KHAO_THI_DBCL,true,,auto,1,0,scanned,186259,80d9b88c98a7dc29c57e2f2a77f959bf7ff95b7bd01ad878fce519a019ead264,scanned_pdf/phong-khao-thi-va-dam-bao-chat-luong/80d9b88c98a7.pdf,false,2026-09-30T07:47:43+00:00,false,,
813aff8bcfc8,bao_cao_tinh-hinh-phuc-khao-HK3-2018-2019.pdf,https://tqa.iuh.edu.vn/wp-content/uploads/2021/05/bao_cao_tinh-hinh-phuc-khao-HK3-2018-2019.pdf,https://tqa.iuh.edu.vn/cong-tac-khao-thi/tong-hop-ket-qua-phuc-khao/,Phòng Khảo thí và Đảm bảo chất lượng,HCM,PHONG_KHAO_THI_DBCL,true,,auto,1,1513,ok,487662,813aff8bcfc898e72c4df8d8ab494782ccb89a442d6d3253f1665990ccb7aa12,files/phong-khao-thi-va-dam-bao-chat-luong/813aff8bcfc8.pdf,false,2026-09-30T07:47:14+00:00,true,,
829311c0d8e1,QĐ_don_vi_aun-qa.pdf,https://tqa.iuh.edu.vn/wp-content/uploads/2018/04/QĐ_don_vi_aun-qa.pdf,https://tqa.iuh.edu.vn/documents/quyet-dinh-cac-don-vi-xay-dung-chuong-trinh-dao-tao-theo-tieu-chuan-aun-qa/,Phòng Khảo thí và Đảm bảo chất lượng,HCM,PHONG_KHAO_THI_DBCL,false,2,auto,3,4865,garbled_ocr,1303976,829311c0d8e16c4923e9313362e20e579a6c9fe8f0fbfff512484c981d02dab1,scanned_pdf/phong-khao-thi-va-dam-bao-chat-luong/829311c0d8e1.pdf,false,2026-09-30T07:46:47+00:00,false,,
873f6ca0a92a,TL-HƯỚNG-DẪN-ĐÁNH-GIÁ-CHẤT-LƯỢNG-CẤP-CHƯƠNG-TRÌNH-THEO-TIÊU-CHUẨN-AUN-QA-PHIÊN-BẢN-3.0.pdf,https://tqa.iuh.edu.vn/wp-content/uploads/2017/04/TL-HƯỚNG-DẪN-ĐÁNH-GIÁ-CHẤT-LƯỢNG-CẤP-CHƯƠNG-TRÌNH-THEO-TIÊU-CHUẨN-AUN-QA-PHIÊN-BẢN-3.0.pdf,https://tqa.iuh.edu.vn/danh-gia-chuong-trinh-dao-tao-theo-aun-qa/,Phòng Khảo thí và Đảm bảo chất lượng,HCM,PHONG_KHAO_THI_DBCL,true,,auto,137,172618,ok,2127214,873f6ca0a92a4e0bf1de9cd92923b8855f46bf9a85c936d5ac76f138b1cbaacd,files/phong-khao-thi-va-dam-bao-chat-luong/873f6ca0a92a.pdf,false,2026-09-30T07:46:27+00:00,false,,
884bbc488d78,Viet-SARViết-báo-cáo-tự-đánh-giá.pdf,https://tqa.iuh.edu.vn/wp-content/uploads/2017/04/Viet-SARViết-báo-cáo-tự-đánh-giá.pdf,https://tqa.iuh.edu.vn/danh-gia-chuong-trinh-dao-tao-theo-aun-qa/,Phòng Khảo thí và Đảm bảo chất lượng,HCM,PHONG_KHAO_THI_DBCL,true,,auto,58,20722,ok,4040412,884bbc488d782ed42d2aedc2524e63687abc71070c44523a22724e6d69b1cc07,files/phong-khao-thi-va-dam-bao-chat-luong/884bbc488d78.pdf,false,2026-09-30T07:46:28+00:00,true,,
8897f84c19a7,Guide_to_AUN-QA_Assessment_at_Programme_Level_Version_3_2015.pdf,https://tqa.iuh.edu.vn/wp-content/uploads/2017/05/Guide_to_AUN-QA_Assessment_at_Programme_Level_Version_3_2015.pdf,https://tqa.iuh.edu.vn/aun-qa-asian-university-network-qa/,Phòng Khảo thí và Đảm bảo chất lượng,HCM,PHONG_KHAO_THI_DBCL,true,,auto,136,155353,ok,2050077,8897f84c19a79c822851acb24c0e1829ef486cc9208f0344b72a367fd2d16777,files/phong-khao-thi-va-dam-bao-chat-luong/8897f84c19a7.pdf,false,2026-09-30T07:46:29+00:00,false,,
8b6a57b922b5,2.-Summary-of-the-conclusion-of-the-meeting-2024.pdf,https://tqa.iuh.edu.vn/wp-content/uploads/2026/07/2.-Summary-of-the-conclusion-of-the-meeting-2024.pdf,https://tqa.iuh.edu.vn/sdgs-article-2/iuh-maintains-a-regular-governance-meeting-mechanism-to-ensure-transparent-decision-making-and-effective-institutional-management/,Phòng Khảo thí và Đảm bảo chất lượng,HCM,PHONG_KHAO_THI_DBCL,true,,auto,70,127868,ok,1508126,8b6a57b922b5d36af96420df9b20753408e30d61c5eaf6beef9f5d1f0c22d6a1,files/phong-khao-thi-va-dam-bao-chat-luong/8b6a57b922b5.pdf,false,2026-09-30T07:48:20+00:00,true,,
8b7c1b1ba5c6,08 - BieuMau_18D.pdf,http://iuh.edu.vn/Resource/Upload2/files/documents/2019_bacongkhai/08%20-%20BieuMau_18D.pdf,https://tqa.iuh.edu.vn/ba-cong-khai/ba-cong-khai-nam-hoc-2018-2019/,Phòng Khảo thí và Đảm bảo chất lượng,HCM,PHONG_KHAO_THI_DBCL,true,,auto,35,0,scanned,10747619,8b7c1b1ba5c6eccb4cbd85bd150b3ddd03ead47c255179f3fc46ec59d10ec378,scanned_pdf/phong-khao-thi-va-dam-bao-chat-luong/8b7c1b1ba5c6.pdf,true,2026-09-30T07:45:36+00:00,false,,
8ca3dafc88bd,06a.-CV-2085.pdf,https://tqa.iuh.edu.vn/wp-content/uploads/2021/05/06a.-CV-2085.pdf,https://tqa.iuh.edu.vn/tieu-chuan-kdcl/moet/,Phòng Khảo thí và Đảm bảo chất lượng,HCM,PHONG_KHAO_THI_DBCL,true,,auto,17,0,scanned,4119724,8ca3dafc88bd462cb4c508267106480cd8d8c9d3abf1c3345a3fed57e6c0b4dd,scanned_pdf/phong-khao-thi-va-dam-bao-chat-luong/8ca3dafc88bd.pdf,false,2026-09-30T07:46:57+00:00,false,,
8ef110e73846,Phuc-khao-HK1-2023-2024.pdf,https://tqa.iuh.edu.vn/wp-content/uploads/2026/03/Phuc-khao-HK1-2023-2024.pdf,https://tqa.iuh.edu.vn/cong-tac-khao-thi/tong-hop-ket-qua-phuc-khao/,Phòng Khảo thí và Đảm bảo chất lượng,HCM,PHONG_KHAO_THI_DBCL,true,,auto,1,1482,ok,248464,8ef110e73846d4ed2e708c8c4eaa9c23c618658d6523c48ce1b2c87f754abee2,files/phong-khao-thi-va-dam-bao-chat-luong/8ef110e73846.pdf,false,2026-09-30T07:48:01+00:00,true,,
90136ff1719d,Bieu_18C_KhoaDongLuc.pdf,https://iuh.edu.vn/Resource/Upload2/files/ba-cong-khai/2022-2023/Bieu_18C_KhoaDongLuc.pdf,https://tqa.iuh.edu.vn/ba-cong-khai/ba-cong-khai-nam-hoc-2022-2023/,Phòng Khảo thí và Đảm bảo chất lượng,HCM,PHONG_KHAO_THI_DBCL,true,,auto,22,0,scanned,11051669,90136ff1719d7d6c39ba397bcbd2911aa926051d36045d4e2a7de6bf53eae0f7,scanned_pdf/phong-khao-thi-va-dam-bao-chat-luong/90136ff1719d.pdf,true,2026-09-30T07:46:17+00:00,false,,
90ff66a89fbf,1.-Working-Regulations-for-Academic-Staff-of-IUH-1.pdf,https://tqa.iuh.edu.vn/wp-content/uploads/2026/05/1.-Working-Regulations-for-Academic-Staff-of-IUH-1.pdf,https://tqa.iuh.edu.vn/sdgs-article-2/iuh-strengthens-policies-to-prevent-forced-labour-and-promote-ethical-working-conditions/,Phòng Khảo thí và Đảm bảo chất lượng,HCM,PHONG_KHAO_THI_DBCL,true,,auto,67,62731,ok,4654758,90ff66a89fbff8fc873f35812f485add78100592e1e7ad27cc0417f532b29007,files/phong-khao-thi-va-dam-bao-chat-luong/90ff66a89fbf.pdf,false,2026-09-30T07:48:09+00:00,true,,
92b230006f60,BieuMau_18GH.pdf,https://iuh.edu.vn/Resource/Upload2/files/2023/ba-cong-khai/BieuMau_18GH.pdf,https://tqa.iuh.edu.vn/ba-cong-khai/ba-cong-khai-nam-hoc-2021-2022/,Phòng Khảo thí và Đảm bảo chất lượng,HCM,PHONG_KHAO_THI_DBCL,false,2,auto,2,0,scanned,551472,92b230006f60b0ccec4a68945ce84a076f632282f78314cf0be8e7e5fb94d948,scanned_pdf/phong-khao-thi-va-dam-bao-chat-luong/92b230006f60.pdf,true,2026-09-30T07:46:06+00:00,false,,
93141fe59674,13-10-2017_10.21.2324-08-2017_14.55.32ke_hoach_khao_sat_2017_-2018_2.pdf,https://tqa.iuh.edu.vn/wp-content/uploads/2017/10/13-10-2017_10.21.2324-08-2017_14.55.32ke_hoach_khao_sat_2017_-2018_2.pdf,https://tqa.iuh.edu.vn/thong-bao/ke-hoach-khao-sat-cac-ben-lien-quan-nam-hoc-2017-2018/,Phòng Khảo thí và Đảm bảo chất lượng,HCM,PHONG_KHAO_THI_DBCL,true,,auto,2,0,scanned,505448,93141fe5967400aa7ffccea802de02263c0b1f33701c15b54c0b8cde85df6e56,scanned_pdf/phong-khao-thi-va-dam-bao-chat-luong/93141fe59674.pdf,false,2026-09-30T07:46:32+00:00,false,,
941f98aabdab,Thuật-ngữ-thông-dụng-trong-ĐBCL_final.pdf,https://tqa.iuh.edu.vn/wp-content/uploads/2018/04/Thuật-ngữ-thông-dụng-trong-ĐBCL_final.pdf,https://tqa.iuh.edu.vn/thuat-ngu-thong-dung-trong-dam-bao-chat-luong/,Phòng Khảo thí và Đảm bảo chất lượng,HCM,PHONG_KHAO_THI_DBCL,true,,auto,21,0,scanned,8995307,941f98aabdabe7b48efb01e6a214e6ba1bd72e014b851ac80bc9ee7b73c4e4cb,scanned_pdf/phong-khao-thi-va-dam-bao-chat-luong/941f98aabdab.pdf,false,2026-09-30T07:46:49+00:00,false,,
965bdeafebff,2.-The-Regulation-on-the-Code-of-Conduct-for-public-employees-and-workers-of-the-IUH.pdf,https://tqa.iuh.edu.vn/wp-content/uploads/2026/05/2.-The-Regulation-on-the-Code-of-Conduct-for-public-employees-and-workers-of-the-IUH.pdf,https://tqa.iuh.edu.vn/sdgs-article-2/iuh-strengthens-policies-to-prevent-forced-labour-and-promote-ethical-working-conditions/,Phòng Khảo thí và Đảm bảo chất lượng,HCM,PHONG_KHAO_THI_DBCL,true,,auto,14,15518,ok,3355849,965bdeafebffc846fb8d95dc92a0ee53beb2241d6815f62e08d83b3672e371e4,files/phong-khao-thi-va-dam-bao-chat-luong/965bdeafebff.pdf,false,2026-09-30T07:48:10+00:00,true,,
976c0cada560,"BieuMau_18A,B.pdf",http://iuh.edu.vn/Resource/Upload2/files/documents/2018_bacongkhai/BieuMau_18A%2CB.pdf,https://tqa.iuh.edu.vn/ba-cong-khai/ba-cong-khai-nam-hoc-2017-2018/,Phòng Khảo thí và Đảm bảo chất lượng,HCM,PHONG_KHAO_THI_DBCL,true,,auto,1,0,scanned,276640,976c0cada5605e5271eabbcb238351120c3dc11cd700bd9de4a39ca18079ab67,scanned_pdf/phong-khao-thi-va-dam-bao-chat-luong/976c0cada560.pdf,true,2026-09-30T07:44:49+00:00,false,,
97a5bd902408,KE-HOACH-KHAO-SAT-CAC-BEN-LIEN-QUAN_2024-2025-1.pdf,https://tqa.iuh.edu.vn/wp-content/uploads/2024/09/KE-HOACH-KHAO-SAT-CAC-BEN-LIEN-QUAN_2024-2025-1.pdf,https://tqa.iuh.edu.vn/thong-bao/ke-hoach-khao-sat-cac-ben-lien-quan-nam-hoc-2023-2024-2/,Phòng Khảo thí và Đảm bảo chất lượng,HCM,PHONG_KHAO_THI_DBCL,true,,auto,5,0,scanned,844508,97a5bd90240825ad43aebb5d3f5a1c77297a5f1ec0852091a4e0383254216b3b,scanned_pdf/phong-khao-thi-va-dam-bao-chat-luong/97a5bd902408.pdf,false,2026-09-30T07:47:52+00:00,false,,
9895ecd3866d,BieuMau18C_DongLuc.pdf,http://iuh.edu.vn/Resource/Upload2/files/2021/Ba-cong-khai/BieuMau18C_DongLuc.pdf,https://tqa.iuh.edu.vn/ba-cong-khai/ba-cong-khai-nam-2020-2021/,Phòng Khảo thí và Đảm bảo chất lượng,HCM,PHONG_KHAO_THI_DBCL,true,,auto,15,0,scanned,20144451,9895ecd3866dfe2ad949d937711b17dee93669d07963db2e7cc2d481152f411c,scanned_pdf/phong-khao-thi-va-dam-bao-chat-luong/9895ecd3866d.pdf,true,2026-09-30T07:43:15+00:00,false,,
9b72a836e44a,04-13 - BieuMau_18C_KhoaDien.pdf,http://iuh.edu.vn/Resource/Upload2/files/documents/2019_bacongkhai/04-13%20-%20BieuMau_18C_KhoaDien.pdf,https://tqa.iuh.edu.vn/ba-cong-khai/ba-cong-khai-nam-hoc-2018-2019/,Phòng Khảo thí và Đảm bảo chất lượng,HCM,PHONG_KHAO_THI_DBCL,true,,auto,7,0,scanned,2934179,9b72a836e44aefc119007a2a220d16d3c1746c653167de0c5debc3d83950168c,scanned_pdf/phong-khao-thi-va-dam-bao-chat-luong/9b72a836e44a.pdf,true,2026-09-30T07:45:28+00:00,false,,
9d52b93221c0,B24 - Tai chinh.pdf,http://iuh.edu.vn/Resource/Upload2/files/documents/2016_bacongkhai/B24%20-%20Tai%20chinh.pdf,https://tqa.iuh.edu.vn/ba-cong-khai/ba-cong-khai-nam-hoc-2015-2016/,Phòng Khảo thí và Đảm bảo chất lượng,HCM,PHONG_KHAO_THI_DBCL,true,,auto,1,1278,garbled_ocr,393029,9d52b93221c04f674e65d6f4debe347f25cf50c736c91a560bf5aa51a5af88ad,scanned_pdf/phong-khao-thi-va-dam-bao-chat-luong/9d52b93221c0.pdf,true,2026-09-30T07:44:01+00:00,false,,
9e8735631f00,SieQA-2017_International.pdf,https://tqa.iuh.edu.vn/wp-content/uploads/2018/03/SieQA-2017_International.pdf,https://tqa.iuh.edu.vn/announcement/seminar-on-internal-external-quality-assurance-sieqa-iv-2017/,Phòng Khảo thí và Đảm bảo chất lượng,HCM,PHONG_KHAO_THI_DBCL,false,1,auto,4,0,scanned,774528,9e8735631f0040a3e09f5e2de2888e0f3353919a8d4224b2201db9d335bcd640,scanned_pdf/phong-khao-thi-va-dam-bao-chat-luong/9e8735631f00.pdf,false,2026-09-30T07:46:39+00:00,false,,
9efa56b442ca,BieuMau_18C_KhoaNhietLanh.pdf,https://iuh.edu.vn/Resource/Upload2/files/2023/ba-cong-khai/BieuMau_18C_KhoaNhietLanh.pdf,https://tqa.iuh.edu.vn/ba-cong-khai/ba-cong-khai-nam-hoc-2021-2022/,Phòng Khảo thí và Đảm bảo chất lượng,HCM,PHONG_KHAO_THI_DBCL,true,,auto,25,0,scanned,7439416,9efa56b442ca4303d332d57e0a64b32e631e3756dc28640416e1ff7f04f08a48,scanned_pdf/phong-khao-thi-va-dam-bao-chat-luong/9efa56b442ca.pdf,true,2026-09-30T07:45:57+00:00,false,,
9f2e9ca21e2f,04-06 - BieuMau_18C_KhoaTaiChinhNganHang.pdf,http://iuh.edu.vn/Resource/Upload2/files/documents/2019_bacongkhai/04-06%20-%20BieuMau_18C_KhoaTaiChinhNganHang.pdf,https://tqa.iuh.edu.vn/ba-cong-khai/ba-cong-khai-nam-hoc-2018-2019/,Phòng Khảo thí và Đảm bảo chất lượng,HCM,PHONG_KHAO_THI_DBCL,true,,auto,10,0,scanned,3012591,9f2e9ca21e2fb41162909b0cbfb8cadd4f1a6820b7e2922a2dedf33aa9f69666,scanned_pdf/phong-khao-thi-va-dam-bao-chat-luong/9f2e9ca21e2f.pdf,true,2026-09-30T07:45:22+00:00,false,,
9faa5cc98e13,04_BieuMau_18C_KhoaKeToan.pdf,http://iuh.edu.vn/Resource/Upload2/files/2020/Ba-cong-khai/04_BieuMau_18C_KhoaKeToan.pdf,https://tqa.iuh.edu.vn/ba-cong-khai/ba-cong-khai-nam-hoc-2019-2020/,Phòng Khảo thí và Đảm bảo chất lượng,HCM,PHONG_KHAO_THI_DBCL,true,,auto,92,0,scanned,27680604,9faa5cc98e13306b7d956e8056ea443aafc627c4414b6db663b154cc45b84d07,scanned_pdf/phong-khao-thi-va-dam-bao-chat-luong/9faa5cc98e13.pdf,true,2026-09-30T07:42:24+00:00,false,,
9ffbc9cbf331,bao_cao_tu_danh_gia_sau_tham_dinh_truong_dai_hoc_cong__nghiep_tp.hcm.pdf,http://iuh.edu.vn/Resource/Upload2/files/documents/2015_bacongkhai/bao_cao_tu_danh_gia_sau_tham_dinh_truong_dai_hoc_cong__nghiep_tp.hcm.pdf,https://tqa.iuh.edu.vn/ba-cong-khai/cong-khai-bao-cao-tu-danh-gia-cap-truong-2015/,Phòng Khảo thí và Đảm bảo chất lượng,HCM,PHONG_KHAO_THI_DBCL,true,,auto,373,545855,ok,4548661,9ffbc9cbf331c94e468daf1dc42b73c5fa7f70b0fa031120dcdc595174ddbc0d,files/phong-khao-thi-va-dam-bao-chat-luong/9ffbc9cbf331.pdf,true,2026-09-30T07:43:53+00:00,false,,
a075b51f6d7f,04_BieuMau_18C_KhoaNhietLanh.pdf,http://iuh.edu.vn/Resource/Upload2/files/2020/Ba-cong-khai/04_BieuMau_18C_KhoaNhietLanh.pdf,https://tqa.iuh.edu.vn/ba-cong-khai/ba-cong-khai-nam-hoc-2019-2020/,Phòng Khảo thí và Đảm bảo chất lượng,HCM,PHONG_KHAO_THI_DBCL,true,,auto,32,0,scanned,8588233,a075b51f6d7fd74ecf26af946fb6d8bc8759b0e9e3a278888b965ad7175efd37,scanned_pdf/phong-khao-thi-va-dam-bao-chat-luong/a075b51f6d7f.pdf,true,2026-09-30T07:42:36+00:00,false,,
a0d2a3926ab8,18_Nganh CN Sinh hoc.pdf,http://iuh.edu.vn/Resource/Upload2/files/documents/2016_bacongkhai/Bieu_20/18_Nganh%20CN%20Sinh%20hoc.pdf,https://tqa.iuh.edu.vn/ba-cong-khai/ba-cong-khai-nam-hoc-2015-2016/,Phòng Khảo thí và Đảm bảo chất lượng,HCM,PHONG_KHAO_THI_DBCL,true,,auto,3,5602,garbled_ocr,2293735,a0d2a3926ab881fe0ef115cb53d11e247be30a4f45310259ae10a999a39c7dea,scanned_pdf/phong-khao-thi-va-dam-bao-chat-luong/a0d2a3926ab8.pdf,true,2026-09-30T07:44:42+00:00,false,,
a13bafb44b2c,06b_-PHU-LUC-CV-2085.pdf,https://tqa.iuh.edu.vn/wp-content/uploads/2021/05/06b_-PHU-LUC-CV-2085.pdf,https://tqa.iuh.edu.vn/tieu-chuan-kdcl/moet/,Phòng Khảo thí và Đảm bảo chất lượng,HCM,PHONG_KHAO_THI_DBCL,false,3,auto,57,83376,ok,529272,a13bafb44b2cdd5eb60ed1c5c259eb3642221e25db84f557dbcc370a1b33f429,files/phong-khao-thi-va-dam-bao-chat-luong/a13bafb44b2c.pdf,false,2026-09-30T07:46:59+00:00,true,,
a16aa8b45a00,qd-610-Cong-tac-thi-va-danh-gia-KQ-1-1.pdf,https://tqa.iuh.edu.vn/wp-content/uploads/2025/08/qd-610-Cong-tac-thi-va-danh-gia-KQ-1-1.pdf,https://tqa.iuh.edu.vn/thong-bao/quy-che-quan-ly-cong-tac-thi-va-danh-gia-ket-qua-hoc-tap-tai-truong-dai-hoc-cong-nghiep-tp-ho-chi-minh-nam-2025/,Phòng Khảo thí và Đảm bảo chất lượng,HCM,PHONG_KHAO_THI_DBCL,true,,auto,27,0,scanned,4717605,a16aa8b45a00e2e3169808ea54388267f77030ad1530ba5bb1dd5a57ab63db55,scanned_pdf/phong-khao-thi-va-dam-bao-chat-luong/a16aa8b45a00.pdf,false,2026-09-30T07:47:59+00:00,false,,
a40ab887b39d,BieuMau_18C_VienMoiTruong.pdf,http://iuh.edu.vn/Resource/Upload2/files/documents/2018_bacongkhai/BieuMau_18C_VienMoiTruong.pdf,https://tqa.iuh.edu.vn/ba-cong-khai/ba-cong-khai-nam-hoc-2017-2018/,Phòng Khảo thí và Đảm bảo chất lượng,HCM,PHONG_KHAO_THI_DBCL,false,3,auto,22,0,scanned,5997196,a40ab887b39d2d5ec7c1db037b5193e5cc33df64b0d24f8cf7fd4d4576682414,scanned_pdf/phong-khao-thi-va-dam-bao-chat-luong/a40ab887b39d.pdf,true,2026-09-30T07:45:05+00:00,false,,
a5059da517d9,01_Nganh CNKT Co dien tu.pdf,http://iuh.edu.vn/Resource/Upload2/files/documents/2016_bacongkhai/Bieu_20/01_Nganh%20CNKT%20Co%20dien%20tu.pdf,https://tqa.iuh.edu.vn/ba-cong-khai/ba-cong-khai-nam-hoc-2015-2016/,Phòng Khảo thí và Đảm bảo chất lượng,HCM,PHONG_KHAO_THI_DBCL,true,,auto,2,1856,garbled_ocr,1184348,a5059da517d94306d6aa8827321a536fce3d978b56a605ff2c92fc6b8ee2d318,scanned_pdf/phong-khao-thi-va-dam-bao-chat-luong/a5059da517d9.pdf,true,2026-09-30T07:44:05+00:00,false,,
a51ce3c5e14a,bao_cao_tinh-hinh-phuc-khao-HK2-2016-2017.pdf,https://tqa.iuh.edu.vn/wp-content/uploads/2021/05/bao_cao_tinh-hinh-phuc-khao-HK2-2016-2017.pdf,https://tqa.iuh.edu.vn/cong-tac-khao-thi/tong-hop-ket-qua-phuc-khao/,Phòng Khảo thí và Đảm bảo chất lượng,HCM,PHONG_KHAO_THI_DBCL,true,,auto,1,1527,ok,489111,a51ce3c5e14a8127b272705375e6ed055a0a55389da1646cbf64d7e0b33a4631,files/phong-khao-thi-va-dam-bao-chat-luong/a51ce3c5e14a.pdf,false,2026-09-30T07:47:08+00:00,true,,
a60c0d9b7fc3,Phuc-khao-HK2-2023-2024.pdf,https://tqa.iuh.edu.vn/wp-content/uploads/2026/03/Phuc-khao-HK2-2023-2024.pdf,https://tqa.iuh.edu.vn/cong-tac-khao-thi/tong-hop-ket-qua-phuc-khao/,Phòng Khảo thí và Đảm bảo chất lượng,HCM,PHONG_KHAO_THI_DBCL,true,,auto,1,1435,ok,246509,a60c0d9b7fc3b14067fbd6dd4808fb5f17e5a23b8c0501880cfec9b60f7ff4fe,files/phong-khao-thi-va-dam-bao-chat-luong/a60c0d9b7fc3.pdf,false,2026-09-30T07:48:03+00:00,true,,
a6543e4da871,bao_cao_tinh-hinh-phuc-khao-HK2-2018-2019.pdf,https://tqa.iuh.edu.vn/wp-content/uploads/2021/05/bao_cao_tinh-hinh-phuc-khao-HK2-2018-2019.pdf,https://tqa.iuh.edu.vn/cong-tac-khao-thi/tong-hop-ket-qua-phuc-khao/,Phòng Khảo thí và Đảm bảo chất lượng,HCM,PHONG_KHAO_THI_DBCL,false,2,auto,1,1527,ok,487901,a6543e4da87127399a0d479d60e57cdbbc9e607ca41f683872c2aad98ef5ca2f,files/phong-khao-thi-va-dam-bao-chat-luong/a6543e4da871.pdf,false,2026-09-30T07:47:10+00:00,true,,
a7ac41946042,Bieu_18K.pdf,https://iuh.edu.vn/Resource/Upload2/files/ba-cong-khai/2022-2023/Bieu_18K.pdf,https://tqa.iuh.edu.vn/ba-cong-khai/ba-cong-khai-nam-hoc-2022-2023/,Phòng Khảo thí và Đảm bảo chất lượng,HCM,PHONG_KHAO_THI_DBCL,true,,auto,5,0,scanned,1730944,a7ac41946042db5a55c5567221eb868266cad905fa5c9fc4baa9be8e35f71a18,scanned_pdf/phong-khao-thi-va-dam-bao-chat-luong/a7ac41946042.pdf,true,2026-09-30T07:46:33+00:00,false,,
abf78d201051,IUH-SUSTAINABILITY-REPORT-2025-1.pdf,https://tqa.iuh.edu.vn/wp-content/uploads/2025/11/IUH-SUSTAINABILITY-REPORT-2025-1.pdf,https://tqa.iuh.edu.vn/sdg/,Phòng Khảo thí và Đảm bảo chất lượng,HCM,PHONG_KHAO_THI_DBCL,true,,auto,25,85020,ok,438188,abf78d201051d6cc888469e443dbc5f91e6221fd1b2c815cc6e8f8aa5e0e9e77,files/phong-khao-thi-va-dam-bao-chat-luong/abf78d201051.pdf,false,2026-09-30T07:47:59+00:00,true,,
ac9b5a849e12,Thong-bao-huong-dan-thu-tuc-xac-nhan-y-kien-phan-hoi-cua-nguoi-hoc.pdf,https://tqa.iuh.edu.vn/wp-content/uploads/2020/06/Thong-bao-huong-dan-thu-tuc-xac-nhan-y-kien-phan-hoi-cua-nguoi-hoc.pdf,https://tqa.iuh.edu.vn/bieu-mau/mau-xac-nhan-y-kien-phan-hoi-cua-nguoi-hoc-de-hoan-thien-ho-so-xet-cong-nhan-dat-tieu-chuan-va-bo-nhiem-chuc-danh-giao-su-pho-giao-su/,Phòng Khảo thí và Đảm bảo chất lượng,HCM,PHONG_KHAO_THI_DBCL,true,,auto,1,1080,garbled_ocr,211447,ac9b5a849e1275a8c84765957e998f16b344ee109a5bf36b6367fa8d96bff1b8,scanned_pdf/phong-khao-thi-va-dam-bao-chat-luong/ac9b5a849e12.pdf,false,2026-09-30T07:46:51+00:00,false,,
aee1b1bbe3ad,Ke_hoach_khao_sat_nam_hoc_2018-2019.pdf,https://tqa.iuh.edu.vn/wp-content/uploads/2019/05/Ke_hoach_khao_sat_nam_hoc_2018-2019.pdf,https://tqa.iuh.edu.vn/survey-plan/stakeholders-survey-plans-for-the-academic-year-of-2018-2019/,Phòng Khảo thí và Đảm bảo chất lượng,HCM,PHONG_KHAO_THI_DBCL,true,,auto,2,0,scanned,786739,aee1b1bbe3ad00fb4609f340c6c938136b72f936e023f48d9b1f93df041ea68d,scanned_pdf/phong-khao-thi-va-dam-bao-chat-luong/aee1b1bbe3ad.pdf,false,2026-09-30T07:46:49+00:00,false,,
b024c486b4b7,Bieu_18GHI.pdf,https://iuh.edu.vn/Resource/Upload2/files/ba-cong-khai/2022-2023/Bieu_18GHI.pdf,https://tqa.iuh.edu.vn/ba-cong-khai/ba-cong-khai-nam-hoc-2022-2023/,Phòng Khảo thí và Đảm bảo chất lượng,HCM,PHONG_KHAO_THI_DBCL,true,,auto,15,0,scanned,7502758,b024c486b4b7cc3a23701f2347a7484fc78a0a4d46b23c2c9e2bdf44fafebc58,scanned_pdf/phong-khao-thi-va-dam-bao-chat-luong/b024c486b4b7.pdf,true,2026-09-30T07:46:32+00:00,false,,
b031255358b4,QUYET-DINH-AUN-2154.pdf,https://tqa.iuh.edu.vn/wp-content/uploads/2017/04/QUYET-DINH-AUN-2154.pdf,https://tqa.iuh.edu.vn/danh-gia-chuong-trinh-dao-tao-theo-aun-qa/,Phòng Khảo thí và Đảm bảo chất lượng,HCM,PHONG_KHAO_THI_DBCL,true,,auto,3,0,scanned,4675524,b031255358b43a81d7b991bf1436ff2a7f6ce75c6565ca16458fd67ecafbd25f,scanned_pdf/phong-khao-thi-va-dam-bao-chat-luong/b031255358b4.pdf,false,2026-09-30T07:46:25+00:00,false,,
b1ed6aefef9e,13_Nganh CNKT oto.pdf,http://iuh.edu.vn/Resource/Upload2/files/documents/2016_bacongkhai/Bieu_20/13_Nganh%20CNKT%20oto.pdf,https://tqa.iuh.edu.vn/ba-cong-khai/ba-cong-khai-nam-hoc-2015-2016/,Phòng Khảo thí và Đảm bảo chất lượng,HCM,PHONG_KHAO_THI_DBCL,true,,auto,4,9092,garbled_ocr,3181531,b1ed6aefef9eab8a7982590cc3e1254123bced1c50d9302235cef7affdd24b51,scanned_pdf/phong-khao-thi-va-dam-bao-chat-luong/b1ed6aefef9e.pdf,true,2026-09-30T07:44:38+00:00,false,,
b26df0b7f758,BieuMau_18C_KhoaHoaHoc.pdf,http://iuh.edu.vn/Resource/Upload2/files/documents/2018_bacongkhai/BieuMau_18C_KhoaHoaHoc.pdf,https://tqa.iuh.edu.vn/ba-cong-khai/ba-cong-khai-nam-hoc-2017-2018/,Phòng Khảo thí và Đảm bảo chất lượng,HCM,PHONG_KHAO_THI_DBCL,false,2,auto,40,0,scanned,12995985,b26df0b7f758c4a2b62467ef26e39dc0bac7689a8ca2fab625a1df822d325811,scanned_pdf/phong-khao-thi-va-dam-bao-chat-luong/b26df0b7f758.pdf,true,2026-09-30T07:44:56+00:00,false,,
b29f3aee929d,Quy-che-dao-tao-tin-chi.pdf,https://tqa.iuh.edu.vn/wp-content/uploads/2018/04/Quy-che-dao-tao-tin-chi.pdf,https://tqa.iuh.edu.vn/documents/academic-rules-in-iuh/,Phòng Khảo thí và Đảm bảo chất lượng,HCM,PHONG_KHAO_THI_DBCL,false,2,auto,16,39827,garbled_ocr,12210106,b29f3aee929d09c2ab8cbb39c8bfdda02d69d3b6f1a407798c59d5965f131ba6,scanned_pdf/phong-khao-thi-va-dam-bao-chat-luong/b29f3aee929d.pdf,false,2026-09-30T07:46:46+00:00,false,,
b51c7a2e377c,Equipping-students-with-knowledge-on-the-prevention-and-control-of-school-..pdf,https://tqa.iuh.edu.vn/wp-content/uploads/2026/05/Equipping-students-with-knowledge-on-the-prevention-and-control-of-school-..pdf,https://tqa.iuh.edu.vn/sdgs-article-2/iuh-strengthens-a-safe-healthy-and-supportive-learning-environment-for-students/,Phòng Khảo thí và Đảm bảo chất lượng,HCM,PHONG_KHAO_THI_DBCL,false,3,auto,5,1648,ok,626931,b51c7a2e377c39f4e2209b9085e0334dcff512825ce190902a6a4b2a20128800,files/phong-khao-thi-va-dam-bao-chat-luong/b51c7a2e377c.pdf,false,2026-09-30T07:48:15+00:00,true,,
b6c4a9e6d717,16-03-2018_10.01.11epics-student-recruitment-flyer-en.pdf,https://tqa.iuh.edu.vn/wp-content/uploads/2018/03/16-03-2018_10.01.11epics-student-recruitment-flyer-en.pdf,https://tqa.iuh.edu.vn/announcement/the-engineering-projects-in-community-serivice-course/,Phòng Khảo thí và Đảm bảo chất lượng,HCM,PHONG_KHAO_THI_DBCL,true,,auto,1,1713,ok,1337040,b6c4a9e6d717a33d9a6ca64572b22822e4a877451f7d920c05e22d0b65c99de8,files/phong-khao-thi-va-dam-bao-chat-luong/b6c4a9e6d717.pdf,false,2026-09-30T07:46:34+00:00,true,,
b72037374399,Thong_ke_tinh_hinh_phuc_khao_HK-I_22-23.pdf,https://tqa.iuh.edu.vn/wp-content/uploads/2023/03/Thong_ke_tinh_hinh_phuc_khao_HK-I_22-23.pdf,https://tqa.iuh.edu.vn/cong-tac-khao-thi/tong-hop-ket-qua-phuc-khao/,Phòng Khảo thí và Đảm bảo chất lượng,HCM,PHONG_KHAO_THI_DBCL,true,,auto,1,1522,ok,489225,b72037374399649b705046418b5bf28e302a42d6f5e7cd0ffe59d4cf98750e99,files/phong-khao-thi-va-dam-bao-chat-luong/b72037374399.pdf,false,2026-09-30T07:47:44+00:00,true,,
b7da58abf959,BieuMau_18C_KhoaKeToan.pdf,http://iuh.edu.vn/Resource/Upload2/files/documents/2018_bacongkhai/BieuMau_18C_KhoaKeToan.pdf,https://tqa.iuh.edu.vn/ba-cong-khai/ba-cong-khai-nam-hoc-2017-2018/,Phòng Khảo thí và Đảm bảo chất lượng,HCM,PHONG_KHAO_THI_DBCL,false,3,auto,90,0,scanned,23346144,b7da58abf959dccb8cf33c5dfbbfe7309e05519b6aaa1b78ba9a4a1281bee4c6,scanned_pdf/phong-khao-thi-va-dam-bao-chat-luong/b7da58abf959.pdf,true,2026-09-30T07:44:57+00:00,false,,
b83b46443234,12_Nganh Tai chinh Ngan hang.pdf,http://iuh.edu.vn/Resource/Upload2/files/documents/2016_bacongkhai/Bieu_20/12_Nganh%20Tai%20chinh%20Ngan%20hang.pdf,https://tqa.iuh.edu.vn/ba-cong-khai/ba-cong-khai-nam-hoc-2015-2016/,Phòng Khảo thí và Đảm bảo chất lượng,HCM,PHONG_KHAO_THI_DBCL,true,,auto,6,8674,garbled_ocr,4037689,b83b46443234768f068dd0dc297b6c57ccdc3d99a2d16611a9e612f21d491ffe,scanned_pdf/phong-khao-thi-va-dam-bao-chat-luong/b83b46443234.pdf,true,2026-09-30T07:44:36+00:00,false,,
b981d49e0fec,BieuMau_18C_KhoaMayThoiTrang.pdf,https://iuh.edu.vn/Resource/Upload2/files/2023/ba-cong-khai/BieuMau_18C_KhoaMayThoiTrang.pdf,https://tqa.iuh.edu.vn/ba-cong-khai/ba-cong-khai-nam-hoc-2021-2022/,Phòng Khảo thí và Đảm bảo chất lượng,HCM,PHONG_KHAO_THI_DBCL,false,4,auto,48,0,scanned,13740095,b981d49e0fece7bb44d85e5dd8d5403020ecc73ae63796a45461d0a5703e881c,scanned_pdf/phong-khao-thi-va-dam-bao-chat-luong/b981d49e0fec.pdf,true,2026-09-30T07:45:55+00:00,false,,
ba29b6723bb5,Anti-terrorism-work-of-Industrial-University-of-Ho-Chi-Minh-City-in-2025.pdf,https://tqa.iuh.edu.vn/wp-content/uploads/2026/05/Anti-terrorism-work-of-Industrial-University-of-Ho-Chi-Minh-City-in-2025.pdf,https://tqa.iuh.edu.vn/sdgs-article-2/iuh-strengthens-a-safe-healthy-and-supportive-learning-environment-for-students/,Phòng Khảo thí và Đảm bảo chất lượng,HCM,PHONG_KHAO_THI_DBCL,true,,auto,11,26093,ok,2513586,ba29b6723bb5790e590587dfc587a17ea149539e47d5c5ce4dcf3f764900591f,files/phong-khao-thi-va-dam-bao-chat-luong/ba29b6723bb5.pdf,false,2026-09-30T07:48:13+00:00,true,,
baed9971af9f,bao_cao_tinh-hinh-phuc-khao-HK2_24-25_DANG-WEB.pdf,https://tqa.iuh.edu.vn/wp-content/uploads/2026/03/bao_cao_tinh-hinh-phuc-khao-HK2_24-25_DANG-WEB.pdf,https://tqa.iuh.edu.vn/cong-tac-khao-thi/tong-hop-ket-qua-phuc-khao/,Phòng Khảo thí và Đảm bảo chất lượng,HCM,PHONG_KHAO_THI_DBCL,true,,auto,1,1430,ok,185284,baed9971af9f6f811739a5d64c5b7f20ed89c5f1b3dfe809b3c44dec4a8f5c07,files/phong-khao-thi-va-dam-bao-chat-luong/baed9971af9f.pdf,false,2026-09-30T07:48:05+00:00,true,,
baee89dd26ff,"BieuMau_18G,H,I,K.pdf",http://iuh.edu.vn/Resource/Upload2/files/documents/2018_bacongkhai/BieuMau_18G%2CH%2CI%2CK.pdf,https://tqa.iuh.edu.vn/ba-cong-khai/ba-cong-khai-nam-hoc-2017-2018/,Phòng Khảo thí và Đảm bảo chất lượng,HCM,PHONG_KHAO_THI_DBCL,false,3,auto,4,0,scanned,1063581,baee89dd26ff288e5fd9656aedc824a26850bf28e0d44469cf2e65bbaeaf67cb,scanned_pdf/phong-khao-thi-va-dam-bao-chat-luong/baee89dd26ff.pdf,true,2026-09-30T07:45:09+00:00,false,,
bb9896915c8f,Bieu_18C_KhoaTaiChinhNganHang.pdf,https://iuh.edu.vn/Resource/Upload2/files/ba-cong-khai/2022-2023/Bieu_18C_KhoaTaiChinhNganHang.pdf,https://tqa.iuh.edu.vn/ba-cong-khai/ba-cong-khai-nam-hoc-2022-2023/,Phòng Khảo thí và Đảm bảo chất lượng,HCM,PHONG_KHAO_THI_DBCL,true,,auto,45,0,scanned,23786964,bb9896915c8fb3c8d848da015c8bb4d606be0a75e56580fc05363b2225670ef3,scanned_pdf/phong-khao-thi-va-dam-bao-chat-luong/bb9896915c8f.pdf,true,2026-09-30T07:46:25+00:00,false,,
bbd95f5d2f00,BaoCao_BaCongKhai.pdf,http://iuh.edu.vn/Resource/Upload2/files/documents/2018_bacongkhai/BaoCao_BaCongKhai.pdf,https://tqa.iuh.edu.vn/ba-cong-khai/ba-cong-khai-nam-hoc-2017-2018/,Phòng Khảo thí và Đảm bảo chất lượng,HCM,PHONG_KHAO_THI_DBCL,true,,auto,1,0,scanned,306902,bbd95f5d2f009cba6d728fca1defb9557953277c500e3582d90a4409dbc9d0a6,scanned_pdf/phong-khao-thi-va-dam-bao-chat-luong/bbd95f5d2f00.pdf,true,2026-09-30T07:44:47+00:00,false,,
bd8df4a6f982,20_Nganh CNKT May tinh.pdf,http://iuh.edu.vn/Resource/Upload2/files/documents/2016_bacongkhai/Bieu_20/20_Nganh%20CNKT%20May%20tinh.pdf,https://tqa.iuh.edu.vn/ba-cong-khai/ba-cong-khai-nam-hoc-2015-2016/,Phòng Khảo thí và Đảm bảo chất lượng,HCM,PHONG_KHAO_THI_DBCL,true,,auto,3,3568,garbled_ocr,1765549,bd8df4a6f982d673639d62b84fbeb27a3ec12858076002cf4b2380a97829add2,scanned_pdf/phong-khao-thi-va-dam-bao-chat-luong/bd8df4a6f982.pdf,true,2026-09-30T07:44:44+00:00,false,,
bddef5a0c96e,04_Nganh CNKT Co Khi.pdf,http://iuh.edu.vn/Resource/Upload2/files/documents/2016_bacongkhai/Bieu_20/04_Nganh%20CNKT%20Co%20Khi.pdf,https://tqa.iuh.edu.vn/ba-cong-khai/ba-cong-khai-nam-hoc-2015-2016/,Phòng Khảo thí và Đảm bảo chất lượng,HCM,PHONG_KHAO_THI_DBCL,true,,auto,2,1812,garbled_ocr,1094451,bddef5a0c96eb0a735083b068262bad773b0f5f4559ffde09708a6ebbaaaef67,scanned_pdf/phong-khao-thi-va-dam-bao-chat-luong/bddef5a0c96e.pdf,true,2026-09-30T07:44:12+00:00,false,,
be2320a549ca,Appendix_1a_-_Revised_bloom_taxonomy_why_and_changes.pdf,https://tqa.iuh.edu.vn/wp-content/uploads/2018/04/Appendix_1a_-_Revised_bloom_taxonomy_why_and_changes.pdf,https://tqa.iuh.edu.vn/appendix_1a_revised_bloom_taxonomy_why_and_changes/,Phòng Khảo thí và Đảm bảo chất lượng,HCM,PHONG_KHAO_THI_DBCL,true,,auto,12,30427,ok,130326,be2320a549ca67ed1c9e7a9158edb9811acef7b23e89c7b1042ce4d8f6042f91,files/phong-khao-thi-va-dam-bao-chat-luong/be2320a549ca.pdf,false,2026-09-30T07:46:40+00:00,true,,
bfd6a689bddd,04-09 - BieuMau_18C_KhoaMayThoiTrang.pdf,http://iuh.edu.vn/Resource/Upload2/files/documents/2019_bacongkhai/04-09%20-%20BieuMau_18C_KhoaMayThoiTrang.pdf,https://tqa.iuh.edu.vn/ba-cong-khai/ba-cong-khai-nam-hoc-2018-2019/,Phòng Khảo thí và Đảm bảo chất lượng,HCM,PHONG_KHAO_THI_DBCL,true,,auto,42,0,scanned,14017668,bfd6a689bddd8af88d1715e56b1bc3d98f15499d710e902fd3366dbc858a55ad,scanned_pdf/phong-khao-thi-va-dam-bao-chat-luong/bfd6a689bddd.pdf,true,2026-09-30T07:45:24+00:00,false,,
c002fb28789b,06_Nganh Quan ly Moi truong.pdf,http://iuh.edu.vn/Resource/Upload2/files/documents/2016_bacongkhai/Bieu_20/06_Nganh%20Quan%20ly%20Moi%20truong.pdf,https://tqa.iuh.edu.vn/ba-cong-khai/ba-cong-khai-nam-hoc-2015-2016/,Phòng Khảo thí và Đảm bảo chất lượng,HCM,PHONG_KHAO_THI_DBCL,true,,auto,4,5931,garbled_ocr,3122656,c002fb28789bfed95711acfd96dfe86a8a2a8a1417f08f991b504c70be16214c,scanned_pdf/phong-khao-thi-va-dam-bao-chat-luong/c002fb28789b.pdf,true,2026-09-30T07:44:17+00:00,false,,
c13b18ebb15c,Quyet-dinh-so-610-QD-DHCN-ve-viec-ban-hanh-Quy-che-quan-ly-cong-tac-thi-va-danh-gia-ket-qua-hoc-tap..pdf,https://tqa.iuh.edu.vn/wp-content/uploads/2025/12/Quyet-dinh-so-610-QD-DHCN-ve-viec-ban-hanh-Quy-che-quan-ly-cong-tac-thi-va-danh-gia-ket-qua-hoc-tap..pdf,https://tqa.iuh.edu.vn/quy-che-quan-ly-cong-tac-thi/,Phòng Khảo thí và Đảm bảo chất lượng,HCM,PHONG_KHAO_THI_DBCL,true,,auto,28,0,scanned,4586934,c13b18ebb15c97cb648f7c04e2a011363652cd37d0480d3e306d0c18f0c8e2e6,scanned_pdf/phong-khao-thi-va-dam-bao-chat-luong/c13b18ebb15c.pdf,false,2026-09-30T07:48:01+00:00,false,,
c286a5fdbe95,04_BieuMau_18C_VienMoiTruong.pdf,http://iuh.edu.vn/Resource/Upload2/files/2020/Ba-cong-khai/04_BieuMau_18C_VienMoiTruong.pdf,https://tqa.iuh.edu.vn/ba-cong-khai/ba-cong-khai-nam-hoc-2019-2020/,Phòng Khảo thí và Đảm bảo chất lượng,HCM,PHONG_KHAO_THI_DBCL,false,3,auto,58,0,scanned,19522609,c286a5fdbe953e9533dfecfee7f2a79aa272b376c685e9fe1d8404046180a43e,scanned_pdf/phong-khao-thi-va-dam-bao-chat-luong/c286a5fdbe95.pdf,true,2026-09-30T07:42:46+00:00,false,,
c412619dd968,09.-LUAT-GDĐH.pdf,https://tqa.iuh.edu.vn/wp-content/uploads/2021/05/09.-LUAT-GDĐH.pdf,https://tqa.iuh.edu.vn/tieu-chuan-kdcl/moet/,Phòng Khảo thí và Đảm bảo chất lượng,HCM,PHONG_KHAO_THI_DBCL,true,,auto,36,78850,ok,443444,c412619dd968c67d7e6ea1f1d31beb9d99d92489e7473d5dd9e0e8865244bd33,files/phong-khao-thi-va-dam-bao-chat-luong/c412619dd968.pdf,false,2026-09-30T07:47:01+00:00,true,,
c7853d672e4a,04-01 - BieuMau_18C_OTo.pdf,http://iuh.edu.vn/Resource/Upload2/files/documents/2019_bacongkhai/04-01%20-%20BieuMau_18C_OTo.pdf,https://tqa.iuh.edu.vn/ba-cong-khai/ba-cong-khai-nam-hoc-2018-2019/,Phòng Khảo thí và Đảm bảo chất lượng,HCM,PHONG_KHAO_THI_DBCL,false,2,auto,7,0,scanned,2145055,c7853d672e4a345d7dc1126cfef75cbae8d94f6508ea54701591fa8e11ed02be,scanned_pdf/phong-khao-thi-va-dam-bao-chat-luong/c7853d672e4a.pdf,true,2026-09-30T07:45:16+00:00,false,,
c9cc65cca5b5,08_Nganh Thuong mai Dien tu.pdf,http://iuh.edu.vn/Resource/Upload2/files/documents/2016_bacongkhai/Bieu_20/08_Nganh%20Thuong%20mai%20Dien%20tu.pdf,https://tqa.iuh.edu.vn/ba-cong-khai/ba-cong-khai-nam-hoc-2015-2016/,Phòng Khảo thí và Đảm bảo chất lượng,HCM,PHONG_KHAO_THI_DBCL,false,2,auto,4,4169,garbled_ocr,2388705,c9cc65cca5b5fa6474580d55cdfed703a1a64c6a8adbf72ae7fba8d3c60e8972,scanned_pdf/phong-khao-thi-va-dam-bao-chat-luong/c9cc65cca5b5.pdf,true,2026-09-30T07:44:23+00:00,false,,
c9cf7f36360a,05_BieuMau_18D.pdf,http://iuh.edu.vn/Resource/Upload2/files/2020/Ba-cong-khai/05_BieuMau_18D.pdf,https://tqa.iuh.edu.vn/ba-cong-khai/ba-cong-khai-nam-hoc-2019-2020/,Phòng Khảo thí và Đảm bảo chất lượng,HCM,PHONG_KHAO_THI_DBCL,true,,auto,35,0,scanned,12725722,c9cf7f36360abe71d7c64f0fb0d1dad0099b8c551de45a900f474c39703910db,scanned_pdf/phong-khao-thi-va-dam-bao-chat-luong/c9cf7f36360a.pdf,true,2026-09-30T07:42:50+00:00,false,,
ccfdd16dc028,04_BieuMau_18C_KhoaCNTT.pdf,http://iuh.edu.vn/Resource/Upload2/files/2020/Ba-cong-khai/04_BieuMau_18C_KhoaCNTT.pdf,https://tqa.iuh.edu.vn/ba-cong-khai/ba-cong-khai-nam-hoc-2019-2020/,Phòng Khảo thí và Đảm bảo chất lượng,HCM,PHONG_KHAO_THI_DBCL,false,3,auto,90,0,scanned,25160929,ccfdd16dc02814d2cfcd17a18ea09ffa2d4b109759c8c2f7fcc71ad5533651b4,scanned_pdf/phong-khao-thi-va-dam-bao-chat-luong/ccfdd16dc028.pdf,true,2026-09-30T07:42:05+00:00,false,,
cd5dbc76c9a0,02_Nganh CNKT Dien Dien tu.pdf,http://iuh.edu.vn/Resource/Upload2/files/documents/2016_bacongkhai/Bieu_20/02_Nganh%20CNKT%20Dien%20Dien%20tu.pdf,https://tqa.iuh.edu.vn/ba-cong-khai/ba-cong-khai-nam-hoc-2015-2016/,Phòng Khảo thí và Đảm bảo chất lượng,HCM,PHONG_KHAO_THI_DBCL,true,,auto,4,6165,garbled_ocr,2520403,cd5dbc76c9a02bdfe99a594e890d7e55f920ee0c4b0f2bf45ea74d29cc7143fe,scanned_pdf/phong-khao-thi-va-dam-bao-chat-luong/cd5dbc76c9a0.pdf,true,2026-09-30T07:44:07+00:00,false,,
cff29fef2d30,02a.-CV-1669.pdf,https://tqa.iuh.edu.vn/wp-content/uploads/2021/05/02a.-CV-1669.pdf,https://tqa.iuh.edu.vn/tieu-chuan-kdcl/moet/,Phòng Khảo thí và Đảm bảo chất lượng,HCM,PHONG_KHAO_THI_DBCL,true,,auto,2,0,scanned,1105306,cff29fef2d308f503674450b6541641055c48413f53a0e362465f3b34cffb797,scanned_pdf/phong-khao-thi-va-dam-bao-chat-luong/cff29fef2d30.pdf,false,2026-09-30T07:46:54+00:00,false,,
d20c13573fce,BieuMau18C_Dien.pdf,http://iuh.edu.vn/Resource/Upload2/files/2021/Ba-cong-khai/BieuMau18C_Dien.pdf,https://tqa.iuh.edu.vn/ba-cong-khai/ba-cong-khai-nam-2020-2021/,Phòng Khảo thí và Đảm bảo chất lượng,HCM,PHONG_KHAO_THI_DBCL,false,3,auto,18,0,scanned,26278693,d20c13573fce9fb7283640c18ed36bc8615d40eb4ac4d5fc59ae3768a2f28ff2,scanned_pdf/phong-khao-thi-va-dam-bao-chat-luong/d20c13573fce.pdf,true,2026-09-30T07:43:12+00:00,false,,
d2e9a5fa2db6,04_BieuMau_18C_KhoaQTKD.pdf,http://iuh.edu.vn/Resource/Upload2/files/2020/Ba-cong-khai/04_BieuMau_18C_KhoaQTKD.pdf,https://tqa.iuh.edu.vn/ba-cong-khai/ba-cong-khai-nam-hoc-2019-2020/,Phòng Khảo thí và Đảm bảo chất lượng,HCM,PHONG_KHAO_THI_DBCL,false,4,auto,64,0,scanned,17503804,d2e9a5fa2db6682300a2b142048dcef56448769aeb0fea5abe405e1514370a51,scanned_pdf/phong-khao-thi-va-dam-bao-chat-luong/d2e9a5fa2db6.pdf,true,2026-09-30T07:42:38+00:00,false,,
d34310c3c5b9,bao_cao_tinh-hinh-phuc-khao-HK3-2017-2018.pdf,https://tqa.iuh.edu.vn/wp-content/uploads/2021/05/bao_cao_tinh-hinh-phuc-khao-HK3-2017-2018.pdf,https://tqa.iuh.edu.vn/cong-tac-khao-thi/tong-hop-ket-qua-phuc-khao/,Phòng Khảo thí và Đảm bảo chất lượng,HCM,PHONG_KHAO_THI_DBCL,false,1,auto,1,1512,ok,487511,d34310c3c5b98522c92038bd1db9ac7fae287fb65c359418a61bf78543f50790,files/phong-khao-thi-va-dam-bao-chat-luong/d34310c3c5b9.pdf,false,2026-09-30T07:47:13+00:00,true,,
d44977cb5012,TEIU-CHUAN-AUN-GuidetoAUNActualQualityAssessmentatProgrammeLevel.pdf,https://tqa.iuh.edu.vn/wp-content/uploads/2017/05/TEIU-CHUAN-AUN-GuidetoAUNActualQualityAssessmentatProgrammeLevel.pdf,https://tqa.iuh.edu.vn/aun-qa-asian-university-network-qa/,Phòng Khảo thí và Đảm bảo chất lượng,HCM,PHONG_KHAO_THI_DBCL,true,,auto,156,166090,ok,5335349,d44977cb50129572d3c0344ddac2f94eeeb3fb952d3f030380243725b9c54d33,files/phong-khao-thi-va-dam-bao-chat-luong/d44977cb5012.pdf,false,2026-09-30T07:46:32+00:00,false,,
d4755fc087e1,IUH-Strategic-Quality-Enhancement-Plan-2026–2031.pdf,https://tqa.iuh.edu.vn/wp-content/uploads/2026/07/IUH-Strategic-Quality-Enhancement-Plan-2026–2031.pdf,https://tqa.iuh.edu.vn/documents/public-announcement-iuh-issues-strategic-quality-enhancementplan-2026-2031-following-the-qaa-global-international-quality-review/,Phòng Khảo thí và Đảm bảo chất lượng,HCM,PHONG_KHAO_THI_DBCL,true,,auto,14,25233,ok,4139431,d4755fc087e103043eed4e451cd4c8bd22ca2b82966e12b65ba8a8c9af06482d,files/phong-khao-thi-va-dam-bao-chat-luong/d4755fc087e1.pdf,false,2026-09-30T07:48:22+00:00,true,,
d50cd0cd3e4e,21_Nganh Ky thuat Dien tu.pdf,http://iuh.edu.vn/Resource/Upload2/files/documents/2016_bacongkhai/Bieu_20/21_Nganh%20Ky%20thuat%20Dien%20tu.pdf,https://tqa.iuh.edu.vn/ba-cong-khai/ba-cong-khai-nam-hoc-2015-2016/,Phòng Khảo thí và Đảm bảo chất lượng,HCM,PHONG_KHAO_THI_DBCL,true,,auto,3,3173,garbled_ocr,1718959,d50cd0cd3e4ed965a06a644ab474969ec11b2f132060481e0d675a12f6ff800e,scanned_pdf/phong-khao-thi-va-dam-bao-chat-luong/d50cd0cd3e4e.pdf,true,2026-09-30T07:44:45+00:00,false,,
d6f3771c563f,07.-TT38.pdf,https://tqa.iuh.edu.vn/wp-content/uploads/2021/05/07.-TT38.pdf,https://tqa.iuh.edu.vn/tieu-chuan-kdcl/moet/,Phòng Khảo thí và Đảm bảo chất lượng,HCM,PHONG_KHAO_THI_DBCL,true,,auto,23,0,scanned,753580,d6f3771c563fd61c2dd25e98c168aaa34b7b47a85aa125f8446027c74701d3e2,scanned_pdf/phong-khao-thi-va-dam-bao-chat-luong/d6f3771c563f.pdf,false,2026-09-30T07:46:59+00:00,false,,
d7b654ad9ed8,BieuMau_18C_KhoaQuanTriKinhDoanh.pdf,http://iuh.edu.vn/Resource/Upload2/files/documents/2018_bacongkhai/BieuMau_18C_KhoaQuanTriKinhDoanh.pdf,https://tqa.iuh.edu.vn/ba-cong-khai/ba-cong-khai-nam-hoc-2017-2018/,Phòng Khảo thí và Đảm bảo chất lượng,HCM,PHONG_KHAO_THI_DBCL,true,,auto,44,0,scanned,12122678,d7b654ad9ed8714c5ba7437a27170106041aceaffd9476129754fa1a0015c0c3,scanned_pdf/phong-khao-thi-va-dam-bao-chat-luong/d7b654ad9ed8.pdf,true,2026-09-30T07:45:02+00:00,false,,
d80d8b5c99b1,Thong-bao-huong-dan-thu-tuc-xac-nhan-y-kien-phan-hoi.pdf,https://tqa.iuh.edu.vn/wp-content/uploads/2022/06/Thong-bao-huong-dan-thu-tuc-xac-nhan-y-kien-phan-hoi.pdf,https://tqa.iuh.edu.vn/thong-bao/mau-xac-nhan-y-kien-phan-hoi-cua-nguoi-hoc-de-hoan-thien-ho-so-xet-cong-nhan-dat-tieu-chuan-va-bo-nhiem-chuc-danh-giao-su-pho-giao-su-ap-dung-tu-ngay-10-06-2022/,Phòng Khảo thí và Đảm bảo chất lượng,HCM,PHONG_KHAO_THI_DBCL,true,,auto,1,1334,garbled_ocr,215096,d80d8b5c99b13e07ac164b32f28e5f10264caa19cfa5d8f5213a748816a4b151,scanned_pdf/phong-khao-thi-va-dam-bao-chat-luong/d80d8b5c99b1.pdf,false,2026-09-30T07:47:34+00:00,false,,
d92f8a4fe1d3,09_Nganh Marketing.pdf,http://iuh.edu.vn/Resource/Upload2/files/documents/2016_bacongkhai/Bieu_20/09_Nganh%20Marketing.pdf,https://tqa.iuh.edu.vn/ba-cong-khai/ba-cong-khai-nam-hoc-2015-2016/,Phòng Khảo thí và Đảm bảo chất lượng,HCM,PHONG_KHAO_THI_DBCL,true,,auto,6,6106,garbled_ocr,3179780,d92f8a4fe1d3c0a5d6347d2af43cec6468a02f60e5f5cdaf185f6c2cc412aa0c,scanned_pdf/phong-khao-thi-va-dam-bao-chat-luong/d92f8a4fe1d3.pdf,true,2026-09-30T07:44:26+00:00,false,,
dad30b2d0dca,BieuMau18G.pdf,http://iuh.edu.vn/Resource/Upload2/files/2021/Ba-cong-khai/BieuMau18G.pdf,https://tqa.iuh.edu.vn/ba-cong-khai/ba-cong-khai-nam-2020-2021/,Phòng Khảo thí và Đảm bảo chất lượng,HCM,PHONG_KHAO_THI_DBCL,true,,auto,12,0,scanned,14701785,dad30b2d0dca87e4857a03e172b9924e419ac7e7d1c2f878951a1fcd78daa72e,scanned_pdf/phong-khao-thi-va-dam-bao-chat-luong/dad30b2d0dca.pdf,true,2026-09-30T07:43:45+00:00,false,,
db73f5b955c6,bao_cao_tinh-hinh-phuc-khao-HK1-2019-2020.pdf,https://tqa.iuh.edu.vn/wp-content/uploads/2021/05/bao_cao_tinh-hinh-phuc-khao-HK1-2019-2020.pdf,https://tqa.iuh.edu.vn/cong-tac-khao-thi/tong-hop-ket-qua-phuc-khao/,Phòng Khảo thí và Đảm bảo chất lượng,HCM,PHONG_KHAO_THI_DBCL,true,,auto,1,1527,ok,487606,db73f5b955c685faa5d2602ee568fbca2f30d5124e1798a458bc893ffb76f6e4,files/phong-khao-thi-va-dam-bao-chat-luong/db73f5b955c6.pdf,false,2026-09-30T07:47:07+00:00,true,,
dd0b41716c22,14_Nganh CN May.pdf,http://iuh.edu.vn/Resource/Upload2/files/documents/2016_bacongkhai/Bieu_20/14_Nganh%20CN%20May.pdf,https://tqa.iuh.edu.vn/ba-cong-khai/ba-cong-khai-nam-hoc-2015-2016/,Phòng Khảo thí và Đảm bảo chất lượng,HCM,PHONG_KHAO_THI_DBCL,true,,auto,4,5215,garbled_ocr,2408768,dd0b41716c224a9e2d56281ffd95303b4dd1dcfabcfa1428885d0eb47ad19934,scanned_pdf/phong-khao-thi-va-dam-bao-chat-luong/dd0b41716c22.pdf,true,2026-09-30T07:44:39+00:00,false,,
dda897297c68,Code-of-Conduct.pdf,https://tqa.iuh.edu.vn/wp-content/uploads/2026/05/Code-of-Conduct.pdf,https://tqa.iuh.edu.vn/sdgs-article-2/iuh-strengthens-a-safe-healthy-and-supportive-learning-environment-for-students/,Phòng Khảo thí và Đảm bảo chất lượng,HCM,PHONG_KHAO_THI_DBCL,false,4,auto,9,8932,ok,1716062,dda897297c68d6ec97d3a2cbad652a993836e7de41645a9cbfabb24d7002465f,files/phong-khao-thi-va-dam-bao-chat-luong/dda897297c68.pdf,false,2026-09-30T07:48:14+00:00,true,,
df841fbacebd,BieuMau_18C_KhoaDien.pdf,http://iuh.edu.vn/Resource/Upload2/files/documents/2018_bacongkhai/BieuMau_18C_KhoaDien.pdf,https://tqa.iuh.edu.vn/ba-cong-khai/ba-cong-khai-nam-hoc-2017-2018/,Phòng Khảo thí và Đảm bảo chất lượng,HCM,PHONG_KHAO_THI_DBCL,false,2,auto,8,0,scanned,2858837,df841fbacebd3e06868393855b66c7ff368ab239368d19872ca2942f713efec2,scanned_pdf/phong-khao-thi-va-dam-bao-chat-luong/df841fbacebd.pdf,true,2026-09-30T07:44:52+00:00,false,,
df9171a61c7d,BieuMau_20.pdf,https://iuh.edu.vn/Resource/Upload2/files/2023/ba-cong-khai/BieuMau_20.pdf,https://tqa.iuh.edu.vn/ba-cong-khai/ba-cong-khai-nam-hoc-2021-2022/,Phòng Khảo thí và Đảm bảo chất lượng,HCM,PHONG_KHAO_THI_DBCL,false,4,auto,33,0,scanned,14031924,df9171a61c7df3e8d8bcc7cdda0a1186bef93e063621757ef2457d9c3ef5a439,scanned_pdf/phong-khao-thi-va-dam-bao-chat-luong/df9171a61c7d.pdf,true,2026-09-30T07:46:08+00:00,false,,
e0dcc902f82d,TCVN-ISO-9001_2008-.pdf,https://tqa.iuh.edu.vn/wp-content/uploads/2017/05/TCVN-ISO-9001_2008-.pdf,https://tqa.iuh.edu.vn/iso-90012008/,Phòng Khảo thí và Đảm bảo chất lượng,HCM,PHONG_KHAO_THI_DBCL,false,4,auto,62,155738,ok,777015,e0dcc902f82d3be875b605c90ace3ff02cf802da2a4102163720f8f6644d7f5e,files/phong-khao-thi-va-dam-bao-chat-luong/e0dcc902f82d.pdf,false,2026-09-30T07:46:30+00:00,true,,
e5144ebfc4b7,04-10 - BieuMau_18C_KhoaCoKhi.pdf,http://iuh.edu.vn/Resource/Upload2/files/documents/2019_bacongkhai/04-10%20-%20BieuMau_18C_KhoaCoKhi.pdf,https://tqa.iuh.edu.vn/ba-cong-khai/ba-cong-khai-nam-hoc-2018-2019/,Phòng Khảo thí và Đảm bảo chất lượng,HCM,PHONG_KHAO_THI_DBCL,true,,auto,53,0,scanned,19508017,e5144ebfc4b7b0e098535af431e542156eac43f3b9f4bc1692591f53ab5b57ab,scanned_pdf/phong-khao-thi-va-dam-bao-chat-luong/e5144ebfc4b7.pdf,true,2026-09-30T07:45:26+00:00,false,,
e58d3a04455c,BieuMau18AB.pdf,https://tqa.iuh.edu.vn/wp-content/uploads/2022/11/BieuMau18AB.pdf,https://tqa.iuh.edu.vn/ba-cong-khai/ba-cong-khai-nam-2020-2021/,Phòng Khảo thí và Đảm bảo chất lượng,HCM,PHONG_KHAO_THI_DBCL,true,,auto,1,0,scanned,1331534,e58d3a04455c4fd3c4eba079773cb6e4dc239b53d665dae3dd9e41f9541d3703,scanned_pdf/phong-khao-thi-va-dam-bao-chat-luong/e58d3a04455c.pdf,false,2026-09-30T07:47:38+00:00,false,,
e632117c0b26,04.-CV-1075.pdf,https://tqa.iuh.edu.vn/wp-content/uploads/2021/05/04.-CV-1075.pdf,https://tqa.iuh.edu.vn/tieu-chuan-kdcl/moet/,Phòng Khảo thí và Đảm bảo chất lượng,HCM,PHONG_KHAO_THI_DBCL,false,1,auto,44,48708,ok,1756446,e632117c0b2619e7964d6c184d14fe3dccbfc37c33bdf2e5a282f841618f1878,files/phong-khao-thi-va-dam-bao-chat-luong/e632117c0b26.pdf,false,2026-09-30T07:46:56+00:00,true,,
e68a57f1f8e7,BieuMau_18C_KhoaNgoaiNgu.pdf,https://iuh.edu.vn/Resource/Upload2/files/2023/ba-cong-khai/BieuMau_18C_KhoaNgoaiNgu.pdf,https://tqa.iuh.edu.vn/ba-cong-khai/ba-cong-khai-nam-hoc-2021-2022/,Phòng Khảo thí và Đảm bảo chất lượng,HCM,PHONG_KHAO_THI_DBCL,false,4,auto,25,0,scanned,7423610,e68a57f1f8e70bca22074301609ad75eb2056dbfc2099da3434eb28f4c437ff8,scanned_pdf/phong-khao-thi-va-dam-bao-chat-luong/e68a57f1f8e7.pdf,true,2026-09-30T07:45:56+00:00,false,,
e6d5827771b4,03 - BieuMau_18AB.pdf,http://iuh.edu.vn/Resource/Upload2/files/documents/2019_bacongkhai/03%20-%20BieuMau_18AB.pdf,https://tqa.iuh.edu.vn/ba-cong-khai/ba-cong-khai-nam-hoc-2018-2019/,Phòng Khảo thí và Đảm bảo chất lượng,HCM,PHONG_KHAO_THI_DBCL,false,3,auto,1,0,scanned,296036,e6d5827771b4b66bda739df6130d0f2db161cf5a2b6444e01027e906d3b2021e,scanned_pdf/phong-khao-thi-va-dam-bao-chat-luong/e6d5827771b4.pdf,true,2026-09-30T07:45:15+00:00,false,,
ec5c85265397,BieuMau_18C_KhoaXayDung.pdf,http://iuh.edu.vn/Resource/Upload2/files/documents/2018_bacongkhai/BieuMau_18C_KhoaXayDung.pdf,https://tqa.iuh.edu.vn/ba-cong-khai/ba-cong-khai-nam-hoc-2017-2018/,Phòng Khảo thí và Đảm bảo chất lượng,HCM,PHONG_KHAO_THI_DBCL,true,,auto,64,0,scanned,14250545,ec5c852653979d576ac1cd2286a2c27a088440eed10b2ed73f225a45e22b8d20,scanned_pdf/phong-khao-thi-va-dam-bao-chat-luong/ec5c85265397.pdf,true,2026-09-30T07:45:05+00:00,false,,
ed0c75db75d2,22_Nganh Kinh doanh quoc te.pdf,http://iuh.edu.vn/Resource/Upload2/files/documents/2016_bacongkhai/Bieu_20/22_Nganh%20Kinh%20doanh%20quoc%20te.pdf,https://tqa.iuh.edu.vn/ba-cong-khai/ba-cong-khai-nam-hoc-2015-2016/,Phòng Khảo thí và Đảm bảo chất lượng,HCM,PHONG_KHAO_THI_DBCL,true,,auto,4,4109,garbled_ocr,2434356,ed0c75db75d2156dfdacb31910284d3de211a858b92d93d341c1bd968312303e,scanned_pdf/phong-khao-thi-va-dam-bao-chat-luong/ed0c75db75d2.pdf,true,2026-09-30T07:44:46+00:00,false,,
edc7762294c3,04_BieuMau_18C_KhoaMayThoiTrang.pdf,http://iuh.edu.vn/Resource/Upload2/files/2020/Ba-cong-khai/04_BieuMau_18C_KhoaMayThoiTrang.pdf,https://tqa.iuh.edu.vn/ba-cong-khai/ba-cong-khai-nam-hoc-2019-2020/,Phòng Khảo thí và Đảm bảo chất lượng,HCM,PHONG_KHAO_THI_DBCL,false,2,auto,38,0,scanned,13678836,edc7762294c350ebaa9b8bcfca9f5962139564974e2c2db15a5276c73e4504a5,scanned_pdf/phong-khao-thi-va-dam-bao-chat-luong/edc7762294c3.pdf,true,2026-09-30T07:42:30+00:00,false,,
efaf135d48bb,bao_cao_tinh-hinh-phuc-khao-HK1-2018-2019.pdf,https://tqa.iuh.edu.vn/wp-content/uploads/2021/05/bao_cao_tinh-hinh-phuc-khao-HK1-2018-2019.pdf,https://tqa.iuh.edu.vn/cong-tac-khao-thi/tong-hop-ket-qua-phuc-khao/,Phòng Khảo thí và Đảm bảo chất lượng,HCM,PHONG_KHAO_THI_DBCL,false,2,auto,1,1524,ok,487506,efaf135d48bb8c3369b68b90801d370238e138a9d492f2cad4e6927d9be68554,files/phong-khao-thi-va-dam-bao-chat-luong/efaf135d48bb.pdf,false,2026-09-30T07:47:06+00:00,true,,
efd6c7d654a8,HD-02-2023.pdf,https://qn.iuh.edu.vn/uploads/2023/08/HD-02-2023.pdf,https://tqa.iuh.edu.vn/sdgs-article-2/equality-diversity-and-inclusion-edi-at-industrial-university-of-ho-chi-minh-city-iuh/,Phòng Khảo thí và Đảm bảo chất lượng,HCM,PHONG_KHAO_THI_DBCL,false,4,auto,5,0,scanned,2400029,efd6c7d654a8a78edaa90831f79aedb9418a216bcf58bafb26daf06a1ead7c3b,scanned_pdf/phong-khao-thi-va-dam-bao-chat-luong/efd6c7d654a8.pdf,false,2026-09-30T07:46:22+00:00,false,,
f290a48966d0,Bieu_18C_KhoaMayThoiTrang.pdf,https://iuh.edu.vn/Resource/Upload2/files/ba-cong-khai/2022-2023/Bieu_18C_KhoaMayThoiTrang.pdf,https://tqa.iuh.edu.vn/ba-cong-khai/ba-cong-khai-nam-hoc-2022-2023/,Phòng Khảo thí và Đảm bảo chất lượng,HCM,PHONG_KHAO_THI_DBCL,false,3,auto,45,0,scanned,24060177,f290a48966d0329c11e5884e29308b787e1ba317d3d202494c8fa0baf36aa4c7,scanned_pdf/phong-khao-thi-va-dam-bao-chat-luong/f290a48966d0.pdf,true,2026-09-30T07:46:21+00:00,false,,
f2be44a57934,BieuMau_20.pdf,http://iuh.edu.vn/Resource/Upload2/files/documents/2018_bacongkhai/BieuMau_20.pdf,https://tqa.iuh.edu.vn/ba-cong-khai/ba-cong-khai-nam-hoc-2017-2018/,Phòng Khảo thí và Đảm bảo chất lượng,HCM,PHONG_KHAO_THI_DBCL,true,,auto,31,5,scanned,13874935,f2be44a57934affd8bcf355a5066013993c9ef909f4fe54b5963ad97b732526e,scanned_pdf/phong-khao-thi-va-dam-bao-chat-luong/f2be44a57934.pdf,true,2026-09-30T07:45:12+00:00,false,,
f56a09f63f9d,Ke-hoach-khao-sat-2025-2026-1.pdf,https://tqa.iuh.edu.vn/wp-content/uploads/2025/08/Ke-hoach-khao-sat-2025-2026-1.pdf,https://tqa.iuh.edu.vn/survey-plan/survey-plan-for-stakeholders-in-the-academic-year-2024-2025/,Phòng Khảo thí và Đảm bảo chất lượng,HCM,PHONG_KHAO_THI_DBCL,false,2,auto,5,9144,garbled_ocr,2046403,f56a09f63f9d9f84cd8687df9e63b54824f1208bdfc2959d554e47703da7a50b,scanned_pdf/phong-khao-thi-va-dam-bao-chat-luong/f56a09f63f9d.pdf,false,2026-09-30T07:47:56+00:00,false,,
f749d46c6773,bao_cao_tinh-hinh-phuc-khao-HK2-2017-2018.pdf,https://tqa.iuh.edu.vn/wp-content/uploads/2021/05/bao_cao_tinh-hinh-phuc-khao-HK2-2017-2018.pdf,https://tqa.iuh.edu.vn/cong-tac-khao-thi/tong-hop-ket-qua-phuc-khao/,Phòng Khảo thí và Đảm bảo chất lượng,HCM,PHONG_KHAO_THI_DBCL,false,1,auto,1,1525,ok,487659,f749d46c6773d118a70a9ac6fec29b753242abdbaec26aa2fbaad3f4f6b27d32,files/phong-khao-thi-va-dam-bao-chat-luong/f749d46c6773.pdf,false,2026-09-30T07:47:09+00:00,true,,
f7701c6d57ba,bao_cao_tinh-hinh-phuc-khao-HK1-2016-2017.pdf,https://tqa.iuh.edu.vn/wp-content/uploads/2021/05/bao_cao_tinh-hinh-phuc-khao-HK1-2016-2017.pdf,https://tqa.iuh.edu.vn/cong-tac-khao-thi/tong-hop-ket-qua-phuc-khao/,Phòng Khảo thí và Đảm bảo chất lượng,HCM,PHONG_KHAO_THI_DBCL,true,,auto,1,1525,ok,488356,f7701c6d57ba7310af079e1db651ec9216813dd61f07abc2d7a6aa0538232c4c,files/phong-khao-thi-va-dam-bao-chat-luong/f7701c6d57ba.pdf,false,2026-09-30T07:47:04+00:00,true,,
f7e84d29a88c,phuc-khao-HK1-2025-2026_dang-web.pdf,https://tqa.iuh.edu.vn/wp-content/uploads/2026/03/phuc-khao-HK1-2025-2026_dang-web.pdf,https://tqa.iuh.edu.vn/cong-tac-khao-thi/tong-hop-ket-qua-phuc-khao/,Phòng Khảo thí và Đảm bảo chất lượng,HCM,PHONG_KHAO_THI_DBCL,true,,auto,1,1417,ok,184009,f7e84d29a88ccde5594a3cc5e731d3cab2733ca3b76599bdbac7e4b902123f2d,files/phong-khao-thi-va-dam-bao-chat-luong/f7e84d29a88c.pdf,false,2026-09-30T07:48:06+00:00,true,,
f912c2b78e7e,11.-QĐ-1982.pdf,https://tqa.iuh.edu.vn/wp-content/uploads/2021/05/11.-QĐ-1982.pdf,https://tqa.iuh.edu.vn/tieu-chuan-kdcl/moet/,Phòng Khảo thí và Đảm bảo chất lượng,HCM,PHONG_KHAO_THI_DBCL,true,,auto,11,146,scanned,590283,f912c2b78e7e23090db69b1fd2cb32d96a5d21a35e33fce9ada8e692f57d7422,scanned_pdf/phong-khao-thi-va-dam-bao-chat-luong/f912c2b78e7e.pdf,false,2026-09-30T07:47:03+00:00,false,,
fa3407bb4353,BieuMau_18C_KhoaTaiChinhNganHang.pdf,http://iuh.edu.vn/Resource/Upload2/files/documents/2018_bacongkhai/BieuMau_18C_KhoaTaiChinhNganHang.pdf,https://tqa.iuh.edu.vn/ba-cong-khai/ba-cong-khai-nam-hoc-2017-2018/,Phòng Khảo thí và Đảm bảo chất lượng,HCM,PHONG_KHAO_THI_DBCL,false,2,auto,10,0,scanned,2735434,fa3407bb43530cef316cddac4f2c784748bfcc6d679cdf8d1d57f81cbcb033db,scanned_pdf/phong-khao-thi-va-dam-bao-chat-luong/fa3407bb4353.pdf,true,2026-09-30T07:45:03+00:00,false,,
fa481c3f27da,bao_cao_tinh-hinh-phuc-khao-HK3-2019-2020.pdf,https://tqa.iuh.edu.vn/wp-content/uploads/2021/05/bao_cao_tinh-hinh-phuc-khao-HK3-2019-2020.pdf,https://tqa.iuh.edu.vn/cong-tac-khao-thi/tong-hop-ket-qua-phuc-khao/,Phòng Khảo thí và Đảm bảo chất lượng,HCM,PHONG_KHAO_THI_DBCL,false,4,auto,1,1513,ok,485739,fa481c3f27da85705ee99c42cbb0b93efe6a7696d53e6e91ea51592a53566ccd,files/phong-khao-thi-va-dam-bao-chat-luong/fa481c3f27da.pdf,false,2026-09-30T07:47:15+00:00,true,,
fc525668214b,10_Nganh Quan tri kinh doanh.pdf,http://iuh.edu.vn/Resource/Upload2/files/documents/2016_bacongkhai/Bieu_20/10_Nganh%20Quan%20tri%20kinh%20doanh.pdf,https://tqa.iuh.edu.vn/ba-cong-khai/ba-cong-khai-nam-hoc-2015-2016/,Phòng Khảo thí và Đảm bảo chất lượng,HCM,PHONG_KHAO_THI_DBCL,true,,auto,5,4996,garbled_ocr,2712821,fc525668214bf832050870e507b0d011d943a24ba97fab434911c0e994fbe01f,scanned_pdf/phong-khao-thi-va-dam-bao-chat-luong/fc525668214b.pdf,true,2026-09-30T07:44:29+00:00,false,,
fd2225de6d58,BO-GDDT-QD-06_Bo-tieu-chuan-danh-gia-truong-DH_2014.pdf,https://tqa.iuh.edu.vn/wp-content/uploads/2017/05/BO-GDDT-QD-06_Bo-tieu-chuan-danh-gia-truong-DH_2014.pdf,https://tqa.iuh.edu.vn/bo-giao-duc-dao-tao/,Phòng Khảo thí và Đảm bảo chất lượng,HCM,PHONG_KHAO_THI_DBCL,false,1,auto,13,27374,ok,512526,fd2225de6d58df559b3f549f965d00e5827ce1fdfad46bf7a4d974f932dec960,files/phong-khao-thi-va-dam-bao-chat-luong/fd2225de6d58.pdf,false,2026-09-30T07:46:28+00:00,true,,
0684ac95615f,Tuyen truyền về việc lừa dảo quan mạng.pdf,https://ktx.iuh.edu.vn/upload/files/Tuyen%20truy%E1%BB%81n%20v%E1%BB%81%20vi%E1%BB%87c%20l%E1%BB%ABa%20d%E1%BA%A3o%20quan%20m%E1%BA%A1ng.pdf,https://ktx.iuh.edu.vn/vi/tap-huan-ky-nang/tuyen-truyen-ve-viec-khuyen-cao-den-nguoi-dan-tren-dia-ban-mot-so-phuong-thuc-thu-doan-hoat-dong-lua-dao-chiem-doat-tai-san-thong-qua-khong-gian-mang-cua-cac-doi-tuong-to-chuc-hoat-dong-pham-toi-2258.html,Phòng Quản lý Ký túc xá,HCM,BAN_QUAN_LY_KTX,true,,auto,10,19063,ok,567228,0684ac95615ff2560d7787a73f0b7f54404c74cc2417d57e402e1cacbb1d147b,files/phong-quan-ly-ky-tuc-xa/0684ac95615f.pdf,true,2026-09-30T07:42:54+00:00,true,,
08bcacbb215c,"Huớng dẫn về việc miễn, giảm phi ở ky tuc xa nam học 2025-2026(1).pdf",https://ktx.iuh.edu.vn/upload/files/Hu%E1%BB%9Bng%20d%E1%BA%ABn%20v%E1%BB%81%20vi%E1%BB%87c%20mi%E1%BB%85n%2C%20gi%E1%BA%A3m%20phi%20%E1%BB%9F%20ky%20tuc%20xa%20nam%20h%E1%BB%8Dc%202025-2026(1).pdf,https://ktx.iuh.edu.vn/vi/tin-tuc-thong-bao/huong-dan-ve-viec-thuc-hien-mien-giam-phi-o-ky-tuc-xa-nam-hoc-2025-2026-2247.html,Phòng Quản lý Ký túc xá,HCM,BAN_QUAN_LY_KTX,false,2,auto,3,0,scanned,918087,08bcacbb215c8194dd22573e5112190e374e6b53e339cb45c42e81452cc40f60,scanned_pdf/phong-quan-ly-ky-tuc-xa/08bcacbb215c.pdf,true,2026-09-30T07:42:13+00:00,false,,
30746572a635,Thong bao dang ky ở lại tết 2025.pdf,https://ktx.iuh.edu.vn/upload/files/Thong%20bao%20dang%20ky%20%E1%BB%9F%20l%E1%BA%A1i%20t%E1%BA%BFt%202025.pdf,https://ktx.iuh.edu.vn/vi/tin-tuc-thong-bao/thong-bao-dang-ky-o-lai-ktx-dip-tet-nguyen-dan-at-ty-nam-2025-2240.html,Phòng Quản lý Ký túc xá,HCM,BAN_QUAN_LY_KTX,true,,auto,1,0,scanned,255092,30746572a635319d53a14a98d80d3a3a1453b3eeb85cfbaaeb56d2effd250d4a,scanned_pdf/phong-quan-ly-ky-tuc-xa/30746572a635.pdf,true,2026-09-30T07:42:38+00:00,false,,
318512f48fec,tb_137.pdf,https://ktx.iuh.edu.vn/upload/files/2017/08/tb_137.pdf,https://ktx.iuh.edu.vn/vi/tin-tuc-thong-bao/thong-bao-diem-trung-tuyen-dot-xet-tuyen-bo-sung-he-dai-hoc-chinh-quy-nam-2017-2216.html,Phòng Quản lý Ký túc xá,HCM,BAN_QUAN_LY_KTX,false,4,auto,2,2990,garbled_ocr,535851,318512f48fec6dc6bb6df8973f38bf7bd43348a65fd90f446478c93ebe2d95f7,scanned_pdf/phong-quan-ly-ky-tuc-xa/318512f48fec.pdf,true,2026-09-30T07:41:48+00:00,false,,
3c1bb9ab253c,Thong tin cần biết.pdf,https://ktx.iuh.edu.vn/upload/files/Thong%20tin%20c%E1%BA%A7n%20bi%E1%BA%BFt.pdf,https://ktx.iuh.edu.vn/vi/tap-huan-ky-nang/nhung-dieu-can-biet-ve-cccd-gan-chip-2260.html,Phòng Quản lý Ký túc xá,HCM,BAN_QUAN_LY_KTX,true,,auto,1,0,scanned,124094,3c1bb9ab253cdf38ea0ed8fef4e46974c47fc54f7fe9c15998d7a0ff1eb5ce83,scanned_pdf/phong-quan-ly-ky-tuc-xa/3c1bb9ab253c.pdf,true,2026-09-30T07:42:52+00:00,false,,
4eee524040c8,thong_bao_nghi_tet2018.pdf,https://ktx.iuh.edu.vn/upload/files/2017/11/thong_bao_nghi_tet2018.pdf,https://ktx.iuh.edu.vn/vi/tin-tuc-thong-bao/thong-bao-v-v-nghi-tet-nguyen-dan-mau-tuat-2018-2217.html,Phòng Quản lý Ký túc xá,HCM,BAN_QUAN_LY_KTX,false,4,auto,1,0,scanned,815473,4eee524040c8f586ebb1f69586847ad2ee5aea3add329eb8f974efc39775ee09,scanned_pdf/phong-quan-ly-ky-tuc-xa/4eee524040c8.pdf,true,2026-09-30T07:41:49+00:00,false,,
7964d0e43976,DanhSachSV_2.pdf,https://ktx.iuh.edu.vn/upload/files/2021/08/DanhSachSV_2.pdf,https://ktx.iuh.edu.vn/vi/tin-tuc-thong-bao/danh-sach-sv-duoc-xet-o-ktx-nam-hoc-2021-2022-2220.html,Phòng Quản lý Ký túc xá,HCM,BAN_QUAN_LY_KTX,true,,auto,13,0,scanned,15482207,7964d0e4397696e672b8700354152e629b069d83d9d531ac6b56507a4f16acfb,scanned_pdf/phong-quan-ly-ky-tuc-xa/7964d0e43976.pdf,true,2026-09-30T07:41:55+00:00,false,,
888763412637,DanhSachSV_1.pdf,https://ktx.iuh.edu.vn/upload/files/2021/08/DanhSachSV_1.pdf,https://ktx.iuh.edu.vn/vi/tin-tuc-thong-bao/danh-sach-sv-duoc-xet-o-ktx-nam-hoc-2021-2022-2220.html,Phòng Quản lý Ký túc xá,HCM,BAN_QUAN_LY_KTX,true,,auto,21,0,scanned,23575306,888763412637ab247373e0be4235f8748f1217ae8a1abb680ffa312cfaee3d9b,scanned_pdf/phong-quan-ly-ky-tuc-xa/888763412637.pdf,true,2026-09-30T07:41:53+00:00,false,,
89d2883558dc,Thong bao dang ky he 2024-2025.pdf,https://ktx.iuh.edu.vn/upload/files/Thong%20bao%20dang%20ky%20he%202024-2025.pdf,https://ktx.iuh.edu.vn/vi/tin-tuc-thong-bao/thong-bao-dang-ky-ktx-he-nam-hoc-2024-2025-2242.html,Phòng Quản lý Ký túc xá,HCM,BAN_QUAN_LY_KTX,true,,auto,1,0,scanned,318399,89d2883558dcc6d60e728e1fd713e17bbf50c995bcd765971f2630d8a94b7218,scanned_pdf/phong-quan-ly-ky-tuc-xa/89d2883558dc.pdf,true,2026-09-30T07:42:42+00:00,false,,
958326d134a3,Thong bao dang ky KTX nam học 2024-2025.pdf,https://ktx.iuh.edu.vn/upload/files/Thong%20bao%20dang%20ky%20KTX%20nam%20h%E1%BB%8Dc%202024-2025.pdf,https://ktx.iuh.edu.vn/vi/tin-tuc-thong-bao/thong-bao-ve-viec-dang-ky-o-noi-tru-nam-hoc-2024-2025-2234.html,Phòng Quản lý Ký túc xá,HCM,BAN_QUAN_LY_KTX,true,,auto,2,0,scanned,498598,958326d134a372b62c3228c2361592898b878cb7752d24d55eb2c71fd14bfc33,scanned_pdf/phong-quan-ly-ky-tuc-xa/958326d134a3.pdf,true,2026-09-30T07:42:40+00:00,false,,
a4f261cea09f,Thong bao DK ở KTX nam học 2025-2026.pdf,https://ktx.iuh.edu.vn/upload/files/Thong%20bao%20DK%20%E1%BB%9F%20KTX%20nam%20h%E1%BB%8Dc%202025-2026.pdf,https://ktx.iuh.edu.vn/vi/tin-tuc-thong-bao/thong-bao-ve-viec-dang-ky-ktx-nam-hoc-2025-2026-2243.html,Phòng Quản lý Ký túc xá,HCM,BAN_QUAN_LY_KTX,true,,auto,2,2,scanned,520418,a4f261cea09f552693e3869ea71d6aa43a78dc735ff4c8f1393e053d5034a69c,scanned_pdf/phong-quan-ly-ky-tuc-xa/a4f261cea09f.pdf,true,2026-09-30T07:42:30+00:00,false,,
a744daf97c74,Thong bao DK he KTX 2024.pdf,https://ktx.iuh.edu.vn/upload/files/Thong%20bao%20DK%20he%20KTX%202024.pdf,https://ktx.iuh.edu.vn/vi/tin-tuc-thong-bao/thong-bao-ve-viec-dang-ky-o-ktx-he-nam-2024-2235.html,Phòng Quản lý Ký túc xá,HCM,BAN_QUAN_LY_KTX,false,2,auto,1,0,scanned,281713,a744daf97c749dcaf1778528cf68654939d3d42fdfffcf136c0aed8b8b10b3a8,scanned_pdf/phong-quan-ly-ky-tuc-xa/a744daf97c74.pdf,true,2026-09-30T07:42:32+00:00,false,,
a928f8ec8b12,Bẫy lừa dảo buon nguời.pdf,https://ktx.iuh.edu.vn/upload/files/B%E1%BA%ABy%20l%E1%BB%ABa%20d%E1%BA%A3o%20buon%20ngu%E1%BB%9Di.pdf,https://ktx.iuh.edu.vn/vi/tap-huan-ky-nang/goc-canh-giac-bay-mua-ban-nguoi-tai-campuchia-2259.html,Phòng Quản lý Ký túc xá,HCM,BAN_QUAN_LY_KTX,false,2,auto,1,0,scanned,86908,a928f8ec8b12bb788ee4011c6ea2f45b5a183a916ef302adcd39364826e0505b,scanned_pdf/phong-quan-ly-ky-tuc-xa/a928f8ec8b12.pdf,true,2026-09-30T07:41:58+00:00,false,,
a9db5b0f6e52,Thong bao về việc dang ky KTX nam học 2022-2023.pdf,https://ktx.iuh.edu.vn/upload/files/Thong%20bao%20v%E1%BB%81%20vi%E1%BB%87c%20dang%20ky%20KTX%20nam%20h%E1%BB%8Dc%202022-2023.pdf,https://ktx.iuh.edu.vn/vi/tin-tuc-thong-bao/thong-bao-ve-viec-dang-ky-ktx-nam-hoc-2022-2023-2228.html,Phòng Quản lý Ký túc xá,HCM,BAN_QUAN_LY_KTX,true,,auto,2,0,scanned,356700,a9db5b0f6e52b34b6ec1e87314831b8511c27bcb2c996e0c66d10e463b093867,scanned_pdf/phong-quan-ly-ky-tuc-xa/a9db5b0f6e52.pdf,true,2026-09-30T07:42:49+00:00,false,,
ad7ee4b44bcc,Thong bao dang ky ở lại KTX dịp Tết Nguyen Dan nam 2026(2).pdf,https://ktx.iuh.edu.vn/upload/files/Thong%20bao%20dang%20ky%20%E1%BB%9F%20l%E1%BA%A1i%20KTX%20d%E1%BB%8Bp%20T%E1%BA%BFt%20Nguyen%20Dan%20nam%202026(2).pdf,https://ktx.iuh.edu.vn/vi/tin-tuc-thong-bao/thong-bao-ve-viec-dang-ky-o-lai-ktx-dip-tet-nguyen-dan-nam-2026-2248.html,Phòng Quản lý Ký túc xá,HCM,BAN_QUAN_LY_KTX,false,3,auto,1,0,scanned,323817,ad7ee4b44bcce786f6531786e8f675449616b7c7d2deedc4a281dcbde43c6902,scanned_pdf/phong-quan-ly-ky-tuc-xa/ad7ee4b44bcc.pdf,true,2026-09-30T07:42:36+00:00,false,,
b487308236e9,TB-Diều chỉnh gia nuớc sinh hoạt - KTX 2025.pdf,https://ktx.iuh.edu.vn/upload/files/TB-Di%E1%BB%81u%20ch%E1%BB%89nh%20gia%20nu%E1%BB%9Bc%20sinh%20ho%E1%BA%A1t%20-%20KTX%202025.pdf,https://ktx.iuh.edu.vn/vi/tin-tuc-thong-bao/thong-bao-dieu-chinh-gia-nuoc-sinh-hoat-nam-2025-2241.html,Phòng Quản lý Ký túc xá,HCM,BAN_QUAN_LY_KTX,true,,auto,3,0,scanned,809671,b487308236e9e2b78300728987f2cc52828f734027f521ef4d73792b36567963,scanned_pdf/phong-quan-ly-ky-tuc-xa/b487308236e9.pdf,true,2026-09-30T07:42:26+00:00,false,,
c07f3426071e,HuongDanquytrinhdkktxonline _ Tan sinh vien 2025.pdf,https://ktx.iuh.edu.vn/upload/files/HuongDanquytrinhdkktxonline%20_%20Tan%20sinh%20vien%202025.pdf,https://ktx.iuh.edu.vn/vi/tin-tuc-thong-bao/huong-dan-dang-ky-ky-tuc-xa-online-cho-tan-sinh-vien-nam-hoc-2025-2026-2244.html,Phòng Quản lý Ký túc xá,HCM,BAN_QUAN_LY_KTX,true,,auto,5,2704,ok,691032,c07f3426071e03a290d1d98d11e3dde076d900d2d3874ca9561807b5d3b76431,files/phong-quan-ly-ky-tuc-xa/c07f3426071e.pdf,true,2026-09-30T07:42:16+00:00,true,,
c24161b13623,Thong bao về việc miễn giảm lệ phi KTX nam học 2024-2025.pdf,https://ktx.iuh.edu.vn/upload/files/Thong%20bao%20v%E1%BB%81%20vi%E1%BB%87c%20mi%E1%BB%85n%20gi%E1%BA%A3m%20l%E1%BB%87%20phi%20KTX%20nam%20h%E1%BB%8Dc%202024-2025.pdf,https://ktx.iuh.edu.vn/vi/tin-tuc-thong-bao/thong-bao-ve-viec-mien-giam-le-phi-phong-o-ktx-nam-hoc-2024-2025-2239.html,Phòng Quản lý Ký túc xá,HCM,BAN_QUAN_LY_KTX,true,,auto,2,0,scanned,675456,c24161b136237e7b4036d32ba01a237d18faa93a51481e58074da34b02380451,scanned_pdf/phong-quan-ly-ky-tuc-xa/c24161b13623.pdf,true,2026-09-30T07:42:50+00:00,false,,
d2805486c938,tb_136.pdf,https://ktx.iuh.edu.vn/upload/files/2017/08/tb_136.pdf,https://ktx.iuh.edu.vn/vi/tin-tuc-thong-bao/thong-bao-ve-viec-nghi-le-quoc-khanh-ngay-2-9-nam-2017-2214.html,Phòng Quản lý Ký túc xá,HCM,BAN_QUAN_LY_KTX,true,,auto,1,1196,garbled_ocr,226997,d2805486c93847fd6ea3524d434b3dd6d7bef35a0a5b3c63b422172e80882891,scanned_pdf/phong-quan-ly-ky-tuc-xa/d2805486c938.pdf,true,2026-09-30T07:41:46+00:00,false,,
d356f35e33b8,HuongDanquytrinhdkktxonline.pdf,https://ktx.iuh.edu.vn/upload/files/HuongDanquytrinhdkktxonline.pdf,https://ktx.iuh.edu.vn/vi/tin-tuc-thong-bao/huong-dan-quy-trinh-dang-ky-ktx-online-cho-tan-sinh-vien-nam-hoc-2024-2025-2237.html,Phòng Quản lý Ký túc xá,HCM,BAN_QUAN_LY_KTX,true,,auto,5,2714,ok,762698,d356f35e33b8a6dd0d6ea52918a90397dfba746a59c9d5c2c75a9da4745c3306,files/phong-quan-ly-ky-tuc-xa/d356f35e33b8.pdf,true,2026-09-30T07:42:19+00:00,true,,
d3f9989a0017,Cẩm nang PCCC.pdf,https://ktx.iuh.edu.vn/upload/files/C%E1%BA%A9m%20nang%20PCCC.pdf,https://ktx.iuh.edu.vn/vi/tap-huan-ky-nang/cam-nang-phong-chay-chua-chay-va-thoat-nan-trong-gia-dinh-2261.html,Phòng Quản lý Ký túc xá,HCM,BAN_QUAN_LY_KTX,false,1,auto,7,1933,ok,2003975,d3f9989a00171332c49a00374e67b1c0f9aeebc5e8798963bad50b1819f3c4c9,files/phong-quan-ly-ky-tuc-xa/d3f9989a0017.pdf,true,2026-09-30T07:42:01+00:00,true,,
d82698999df8,Thong bao về việc MGKTX nam học 2023-2024.pdf,https://ktx.iuh.edu.vn/upload/files/Thong%20bao%20v%E1%BB%81%20vi%E1%BB%87c%20MGKTX%20nam%20h%E1%BB%8Dc%202023-2024.pdf,https://ktx.iuh.edu.vn/vi/tin-tuc-thong-bao/thong-bao-ve-viec-mien-giam-le-phi-o-ktx-nam-hoc-2023-2024-2233.html,Phòng Quản lý Ký túc xá,HCM,BAN_QUAN_LY_KTX,true,,auto,2,0,scanned,727916,d82698999df8f11647df08ddbc26bd8cb89c9c082e8069f23ffb73f61b2b8674,scanned_pdf/phong-quan-ly-ky-tuc-xa/d82698999df8.pdf,true,2026-09-30T07:42:45+00:00,false,,
e3162788050f,Nội Quy KTX.pdf,https://ktx.iuh.edu.vn/upload/files/N%E1%BB%99i%20Quy%20KTX.pdf,https://ktx.iuh.edu.vn/vi/noi-quy-huong-dan/noi-quy-ktx-2269.html,Phòng Quản lý Ký túc xá,HCM,BAN_QUAN_LY_KTX,true,,auto,10,0,scanned,4368832,e3162788050f96bab3cf42c8fce38fae69203b79fcd199166bb7877ec0c8dbbf,scanned_pdf/phong-quan-ly-ky-tuc-xa/e3162788050f.pdf,true,2026-09-30T07:42:23+00:00,false,,
ee602ec0516e,Thong bao KTX he nam học 2023-2024.pdf,https://ktx.iuh.edu.vn/upload/files/Thong%20bao%20KTX%20he%20nam%20h%E1%BB%8Dc%202023-2024.pdf,https://ktx.iuh.edu.vn/vi/tin-tuc-thong-bao/thong-bao-ve-viec-dang-ky-ktx-he-nam-hoc-2023-2024-online-2236.html,Phòng Quản lý Ký túc xá,HCM,BAN_QUAN_LY_KTX,false,3,auto,1,0,scanned,322740,ee602ec0516eb55d14a8e6d0b4a447319c5fcf1b8fab48dd05ad891308e653c6,scanned_pdf/phong-quan-ly-ky-tuc-xa/ee602ec0516e.pdf,true,2026-09-30T07:42:35+00:00,false,,
f3c2b90c7cd1,TB 951-2023.pdf,https://ktx.iuh.edu.vn/upload/files/TB%20951-2023.pdf,https://ktx.iuh.edu.vn/vi/tin-tuc-thong-bao/thong-bao-v-v-dieu-chinh-gia-dien-nuoc-cho-sinh-vien-ktx-2231.html,Phòng Quản lý Ký túc xá,HCM,BAN_QUAN_LY_KTX,true,,auto,1,0,scanned,396918,f3c2b90c7cd19308737d9cbb82f1580267b5b388ed5f0554659ddec2a627f255,scanned_pdf/phong-quan-ly-ky-tuc-xa/f3c2b90c7cd1.pdf,true,2026-09-30T07:42:25+00:00,false,,
fa654409799b,Huớng dẫn dang ky nội tru nam học 2026-2027 (Danh cho sinh vien khoa mới nhập học).pdf,https://ktx.iuh.edu.vn/upload/files/Hu%E1%BB%9Bng%20d%E1%BA%ABn%20dang%20ky%20n%E1%BB%99i%20tru%20nam%20h%E1%BB%8Dc%202026-2027%20(Danh%20cho%20sinh%20vien%20khoa%20m%E1%BB%9Bi%20nh%E1%BA%ADp%20h%E1%BB%8Dc).pdf,https://ktx.iuh.edu.vn/vi/tin-tuc-thong-bao/huong-dan-dang-ky-noi-tru-bang-hinh-thuc-online-nam-hoc-2026-2027-2254.html,Phòng Quản lý Ký túc xá,HCM,BAN_QUAN_LY_KTX,false,3,auto,6,4313,ok,967167,fa654409799b6854253f7709c6c4e2f15568f6f2165075c098496eca7cd7d48d,files/phong-quan-ly-ky-tuc-xa/fa654409799b.pdf,true,2026-09-30T07:42:11+00:00,true,,
feb617933dc1,Thong bao  dang ky KTX he 2026.pdf,https://ktx.iuh.edu.vn/upload/files/Thong%20bao%20%20dang%20ky%20KTX%20he%202026.pdf,https://ktx.iuh.edu.vn/vi/tin-tuc-thong-bao/thong-bao-ve-viec-sinh-vien-noi-tru-dang-ky-o-lai-dip-he-nam-hoc-2025-2026-2250.html,Phòng Quản lý Ký túc xá,HCM,BAN_QUAN_LY_KTX,true,,auto,1,0,scanned,281863,feb617933dc16eced24ae6e1a01aef307546a9efa3e135082c4f467dcac2e8c2,scanned_pdf/phong-quan-ly-ky-tuc-xa/feb617933dc1.pdf,true,2026-09-30T07:42:28+00:00,false,,
002b0f2d3165,2020 HEAT Graduate Program_Attachment2(Final)_Korean Council for University Education.pdf,https://smia.iuh.edu.vn/upload/files/2020/2020%20HEAT%20Graduate%20Program_Attachment2(Final)_Korean%20Council%20for%20University%20Education.pdf,https://smia.iuh.edu.vn/news.html@detail@212@600@Hoc-bong-cho-cac-thanh-vien-Dong-Nam-A-tai-Han-Quoc-(HEAT),Phòng Quản lý khoa học và hợp tác quốc tế,HCM,PHONG_QLKH_HTQT,false,4,auto,46,62962,ok,2120557,002b0f2d31652acaa1490dbbba3ab5f51909a1a316919e9a1d2d1c88e194d7b2,files/phong-quan-ly-khoa-hoc-va-hop-tac-quoc-te/002b0f2d3165.pdf,true,2026-09-30T07:43:08+00:00,true,,
018e82f3519f,05_Mau_1_nguyen_Phuc_Hung.pdf,https://smia.iuh.edu.vn/upload/files/2025HDGS_cs/2025UV_GS_PGS/05_Mau_1_nguyen_Phuc_Hung.pdf,https://smia.iuh.edu.vn/category.html@259@Danh-sach-ung-vien-GS-PGS,Phòng Quản lý khoa học và hợp tác quốc tế,HCM,PHONG_QLKH_HTQT,false,1,auto,13,25766,ok,447999,018e82f3519f4aeb417ee201d740d1150d0455397659c8f290135016dbae1dab,files/phong-quan-ly-khoa-hoc-va-hop-tac-quoc-te/018e82f3519f.pdf,true,2026-09-30T07:44:00+00:00,true,,
06ca024020b9,08_Mau_1_Dang_Hoang_Minh_v2.pdf,https://smia.iuh.edu.vn/upload/files/2025HDGS_cs/2025UV_GS_PGS/08_Mau_1_Dang_Hoang_Minh_v2.pdf,https://smia.iuh.edu.vn/category.html@259@Danh-sach-ung-vien-GS-PGS,Phòng Quản lý khoa học và hợp tác quốc tế,HCM,PHONG_QLKH_HTQT,true,,auto,17,0,scanned,3746635,06ca024020b952124c971d34f178c09d9b8b71b3dac35686a27c898999464e9d,scanned_pdf/phong-quan-ly-khoa-hoc-va-hop-tac-quoc-te/06ca024020b9.pdf,true,2026-09-30T07:44:08+00:00,false,,
0903ff94e89b,Huớng dẫn thanh toan bai bao ISIScopus.pdf,https://smia.iuh.edu.vn/upload/files/vanban/Hu%E1%BB%9Bng%20d%E1%BA%ABn%20thanh%20toan%20bai%20bao%20ISIScopus.pdf,https://smia.iuh.edu.vn/bieumau.html@p=2,Phòng Quản lý khoa học và hợp tác quốc tế,HCM,PHONG_QLKH_HTQT,false,1,auto,10,6545,ok,1468736,0903ff94e89bab44c32369f679b0d3eb3c35710d3cd4b3506f9c69564f09f9ef,files/phong-quan-ly-khoa-hoc-va-hop-tac-quoc-te/0903ff94e89b.pdf,true,2026-09-30T07:45:04+00:00,true,,
0edb87c9f901,cv-8-tb-khcn-15012021-0001-20210125015721-e.pdf,https://smia.iuh.edu.vn/upload/files/vanban/cv-8-tb-khcn-15012021-0001-20210125015721-e.pdf,"https://smia.iuh.edu.vn/news.html@detail@214@869@Thong-bao-De-xuat,-dat-hang-nhiem-vu-Khoa-hoc-va-Cong-nghe-tinh-Tay-Ninh-giai-doan-2021-2025",Phòng Quản lý khoa học và hợp tác quốc tế,HCM,PHONG_QLKH_HTQT,true,,auto,8,0,scanned,3937388,0edb87c9f9013825592e605b96cfb4c9e1745d818b3cb29043188c1f6093c9bc,scanned_pdf/phong-quan-ly-khoa-hoc-va-hop-tac-quoc-te/0edb87c9f901.pdf,true,2026-09-30T07:45:13+00:00,false,,
113228de0454,scan0002.pdf,https://smia.iuh.edu.vn/upload/files/vanban/scan0002.pdf,https://smia.iuh.edu.vn/news.html@detail@221@633@Thong-bao-ve-viec-thay-doi-thoi-gian-to-chuc-Hoi-thao-khoa-hoc-(Lan-2)-cua-Truong-Cao-dang-Du-lich-Nha-Trang,Phòng Quản lý khoa học và hợp tác quốc tế,HCM,PHONG_QLKH_HTQT,true,,auto,1,0,scanned,322974,113228de04541b196c2b517336dbe1f7b22bdeceea598ac25d19bda8a6ce94d5,scanned_pdf/phong-quan-ly-khoa-hoc-va-hop-tac-quoc-te/113228de0454.pdf,true,2026-09-30T07:45:13+00:00,false,,
16ee78f46886,cv-543-skhcn-ttttud-2472020-0001.pdf,https://smia.iuh.edu.vn/upload/files/vanban/cv-543-skhcn-ttttud-2472020-0001.pdf,https://smia.iuh.edu.vn/news.html@detail@221@713@Su-kien-%E2%80%9CKet-noi-cung-cau-cong-nghe-Ba-Ria-%E2%80%93-Vung-Tau-nam-2020%E2%80%9D-tai-thanh-pho-Vung-Tau,Phòng Quản lý khoa học và hợp tác quốc tế,HCM,PHONG_QLKH_HTQT,true,,auto,10,0,scanned,3718906,16ee78f468860c5b67b674f8a3199748cfc11499475496575a496be9a50a54f3,scanned_pdf/phong-quan-ly-khoa-hoc-va-hop-tac-quoc-te/16ee78f46886.pdf,true,2026-09-30T07:45:11+00:00,false,,
1976d726c6f0,Quydinh_HTQT_IUH.pdf,https://smia.iuh.edu.vn/upload/files/bieumau/Quydinh_HTQT_IUH.pdf,https://smia.iuh.edu.vn/bieumau.html@p=2,Phòng Quản lý khoa học và hợp tác quốc tế,HCM,PHONG_QLKH_HTQT,true,,auto,18,0,scanned,3670136,1976d726c6f0d9bf20061f8d1dd0a5738fd385a8402aeee78020a6310dadddb1,scanned_pdf/phong-quan-ly-khoa-hoc-va-hop-tac-quoc-te/1976d726c6f0.pdf,true,2026-09-30T07:44:50+00:00,false,,
1c87e1bb4334,Thong-bao-nhan-ho-so_hoc-bong-khcn-du-hoc-cua-vingroup_2020-21-2021-22_vf.pdf,https://smia.iuh.edu.vn/upload/files/Thong-bao-nhan-ho-so_hoc-bong-khcn-du-hoc-cua-vingroup_2020-21-2021-22_vf.pdf,"https://smia.iuh.edu.vn/news.html@detail@212@598@Chuong-trinh-Hoc-bong-Khoa-hoc-Cong-nghe-dao-tao-Thac-si,-Tien-si-Du-hoc-Nuoc-ngoai-cua-Tap-doan-Vingroup",Phòng Quản lý khoa học và hợp tác quốc tế,HCM,PHONG_QLKH_HTQT,true,,auto,11,21426,ok,1186211,1c87e1bb433492e07f434318f6dd5dadbec7dcdfee253f1de6d1260df6beed0e,files/phong-quan-ly-khoa-hoc-va-hop-tac-quoc-te/1c87e1bb4334.pdf,true,2026-09-30T07:44:46+00:00,true,,
1fef6790777a,Kehoach-xet-congnhan-DTC_chucdanh_GS_PGS_tai_IUH_07-06-2021.pdf,https://smia.iuh.edu.vn/upload/files/2021/HDGS_cs_IUH/Kehoach-xet-congnhan-DTC_chucdanh_GS_PGS_tai_IUH_07-06-2021.pdf,"https://smia.iuh.edu.vn/news.html@detail@257@897@Thong-tin-ve-xet-cong-nhan-dat-tieu-chuan-chuc-danh-Giao-su,-Pho-Giao-su-nam-2021",Phòng Quản lý khoa học và hợp tác quốc tế,HCM,PHONG_QLKH_HTQT,true,,auto,1,0,scanned,470032,1fef6790777a8c34f1a15ad92cedb076567e84f5480d94611c300c23639d13bb,scanned_pdf/phong-quan-ly-khoa-hoc-va-hop-tac-quoc-te/1fef6790777a.pdf,true,2026-09-30T07:43:30+00:00,false,,
1fff4052036a,QD_3058SHTT_V2 IUH(1).pdf,https://smia.iuh.edu.vn/upload/files/QD_3058SHTT_V2%20IUH(1).pdf,https://smia.iuh.edu.vn/news.html@detail@226@578@Quy-che-Quan-tri-tai-san-tri-tue-cua-truong-Dai-hoc-Cong-nghiep-Tp.HCM,Phòng Quản lý khoa học và hợp tác quốc tế,HCM,PHONG_QLKH_HTQT,true,,auto,17,0,scanned,4627963,1fff4052036add979d009acb96fd8e50a75c1ac3bd701c4f4a0243a8c6d4e866,scanned_pdf/phong-quan-ly-khoa-hoc-va-hop-tac-quoc-te/1fff4052036a.pdf,true,2026-09-30T07:44:43+00:00,false,,
2000644363dc,Hungarian document_compressed.pdf,https://smia.iuh.edu.vn/upload/files/Hungarian%20document_compressed.pdf,https://smia.iuh.edu.vn/news.html@detail@212@975@Dien-dan-thong-tin-ve-giao-duc-dai-hoc-va-co-hoi-hoc-bong-tai-Hungary,Phòng Quản lý khoa học và hợp tác quốc tế,HCM,PHONG_QLKH_HTQT,true,,auto,121,41258,ok,5814335,2000644363dceef472987077a5ab36d304c6422a3557fac19e3f356690b12a58,files/phong-quan-ly-khoa-hoc-va-hop-tac-quoc-te/2000644363dc.pdf,true,2026-09-30T07:44:40+00:00,false,,
219ca4dcf697,[04-05-2020_15_33_17]5360-shtt-ndht_(15_4_2020)_0001.pdf,https://smia.iuh.edu.vn/upload/files/2020/%5B04-05-2020_15_33_17%5D5360-shtt-ndht_(15_4_2020)_0001.pdf,https://smia.iuh.edu.vn/news.html@detail@221@620@Thong-bao-ve-viec-ho-tro-dang-ky-quoc-te-doi-voi-sang-che-cho-cac-ca-nhan,Phòng Quản lý khoa học và hợp tác quốc tế,HCM,PHONG_QLKH_HTQT,false,1,auto,4,0,scanned,1532568,219ca4dcf6971783244c263be16a7c041c18dbd9e1a3c7fb6afff3e4a59ed58b,scanned_pdf/phong-quan-ly-khoa-hoc-va-hop-tac-quoc-te/219ca4dcf697.pdf,true,2026-09-30T07:43:07+00:00,false,,
22dd11d0ef70,cv-67-skhcn-qlkhcn-15012021-0001-20210128100252-e.pdf,https://smia.iuh.edu.vn/upload/files/vanban/cv-67-skhcn-qlkhcn-15012021-0001-20210128100252-e.pdf,https://smia.iuh.edu.vn/news.html@detail@214@864@Thong-bao-de-xuat-nhiem-vu-khoa-hoc-va-cong-nghe-co-so-nam-2022_Tinh-Binh-Phuoc,Phòng Quản lý khoa học và hợp tác quốc tế,HCM,PHONG_QLKH_HTQT,true,,auto,8,0,scanned,3596641,22dd11d0ef704aa5217983d5d90adc8a7668035952dfe7d4072b24a442da8238,scanned_pdf/phong-quan-ly-khoa-hoc-va-hop-tac-quoc-te/22dd11d0ef70.pdf,true,2026-09-30T07:45:12+00:00,false,,
277ad32ab34a,10_Mau_1_Dang_Huu_Phuc.pdf,https://smia.iuh.edu.vn/upload/files/2025HDGS_cs/2025UV_GS_PGS/10_Mau_1_Dang_Huu_Phuc.pdf,https://smia.iuh.edu.vn/category.html@259@Danh-sach-ung-vien-GS-PGS,Phòng Quản lý khoa học và hợp tác quốc tế,HCM,PHONG_QLKH_HTQT,true,,auto,17,30512,ok,477510,277ad32ab34abac49708d1ca8d8a1f67e9471b5bac4b18309275f5b12283e4b2,files/phong-quan-ly-khoa-hoc-va-hop-tac-quoc-te/277ad32ab34a.pdf,true,2026-09-30T07:44:13+00:00,true,,
2a28a6168eaf,Huớng dẫn Dang ky tổ chức hộ thảo.pdf,https://smia.iuh.edu.vn/upload/files/vanban/Hu%E1%BB%9Bng%20d%E1%BA%ABn%20Dang%20ky%20t%E1%BB%95%20ch%E1%BB%A9c%20h%E1%BB%99%20th%E1%BA%A3o.pdf,https://smia.iuh.edu.vn/bieumau.html@p=1,Phòng Quản lý khoa học và hợp tác quốc tế,HCM,PHONG_QLKH_HTQT,false,4,auto,9,6384,ok,786192,2a28a6168eaf2e6be47e435abeec96ace80c5e159bd37c063cf06b925d9ef3a9,files/phong-quan-ly-khoa-hoc-va-hop-tac-quoc-te/2a28a6168eaf.pdf,true,2026-09-30T07:45:00+00:00,true,,
311d02609e3e,THONG BAO TRIỂN KHAI DỀ TAI 2021.pdf,https://smia.iuh.edu.vn/upload/files/2021Detai_IUH/THONG%20BAO%20TRI%E1%BB%82N%20KHAI%20D%E1%BB%80%20TAI%202021.pdf,https://smia.iuh.edu.vn/news.html@detail@214@834@Dang-ky-De-tai-NCKH-cap-Truong-nam-2021-(dot-1),Phòng Quản lý khoa học và hợp tác quốc tế,HCM,PHONG_QLKH_HTQT,true,,auto,1,0,scanned,275647,311d02609e3e83bed49bce9cb5dc6023d817aca8f724b22b3ea3bf3bcf213b34,scanned_pdf/phong-quan-ly-khoa-hoc-va-hop-tac-quoc-te/311d02609e3e.pdf,true,2026-09-30T07:43:38+00:00,false,,
31c336b9b4f8,Thong bao NNC.pdf,https://smia.iuh.edu.vn/upload/files/2021/NNC/Thong%20bao%20NNC.pdf,"https://smia.iuh.edu.vn/news.html@detail@221@900@Thong-bao-ve-viec-dang-ky-thanh-lap-nhom-nghien-cuu-tiem-nang,-nhom-nghien-cuu-manh",Phòng Quản lý khoa học và hợp tác quốc tế,HCM,PHONG_QLKH_HTQT,false,1,auto,1,0,scanned,465192,31c336b9b4f89bd9a8ed4a72ec31a008a22ba33419f7d166c61f3fd1b9aacdc2,scanned_pdf/phong-quan-ly-khoa-hoc-va-hop-tac-quoc-te/31c336b9b4f8.pdf,true,2026-09-30T07:43:32+00:00,false,,
32d556497894,04_Mau_1_Nguyen_Chi_Hieu.pdf,https://smia.iuh.edu.vn/upload/files/2025HDGS_cs/2025UV_GS_PGS/04_Mau_1_Nguyen_Chi_Hieu.pdf,https://smia.iuh.edu.vn/category.html@259@Danh-sach-ung-vien-GS-PGS,Phòng Quản lý khoa học và hợp tác quốc tế,HCM,PHONG_QLKH_HTQT,true,,auto,18,30721,ok,631939,32d556497894f233b2d4eb2da568a546c5f402d66fc2e808a4df4c9bd0f4d4c3,files/phong-quan-ly-khoa-hoc-va-hop-tac-quoc-te/32d556497894.pdf,true,2026-09-30T07:43:57+00:00,true,,
359ba25964d6,Bai mẫu da dạt giải.pdf,https://smia.iuh.edu.vn/upload/files/2021/Eureka/2021SMIA/Bai%20m%E1%BA%ABu%20da%20d%E1%BA%A1t%20gi%E1%BA%A3i.pdf,https://smia.iuh.edu.vn/news.html@detail@261@915@Mot-so-thong-tin-cho-sinh-vien-tham-gia-Giai-thuong-Sinh-vien-NCKH-Eureka-cap-Truong-nam-20211,Phòng Quản lý khoa học và hợp tác quốc tế,HCM,PHONG_QLKH_HTQT,true,,auto,49,53800,ok,2500386,359ba25964d600da539279a69b890f9c63ddced13a6493494e69d666cfa8a158,files/phong-quan-ly-khoa-hoc-va-hop-tac-quoc-te/359ba25964d6.pdf,true,2026-09-30T07:43:20+00:00,true,,
3607f53a8d7b,Biểu mẫu kham sức khỏe.pdf,https://smia.iuh.edu.vn/upload/files/Bi%E1%BB%83u%20m%E1%BA%ABu%20kham%20s%E1%BB%A9c%20kh%E1%BB%8Fe.pdf,"https://smia.iuh.edu.vn/news.html@detail@212@589@Thong-bao-Chuong-trinh-hoc-bong-An-Do-ICCR-2019,-2020",Phòng Quản lý khoa học và hợp tác quốc tế,HCM,PHONG_QLKH_HTQT,true,,auto,2,3938,ok,240085,3607f53a8d7b0877f1df61561ffd8b02d8a0feccc497851a8b2ea1815ca0d859,files/phong-quan-ly-khoa-hoc-va-hop-tac-quoc-te/3607f53a8d7b.pdf,true,2026-09-30T07:44:32+00:00,true,,
363a795bb5e4,Cong van học bổng ICCR Ấn Dộ 2020-21(2).pdf,https://smia.iuh.edu.vn/upload/files/Cong%20van%20h%E1%BB%8Dc%20b%E1%BB%95ng%20ICCR%20%E1%BA%A4n%20D%E1%BB%99%202020-21(2).pdf,"https://smia.iuh.edu.vn/news.html@detail@212@589@Thong-bao-Chuong-trinh-hoc-bong-An-Do-ICCR-2019,-2020",Phòng Quản lý khoa học và hợp tác quốc tế,HCM,PHONG_QLKH_HTQT,false,4,auto,2,0,scanned,926634,363a795bb5e42db31ceb55b1e25f1a91e3c4c4076d76bd0b41228882e025de2c,scanned_pdf/phong-quan-ly-khoa-hoc-va-hop-tac-quoc-te/363a795bb5e4.pdf,true,2026-09-30T07:44:33+00:00,false,,
36d436232d8f,TB67_DHCN_21042022.pdf,https://smia.iuh.edu.vn/upload/files/2022/2022HDGS_cs/TB67_DHCN_21042022.pdf,"https://smia.iuh.edu.vn/news.html@detail@257@956@Thong-tin-ve-xet-cong-nhan-dat-tieu-chuan-chuc-danh-Giao-su,-Pho-Giao-su-nam-2022",Phòng Quản lý khoa học và hợp tác quốc tế,HCM,PHONG_QLKH_HTQT,true,,auto,1,0,scanned,409849,36d436232d8f4f7083a9a156e47bcf756a051df3813ae368d5c0b0488f11a5bc,scanned_pdf/phong-quan-ly-khoa-hoc-va-hop-tac-quoc-te/36d436232d8f.pdf,true,2026-09-30T07:43:44+00:00,false,,
3a72cf06ea9a,cv-5327-bct-khcn-2372020-0001.pdf,https://smia.iuh.edu.vn/upload/files/vanban/cv-5327-bct-khcn-2372020-0001.pdf,"https://smia.iuh.edu.vn/news.html@detail@214@684@De-xuat-dat-hang-nhiem-vu-KH&CN-thuc-hien-%E2%80%9CChuong-trinh-KH&CN-trong-diem-cap-Quoc-gia-phuc-vu-doi-moi,-hien-dai-hoa-cong-nghe-khai-thac-va-che-bien-khoang-san-den-nam-2025%E2%80%9D",Phòng Quản lý khoa học và hợp tác quốc tế,HCM,PHONG_QLKH_HTQT,true,,auto,6,0,scanned,2519423,3a72cf06ea9a41e99dcd1ce887ff7176c26acdfeb8c7a94e1609e82ac5bf778b,scanned_pdf/phong-quan-ly-khoa-hoc-va-hop-tac-quoc-te/3a72cf06ea9a.pdf,true,2026-09-30T07:45:10+00:00,false,,
3ca202cde05a,97 - ke hoach Eureka 2021.pdf,https://smia.iuh.edu.vn/upload/files/2021/Eureka/2021HCMC/97%20-%20ke%20hoach%20Eureka%202021.pdf,https://smia.iuh.edu.vn/news.html@detail@261@908@Giai-thuong-Sinh-vien-NCKH-Eureka-cap-Truong-nam-2021,Phòng Quản lý khoa học và hợp tác quốc tế,HCM,PHONG_QLKH_HTQT,true,,auto,10,0,scanned,2254777,3ca202cde05a15958568602990c1746fcfe5503dd54dbc7be3a99c0fd57c6e73,scanned_pdf/phong-quan-ly-khoa-hoc-va-hop-tac-quoc-te/3ca202cde05a.pdf,true,2026-09-30T07:43:19+00:00,false,,
410d1f74858e,2020_TBTS_Hungary_2021.pdf,https://smia.iuh.edu.vn/upload/files/vanban/2020_TBTS_Hungary_2021.pdf,https://smia.iuh.edu.vn/news.html@detail@212@847@Thong-bao-tuyen-sinh-di-hoc-tai-Hung-ga-ri-dien-Hiep-dinh-nam-2021,Phòng Quản lý khoa học và hợp tác quốc tế,HCM,PHONG_QLKH_HTQT,true,,auto,7,0,scanned,1987192,410d1f74858e6666894556f53541db93ddb907a9312301bd016ce5b14dc30c7f,scanned_pdf/phong-quan-ly-khoa-hoc-va-hop-tac-quoc-te/410d1f74858e.pdf,true,2026-09-30T07:44:58+00:00,false,,
4570a382cb68,AUSTRALIA AWARDS 2021.pdf,https://smia.iuh.edu.vn/upload/files/AUSTRALIA%20AWARDS%202021.pdf,https://smia.iuh.edu.vn/news.html@detail@212@872@HOC-BONG-HE-THAC-SI-CHINH-PHU-AUSTRALIA-VONG-TUYEN-CHON-2021-NHAN-HO-SO-DANG-KY-(1-2-30-04-2021),Phòng Quản lý khoa học và hợp tác quốc tế,HCM,PHONG_QLKH_HTQT,false,3,auto,6,0,scanned,1830500,4570a382cb68d2149f6fb27b219548f32533add85378c04f0ad90115ec4a096b,scanned_pdf/phong-quan-ly-khoa-hoc-va-hop-tac-quoc-te/4570a382cb68.pdf,true,2026-09-30T07:44:31+00:00,false,,
46948c4bb69b,Quydinh_quytrinh_NCKH_IUH.pdf,https://smia.iuh.edu.vn/upload/files/bieumau/Quydinh_quytrinh_NCKH_IUH.pdf,https://smia.iuh.edu.vn/bieumau.html@p=3,Phòng Quản lý khoa học và hợp tác quốc tế,HCM,PHONG_QLKH_HTQT,true,,auto,5,0,scanned,1752065,46948c4bb69b5b4f0e6aa870c8d040f1536e2173c722b2f79fe93d00ba0ae56d,scanned_pdf/phong-quan-ly-khoa-hoc-va-hop-tac-quoc-te/46948c4bb69b.pdf,true,2026-09-30T07:44:53+00:00,false,,
46eddc4103a6,06_Mau_1_Bui_Huy_Khoi_v2.pdf,https://smia.iuh.edu.vn/upload/files/2025HDGS_cs/2025UV_GS_PGS/06_Mau_1_Bui_Huy_Khoi_v2.pdf,https://smia.iuh.edu.vn/category.html@259@Danh-sach-ung-vien-GS-PGS,Phòng Quản lý khoa học và hợp tác quốc tế,HCM,PHONG_QLKH_HTQT,false,2,auto,21,0,scanned,3598011,46eddc4103a6b7c1708679158c798d92c9b99c537cdf3591c91c0195dcaa7cf2,scanned_pdf/phong-quan-ly-khoa-hoc-va-hop-tac-quoc-te/46eddc4103a6.pdf,true,2026-09-30T07:44:02+00:00,false,,
479c9ad401e0,Guidebook+to+ACYLS-2020.pdf,https://smia.iuh.edu.vn/upload/files/Guidebook%2Bto%2BACYLS-2020.pdf,https://smia.iuh.edu.vn/news.html@detail@212@599@Chuong-trinh-hoc-bong-Lanh-dao-tre-ASEAN-Trung-Quoc,Phòng Quản lý khoa học và hợp tác quốc tế,HCM,PHONG_QLKH_HTQT,true,,auto,15,24287,ok,438181,479c9ad401e04ed351335a07c824481d1d713c7f5b629f34b321a7951794c508,files/phong-quan-ly-khoa-hoc-va-hop-tac-quoc-te/479c9ad401e0.pdf,true,2026-09-30T07:44:36+00:00,true,,
48748a267bd4,QD vv xet cấp học bổng CT lien kết của IUH.pdf,https://smia.iuh.edu.vn/upload/files/bieumau/QD%20vv%20xet%20c%E1%BA%A5p%20h%E1%BB%8Dc%20b%E1%BB%95ng%20CT%20lien%20k%E1%BA%BFt%20c%E1%BB%A7a%20IUH.pdf,https://smia.iuh.edu.vn/bieumau.html@p=1,Phòng Quản lý khoa học và hợp tác quốc tế,HCM,PHONG_QLKH_HTQT,false,4,auto,5,0,scanned,3360340,48748a267bd4584d8b9e73e7438827b14ad62284839f78cdb759ec02a47e3585,scanned_pdf/phong-quan-ly-khoa-hoc-va-hop-tac-quoc-te/48748a267bd4.pdf,true,2026-09-30T07:44:47+00:00,false,,
5140c56a76d4,Huớng dẫn cập nhật LLKH .pdf,https://smia.iuh.edu.vn/upload/files/vanban/Hu%E1%BB%9Bng%20d%E1%BA%ABn%20c%E1%BA%ADp%20nh%E1%BA%ADt%20LLKH%20.pdf,https://smia.iuh.edu.vn/bieumau.html@p=2,Phòng Quản lý khoa học và hợp tác quốc tế,HCM,PHONG_QLKH_HTQT,true,,auto,25,20430,ok,1862318,5140c56a76d4134d047e1a2e7c2003820aeafcd03f1c71dbf831b89b5e1dc9e6,files/phong-quan-ly-khoa-hoc-va-hop-tac-quoc-te/5140c56a76d4.pdf,true,2026-09-30T07:45:02+00:00,true,,
53d149e99971,Thong bao số 15 TB_DHCN.pdf,https://smia.iuh.edu.vn/upload/files/bieumau/Thong%20bao%20s%E1%BB%91%2015%20TB_DHCN.pdf,https://smia.iuh.edu.vn/bieumau.html@p=2,Phòng Quản lý khoa học và hợp tác quốc tế,HCM,PHONG_QLKH_HTQT,false,4,auto,9,0,scanned,7231385,53d149e99971f57cf0a40366a0e8ba79a62021342fc14056de2069d0055e68fe,scanned_pdf/phong-quan-ly-khoa-hoc-va-hop-tac-quoc-te/53d149e99971.pdf,true,2026-09-30T07:44:56+00:00,false,,
5c3a30acdd05,07_Mau_1_Nguyen_Thanh_Long_v2.pdf,https://smia.iuh.edu.vn/upload/files/2025HDGS_cs/2025UV_GS_PGS/07_Mau_1_Nguyen_Thanh_Long_v2.pdf,https://smia.iuh.edu.vn/category.html@259@Danh-sach-ung-vien-GS-PGS,Phòng Quản lý khoa học và hợp tác quốc tế,HCM,PHONG_QLKH_HTQT,true,,auto,22,0,scanned,4077552,5c3a30acdd054094c40f77c76796eec5a67ed71dd8edc781c58b4778e91dd344,scanned_pdf/phong-quan-ly-khoa-hoc-va-hop-tac-quoc-te/5c3a30acdd05.pdf,true,2026-09-30T07:44:05+00:00,false,,
5c52ed373c16,Fact Sheet_2025-2026(1).pdf,https://smia.iuh.edu.vn/upload/files/Fact%20Sheet_2025-2026(1).pdf,https://smia.iuh.edu.vn/news.html@detail@239@1068@Thong-bao-tuyen-sinh-chuong-trinh-Trao-doi-Hoc-bong-Winter-2026-tai-University-of-Regina-(Canada),Phòng Quản lý khoa học và hợp tác quốc tế,HCM,PHONG_QLKH_HTQT,true,,auto,4,7040,ok,622171,5c52ed373c16877ab99bc03ffd4ac5b471f5594b4ada8371919f0391a9a93b03,files/phong-quan-ly-khoa-hoc-va-hop-tac-quoc-te/5c52ed373c16.pdf,true,2026-09-30T07:44:35+00:00,true,,
5fcc64d76f74,01_Mau_1_Huynh_Trung_Hieu.pdf,https://smia.iuh.edu.vn/upload/files/2025HDGS_cs/2025UV_GS_PGS/01_Mau_1_Huynh_Trung_Hieu.pdf,https://smia.iuh.edu.vn/category.html@259@Danh-sach-ung-vien-GS-PGS,Phòng Quản lý khoa học và hợp tác quốc tế,HCM,PHONG_QLKH_HTQT,true,,auto,21,33810,ok,775640,5fcc64d76f748387d1de0339ead94243c74b165dd7296ce87e43ac9b0bd41ba0,files/phong-quan-ly-khoa-hoc-va-hop-tac-quoc-te/5fcc64d76f74.pdf,true,2026-09-30T07:43:50+00:00,true,,
604134ef1aec,Lich_xet_GS_PGS_tai_IUH_2025.pdf,https://smia.iuh.edu.vn/upload/files/2025HDGS_cs/Lich_xet_GS_PGS_tai_IUH_2025.pdf,"https://smia.iuh.edu.vn/news.html@detail@257@1010@Thong-tin-ve-xet-cong-nhan-dat-tieu-chuan-chuc-danh-Giao-su,-Pho-Giao-su-nam-2025",Phòng Quản lý khoa học và hợp tác quốc tế,HCM,PHONG_QLKH_HTQT,true,,auto,1,0,scanned,281121,604134ef1aec5ae190da06c24686fb9507273f5dbd4c9eb82f40a758aebfb348,scanned_pdf/phong-quan-ly-khoa-hoc-va-hop-tac-quoc-te/604134ef1aec.pdf,true,2026-09-30T07:44:29+00:00,false,,
66e1027cb412,2b_QD_1157_24_4_2025_TL_HD_GS_coso_CT_PCT_TK.pdf,https://smia.iuh.edu.vn/upload/files/2025HDGS_cs/2b_QD_1157_24_4_2025_TL_HD_GS_coso_CT_PCT_TK.pdf,https://smia.iuh.edu.vn/news.html@detail@258@631@Hoi-dong-Giao-su-co-so-Truong-Dai-hoc-Cong-nghiep-Thanh-pho-Ho-Chi-Minh-nam-2025,Phòng Quản lý khoa học và hợp tác quốc tế,HCM,PHONG_QLKH_HTQT,false,1,auto,3,0,scanned,579177,66e1027cb4121cc591b6ee59f52054c81ed82d2ff19a822d508327d8cb7e354a,scanned_pdf/phong-quan-ly-khoa-hoc-va-hop-tac-quoc-te/66e1027cb412.pdf,true,2026-09-30T07:44:27+00:00,false,,
671cfa787cfe,TS_Le_Hoang_Anh_BUH.pdf,https://smia.iuh.edu.vn/upload/files/2021/Eureka/TS_Le_Hoang_Anh_BUH.pdf,https://smia.iuh.edu.vn/news.html@detail@261@908@Giai-thuong-Sinh-vien-NCKH-Eureka-cap-Truong-nam-2021,Phòng Quản lý khoa học và hợp tác quốc tế,HCM,PHONG_QLKH_HTQT,true,,auto,17,6197,ok,1252979,671cfa787cfe64fd8f099b6cb69d1a127813419280b6ae479d40b1fdb04ad1b0,files/phong-quan-ly-khoa-hoc-va-hop-tac-quoc-te/671cfa787cfe.pdf,true,2026-09-30T07:43:28+00:00,true,,
6e7ab86be4ee,09_Mau_1_Tran_Thanh_Ngoc.pdf,https://smia.iuh.edu.vn/upload/files/2025HDGS_cs/2025UV_GS_PGS/09_Mau_1_Tran_Thanh_Ngoc.pdf,https://smia.iuh.edu.vn/category.html@259@Danh-sach-ung-vien-GS-PGS,Phòng Quản lý khoa học và hợp tác quốc tế,HCM,PHONG_QLKH_HTQT,true,,auto,17,24929,ok,440626,6e7ab86be4ee4747ee35ab2e4f0bb0f6029e123bea1838bc9f6560a4f77ed90c,files/phong-quan-ly-khoa-hoc-va-hop-tac-quoc-te/6e7ab86be4ee.pdf,true,2026-09-30T07:44:10+00:00,true,,
719e66bb8531,HUỚNG DẪN DANG KY DỀ TAI NCKH CẤP TRUỜNG 2021.pdf,https://smia.iuh.edu.vn/upload/files/2021Detai_IUH/HU%E1%BB%9ANG%20D%E1%BA%AAN%20DANG%20KY%20D%E1%BB%80%20TAI%20NCKH%20C%E1%BA%A4P%20TRU%E1%BB%9CNG%202021.pdf,https://smia.iuh.edu.vn/news.html@detail@214@834@Dang-ky-De-tai-NCKH-cap-Truong-nam-2021-(dot-1),Phòng Quản lý khoa học và hợp tác quốc tế,HCM,PHONG_QLKH_HTQT,true,,auto,3,2105,ok,346270,719e66bb8531b4a07abd4a1a363c366ce98ec52a26790adb688f136a439d058f,files/phong-quan-ly-khoa-hoc-va-hop-tac-quoc-te/719e66bb8531.pdf,true,2026-09-30T07:43:36+00:00,true,,
7244c22a303c,tb-18-2025-20250305024128-e.pdf,https://smia.iuh.edu.vn/upload/files/2025HDGS_cs/tb-18-2025-20250305024128-e.pdf,"https://smia.iuh.edu.vn/news.html@detail@257@1010@Thong-tin-ve-xet-cong-nhan-dat-tieu-chuan-chuc-danh-Giao-su,-Pho-Giao-su-nam-2025",Phòng Quản lý khoa học và hợp tác quốc tế,HCM,PHONG_QLKH_HTQT,true,,auto,2,0,scanned,653781,7244c22a303ccd51fc1a8c9531a89fb4a765381707e902af4ac890f0127ef9a2,scanned_pdf/phong-quan-ly-khoa-hoc-va-hop-tac-quoc-te/7244c22a303c.pdf,true,2026-09-30T07:44:30+00:00,false,,
782acf798f34,"QD 2886 (28_12_2022) sửa dổi, bổ sung Quy dịnh 915_0001(1).pdf",https://smia.iuh.edu.vn/upload/files/QD%202886%20(28_12_2022)%20s%E1%BB%ADa%20d%E1%BB%95i%2C%20b%E1%BB%95%20sung%20Quy%20d%E1%BB%8Bnh%20915_0001(1).pdf,https://smia.iuh.edu.vn/bieumau.html@218@Quy-trinh_Bieu-mau,Phòng Quản lý khoa học và hợp tác quốc tế,HCM,PHONG_QLKH_HTQT,true,,auto,3,0,scanned,1157057,782acf798f34099b48ca7347674032be51598e3d821d484676052059fda79ccc,scanned_pdf/phong-quan-ly-khoa-hoc-va-hop-tac-quoc-te/782acf798f34.pdf,true,2026-09-30T07:44:41+00:00,false,,
7be477caecfe,Quydinh_QL_Detai_ngoai_Truong.pdf,https://smia.iuh.edu.vn/upload/files/bieumau/Quydinh_QL_Detai_ngoai_Truong.pdf,https://smia.iuh.edu.vn/bieumau.html@p=3,Phòng Quản lý khoa học và hợp tác quốc tế,HCM,PHONG_QLKH_HTQT,true,,auto,4,0,scanned,1141701,7be477caecfea714eb6f9f31fba2c75d56f2d267390f4b7479a50ed8f6b0789b,scanned_pdf/phong-quan-ly-khoa-hoc-va-hop-tac-quoc-te/7be477caecfe.pdf,true,2026-09-30T07:44:51+00:00,false,,
7d441279e28a,14-bgddt.pdf,https://smia.iuh.edu.vn/upload/files/14-bgddt.pdf,https://smia.iuh.edu.vn/bieumau.html@p=1,Phòng Quản lý khoa học và hợp tác quốc tế,HCM,PHONG_QLKH_HTQT,false,2,auto,11,8,scanned,4045962,7d441279e28ad71b952ffe6fce1051aaffb979a0832152296d2bcfcc3dc95256,scanned_pdf/phong-quan-ly-khoa-hoc-va-hop-tac-quoc-te/7d441279e28a.pdf,true,2026-09-30T07:43:06+00:00,false,,
7f3adf63b7f6,The IUH Exchange Student Handbook provide11111.pdf,https://smia.iuh.edu.vn/upload/files/The%20IUH%20Exchange%20Student%20Handbook%20provide11111.pdf,https://smia.iuh.edu.vn/news.html@detail@243@559@So-tay-Sinh-vien-Quoc-te,Phòng Quản lý khoa học và hợp tác quốc tế,HCM,PHONG_QLKH_HTQT,true,,auto,20,35270,ok,3276089,7f3adf63b7f62f5ec48c834fd005732c22ba45068efc0345790b7ecb114dacc7,files/phong-quan-ly-khoa-hoc-va-hop-tac-quoc-te/7f3adf63b7f6.pdf,true,2026-09-30T07:44:45+00:00,true,,
836876541825,PGS_Le_Hung_Anh_IUH.pdf,https://smia.iuh.edu.vn/upload/files/2021/Eureka/PGS_Le_Hung_Anh_IUH.pdf,https://smia.iuh.edu.vn/news.html@detail@261@908@Giai-thuong-Sinh-vien-NCKH-Eureka-cap-Truong-nam-2021,Phòng Quản lý khoa học và hợp tác quốc tế,HCM,PHONG_QLKH_HTQT,false,4,auto,11,2201,ok,569123,836876541825dd27a161b25610e20c43c0d96d270cac221f110d48b1ebf01439,files/phong-quan-ly-khoa-hoc-va-hop-tac-quoc-te/836876541825.pdf,true,2026-09-30T07:43:26+00:00,true,,
862e64180c7f,Bo_Luat_Dansu_2015.pdf,https://smia.iuh.edu.vn/upload/files/bieumau/Bo_Luat_Dansu_2015.pdf,https://smia.iuh.edu.vn/bieumau.html@p=2,Phòng Quản lý khoa học và hợp tác quốc tế,HCM,PHONG_QLKH_HTQT,true,,auto,172,0,scanned,4149794,862e64180c7f57e53f6541c4430258d668cb317f28982509e11eca2df8b1b9fe,scanned_pdf/phong-quan-ly-khoa-hoc-va-hop-tac-quoc-te/862e64180c7f.pdf,true,2026-09-30T07:44:46+00:00,false,,
88613a623847,Thong bao so 1 Eureka.pdf,https://smia.iuh.edu.vn/upload/files/2021/Eureka/Cap_Thanh/Thong%20bao%20so%201%20Eureka.pdf,https://smia.iuh.edu.vn/news.html@detail@261@920@-Nop-ho-so-Giai-thuong-Sinh-vien-nghien-cuu-khoa-hoc-Eureka-cap-Thanh-nam-2021-,Phòng Quản lý khoa học và hợp tác quốc tế,HCM,PHONG_QLKH_HTQT,true,,auto,5,1696,ok,818848,88613a62384762cc2dfc82dbefedbdff3ed291acae266eec0c7564229eef2bfb,files/phong-quan-ly-khoa-hoc-va-hop-tac-quoc-te/88613a623847.pdf,true,2026-09-30T07:43:22+00:00,true,,
89bcd9c724cf,QD833 quản ly nguời nuớc ngoai học tại IUH.pdf,https://smia.iuh.edu.vn/upload/files/bieumau/QD833%20qu%E1%BA%A3n%20ly%20ngu%E1%BB%9Di%20nu%E1%BB%9Bc%20ngoai%20h%E1%BB%8Dc%20t%E1%BA%A1i%20IUH.pdf,https://smia.iuh.edu.vn/bieumau.html@218@Quy-trinh_Bieu-mau,Phòng Quản lý khoa học và hợp tác quốc tế,HCM,PHONG_QLKH_HTQT,true,,auto,8,0,scanned,6034393,89bcd9c724cf56863023c9c9752376a4f1891da4bdb40029fd96b8acfdecc231,scanned_pdf/phong-quan-ly-khoa-hoc-va-hop-tac-quoc-te/89bcd9c724cf.pdf,true,2026-09-30T07:44:49+00:00,false,,
8c19f79c95a7,"Ke hoach xet cong nhan dat tieu chuan chuc danh GS,PGS 2022 tại IUH.pdf",https://smia.iuh.edu.vn/upload/files/2022/2022HDGS_cs/Ke%20hoach%20xet%20cong%20nhan%20dat%20tieu%20chuan%20chuc%20danh%20GS%2CPGS%202022%20t%E1%BA%A1i%20IUH.pdf,"https://smia.iuh.edu.vn/news.html@detail@257@956@Thong-tin-ve-xet-cong-nhan-dat-tieu-chuan-chuc-danh-Giao-su,-Pho-Giao-su-nam-2022",Phòng Quản lý khoa học và hợp tác quốc tế,HCM,PHONG_QLKH_HTQT,true,,auto,1,0,scanned,690906,8c19f79c95a750cf1169e9625cbfc7eb89f939d23cf8b59b8e3dcbcfcc4efc64,scanned_pdf/phong-quan-ly-khoa-hoc-va-hop-tac-quoc-te/8c19f79c95a7.pdf,true,2026-09-30T07:43:42+00:00,false,,
8cc99b73596c,KẾ HOẠCH TRIỂN KHAI EUREKA 2023.pdf,https://smia.iuh.edu.vn/upload/files/2022/2023Eureka/K%E1%BA%BE%20HO%E1%BA%A0CH%20TRI%E1%BB%82N%20KHAI%20EUREKA%202023.pdf,https://smia.iuh.edu.vn/news.html@detail@220@988@Ke-hoach-Giai-thuong-Sinh-vien-NCKH-Eureka-cap-Truong-nam-2023,Phòng Quản lý khoa học và hợp tác quốc tế,HCM,PHONG_QLKH_HTQT,true,,auto,4,0,scanned,1361260,8cc99b73596c77165174ae5434c0b6d3dc960af4d39d3a738f4faf9015f39e00,scanned_pdf/phong-quan-ly-khoa-hoc-va-hop-tac-quoc-te/8cc99b73596c.pdf,true,2026-09-30T07:43:47+00:00,false,,
913945dd74d6,Helmut_Schmidt-Programm_2021_vn.pdf,https://smia.iuh.edu.vn/upload/files/2020/Helmut_Schmidt-Programm_2021_vn.pdf,https://smia.iuh.edu.vn/news.html@detail@212@626@Chuong-trinh-hoc-bong-Thac-si-Helmut-Schmidt-cua-DAAD-nam-2021,Phòng Quản lý khoa học và hợp tác quốc tế,HCM,PHONG_QLKH_HTQT,false,2,auto,3,7014,ok,671219,913945dd74d6b5aa964dc885486bda05d36bdc0218d0fdef6f5128db69da9707,files/phong-quan-ly-khoa-hoc-va-hop-tac-quoc-te/913945dd74d6.pdf,true,2026-09-30T07:43:17+00:00,true,,
9a936cedebf6,14-skhcn-de-xuat-nhiem-vu-khkc-co-so-nam-2022.pdf,https://smia.iuh.edu.vn/upload/files/vanban/14-skhcn-de-xuat-nhiem-vu-khkc-co-so-nam-2022.pdf,https://smia.iuh.edu.vn/news.html@detail@214@864@Thong-bao-de-xuat-nhiem-vu-khoa-hoc-va-cong-nghe-co-so-nam-2022_Tinh-Binh-Phuoc,Phòng Quản lý khoa học và hợp tác quốc tế,HCM,PHONG_QLKH_HTQT,false,2,auto,3,0,scanned,3041175,9a936cedebf6303f4fcb73227725cdcaa8d4bb45149b47b82cf5eccac73d4b7e,scanned_pdf/phong-quan-ly-khoa-hoc-va-hop-tac-quoc-te/9a936cedebf6.pdf,true,2026-09-30T07:44:58+00:00,false,,
9b58f1d69e0d,912 thong bao tuyen chon lan 1_signed.pdf,https://smia.iuh.edu.vn/upload/files/vanban/912%20thong%20bao%20tuyen%20chon%20lan%201_signed.pdf,"https://smia.iuh.edu.vn/news.html@detail@214@692@Thong-bao-Tuyen-chon-to-chuc,-ca-nhan-chu-tri-thuc-hien-nhiem-vu-KH&CN-lan-1-nam-2020-cua-tinh-Lam-Dong",Phòng Quản lý khoa học và hợp tác quốc tế,HCM,PHONG_QLKH_HTQT,false,1,auto,5,7981,ok,2636603,9b58f1d69e0d46d7a0dec5992d04a2033ac1942729d740dbf8bb8070f6721672,files/phong-quan-ly-khoa-hoc-va-hop-tac-quoc-te/9b58f1d69e0d.pdf,true,2026-09-30T07:45:00+00:00,true,,
9c41912c8481,02_Mau_1_Tran_Nha_Ghi.pdf,https://smia.iuh.edu.vn/upload/files/2025HDGS_cs/2025UV_GS_PGS/02_Mau_1_Tran_Nha_Ghi.pdf,https://smia.iuh.edu.vn/category.html@259@Danh-sach-ung-vien-GS-PGS,Phòng Quản lý khoa học và hợp tác quốc tế,HCM,PHONG_QLKH_HTQT,true,,auto,17,0,scanned,4198117,9c41912c8481cbc02f6670808f69ef8d04f748300734fc19d6b282c2d23c4046,scanned_pdf/phong-quan-ly-khoa-hoc-va-hop-tac-quoc-te/9c41912c8481.pdf,true,2026-09-30T07:43:52+00:00,false,,
ab75c9a176fd,TB_25.pdf,https://smia.iuh.edu.vn/upload/files/2020/HDGS_2020/TB_25.pdf,https://smia.iuh.edu.vn/news.html@detail@257@627@Thong-tin,Phòng Quản lý khoa học và hợp tác quốc tế,HCM,PHONG_QLKH_HTQT,true,,auto,1,0,scanned,492259,ab75c9a176fd4701e4f0f556ce91fd27cba0d91360f2eaa6b517adbe78706cdb,scanned_pdf/phong-quan-ly-khoa-hoc-va-hop-tac-quoc-te/ab75c9a176fd.pdf,true,2026-09-30T07:43:12+00:00,false,,
ab77203fb095,03_Mau_1_Phan_Hong_Hai.pdf,https://smia.iuh.edu.vn/upload/files/2025HDGS_cs/2025UV_GS_PGS/03_Mau_1_Phan_Hong_Hai.pdf,https://smia.iuh.edu.vn/category.html@259@Danh-sach-ung-vien-GS-PGS,Phòng Quản lý khoa học và hợp tác quốc tế,HCM,PHONG_QLKH_HTQT,true,,auto,14,26601,ok,513462,ab77203fb095fc0e88af67c0f5d593ae8306d05be7346b8f7660a3b7d5586f2a,files/phong-quan-ly-khoa-hoc-va-hop-tac-quoc-te/ab77203fb095.pdf,true,2026-09-30T07:43:55+00:00,true,,
b541e0cd4d71,HUỚNG DẪN DANG KY DỀ TAI NCKH CẤP TRUỜNG IUH - 2026.pdf,https://smia.iuh.edu.vn/upload/files/HU%E1%BB%9ANG%20D%E1%BA%AAN%20DANG%20KY%20D%E1%BB%80%20TAI%20NCKH%20C%E1%BA%A4P%20TRU%E1%BB%9CNG%20IUH%20-%202026.pdf,https://smia.iuh.edu.vn/bieumau.html@p=1,Phòng Quản lý khoa học và hợp tác quốc tế,HCM,PHONG_QLKH_HTQT,false,3,auto,3,4578,ok,330123,b541e0cd4d71c3cd97ce7b1b4a0aa5358ec76bcc320c3ea627e0bb6413529a42,files/phong-quan-ly-khoa-hoc-va-hop-tac-quoc-te/b541e0cd4d71.pdf,true,2026-09-30T07:44:38+00:00,true,,
b643256b37c2,qd-814-20210524042749-e_Quanly_nhom_nghiencu_NC_manh_va_tiem_nang.pdf,https://smia.iuh.edu.vn/upload/files/2021/qd-814-20210524042749-e_Quanly_nhom_nghiencu_NC_manh_va_tiem_nang.pdf,https://smia.iuh.edu.vn/bieumau.html@218@Quy-trinh_Bieu-mau,Phòng Quản lý khoa học và hợp tác quốc tế,HCM,PHONG_QLKH_HTQT,true,,auto,12,0,scanned,4731020,b643256b37c26328269bf794ac3bd1c436ea33fc835f18d27ea64e034d0587b3,scanned_pdf/phong-quan-ly-khoa-hoc-va-hop-tac-quoc-te/b643256b37c2.pdf,true,2026-09-30T07:43:34+00:00,false,,
be2514460c95,Nghị dịnh 30_2020_ND-CP.pdf,https://smia.iuh.edu.vn/upload/files/vanban/Ngh%E1%BB%8B%20d%E1%BB%8Bnh%2030_2020_ND-CP.pdf,https://smia.iuh.edu.vn/bieumau.html@p=1,Phòng Quản lý khoa học và hợp tác quốc tế,HCM,PHONG_QLKH_HTQT,false,1,auto,76,146,scanned,3027818,be2514460c953141923579e4a0ddd0249c611643a59514976790dc1d90589178,scanned_pdf/phong-quan-ly-khoa-hoc-va-hop-tac-quoc-te/be2514460c95.pdf,true,2026-09-30T07:45:08+00:00,false,,
c054e30f148e,Quydinh_QL_Hoinghi_hoithao_khoahoc.pdf,https://smia.iuh.edu.vn/upload/files/bieumau/Quydinh_QL_Hoinghi_hoithao_khoahoc.pdf,https://smia.iuh.edu.vn/bieumau.html@p=3,Phòng Quản lý khoa học và hợp tác quốc tế,HCM,PHONG_QLKH_HTQT,true,,auto,3,0,scanned,802673,c054e30f148e5d63e1016c79d89d6276742c3b68469f6bd58010cf3c00db0e05,scanned_pdf/phong-quan-ly-khoa-hoc-va-hop-tac-quoc-te/c054e30f148e.pdf,true,2026-09-30T07:44:52+00:00,false,,
c4811cbab16f,Kế hoạch số 20-KH-DHCN (29_4_2021).pdf,https://smia.iuh.edu.vn/upload/files/2021/Eureka/K%E1%BA%BF%20ho%E1%BA%A1ch%20s%E1%BB%91%2020-KH-DHCN%20(29_4_2021).pdf,https://smia.iuh.edu.vn/news.html@detail@261@908@Giai-thuong-Sinh-vien-NCKH-Eureka-cap-Truong-nam-2021,Phòng Quản lý khoa học và hợp tác quốc tế,HCM,PHONG_QLKH_HTQT,true,,auto,4,0,scanned,1587189,c4811cbab16f70f20494079c68189e7ad78247fc6cac806ed994eb1dd969cf74,scanned_pdf/phong-quan-ly-khoa-hoc-va-hop-tac-quoc-te/c4811cbab16f.pdf,true,2026-09-30T07:43:24+00:00,false,,
c78375b4e77b,TB_33a.pdf,https://smia.iuh.edu.vn/upload/files/2020/HDGS_2020/TB_33a.pdf,https://smia.iuh.edu.vn/news.html@detail@257@627@Thong-tin,Phòng Quản lý khoa học và hợp tác quốc tế,HCM,PHONG_QLKH_HTQT,true,,auto,1,0,scanned,466732,c78375b4e77b588e0196abc7522e6ae9270e917f571061e9bfa48c220ac7a00d,scanned_pdf/phong-quan-ly-khoa-hoc-va-hop-tac-quoc-te/c78375b4e77b.pdf,true,2026-09-30T07:43:14+00:00,false,,
ca4a26e78bd2,14_Mau_1_Pham_Tan_Viet.pdf,https://smia.iuh.edu.vn/upload/files/2025HDGS_cs/2025UV_GS_PGS/14_Mau_1_Pham_Tan_Viet.pdf,https://smia.iuh.edu.vn/category.html@259@Danh-sach-ung-vien-GS-PGS,Phòng Quản lý khoa học và hợp tác quốc tế,HCM,PHONG_QLKH_HTQT,true,,auto,17,33255,ok,498031,ca4a26e78bd223631bb2a0620fb168822befb15cb809eb1b3e9406baedf381d5,files/phong-quan-ly-khoa-hoc-va-hop-tac-quoc-te/ca4a26e78bd2.pdf,true,2026-09-30T07:44:23+00:00,true,,
cc5786468654,THONG BAO MỜI DANG KY CAC DỰ AN HỖ TRỢ KNDMST 2021 554signed.pdf,https://smia.iuh.edu.vn/upload/files/vanban/THONG%20BAO%20M%E1%BB%9CI%20DANG%20KY%20CAC%20D%E1%BB%B0%20AN%20H%E1%BB%96%20TR%E1%BB%A2%20KNDMST%202021%20554signed.pdf,https://smia.iuh.edu.vn/news.html@detail@214@885@Thong-bao-Moi-dang-ky-du-an-ho-tro-hoat-dong-khoi-nghiep-doi-moi-sang-tao-tai-thanh-pho-Ho-Chi-Minh-2021,Phòng Quản lý khoa học và hợp tác quốc tế,HCM,PHONG_QLKH_HTQT,false,4,auto,6,106,scanned,1608416,cc5786468654d18bb8764724b7647767fb2e20725f258906571abfa14fe366c9,scanned_pdf/phong-quan-ly-khoa-hoc-va-hop-tac-quoc-te/cc5786468654.pdf,true,2026-09-30T07:45:09+00:00,false,,
d146e03b6410,2020_TBTS_Lao.pdf,https://smia.iuh.edu.vn/upload/files/2020/2020_TBTS_Lao.pdf,https://smia.iuh.edu.vn/news.html@detail@221@683@Thong-bao-tuyen-sinh-di-hoc-tai-nuoc-CHDCND-Lao-theo-dien-hoc-bong-Hiep-dinh-nam-2020,Phòng Quản lý khoa học và hợp tác quốc tế,HCM,PHONG_QLKH_HTQT,false,1,auto,4,0,scanned,976872,d146e03b64106a67f8c7a8658085438f073df74d8f55ec85e26e3c4bac5a48d8,scanned_pdf/phong-quan-ly-khoa-hoc-va-hop-tac-quoc-te/d146e03b6410.pdf,true,2026-09-30T07:43:10+00:00,false,,
dad2ec72c158,QD_Quydinh_Nhom_NC.pdf,https://smia.iuh.edu.vn/upload/files/bieumau/QD_Quydinh_Nhom_NC.pdf,https://smia.iuh.edu.vn/bieumau.html@p=2,Phòng Quản lý khoa học và hợp tác quốc tế,HCM,PHONG_QLKH_HTQT,true,,auto,3,0,scanned,815585,dad2ec72c158a62aca9c7cdc768c850d1af9a84e5bed52371a8bfbb9c5dc5d39,scanned_pdf/phong-quan-ly-khoa-hoc-va-hop-tac-quoc-te/dad2ec72c158.pdf,true,2026-09-30T07:44:49+00:00,false,,
df23f59c7282,JSAM Announcement_Techo Festa 25th_202011111.pdf,https://smia.iuh.edu.vn/upload/files/vanban/JSAM%20Announcement_Techo%20Festa%2025th_202011111.pdf,https://smia.iuh.edu.vn/news.html@detail@221@841@Hoi-nghi-chuyen-de-Le-hoi-cong-nghe-lan-thu-25-Cac-van-de-ve-thuc-pham-do-su-lay-lan-cua-COVID-19,Phòng Quản lý khoa học và hợp tác quốc tế,HCM,PHONG_QLKH_HTQT,true,,auto,4,6141,ok,445651,df23f59c728278f18e222a92e184557276fec3fbeee2a5c4a805f0885bbfb24f,files/phong-quan-ly-khoa-hoc-va-hop-tac-quoc-te/df23f59c7282.pdf,true,2026-09-30T07:45:04+00:00,true,,
df534be0842b,Huớng dẫn sử dụng phần mềm dang ky SHTT.pdf,https://smia.iuh.edu.vn/upload/files/vanban/Hu%E1%BB%9Bng%20d%E1%BA%ABn%20s%E1%BB%AD%20d%E1%BB%A5ng%20ph%E1%BA%A7n%20m%E1%BB%81m%20dang%20ky%20SHTT.pdf,https://smia.iuh.edu.vn/bieumau.html@218@Quy-trinh_Bieu-mau,Phòng Quản lý khoa học và hợp tác quốc tế,HCM,PHONG_QLKH_HTQT,true,,auto,9,4869,ok,1274047,df534be0842b46234072af34d639118c287cdce55a0a1cde579a43c236be5ecd,files/phong-quan-ly-khoa-hoc-va-hop-tac-quoc-te/df534be0842b.pdf,true,2026-09-30T07:45:03+00:00,true,,
e5272ab4eb17,QD 2649 DỀ TAI CẤP TRUỜNG 2026.pdf,https://smia.iuh.edu.vn/upload/files/QD%202649%20D%E1%BB%80%20TAI%20C%E1%BA%A4P%20TRU%E1%BB%9CNG%202026.pdf,https://smia.iuh.edu.vn/bieumau.html@218@Quy-trinh_Bieu-mau,Phòng Quản lý khoa học và hợp tác quốc tế,HCM,PHONG_QLKH_HTQT,true,,auto,38,0,scanned,13899109,e5272ab4eb17d83132914d66699b4e506d8a51a9c29861a7b918b17df83ce9d2,scanned_pdf/phong-quan-ly-khoa-hoc-va-hop-tac-quoc-te/e5272ab4eb17.pdf,true,2026-09-30T07:44:41+00:00,false,,
e730e404c92a,NCNU 2021 Elite Scholarship Program.pdf,https://smia.iuh.edu.vn/upload/files/vanban/NCNU%202021%20Elite%20Scholarship%20Program.pdf,https://smia.iuh.edu.vn/news.html@detail@212@842@Hoc-bong-Elite-Dai-hoc-Quoc-gia-Chi-Nan-Dai-Loan,Phòng Quản lý khoa học và hợp tác quốc tế,HCM,PHONG_QLKH_HTQT,true,,auto,3,1516,ok,1666612,e730e404c92a948671d869d8193a458b08504690aa9207e07c62c855a69379ff,files/phong-quan-ly-khoa-hoc-va-hop-tac-quoc-te/e730e404c92a.pdf,true,2026-09-30T07:45:07+00:00,true,,
e8fc51779ce1,HUỚNG DẪN CHEN HINH ẢNH VAO PHẦN MỀM DANG KY DỀ TAI NCKH.pdf,https://smia.iuh.edu.vn/upload/files/HU%E1%BB%9ANG%20D%E1%BA%AAN%20CHEN%20HINH%20%E1%BA%A2NH%20VAO%20PH%E1%BA%A6N%20M%E1%BB%80M%20DANG%20KY%20D%E1%BB%80%20TAI%20NCKH.pdf,https://smia.iuh.edu.vn/bieumau.html@p=1,Phòng Quản lý khoa học và hợp tác quốc tế,HCM,PHONG_QLKH_HTQT,false,1,auto,1,224,ok,296835,e8fc51779ce1f1cfe2935be45aafc8ba7ecfe0711be90e6d832fa1964cb524f4,files/phong-quan-ly-khoa-hoc-va-hop-tac-quoc-te/e8fc51779ce1.pdf,true,2026-09-30T07:44:37+00:00,true,,
ed3179a8e5e7,[27-03-2020_09_33_11]cv_439-tb-skhcn_(18_03_2020)_0001.pdf,https://smia.iuh.edu.vn/upload/files/vanban/%5B27-03-2020_09_33_11%5Dcv_439-tb-skhcn_(18_03_2020)_0001.pdf,https://smia.iuh.edu.vn/news.html@detail@214@618@Thong-bao-Tuyen-chon-to-chuc-va-ca-nhan-chu-tri-thuc-hien-nhiem-vu-khoa-hoc-va-cong-nghe-cap-tinh-su-dung-ngan-sach-nha-nuoc-thuc-hien-nam-2020-(dot-2)-Tinh-Dong-Nai,Phòng Quản lý khoa học và hợp tác quốc tế,HCM,PHONG_QLKH_HTQT,true,,auto,5,0,scanned,2155941,ed3179a8e5e7d36a5979b9a90c6b6e8c90ba793cbc8da9e09fbed93e0fe106cd,scanned_pdf/phong-quan-ly-khoa-hoc-va-hop-tac-quoc-te/ed3179a8e5e7.pdf,true,2026-09-30T07:44:56+00:00,false,,
eeb53753e650,QD 3090 (22_9_2025) BienSoanGT(1).pdf,https://smia.iuh.edu.vn/upload/files/QD%203090%20(22_9_2025)%20BienSoanGT(1).pdf,https://smia.iuh.edu.vn/bieumau.html@218@Quy-trinh_Bieu-mau,Phòng Quản lý khoa học và hợp tác quốc tế,HCM,PHONG_QLKH_HTQT,true,,auto,26,0,scanned,7278822,eeb53753e650cdb0d51097f98a20ac2c75a09dd563b0fabe141d6698f178c580,scanned_pdf/phong-quan-ly-khoa-hoc-va-hop-tac-quoc-te/eeb53753e650.pdf,true,2026-09-30T07:44:43+00:00,false,,
f4a74393fba3,11_Mau_1_Nguyen_Thanh_Thuan.pdf,https://smia.iuh.edu.vn/upload/files/2025HDGS_cs/2025UV_GS_PGS/11_Mau_1_Nguyen_Thanh_Thuan.pdf,https://smia.iuh.edu.vn/category.html@259@Danh-sach-ung-vien-GS-PGS,Phòng Quản lý khoa học và hợp tác quốc tế,HCM,PHONG_QLKH_HTQT,true,,auto,22,27581,ok,441311,f4a74393fba325c68c2815b59cdadd156849f38f9077a64c897583187cb5631e,files/phong-quan-ly-khoa-hoc-va-hop-tac-quoc-te/f4a74393fba3.pdf,true,2026-09-30T07:44:17+00:00,true,,
fb39e92b666a,2a_QD_892_25_3_2025_TL_HD_GS_coso.pdf,https://smia.iuh.edu.vn/upload/files/2025HDGS_cs/2a_QD_892_25_3_2025_TL_HD_GS_coso.pdf,https://smia.iuh.edu.vn/news.html@detail@258@631@Hoi-dong-Giao-su-co-so-Truong-Dai-hoc-Cong-nghiep-Thanh-pho-Ho-Chi-Minh-nam-2025,Phòng Quản lý khoa học và hợp tác quốc tế,HCM,PHONG_QLKH_HTQT,false,1,auto,3,0,scanned,659023,fb39e92b666a6acff2d1c7adb8625fcdc4260c3dc7ab31909fd61e19bcf80f76,scanned_pdf/phong-quan-ly-khoa-hoc-va-hop-tac-quoc-te/fb39e92b666a.pdf,true,2026-09-30T07:44:26+00:00,false,,
fd36fd580053,13_Mau_1_Nguyen_Khoa_Trieu.pdf,https://smia.iuh.edu.vn/upload/files/2025HDGS_cs/2025UV_GS_PGS/13_Mau_1_Nguyen_Khoa_Trieu.pdf,https://smia.iuh.edu.vn/category.html@259@Danh-sach-ung-vien-GS-PGS,Phòng Quản lý khoa học và hợp tác quốc tế,HCM,PHONG_QLKH_HTQT,false,1,auto,16,0,scanned,1094263,fd36fd580053ca73f9afbcc46b2ef25a22b06bcc64c47de0805f8227792da68b,scanned_pdf/phong-quan-ly-khoa-hoc-va-hop-tac-quoc-te/fd36fd580053.pdf,true,2026-09-30T07:44:21+00:00,false,,
fde814fb1432,KHOA HOA_Nội dung Hội thảo Khoa hoa.pdf,https://smia.iuh.edu.vn/upload/files/vanban/KHOA%20HOA_N%E1%BB%99i%20dung%20H%E1%BB%99i%20th%E1%BA%A3o%20Khoa%20hoa.pdf,https://smia.iuh.edu.vn/news.html@detail@254@669@Hoi-thao-Khoa-hoc-Quoc-te-,Phòng Quản lý khoa học và hợp tác quốc tế,HCM,PHONG_QLKH_HTQT,true,,auto,3,0,scanned,852763,fde814fb143242622d92e21229a8c86c355cc4079c30f0528ff20558ee69b12a,scanned_pdf/phong-quan-ly-khoa-hoc-va-hop-tac-quoc-te/fde814fb1432.pdf,true,2026-09-30T07:45:05+00:00,false,,
418ca1573b71,TB-1797-2025_dongtienHP-HKII_2025-2026.pdf,https://ptckt.iuh.edu.vn/upload/files/VB%20C%E1%BB%A6A%20TRU%E1%BB%9CNG/Thong%20bao/TB-1797-2025_dongtienHP-HKII_2025-2026.pdf,https://ptckt.iuh.edu.vn/thong-bao-m163/thong-bao-v-v-dong-hoc-phi-hoc-ky-ii-nam-hoc-2025-2026,Phòng Tài chính - Kế toán,HCM,PHONG_TC_KT,true,,auto,2,0,scanned,683126,418ca1573b71efd7a4b5cbf9c6c6d03f1ffe00f2f01693ec9d95f240ecff3cb3,scanned_pdf/phong-tai-chinh-ke-toan/418ca1573b71.pdf,true,2026-09-30T07:41:59+00:00,false,,
5eaeb77cae16,tb66.pdf,https://ptckt.iuh.edu.vn/upload/files/2016/tb66.pdf,https://ptckt.iuh.edu.vn/thong-bao-m163/thong-bao-ke-hoach-nghi-he-nam-2016,Phòng Tài chính - Kế toán,HCM,PHONG_TC_KT,true,,auto,1,0,scanned,850243,5eaeb77cae16d922314c403476dd19bf190fe1ed5ad4befc33769e4bd313ca24,scanned_pdf/phong-tai-chinh-ke-toan/5eaeb77cae16.pdf,true,2026-09-30T07:41:47+00:00,false,,
70bba4f3a653,TB889_2025_DHCN-Dong-BHYT-3thangcuoinam.pdf,https://ptckt.iuh.edu.vn/upload/files/VB%20C%E1%BB%A6A%20TRU%E1%BB%9CNG/Thong%20bao/TB889_2025_DHCN-Dong-BHYT-3thangcuoinam.pdf,https://ptckt.iuh.edu.vn/thong-bao-m163/thong-bao-v-v-thu-tien-bhyt-3-thang-101112-2025-cho-tan-sinh-vien-khoa-21-nhap-hoc-2025-2026,Phòng Tài chính - Kế toán,HCM,PHONG_TC_KT,true,,auto,2,0,scanned,1245475,70bba4f3a653a8ab37e3ce851d508b9db6ff4a58669d733ae63655419ad1bd4c,scanned_pdf/phong-tai-chinh-ke-toan/70bba4f3a653.pdf,true,2026-09-30T07:42:01+00:00,false,,
72e6a5f43702,tb_40.pdf,https://ptckt.iuh.edu.vn/upload/files/2016/tb_40.pdf,https://ptckt.iuh.edu.vn/thong-bao-m163/thong-bao-ve-viec-dang-ky-hoc-phan-va-dong-hoc-phi-hoc-ky-1-nam-hoc-2016-2017,Phòng Tài chính - Kế toán,HCM,PHONG_TC_KT,false,4,auto,2,0,scanned,1148368,72e6a5f43702d96b6c5256a10f117a3af3e6c7e4d6a8b181de95bb17ed7037d5,scanned_pdf/phong-tai-chinh-ke-toan/72e6a5f43702.pdf,true,2026-09-30T07:41:48+00:00,false,,
84c07791b696,TB-848-DKHP-Dong-HP-HK1-2024-2025.pdf,https://ptckt.iuh.edu.vn/upload/files/VB%20C%E1%BB%A6A%20TRU%E1%BB%9CNG/1.%20Quy%E1%BA%BFt%20d%E1%BB%8Bnh/TB-848-DKHP-Dong-HP-HK1-2024-2025.pdf,https://ptckt.iuh.edu.vn/thong-bao-m163/thong-bao-v-v-dong-hoc-phi-hoc-ky-i-nam-hoc-2024-2025,Phòng Tài chính - Kế toán,HCM,PHONG_TC_KT,false,3,auto,2,0,scanned,1003253,84c07791b696c6dddadc56adf1e5b0572bd14ebb8a38343d203d7c6649e7d240,scanned_pdf/phong-tai-chinh-ke-toan/84c07791b696.pdf,true,2026-09-30T07:41:52+00:00,false,,
d917141b58d4,ke_hoach_cuoc_thi_anh.pdf,https://ptckt.iuh.edu.vn/upload/files/2016/ke_hoach_cuoc_thi_anh.pdf,https://ptckt.iuh.edu.vn/thong-bao-m163/ke-hoach-cuoc-thi-album-anh,Phòng Tài chính - Kế toán,HCM,PHONG_TC_KT,true,,auto,2,0,scanned,846712,d917141b58d41d28b0141ed712810671e42bda112fb35e7644b7265c41c39640,scanned_pdf/phong-tai-chinh-ke-toan/d917141b58d4.pdf,true,2026-09-30T07:41:46+00:00,false,,
e1a13b879168,tb-764-2025.pdf,https://ptckt.iuh.edu.vn/upload/files/VB%20C%E1%BB%A6A%20TRU%E1%BB%9CNG/1.%20Quy%E1%BA%BFt%20d%E1%BB%8Bnh/tb-764-2025.pdf,https://ptckt.iuh.edu.vn/thong-bao-m163/thong-bao-v-v-dong-hoc-phi-hoc-ky-iii-nam-hoc-2024-2025,Phòng Tài chính - Kế toán,HCM,PHONG_TC_KT,true,,auto,2,0,scanned,706606,e1a13b879168dce2c0c3035b8b2fc5a7abb105da68cc61a62662a0422cd10207,scanned_pdf/phong-tai-chinh-ke-toan/e1a13b879168.pdf,true,2026-09-30T07:41:56+00:00,false,,
faba80179b4e,HDSD Thanh toan va in hoa don HP.pdf,https://ptckt.iuh.edu.vn/upload/files/HDSD%20Thanh%20toan%20va%20in%20hoa%20don%20HP.pdf,https://ptckt.iuh.edu.vn/thong-bao-m163/huong-dan-thuc-hien-thanh-toan-truc-tuyen-va-xuat-hoa-don-hoc-phi,Phòng Tài chính - Kế toán,HCM,PHONG_TC_KT,true,,auto,7,2712,ok,834513,faba80179b4effc7007f8bddca4677f09f37e6548686609b3ebb9a3617a4c338,files/phong-tai-chinh-ke-toan/faba80179b4e.pdf,true,2026-09-30T07:41:49+00:00,true,,
04ca12f0acdd,5e0f833e-7940-46c2-b70f-72962ff250fe_HD-02-2024.pdf,https://pdt.iuh.edu.vn/Uploads/5e0f833e-7940-46c2-b70f-72962ff250fe_HD-02-2024.pdf,https://pdt.iuh.edu.vn/huong-dan-nop-ho-so-de-nghi-cap-hoc-bong-tuyen-sinh-nam-hoc-2024---2025,Phòng Đào tạo,HCM,PHONG_DAO_TAO,true,,auto,5,0,scanned,1833842,04ca12f0acdd219dd9ad16ab899ba6a271c37080833486e9413ffec8e3bb9dde,scanned_pdf/phong-dao-tao/04ca12f0acdd.pdf,false,2026-09-30T07:42:49+00:00,false,,
0f6e6dc782f2,c0cfda33-c2b1-4940-865c-6812b4610b6e_4-DonXinChuyenNganh.pdf,https://pdt.iuh.edu.vn/Uploads/c0cfda33-c2b1-4940-865c-6812b4610b6e_4-DonXinChuyenNganh.pdf,https://pdt.iuh.edu.vn/quy-trinh-giai-quyet-hoc-vu,Phòng Đào tạo,HCM,PHONG_DAO_TAO,true,,auto,1,2342,ok,144351,0f6e6dc782f233e68593b2ee746e08088497da4b0faa9760009546252fea4d10,files/phong-dao-tao/0f6e6dc782f2.pdf,false,2026-09-30T07:43:44+00:00,true,,
15a73a51c2ab,152ffa6e-1ac2-439c-816a-75febd546433_4Tam-ngung-hoc_bao-luu.pdf,https://pdt.iuh.edu.vn/Uploads/152ffa6e-1ac2-439c-816a-75febd546433_4Tam-ngung-hoc_bao-luu.pdf,https://pdt.iuh.edu.vn/%20to-chuc-dao-tao,Phòng Đào tạo,HCM,PHONG_DAO_TAO,true,,auto,2,2978,ok,349393,15a73a51c2ab332d594b1da3317bc7d9f913437c7aff326c792e2fce5e834dce,files/phong-dao-tao/15a73a51c2ab.pdf,false,2026-09-30T07:41:46+00:00,true,,
1d5c111c3eba,"34c41776-581a-4a23-9da7-24426b29cf76_0. Quy trình chỉnh sửa điểm, bổ sung điểm, xóa cột điểm.pdf","https://pdt.iuh.edu.vn/Uploads/34c41776-581a-4a23-9da7-24426b29cf76_0. Quy trình chỉnh sửa điểm, bổ sung điểm, xóa cột điểm.pdf",https://pdt.iuh.edu.vn/huong-dan-quy-trinh-bo-sung-diem-dieu-chinh-diem-xoa-va-mo-khoa-cot-diem,Phòng Đào tạo,HCM,PHONG_DAO_TAO,true,,auto,3,6793,ok,172997,1d5c111c3eba43278e3aa8341b70be551c0d14fee2802f98c64424b2a5cb7339,files/phong-dao-tao/1d5c111c3eba.pdf,false,2026-09-30T07:42:19+00:00,true,,
20e1750624a1,cfdf42e8-ee06-40d0-92e1-c32b8e7a04ab_M2.GH_DON DE NGHI MO TAI KHOAN SV (đã HTCTDT).pdf,https://pdt.iuh.edu.vn/Uploads/cfdf42e8-ee06-40d0-92e1-c32b8e7a04ab_M2.GH_DON DE NGHI MO TAI KHOAN SV (đã HTCTDT).pdf,https://pdt.iuh.edu.vn/quy-trinh-giai-quyet-hoc-vu,Phòng Đào tạo,HCM,PHONG_DAO_TAO,true,,auto,1,1076,ok,147691,20e1750624a122f0dbf79b6544008862bd1d99f3a50a1a897b2a80063bf1a7ce,files/phong-dao-tao/20e1750624a1.pdf,false,2026-09-30T07:43:50+00:00,true,,
217355893fa2,5d99181c-e4f6-46f3-9069-421718b28f95_1Dang-ky-nhap-hoc.pdf,https://pdt.iuh.edu.vn/Uploads/5d99181c-e4f6-46f3-9069-421718b28f95_1Dang-ky-nhap-hoc.pdf,https://pdt.iuh.edu.vn/%20to-chuc-dao-tao,Phòng Đào tạo,HCM,PHONG_DAO_TAO,true,,auto,1,813,ok,328407,217355893fa2cf0598e0a1881e78ff40931c53eb140ddb48954562e366b698d3,files/phong-dao-tao/217355893fa2.pdf,false,2026-09-30T07:42:44+00:00,true,,
232dacb7a8f1,b6eab491-befa-4d08-a43b-72795a2cb29b_Don De Nghi Chuyen Diem (1).pdf,https://pdt.iuh.edu.vn/Uploads/b6eab491-befa-4d08-a43b-72795a2cb29b_Don De Nghi Chuyen Diem (1).pdf,https://pdt.iuh.edu.vn/quy-trinh-giai-quyet-hoc-vu,Phòng Đào tạo,HCM,PHONG_DAO_TAO,false,1,auto,2,2701,ok,271818,232dacb7a8f1084e76cf77718259c1a3315426013441dfbdda58998a35e32a17,files/phong-dao-tao/232dacb7a8f1.pdf,false,2026-09-30T07:43:40+00:00,true,,
24b60189c354,6dd869f0-1ba0-4ab4-94ca-c9eccc394518_Don_de_nghi_cap_ban_sao_bang_tot_nghiep.pdf,https://pdt.iuh.edu.vn/Uploads/6dd869f0-1ba0-4ab4-94ca-c9eccc394518_Don_de_nghi_cap_ban_sao_bang_tot_nghiep.pdf,https://pdt.iuh.edu.vn/bieu-mau-tot-nghiep,Phòng Đào tạo,HCM,PHONG_DAO_TAO,true,,auto,1,2842,ok,181431,24b60189c354753b477e2b7d10faa9f797a941b52bf902b6a112d85956100a4d,files/phong-dao-tao/24b60189c354.pdf,false,2026-09-30T07:43:03+00:00,true,,
26257f701710,8da952c4-c1e9-4365-85ac-e9e289452a68_DOn-phuc-khao.pdf,https://pdt.iuh.edu.vn/Uploads/8da952c4-c1e9-4365-85ac-e9e289452a68_DOn-phuc-khao.pdf,https://pdt.iuh.edu.vn/quy-trinh-giai-quyet-hoc-vu,Phòng Đào tạo,HCM,PHONG_DAO_TAO,true,,auto,1,2344,ok,211026,26257f701710e515d305e645f0c332406592442ef3e068d3f0bbd1e6b2504aa9,files/phong-dao-tao/26257f701710.pdf,false,2026-09-30T07:43:18+00:00,true,,
31eae0043fea,9565fdd4-388b-4ca8-905f-422d4b3f0f22_7Hoc-cung-luc-2-chuong-trinh-dao-tao.pdf,https://pdt.iuh.edu.vn/Uploads/9565fdd4-388b-4ca8-905f-422d4b3f0f22_7Hoc-cung-luc-2-chuong-trinh-dao-tao.pdf,https://pdt.iuh.edu.vn/%20to-chuc-dao-tao,Phòng Đào tạo,HCM,PHONG_DAO_TAO,true,,auto,1,1395,ok,332828,31eae0043feadbb24ab93c2c27528efb48715f8cda412f774a92ed28498cfd6a,files/phong-dao-tao/31eae0043fea.pdf,false,2026-09-30T07:43:20+00:00,true,,
3cf6561e5d89,08f3071f-6d09-4d00-b721-2fc46a60e336_8-Don-thoi-hoc.pdf,https://pdt.iuh.edu.vn/Uploads/08f3071f-6d09-4d00-b721-2fc46a60e336_8-Don-thoi-hoc.pdf,https://pdt.iuh.edu.vn/quy-trinh-giai-quyet-hoc-vu,Phòng Đào tạo,HCM,PHONG_DAO_TAO,true,,auto,1,2075,ok,104867,3cf6561e5d899b06efbc66f29781a2424f59a31c9d9db8655fbb800edf2197f7,files/phong-dao-tao/3cf6561e5d89.pdf,false,2026-09-30T07:41:45+00:00,true,,
4514d963bec4,38feb5ec-43cb-4bd3-b3e9-f9c124a34b11_03. Don DN xet cap HB TS (DT02).pdf,https://pdt.iuh.edu.vn/Uploads/38feb5ec-43cb-4bd3-b3e9-f9c124a34b11_03. Don DN xet cap HB TS (DT02).pdf,https://pdt.iuh.edu.vn/thong-bao-nop-ho-so-de-nghi-xet-cap-hoc-bong-tuyen-sinh-nam-hoc-2026---2027,Phòng Đào tạo,HCM,PHONG_DAO_TAO,true,,auto,1,1981,ok,390602,4514d963bec402f700decd1bda64e4e81cb851f48a2cf22d7bc35adc8565ddba,files/phong-dao-tao/4514d963bec4.pdf,false,2026-09-30T07:42:22+00:00,true,,
4611ab3113ff,23e28992-5c98-4f6c-a520-a4c63ff42b63_qd-798-2025.pdf,https://pdt.iuh.edu.vn/Uploads/23e28992-5c98-4f6c-a520-a4c63ff42b63_qd-798-2025.pdf,https://pdt.iuh.edu.vn/ke-hoach-xet-cong-nhan-tot-nghiep-dot-thang-10-nam-2025,Phòng Đào tạo,HCM,PHONG_DAO_TAO,true,,auto,2,0,scanned,768585,4611ab3113ffd2f40ea618506b134976039154e4cbcef16f548eb18e91859fef,scanned_pdf/phong-dao-tao/4611ab3113ff.pdf,false,2026-09-30T07:42:01+00:00,false,,
47c250a610a6,293a3be7-7995-4576-85fd-e2d58e7058f5_tb159.pdf,https://pdt.iuh.edu.vn/Uploads/293a3be7-7995-4576-85fd-e2d58e7058f5_tb159.pdf,https://pdt.iuh.edu.vn/thong-bao-ke-hoach-xet-cong-nhan-tot-nghiep-dot-thang-12-nam-2022,Phòng Đào tạo,HCM,PHONG_DAO_TAO,true,,auto,2,0,scanned,721016,47c250a610a6f268207ab9e550a31809ce44b539abc1e66f24c9df24e7585744,scanned_pdf/phong-dao-tao/47c250a610a6.pdf,false,2026-09-30T07:42:11+00:00,false,,
49169e7999f6,aeb3e614-a44f-4538-b997-d1049b2ad39c_quy_dinh_giao_trinh_va_tai_lieu_tham_khao.pdf,https://pdt.iuh.edu.vn/Uploads/aeb3e614-a44f-4538-b997-d1049b2ad39c_quy_dinh_giao_trinh_va_tai_lieu_tham_khao.pdf,https://pdt.iuh.edu.vn/quy-dinh-ve-giao-trinh-va-tai-lieu-tham-khao,Phòng Đào tạo,HCM,PHONG_DAO_TAO,true,,auto,5,0,scanned,1466133,49169e7999f6e83f668c815d3e7f88c034a782d6949ed2010fae29449fb823b0,scanned_pdf/phong-dao-tao/49169e7999f6.pdf,false,2026-09-30T07:43:34+00:00,false,,
4ef3c68c06ad,aa3bd2f7-5d15-4140-9604-7ab068ef8416_HD03-2025.pdf,https://pdt.iuh.edu.vn/Uploads/aa3bd2f7-5d15-4140-9604-7ab068ef8416_HD03-2025.pdf,https://pdt.iuh.edu.vn/huong-dan-nop-ho-so-de-nghi-xet-cap-hoc-bong-tuyen-sinh-nam-hoc-2025-2026,Phòng Đào tạo,HCM,PHONG_DAO_TAO,true,,auto,7,0,scanned,2128252,4ef3c68c06adcea41630bb9183fa61099ba19e93ce7f4ea8edb87c0710cb4935,scanned_pdf/phong-dao-tao/4ef3c68c06ad.pdf,false,2026-09-30T07:43:31+00:00,false,,
50563712f6bb,5de416ca-e39b-44dd-9b35-1ae9caf7ebb0_02. Don DN xet cap HB TS (DT01).pdf,https://pdt.iuh.edu.vn/Uploads/5de416ca-e39b-44dd-9b35-1ae9caf7ebb0_02. Don DN xet cap HB TS (DT01).pdf,https://pdt.iuh.edu.vn/thong-bao-nop-ho-so-de-nghi-xet-cap-hoc-bong-tuyen-sinh-nam-hoc-2026---2027,Phòng Đào tạo,HCM,PHONG_DAO_TAO,true,,auto,1,1997,ok,387964,50563712f6bb1e6edef2957468b7b4601932cdc9e1aeed6c90ef4c3df47bf03b,files/phong-dao-tao/50563712f6bb.pdf,false,2026-09-30T07:42:47+00:00,true,,
5911d63d6351,85ffcb8d-6eff-4242-8f1c-522fc2cb6a13_qd-656-2026.pdf,https://pdt.iuh.edu.vn/Uploads/85ffcb8d-6eff-4242-8f1c-522fc2cb6a13_qd-656-2026.pdf,https://pdt.iuh.edu.vn/tien-do-dao-tao,Phòng Đào tạo,HCM,PHONG_DAO_TAO,true,,auto,2,0,scanned,526805,5911d63d6351620341d890b915b366d69d711fd7d6d1263a20b3f52891be95ec,scanned_pdf/phong-dao-tao/5911d63d6351.pdf,false,2026-09-30T07:43:12+00:00,false,,
5ddb622e1101,4b7772b7-143b-4fa4-a881-7c3aa1e2550b_3-MAU-DON-CHUYEN-TRUONG.pdf,https://pdt.iuh.edu.vn/Uploads/4b7772b7-143b-4fa4-a881-7c3aa1e2550b_3-MAU-DON-CHUYEN-TRUONG.pdf,https://pdt.iuh.edu.vn/quy-trinh-giai-quyet-hoc-vu,Phòng Đào tạo,HCM,PHONG_DAO_TAO,true,,auto,2,3607,ok,146274,5ddb622e11016ca397f518b5fcc01180ec4765c43e036622ddb3a2131df2f6f9,files/phong-dao-tao/5ddb622e1101.pdf,false,2026-09-30T07:42:30+00:00,true,,
5dfcb0672f15,184bdbe0-55bd-4c96-9bf9-31761077668c_867_Thongbao_tuyensinh_2026.pdf,https://pdt.iuh.edu.vn/Uploads/184bdbe0-55bd-4c96-9bf9-31761077668c_867_Thongbao_tuyensinh_2026.pdf,https://pdt.iuh.edu.vn/thong-bao-tuyen-sinh-dai-hoc-he-chinh-quy-nam-2026,Phòng Đào tạo,HCM,PHONG_DAO_TAO,true,,auto,11,0,scanned,3788577,5dfcb0672f153c7c1df3a3db18bfe887061f212efb4a7fb917892851d6223168,scanned_pdf/phong-dao-tao/5dfcb0672f15.pdf,false,2026-09-30T07:41:48+00:00,false,,
64da3b7e1a43,db8ec7e0-f71a-495b-8760-a157809caf45_07. DON HOC LAI SAU BAO LUU.pdf,https://pdt.iuh.edu.vn/Uploads/db8ec7e0-f71a-495b-8760-a157809caf45_07. DON HOC LAI SAU BAO LUU.pdf,https://pdt.iuh.edu.vn/quy-trinh-giai-quyet-hoc-vu,Phòng Đào tạo,HCM,PHONG_DAO_TAO,false,4,auto,1,1671,ok,122204,64da3b7e1a435faa40b4daca87221987f08adf0938a3918ec4dcacf8b13518ea,files/phong-dao-tao/64da3b7e1a43.pdf,false,2026-09-30T07:43:57+00:00,true,,
6c11604908e8,1c2292e1-08fa-46fd-a06a-0340c81410cb_TB_tuyen_sinh_T11_2019.pdf,https://pdt.iuh.edu.vn/Uploads/1c2292e1-08fa-46fd-a06a-0340c81410cb_TB_tuyen_sinh_T11_2019.pdf,https://pdt.iuh.edu.vn/thong-bao-tuyen-sinh-dao-tao-lien-thong-hinh-thuc-vua-hoc-vua-lam-tu-trinh-do-cao-dang-len-trinh-do-dai-hoc-dot-2-nam-2019,Phòng Đào tạo,HCM,PHONG_DAO_TAO,false,1,auto,2,0,scanned,561788,6c11604908e816d8f7e2c404c069caca0573c281465204ca57b3176671f7728e,scanned_pdf/phong-dao-tao/6c11604908e8.pdf,false,2026-09-30T07:41:49+00:00,false,,
6c65d0162904,227fc761-b451-4fbe-8889-83a726bd49dd_03. Don DN xet cap HB TS (DT02).pdf,https://pdt.iuh.edu.vn/Uploads/227fc761-b451-4fbe-8889-83a726bd49dd_03. Don DN xet cap HB TS (DT02).pdf,https://pdt.iuh.edu.vn/thong-bao-nop-ho-so-de-nghi-xet-cap-hoc-bong-tuyen-sinh-nam-hoc-2026---2027,Phòng Đào tạo,HCM,PHONG_DAO_TAO,true,,auto,1,1981,ok,389964,6c65d016290492328fa7364f9896e6d9dea35a30463cb620ae97bc992a40738b,files/phong-dao-tao/6c65d0162904.pdf,false,2026-09-30T07:41:58+00:00,true,,
6da7b89ec592,4f14bb30-ffe6-4b87-9965-31af67bf5cef_27. Phieu dieu chinh diem (ĐT27).pdf,https://pdt.iuh.edu.vn/Uploads/4f14bb30-ffe6-4b87-9965-31af67bf5cef_27. Phieu dieu chinh diem (ĐT27).pdf,https://pdt.iuh.edu.vn/bieu-mau-giang-vien,Phòng Đào tạo,HCM,PHONG_DAO_TAO,true,,auto,1,1816,ok,166151,6da7b89ec592a133e021ac1527a494e95a6fc20f78bb0378cd06d0ced3964a2c,files/phong-dao-tao/6da7b89ec592.pdf,false,2026-09-30T07:42:32+00:00,true,,
6f5e7a53e378,fc5bb8e2-2234-40fd-8797-318be8c52abf_05. Giay Xac Nhan CB-VC cac So GD cac Tinh TP.pdf,https://pdt.iuh.edu.vn/Uploads/fc5bb8e2-2234-40fd-8797-318be8c52abf_05. Giay Xac Nhan CB-VC cac So GD cac Tinh TP.pdf,https://pdt.iuh.edu.vn/thong-bao-nop-ho-so-de-nghi-xet-cap-hoc-bong-tuyen-sinh-nam-hoc-2026---2027,Phòng Đào tạo,HCM,PHONG_DAO_TAO,false,1,auto,1,1597,ok,355165,6f5e7a53e3784189523f06075951096998698915e0dc44f95890d0cc1874bfb4,files/phong-dao-tao/6f5e7a53e378.pdf,false,2026-09-30T07:44:29+00:00,true,,
7787d9761159,533e8263-da85-4ca6-906c-67b6494cd494_TB-1856-2025.pdf,https://pdt.iuh.edu.vn/Uploads/533e8263-da85-4ca6-906c-67b6494cd494_TB-1856-2025.pdf,https://pdt.iuh.edu.vn/thong-bao-vv-dieu-chinh-lich-nghi-tet-duong-lich-nam-2026,Phòng Đào tạo,HCM,PHONG_DAO_TAO,true,,auto,1,0,scanned,212059,7787d9761159f42cb9582ad567a074b854193b7fd0129512349e982f634618b0,scanned_pdf/phong-dao-tao/7787d9761159.pdf,false,2026-09-30T07:42:40+00:00,false,,
7dfe982a6aa2,f6c4e55c-a6d4-4f0c-b447-ad631310ea59_tb.pdf,https://pdt.iuh.edu.vn/Uploads/f6c4e55c-a6d4-4f0c-b447-ad631310ea59_tb.pdf,https://pdt.iuh.edu.vn/thong-bao-v-v-dang-ky-hoc-phan-va-dong-hoc-phi-hoc-ky-ii-nam-hoc-2025-2026,Phòng Đào tạo,HCM,PHONG_DAO_TAO,true,,auto,2,0,scanned,677826,7dfe982a6aa25a81ffbc81eec38e70831b22884d9a587e49ca3131f68d1f0227,scanned_pdf/phong-dao-tao/7dfe982a6aa2.pdf,false,2026-09-30T07:44:20+00:00,false,,
7e735808112b,40cf1399-3d6a-4938-a7f9-fd58545a48ef_20. Don xin thi bo sung hoc phan.pdf,https://pdt.iuh.edu.vn/Uploads/40cf1399-3d6a-4938-a7f9-fd58545a48ef_20. Don xin thi bo sung hoc phan.pdf,https://pdt.iuh.edu.vn/quy-trinh-giai-quyet-hoc-vu,Phòng Đào tạo,HCM,PHONG_DAO_TAO,true,,auto,1,2511,ok,185971,7e735808112b73b7a8e3c5b9fd9eca8e466f4beb0c7c13b1f10822b4718bfb16,files/phong-dao-tao/7e735808112b.pdf,false,2026-09-30T07:42:26+00:00,true,,
816f8a105362,4aeb85f5-0fe6-4803-89f6-59b4504eb916_tb1735.pdf,https://pdt.iuh.edu.vn/Uploads/4aeb85f5-0fe6-4803-89f6-59b4504eb916_tb1735.pdf,https://pdt.iuh.edu.vn/thong-bao-vv-cap-hoc-bong-khuyen-khich-hoc-tap-trinh-do-thac-si-cho-sinh-vien-tot-nghiep-nam-2023,Phòng Đào tạo,HCM,PHONG_DAO_TAO,false,1,auto,14,0,scanned,4401704,816f8a1053628a692102ec7c2e3b669c138be0e32d8f38dfe331c15b9c936d1f,scanned_pdf/phong-dao-tao/816f8a105362.pdf,false,2026-09-30T07:42:28+00:00,false,,
842973e3c3a3,faa53a38-0fbf-4148-bcbe-66458f60125d_06. DON NGHI HOC TAM THOI.pdf,https://pdt.iuh.edu.vn/Uploads/faa53a38-0fbf-4148-bcbe-66458f60125d_06. DON NGHI HOC TAM THOI.pdf,https://pdt.iuh.edu.vn/quy-trinh-giai-quyet-hoc-vu,Phòng Đào tạo,HCM,PHONG_DAO_TAO,true,,auto,1,2144,ok,134217,842973e3c3a33447e403d3444eb2455b8d9e6548402ae07a9da0956c8d085a54,files/phong-dao-tao/842973e3c3a3.pdf,false,2026-09-30T07:44:26+00:00,true,,
887fb65a88c3,ebdfd833-02c0-47a7-a99b-82df2d1f5ac6_tb-785-2025-20250429041107-e.pdf,https://pdt.iuh.edu.vn/Uploads/ebdfd833-02c0-47a7-a99b-82df2d1f5ac6_tb-785-2025-20250429041107-e.pdf,https://pdt.iuh.edu.vn/thong-bao-ke-hoach-cong-nhan-tot-nghiep-dot-thang-7-nam-2025,Phòng Đào tạo,HCM,PHONG_DAO_TAO,true,,auto,1,0,scanned,391348,887fb65a88c3c4cc3f2437251b9fe04cd39febc1b8608a980fbf8ee6e1992ec3,scanned_pdf/phong-dao-tao/887fb65a88c3.pdf,false,2026-09-30T07:44:13+00:00,false,,
8c2ea4369389,cccf5871-8288-4ad3-8c8e-0f400fe834c2_13_Don-de-nghi-xet-HB.TS_.pdf,https://pdt.iuh.edu.vn/Uploads/cccf5871-8288-4ad3-8c8e-0f400fe834c2_13_Don-de-nghi-xet-HB.TS_.pdf,https://pdt.iuh.edu.vn/quy-trinh-giai-quyet-hoc-vu,Phòng Đào tạo,HCM,PHONG_DAO_TAO,false,4,auto,1,1989,ok,169442,8c2ea4369389594718f7ff807dd195422801198dfe3817493f7c1e67283fc219,files/phong-dao-tao/8c2ea4369389.pdf,false,2026-09-30T07:43:48+00:00,true,,
8d0032ca0a33,21d70674-f0f1-47c7-a070-a457bcde7e28_M1.GH_DON DE NGHI MO TAI KHOAN SV (chua HTCTDT).pdf,https://pdt.iuh.edu.vn/Uploads/21d70674-f0f1-47c7-a070-a457bcde7e28_M1.GH_DON DE NGHI MO TAI KHOAN SV (chua HTCTDT).pdf,https://pdt.iuh.edu.vn/quy-trinh-giai-quyet-hoc-vu,Phòng Đào tạo,HCM,PHONG_DAO_TAO,false,1,auto,1,2029,ok,145659,8d0032ca0a33f8dd943dd4f23fc47ac1a69c4fbbcc26c0def47094b09abaa911,files/phong-dao-tao/8d0032ca0a33.pdf,false,2026-09-30T07:41:52+00:00,true,,
90d6f152ba3e,df65984d-deba-4ea4-92fa-66ec7e70f35a_TB-788-2025.pdf,https://pdt.iuh.edu.vn/Uploads/df65984d-deba-4ea4-92fa-66ec7e70f35a_TB-788-2025.pdf,https://pdt.iuh.edu.vn/thong-bao-v-v-dang-ky-hoc-phan-va-dong-hoc-phi-hoc-ky-i-nam-hoc-2025-2026,Phòng Đào tạo,HCM,PHONG_DAO_TAO,false,4,auto,2,0,scanned,985131,90d6f152ba3eadb6870ba4e75cb544a4f78e63230b744476ea02cf232ac961dc,scanned_pdf/phong-dao-tao/90d6f152ba3e.pdf,false,2026-09-30T07:43:59+00:00,false,,
91d400a1c41d,690fa1d7-f23e-47a1-ac7f-dd401cabc031_3Dang-ky-va-rut-bot-hoc-phan.pdf,https://pdt.iuh.edu.vn/Uploads/690fa1d7-f23e-47a1-ac7f-dd401cabc031_3Dang-ky-va-rut-bot-hoc-phan.pdf,https://pdt.iuh.edu.vn/%20to-chuc-dao-tao,Phòng Đào tạo,HCM,PHONG_DAO_TAO,false,2,auto,2,4828,ok,440504,91d400a1c41d77d96464e12b31d2060a9446381f07de87f370a07e32ca810469,files/phong-dao-tao/91d400a1c41d.pdf,false,2026-09-30T07:43:00+00:00,true,,
97b2adf43fee,29d03f15-d665-4185-a2b5-bb5d99471150_Thong bao HB.TS_K.22.pdf,https://pdt.iuh.edu.vn/Uploads/29d03f15-d665-4185-a2b5-bb5d99471150_Thong bao HB.TS_K.22.pdf,https://pdt.iuh.edu.vn/thong-bao-nop-ho-so-de-nghi-xet-cap-hoc-bong-tuyen-sinh-nam-hoc-2026---2027,Phòng Đào tạo,HCM,PHONG_DAO_TAO,true,,auto,7,0,scanned,1991099,97b2adf43fee1cfe1ac2629af294bab5e3ae89819f252917b782f08e735152db,scanned_pdf/phong-dao-tao/97b2adf43fee.pdf,false,2026-09-30T07:42:14+00:00,false,,
9a9e189556f5,6606e057-153f-4e39-bc2f-a3a0201e460d_TB-889-2026.pdf,https://pdt.iuh.edu.vn/Uploads/6606e057-153f-4e39-bc2f-a3a0201e460d_TB-889-2026.pdf,https://pdt.iuh.edu.vn/thong-bao-vv-nghi-hoc-trong-thoi-gian-to-chuc-ky-thi-danh-gia-nang-luc-dhqg-hcm-dot-2-ngay-2452026-tai-cum-thi-truong-dai-hoc-cong-nghiep-tphcm,Phòng Đào tạo,HCM,PHONG_DAO_TAO,true,,auto,1,0,scanned,315224,9a9e189556f58b1eaa7602d43d1c995910804c728e8bf74c66d6c450c5dfd857,scanned_pdf/phong-dao-tao/9a9e189556f5.pdf,false,2026-09-30T07:42:54+00:00,false,,
9aaae69709a8,2426107a-8e9e-4f7c-97bb-358dcaed6612_TB-63-2026.pdf,https://pdt.iuh.edu.vn/Uploads/2426107a-8e9e-4f7c-97bb-358dcaed6612_TB-63-2026.pdf,https://pdt.iuh.edu.vn/thong-bao-vv-nghi-hoc-de-to-chuc-va-tham-gia-bau-cu-dai-bieu-quoc-hoi-va-hoi-dong-nhan-dan-cac-cap,Phòng Đào tạo,HCM,PHONG_DAO_TAO,true,,auto,1,0,scanned,286019,9aaae69709a805b920f271f21a7910e8c99d49ce7bebe3131ba013a3eb397495,scanned_pdf/phong-dao-tao/9aaae69709a8.pdf,false,2026-09-30T07:42:05+00:00,false,,
ad22132fee71,50679da0-79ab-43c2-86d6-e8227a6d765f_14_Don-de-nghi-xet-HB.TS_.pdf,https://pdt.iuh.edu.vn/Uploads/50679da0-79ab-43c2-86d6-e8227a6d765f_14_Don-de-nghi-xet-HB.TS_.pdf,https://pdt.iuh.edu.vn/quy-trinh-giai-quyet-hoc-vu,Phòng Đào tạo,HCM,PHONG_DAO_TAO,true,,auto,1,1927,ok,172683,ad22132fee7132a4011591f9046cd7fb71c8c1cfee769ad12bc755ac5f398ec1,files/phong-dao-tao/ad22132fee71.pdf,false,2026-09-30T07:42:35+00:00,true,,
ae494e039fc5,65ec0944-94bc-4b70-aac5-9789e6e79ed6_12-donxinthaydoithongtin.pdf,https://pdt.iuh.edu.vn/Uploads/65ec0944-94bc-4b70-aac5-9789e6e79ed6_12-donxinthaydoithongtin.pdf,https://pdt.iuh.edu.vn/quy-trinh-giai-quyet-hoc-vu,Phòng Đào tạo,HCM,PHONG_DAO_TAO,false,3,auto,1,1791,ok,207142,ae494e039fc5d270c719db2b3154a6c28f14228ba02f68ef11a27adb0488ea9f,files/phong-dao-tao/ae494e039fc5.pdf,false,2026-09-30T07:42:52+00:00,true,,
aed8312da9c5,80d1f607-a19d-4b5d-99c0-b7cb23b9a31c_TB_Dang20hoc20HK1-nam202026-2027.pdf,https://pdt.iuh.edu.vn/Uploads/80d1f607-a19d-4b5d-99c0-b7cb23b9a31c_TB_Dang20hoc20HK1-nam202026-2027.pdf,https://pdt.iuh.edu.vn/thong-bao-vv-dang-ky-hoc-phan-va-dong-hoc-phi-hoc-ky-i-nam-hoc-2026---2027,Phòng Đào tạo,HCM,PHONG_DAO_TAO,false,1,auto,2,0,scanned,920058,aed8312da9c597ae36b0269295b5139661918f21b9c78440f81de5bc81b38684,scanned_pdf/phong-dao-tao/aed8312da9c5.pdf,false,2026-09-30T07:43:10+00:00,false,,
af02157b16c6,8a9c40d0-9051-4a78-a094-7c69f99062d0_8Chuyen-truong.pdf,https://pdt.iuh.edu.vn/Uploads/8a9c40d0-9051-4a78-a094-7c69f99062d0_8Chuyen-truong.pdf,https://pdt.iuh.edu.vn/%20to-chuc-dao-tao,Phòng Đào tạo,HCM,PHONG_DAO_TAO,true,,auto,1,2540,ok,200961,af02157b16c6af8b576533d9eda638e4fd65c6e6d27670a8cf44c570c3078583,files/phong-dao-tao/af02157b16c6.pdf,false,2026-09-30T07:43:16+00:00,true,,
b2b6044a6c87,aef9a185-8a0f-42d6-ae40-6cb8e439e278_2To-chuc-lop-hoc.pdf,https://pdt.iuh.edu.vn/Uploads/aef9a185-8a0f-42d6-ae40-6cb8e439e278_2To-chuc-lop-hoc.pdf,https://pdt.iuh.edu.vn/%20to-chuc-dao-tao,Phòng Đào tạo,HCM,PHONG_DAO_TAO,false,4,auto,2,4770,ok,428723,b2b6044a6c8738cfa802928f725b63256aeeab85bf0a07fa36ba84d5bcb88dbf,files/phong-dao-tao/b2b6044a6c87.pdf,false,2026-09-30T07:43:35+00:00,true,,
b57be0095284,b7f1a659-44de-4917-8dc0-7b9550a430fe_Mau cap lai GCN thay bang mat.pdf,https://pdt.iuh.edu.vn/Uploads/b7f1a659-44de-4917-8dc0-7b9550a430fe_Mau cap lai GCN thay bang mat.pdf,https://pdt.iuh.edu.vn/bieu-mau-tot-nghiep,Phòng Đào tạo,HCM,PHONG_DAO_TAO,false,3,auto,1,2380,ok,177099,b57be0095284b86d6e10629435578092246c5e3af1215604f8ff790c4c9191af,files/phong-dao-tao/b57be0095284.pdf,false,2026-09-30T07:43:42+00:00,true,,
bf74c7b5f2f3,b1fdd57a-3cb5-4b58-b148-4051751e47e3_TB-83-2026.pdf,https://pdt.iuh.edu.vn/Uploads/b1fdd57a-3cb5-4b58-b148-4051751e47e3_TB-83-2026.pdf,https://pdt.iuh.edu.vn/thong-bao-ke-hoach-xet-cong-nhan-tot-nghiep-bac-dai-hoc-dot-thang-7-nam-2026,Phòng Đào tạo,HCM,PHONG_DAO_TAO,false,1,auto,1,0,scanned,270089,bf74c7b5f2f33951cde59f6de6fb3007146f752b779cf86049c5d5ea4c2873e3,scanned_pdf/phong-dao-tao/bf74c7b5f2f3.pdf,false,2026-09-30T07:43:38+00:00,false,,
c29e9750b034,ffe9cf70-5b9a-4319-8b1b-ddc1a96d5f60_tb-846-2025.pdf,https://pdt.iuh.edu.vn/Uploads/ffe9cf70-5b9a-4319-8b1b-ddc1a96d5f60_tb-846-2025.pdf,https://pdt.iuh.edu.vn/thong-bao-v-v-nghi-le-quoc-khanh-nam-2025,Phòng Đào tạo,HCM,PHONG_DAO_TAO,true,,auto,1,0,scanned,244047,c29e9750b034d85e2064ba44eea0709353576a593c58ec855dfc3fe4ffedee39,scanned_pdf/phong-dao-tao/c29e9750b034.pdf,false,2026-09-30T07:44:31+00:00,false,,
c3a4f5f4573e,3c7cd44c-20c8-44d0-bda8-bfc5b2a22a29_TB1823.pdf,https://pdt.iuh.edu.vn/Uploads/3c7cd44c-20c8-44d0-bda8-bfc5b2a22a29_TB1823.pdf,https://pdt.iuh.edu.vn/thong-bao-vv-gia-han-nop-hoc-phi-hoc-ki-ii-20252026-dia-phuong-chiu-anh-huong-boi-thien-tai,Phòng Đào tạo,HCM,PHONG_DAO_TAO,true,,auto,1,0,scanned,138326,c3a4f5f4573e7b227c8f558fe33d868c94791cac683926a0ca6332dfddd9ebab,scanned_pdf/phong-dao-tao/c3a4f5f4573e.pdf,false,2026-09-30T07:42:25+00:00,false,,
e158d233901c,7a9d078a-6977-493e-8cfc-d81e822ab750_Biểu mẫu đăng ký học 2 chương trình.pdf,https://pdt.iuh.edu.vn/Uploads/7a9d078a-6977-493e-8cfc-d81e822ab750_Biểu mẫu đăng ký học 2 chương trình.pdf,https://pdt.iuh.edu.vn/quy-trinh-giai-quyet-hoc-vu,Phòng Đào tạo,HCM,PHONG_DAO_TAO,false,3,auto,4,5213,ok,197663,e158d233901cdc2bf350e819e73bdb0e7470e8d4ad19d26af2cbf07e7a6d7ac4,files/phong-dao-tao/e158d233901c.pdf,false,2026-09-30T07:43:06+00:00,true,,
e2f7bcae3f92,6045922f-65e2-4dc7-83be-c5e63c17acd7_2026. PĐT 17b_Don de nghi xet TN qua han (co hinh_6.2026).pdf,https://pdt.iuh.edu.vn/Uploads/6045922f-65e2-4dc7-83be-c5e63c17acd7_2026. PĐT 17b_Don de nghi xet TN qua han (co hinh_6.2026).pdf,https://pdt.iuh.edu.vn/bieu-mau-tot-nghiep,Phòng Đào tạo,HCM,PHONG_DAO_TAO,true,,auto,2,3195,ok,279341,e2f7bcae3f9275b154183012791e4e0c9618aa9783726440dc957135d42e0e0d,files/phong-dao-tao/e2f7bcae3f92.pdf,false,2026-09-30T07:42:50+00:00,true,,
e7048bff8822,a2340f5c-6a8c-45e7-805c-34366da78a52_TrinhTuThuTucMoNganhDaoTao.pdf,https://pdt.iuh.edu.vn/Uploads/a2340f5c-6a8c-45e7-805c-34366da78a52_TrinhTuThuTucMoNganhDaoTao.pdf,https://pdt.iuh.edu.vn/trinh-tu-thu-tuc-mo-nganh-dao-tao,Phòng Đào tạo,HCM,PHONG_DAO_TAO,true,,auto,7,17677,ok,194787,e7048bff882206d50a53cfbbc6b90850d8e0f6cfcac8d0f400f688e01b5d3937,files/phong-dao-tao/e7048bff8822.pdf,false,2026-09-30T07:43:28+00:00,true,,
e7952279f58b,5a60ef07-cb51-41e2-824a-90d6292fbf2e_5Xep-hang-nam-dao-tao-va-hoc-luc.pdf,https://pdt.iuh.edu.vn/Uploads/5a60ef07-cb51-41e2-824a-90d6292fbf2e_5Xep-hang-nam-dao-tao-va-hoc-luc.pdf,https://pdt.iuh.edu.vn/%20to-chuc-dao-tao,Phòng Đào tạo,HCM,PHONG_DAO_TAO,true,,auto,3,3683,ok,429624,e7952279f58bd8dea362ac28325953dacef7abbc6e0773c46be48fefb940dfed,files/phong-dao-tao/e7952279f58b.pdf,false,2026-09-30T07:42:42+00:00,true,,
ec18d32b9fed,9895ac44-79c7-4338-9cad-437f37bf6137_TB-1829-2025.pdf,https://pdt.iuh.edu.vn/Uploads/9895ac44-79c7-4338-9cad-437f37bf6137_TB-1829-2025.pdf,https://pdt.iuh.edu.vn/ke-hoach-xet-cong-nhan-tot-nghiep-bac-dai-hoc-dot-thang-3-nam-2026,Phòng Đào tạo,HCM,PHONG_DAO_TAO,false,4,auto,1,0,scanned,270032,ec18d32b9fed4fa254f628c6b6bb3fdc7c51ed052dd3eb572c95a2a2628fd073,scanned_pdf/phong-dao-tao/ec18d32b9fed.pdf,false,2026-09-30T07:43:22+00:00,false,,
ec42cdc8cba2,"9d4d8f51-922e-4832-acb7-d64727d73bf9_28. Phieu xóa,mo khoa cot diem (ĐT28)..pdf","https://pdt.iuh.edu.vn/Uploads/9d4d8f51-922e-4832-acb7-d64727d73bf9_28. Phieu xóa,mo khoa cot diem (ĐT28)..pdf",https://pdt.iuh.edu.vn/bieu-mau-giang-vien,Phòng Đào tạo,HCM,PHONG_DAO_TAO,true,,auto,1,1627,ok,164320,ec42cdc8cba220aaa859c1de4de988c329ee91f9790dfa19b488f9b82b4ded93,files/phong-dao-tao/ec42cdc8cba2.pdf,false,2026-09-30T07:43:26+00:00,true,,
edf1a69069cc,d5f1ae48-8f10-4c0c-9064-cd333f5defd2_26. Phieu bo sung diem (ĐT26).pdf,https://pdt.iuh.edu.vn/Uploads/d5f1ae48-8f10-4c0c-9064-cd333f5defd2_26. Phieu bo sung diem (ĐT26).pdf,https://pdt.iuh.edu.vn/bieu-mau-giang-vien,Phòng Đào tạo,HCM,PHONG_DAO_TAO,true,,auto,1,1788,ok,165897,edf1a69069cc124e396c8b937572d7f6351d2eb2c9afb49e095681744e8a9c06,files/phong-dao-tao/edf1a69069cc.pdf,false,2026-09-30T07:43:52+00:00,true,,
ef630adca541,259f218e-80cd-4c0e-8f96-1a8dcd243ef2_6Canh-bao-ket-qua-hoc-tap-va-buoc-thoi-hoc.pdf,https://pdt.iuh.edu.vn/Uploads/259f218e-80cd-4c0e-8f96-1a8dcd243ef2_6Canh-bao-ket-qua-hoc-tap-va-buoc-thoi-hoc.pdf,https://pdt.iuh.edu.vn/%20to-chuc-dao-tao,Phòng Đào tạo,HCM,PHONG_DAO_TAO,true,,auto,1,1694,ok,337526,ef630adca5415ee64a883cda405909c58201120a034251a224fdc05ad1dbf7ee,files/phong-dao-tao/ef630adca541.pdf,false,2026-09-30T07:42:08+00:00,true,,
f4d195b32c3f,a26a045b-bd0a-4401-bd97-adf6a939b0a7_02. Don DN xet cap HB TS (DT01).pdf,https://pdt.iuh.edu.vn/Uploads/a26a045b-bd0a-4401-bd97-adf6a939b0a7_02. Don DN xet cap HB TS (DT01).pdf,https://pdt.iuh.edu.vn/thong-bao-nop-ho-so-de-nghi-xet-cap-hoc-bong-tuyen-sinh-nam-hoc-2026---2027,Phòng Đào tạo,HCM,PHONG_DAO_TAO,true,,auto,1,1997,ok,388764,f4d195b32c3f2994f0cf3844600d5e1b09a6d5802db404e153beed0f00f80597,files/phong-dao-tao/f4d195b32c3f.pdf,false,2026-09-30T07:43:29+00:00,true,,
f9b339fb8896,52f4a8c3-8b70-4c51-b69b-608c07601b67_04. Giay Xac Nhan GV cac Truong lien ket_moi.pdf,https://pdt.iuh.edu.vn/Uploads/52f4a8c3-8b70-4c51-b69b-608c07601b67_04. Giay Xac Nhan GV cac Truong lien ket_moi.pdf,https://pdt.iuh.edu.vn/thong-bao-nop-ho-so-de-nghi-xet-cap-hoc-bong-tuyen-sinh-nam-hoc-2026---2027,Phòng Đào tạo,HCM,PHONG_DAO_TAO,false,4,auto,1,1645,ok,353821,f9b339fb88969ae8ce8a930f7d7d11ef40cf200fc6b3167ab5b85e6c58bb7fec,files/phong-dao-tao/f9b339fb8896.pdf,false,2026-09-30T07:42:38+00:00,true,,
1ac202651c1b,Muc diem xtetuyenHDCN.PDF,https://htsv.iuh.edu.vn/upload/files/2017/DN%20T7/Muc%20diem%20xtetuyenHDCN.PDF,https://htsv.iuh.edu.vn/news@166-Tra-cuu-cuu-sinh-vien.html@p=6,Trung tâm Kết nối doanh nghiệp và Giới thiệu việc làm,HCM,PHONG_CTSV,true,,auto,1,1294,garbled_ocr,239659,1ac202651c1be728a1629dd81358b6e7b9a09400bc3d926c3a8aba2e2b29f9e6,scanned_pdf/trung-tam-ket-noi-doanh-nghiep-va-gioi-thieu-viec-lam/1ac202651c1b.pdf,true,2026-09-30T07:41:55+00:00,false,,
1fce4eff8f37,Job Description - Nidec RnD.pdf,https://htsv.iuh.edu.vn/upload/files/2017/DN%2010/Job%20Description%20-%20Nidec%20RnD.pdf,https://htsv.iuh.edu.vn/vieclam/news.html@detail@396@Tap-doan-NIDEC-trong-Khu-Cong-nghe-cao-TP.HCM,Trung tâm Kết nối doanh nghiệp và Giới thiệu việc làm,HCM,PHONG_CTSV,true,,auto,2,2656,ok,221196,1fce4eff8f37176621b15ef7149779e75f8f2f6b05d6aed880717901e2f6153a,files/trung-tam-ket-noi-doanh-nghiep-va-gioi-thieu-viec-lam/1fce4eff8f37.pdf,true,2026-09-30T07:41:49+00:00,true,,
283a0b8b63d6,tb_157.pdf,https://htsv.iuh.edu.vn/upload/files/2017/HOITHAO1/tb_157.pdf,https://htsv.iuh.edu.vn/news@166-Tra-cuu-cuu-sinh-vien.html@p=5,Trung tâm Kết nối doanh nghiệp và Giới thiệu việc làm,HCM,PHONG_CTSV,true,,auto,1,1242,garbled_ocr,210202,283a0b8b63d6f01ea4c9f58a728672afcd25418b6df52c28a0033c1e2596db9a,scanned_pdf/trung-tam-ket-noi-doanh-nghiep-va-gioi-thieu-viec-lam/283a0b8b63d6.pdf,true,2026-09-30T07:42:44+00:00,false,,
29faba562e0a,HOI THAO PP HOC TIENG ANH DOTHAI.pdf,https://htsv.iuh.edu.vn/upload/files/2017/HOITHAO1/HOI%20THAO%20PP%20HOC%20TIENG%20ANH%20DOTHAI.pdf,https://htsv.iuh.edu.vn/news@166-Tra-cuu-cuu-sinh-vien.html@p=5,Trung tâm Kết nối doanh nghiệp và Giới thiệu việc làm,HCM,PHONG_CTSV,true,,auto,2,0,scanned,1599771,29faba562e0aa1ab5bacb575e53c0accc50d0e27eabbeba55c3c37444d3a9b95,scanned_pdf/trung-tam-ket-noi-doanh-nghiep-va-gioi-thieu-viec-lam/29faba562e0a.pdf,true,2026-09-30T07:42:36+00:00,false,,
2a95273001aa,CT PHAN VU.pdf,https://htsv.iuh.edu.vn/upload/files/2017/DN%20T8/CT%20PHAN%20VU.pdf,https://htsv.iuh.edu.vn/vieclam/news.html@detail@353@Thong-bao-tuyen-dung-cua-Cong-ty-TNHH-MTV-Be-tong-Phan-Vu,Trung tâm Kết nối doanh nghiệp và Giới thiệu việc làm,HCM,PHONG_CTSV,true,,auto,1,0,scanned,325457,2a95273001aa1eb139261f356197aa0a2a15a0ee885993b6cdd78698fb81dcb0,scanned_pdf/trung-tam-ket-noi-doanh-nghiep-va-gioi-thieu-viec-lam/2a95273001aa.pdf,true,2026-09-30T07:42:05+00:00,false,,
2f3c1b97ccc2,CT CHAN NUOI CP.pdf,https://htsv.iuh.edu.vn/upload/files/2017/DN%20T8/CT%20CHAN%20NUOI%20CP.pdf,https://htsv.iuh.edu.vn/vieclam/news.html@detail@348@Thong-bao-tuyen-dung-cua-Cong-ty-CP-Chan-nuoi-C.P-Viet-Nam,Trung tâm Kết nối doanh nghiệp và Giới thiệu việc làm,HCM,PHONG_CTSV,true,,auto,1,2566,ok,344261,2f3c1b97ccc2380bcf609d2355f2ff92251c2fbd4a45cc1504fc581b32710058,files/trung-tam-ket-noi-doanh-nghiep-va-gioi-thieu-viec-lam/2f3c1b97ccc2.pdf,true,2026-09-30T07:41:58+00:00,true,,
4363e4925589,HOSOTUYENDUNG CTY HUNG PHAT.pdf,https://htsv.iuh.edu.vn/upload/files/2017/DN%20T8/HOSOTUYENDUNG%20CTY%20HUNG%20PHAT.pdf,https://htsv.iuh.edu.vn/vieclam/news.html@detail@371@Thong-bao-tuyen-dung-cua-Cong-ty-TNHH-TM-Dien-tu-Hung-Phat,Trung tâm Kết nối doanh nghiệp và Giới thiệu việc làm,HCM,PHONG_CTSV,true,,auto,1,0,scanned,385943,4363e49255894a044c91d45c733abb2ef194e40aac8e3fe7be5d61dd395ebc2c,scanned_pdf/trung-tam-ket-noi-doanh-nghiep-va-gioi-thieu-viec-lam/4363e4925589.pdf,true,2026-09-30T07:42:08+00:00,false,,
4eff53742028,CONG TY TNHH SAN GD - TMDT 3SSHOPPING.pdf,https://htsv.iuh.edu.vn/upload/files/2017/DN%2010/CONG%20TY%20TNHH%20SAN%20GD%20-%20TMDT%203SSHOPPING.pdf,https://htsv.iuh.edu.vn/vieclam/news.html@detail@397@Cong-ty-TNHH-San-giao-dich-TMDT-3SSHOPPING,Trung tâm Kết nối doanh nghiệp và Giới thiệu việc làm,HCM,PHONG_CTSV,true,,auto,1,2862,ok,346294,4eff53742028621d952e92435b089bea201c4c311720aa7648d1bb545ffdb741,files/trung-tam-ket-noi-doanh-nghiep-va-gioi-thieu-viec-lam/4eff53742028.pdf,true,2026-09-30T07:41:48+00:00,true,,
54a933adb132,BHYT.pdf,https://htsv.iuh.edu.vn/upload/files/2017/DN%20T9/BHYT.pdf,https://htsv.iuh.edu.vn/news@166-Tra-cuu-cuu-sinh-vien.html@p=4,Trung tâm Kết nối doanh nghiệp và Giới thiệu việc làm,HCM,PHONG_CTSV,true,,auto,2,2520,garbled_ocr,455472,54a933adb1326a2b795f4dcf075d8249120fe42391fed4a9b6486bc5395b1bff,scanned_pdf/trung-tam-ket-noi-doanh-nghiep-va-gioi-thieu-viec-lam/54a933adb132.pdf,true,2026-09-30T07:42:19+00:00,false,,
6622be5e9421,TB Tuyen Dung.pdf,https://htsv.iuh.edu.vn/upload/files/2017/DN%20T8/TB%20Tuyen%20Dung.pdf,https://htsv.iuh.edu.vn/vieclam/news.html@detail@363@Thong-bao-tuyen-dung-cua-Cong-ty-CP-Cao-su-Sai-Gon-KYMDAN,Trung tâm Kết nối doanh nghiệp và Giới thiệu việc làm,HCM,PHONG_CTSV,true,,auto,4,0,scanned,1679075,6622be5e94218548139a9273da31f92eb191b4c23b8cf69ba1c785c1b76735a4,scanned_pdf/trung-tam-ket-noi-doanh-nghiep-va-gioi-thieu-viec-lam/6622be5e9421.pdf,true,2026-09-30T07:42:10+00:00,false,,
794343ba05ca,CT MAIPHUONG.pdf,https://htsv.iuh.edu.vn/upload/files/2017/DN%20T8/CT%20MAIPHUONG.pdf,https://htsv.iuh.edu.vn/vieclam/news.html@detail@352@Thong-bao-tuyen-sinh-vien-thuc-tap-cua-Cong-ty-TNHH-Tin-hoc-Mai-Phuong,Trung tâm Kết nối doanh nghiệp và Giới thiệu việc làm,HCM,PHONG_CTSV,true,,auto,1,2011,ok,243873,794343ba05ca33d0095f02cb0fa269a60367f4b813b4b852600ded625c77752d,files/trung-tam-ket-noi-doanh-nghiep-va-gioi-thieu-viec-lam/794343ba05ca.pdf,true,2026-09-30T07:42:00+00:00,true,,
9e131d546639,NGHI TET DUONG LICH.pdf,https://htsv.iuh.edu.vn/upload/files/2017/HOITHAO1/NGHI%20TET%20DUONG%20LICH.pdf,https://htsv.iuh.edu.vn/news@166-Tra-cuu-cuu-sinh-vien.html@p=4,Trung tâm Kết nối doanh nghiệp và Giới thiệu việc làm,HCM,PHONG_CTSV,true,,auto,1,976,garbled_ocr,191910,9e131d54663975b03fbdc4b19a7fce01605d7097a7d122e3581e07949ba4003e,scanned_pdf/trung-tam-ket-noi-doanh-nghiep-va-gioi-thieu-viec-lam/9e131d546639.pdf,true,2026-09-30T07:42:42+00:00,false,,
adeb37468387,THONGBAO-TUYEN KYSU-20170830.doc.pdf,https://htsv.iuh.edu.vn/upload/files/2017/DN%20T8/THONGBAO-TUYEN%20KYSU-20170830.doc.pdf,https://htsv.iuh.edu.vn/vieclam/news.html@detail@358@Thong-bao-tuyen-dung-cua-Cong-ty-MTEX-Viet-Nam,Trung tâm Kết nối doanh nghiệp và Giới thiệu việc làm,HCM,PHONG_CTSV,false,1,auto,1,703,ok,28162,adeb37468387b16217605d981722695a3d80fafeb90e852dc7bcfecd996ec573,files/trung-tam-ket-noi-doanh-nghiep-va-gioi-thieu-viec-lam/adeb37468387.pdf,true,2026-09-30T07:42:16+00:00,true,,
c523bea50215,AON.pdf,https://htsv.iuh.edu.vn/upload/files/2017/DN%2010/AON.pdf,https://htsv.iuh.edu.vn/vieclam/news.html@detail@394@Chuong-trinh-tuyen-dung-,Trung tâm Kết nối doanh nghiệp và Giới thiệu việc làm,HCM,PHONG_CTSV,true,,auto,2,0,scanned,664303,c523bea5021519a4c1d82e95a6f7cc70eac2ae26945fffde4bb15235603a8d9b,scanned_pdf/trung-tam-ket-noi-doanh-nghiep-va-gioi-thieu-viec-lam/c523bea50215.pdf,true,2026-09-30T07:41:46+00:00,false,,
dda912182c02,tb_160.pdf,https://htsv.iuh.edu.vn/upload/files/2017/DN%20T9/tb_160.pdf,https://htsv.iuh.edu.vn/news@166-Tra-cuu-cuu-sinh-vien.html@p=4,Trung tâm Kết nối doanh nghiệp và Giới thiệu việc làm,HCM,PHONG_CTSV,false,3,auto,5,3982,garbled_ocr,1110441,dda912182c027f461c117ac2e6bc62b681ae60a7a4add13dd8a0baa4e8e92cd9,scanned_pdf/trung-tam-ket-noi-doanh-nghiep-va-gioi-thieu-viec-lam/dda912182c02.pdf,true,2026-09-30T07:42:26+00:00,false,,
df79dbd996b9,DONG HOCPHI.pdf,https://htsv.iuh.edu.vn/upload/files/2017/HOITHAO1/DONG%20HOCPHI.pdf,https://htsv.iuh.edu.vn/news@166-Tra-cuu-cuu-sinh-vien.html@p=5,Trung tâm Kết nối doanh nghiệp và Giới thiệu việc làm,HCM,PHONG_CTSV,false,4,auto,2,2198,garbled_ocr,414301,df79dbd996b9424ee28c295d36fe2a7220e9bf90945a22971ad1ea25e3bf4578,scanned_pdf/trung-tam-ket-noi-doanh-nghiep-va-gioi-thieu-viec-lam/df79dbd996b9.pdf,true,2026-09-30T07:42:34+00:00,false,,
e0d815530e85,QD KNM.pdf,https://htsv.iuh.edu.vn/upload/files/2017/HOCBONG/QD%20KNM.pdf,https://htsv.iuh.edu.vn/news@166-Tra-cuu-cuu-sinh-vien.html@p=5,Trung tâm Kết nối doanh nghiệp và Giới thiệu việc làm,HCM,PHONG_CTSV,true,,auto,1,1446,garbled_ocr,250415,e0d815530e85b1f0b6710ae88ce154c04fff667f3aa57633ce876b4c200b3e7a,scanned_pdf/trung-tam-ket-noi-doanh-nghiep-va-gioi-thieu-viec-lam/e0d815530e85.pdf,true,2026-09-30T07:42:30+00:00,false,,
ea74b7748511,MIEN GIAM HOC PHI.pdf,https://htsv.iuh.edu.vn/upload/files/2017/HOITHAO1/MIEN%20GIAM%20HOC%20PHI.pdf,https://htsv.iuh.edu.vn/news@166-Tra-cuu-cuu-sinh-vien.html@p=4,Trung tâm Kết nối doanh nghiệp và Giới thiệu việc làm,HCM,PHONG_CTSV,true,,auto,1,1491,garbled_ocr,278236,ea74b7748511c54805d6e91641578d3c4b70c2fd9dd6566e01161309c6864ad7,scanned_pdf/trung-tam-ket-noi-doanh-nghiep-va-gioi-thieu-viec-lam/ea74b7748511.pdf,true,2026-09-30T07:42:40+00:00,false,,
efe47699ac2a,[26-01-2018_15_02_30][26-01-2018_14_32_44]tb_22 (1).pdf,https://htsv.iuh.edu.vn/upload/files/2018/THONG%20BAO/%5B26-01-2018_15_02_30%5D%5B26-01-2018_14_32_44%5Dtb_22%20(1).pdf,https://htsv.iuh.edu.vn/news@166-Tra-cuu-cuu-sinh-vien.html@p=4,Trung tâm Kết nối doanh nghiệp và Giới thiệu việc làm,HCM,PHONG_CTSV,false,3,auto,1,1487,garbled_ocr,316309,efe47699ac2aea1593108c39c41d89fa4b16ea325d290f7e3445227b238da9c4,scanned_pdf/trung-tam-ket-noi-doanh-nghiep-va-gioi-thieu-viec-lam/efe47699ac2a.pdf,true,2026-09-30T07:42:46+00:00,false,,
f12f3b79edd8,ke_hoach_phat_bang_tn_nam_2017.pdf,https://htsv.iuh.edu.vn/upload/files/2017/DN%20T9/ke_hoach_phat_bang_tn_nam_2017.pdf,https://htsv.iuh.edu.vn/news@166-Tra-cuu-cuu-sinh-vien.html@p=4,Trung tâm Kết nối doanh nghiệp và Giới thiệu việc làm,HCM,PHONG_CTSV,false,1,auto,1,1778,garbled_ocr,832021,f12f3b79edd84a9604ca308bcf430d56e9774b69fd7f67aa74f095608ff305b6,scanned_pdf/trung-tam-ket-noi-doanh-nghiep-va-gioi-thieu-viec-lam/f12f3b79edd8.pdf,true,2026-09-30T07:42:25+00:00,false,,
3af8c7a6adb8,02_ HoSo&QuyTrinh_HauKiemCCNgoai_01_11_2025 (4).pdf,https://itc.iuh.edu.vn/upload/files/02_%20HoSo%26QuyTrinh_HauKiemCCNgoai_01_11_2025%20(4).pdf,https://itc.iuh.edu.vn/detail@91-2233-THONG-BAO-V-V-HAU-KIEM-CHUNG-CHI-TIN-HOC.html,Trung tâm Ngoại ngữ - Tin học,HCM,TT_NGOAI_NGU,true,,auto,1,1074,ok,181675,3af8c7a6adb8cbb9f072a15054d532ec0e535129142ad5f866a7512a0bb836f0,files/trung-tam-ngoai-ngu-tin-hoc/3af8c7a6adb8.pdf,true,2026-09-30T07:41:46+00:00,true,,
46821b388123,Ngay12-3-2022_Ca1.pdf,https://itc.iuh.edu.vn/upload/files/Ngay12-3-2022_Ca1.pdf,"https://itc.iuh.edu.vn/detail@93-1674-KET-QUA-THI-NGAY-12-03-2022-(CA1,CA2).html",Trung tâm Ngoại ngữ - Tin học,HCM,TT_NGOAI_NGU,false,3,auto,9,18533,ok,492643,46821b388123617dff868420ee4957d62a2a4cd8355d2c2b5c724f4b354c2d8e,files/trung-tam-ngoai-ngu-tin-hoc/46821b388123.pdf,true,2026-09-30T07:42:00+00:00,true,,
5d9e93b143e7,KQ_PhucKhao_Ngay24den28-02 va 01den05-3.pdf,https://itc.iuh.edu.vn/upload/files/KQ_PhucKhao_Ngay24den28-02%20va%2001den05-3.pdf,"https://itc.iuh.edu.vn/detail@93-1675-KET-QUA-PHUC-KHAO-NGAY-24,25,26,27,28-02-2022-VA-1,2,3,4,5-03-2022.html",Trung tâm Ngoại ngữ - Tin học,HCM,TT_NGOAI_NGU,false,2,auto,1,2317,ok,251948,5d9e93b143e70ae6af0cada374b3014bf718adc82ce72d53927afeb138a91d1b,files/trung-tam-ngoai-ngu-tin-hoc/5d9e93b143e7.pdf,true,2026-09-30T07:41:58+00:00,true,,
6ffb3d82eb82,"KQ_PKngay24,25,26-3 va 4,5,6,7,8,12-4-2022.pdf",https://itc.iuh.edu.vn/upload/files/KQ_PKngay24%2C25%2C26-3%20va%204%2C5%2C6%2C7%2C8%2C12-4-2022.pdf,"https://itc.iuh.edu.vn/detail@93-1703-KET-QUA-PHUC-KHAO-NGAY-24,25,26-03-VA-4,5,6,7,8-04.html",Trung tâm Ngoại ngữ - Tin học,HCM,TT_NGOAI_NGU,true,,auto,2,2417,ok,165095,6ffb3d82eb827fcdaaedd7012db42c003c5ba0a2f2f494aa23aaf0159bf65d3e,files/trung-tam-ngoai-ngu-tin-hoc/6ffb3d82eb82.pdf,true,2026-09-30T07:41:55+00:00,true,,
7de16a9a43c0,01_ HoSo&Quytrinh_HauKiem_IUH_01_11_2025 (1).pdf,https://itc.iuh.edu.vn/upload/files/01_%20HoSo%26Quytrinh_HauKiem_IUH_01_11_2025%20(1).pdf,https://itc.iuh.edu.vn/detail@91-2233-THONG-BAO-V-V-HAU-KIEM-CHUNG-CHI-TIN-HOC.html,Trung tâm Ngoại ngữ - Tin học,HCM,TT_NGOAI_NGU,true,,auto,1,342,ok,507273,7de16a9a43c0132362d39cedb34c60aa5150a94d944124beb5a5f040be382751,files/trung-tam-ngoai-ngu-tin-hoc/7de16a9a43c0.pdf,true,2026-09-30T07:41:46+00:00,true,,
8e929900b505,04_ DS_CacDonViCap_ChungChi_CNTTCoBan (1).pdf,https://itc.iuh.edu.vn/upload/files/04_%20DS_CacDonViCap_ChungChi_CNTTCoBan%20(1).pdf,https://itc.iuh.edu.vn/detail@91-2233-THONG-BAO-V-V-HAU-KIEM-CHUNG-CHI-TIN-HOC.html,Trung tâm Ngoại ngữ - Tin học,HCM,TT_NGOAI_NGU,true,,auto,9,0,scanned,3650173,8e929900b505a591928e02e1ee1b0dcf68dd87276611e4486f5c910baf49acc5,scanned_pdf/trung-tam-ngoai-ngu-tin-hoc/8e929900b505.pdf,true,2026-09-30T07:41:51+00:00,false,,
93b5b0734296,Ngay12-3-2022_Ca2 (1).pdf,https://itc.iuh.edu.vn/upload/files/Ngay12-3-2022_Ca2%20(1).pdf,"https://itc.iuh.edu.vn/detail@93-1674-KET-QUA-THI-NGAY-12-03-2022-(CA1,CA2).html",Trung tâm Ngoại ngữ - Tin học,HCM,TT_NGOAI_NGU,true,,auto,9,18632,ok,494451,93b5b07342966f24a33efc57c18e7966264c744270495832de911b6d88427543,files/trung-tam-ngoai-ngu-tin-hoc/93b5b0734296.pdf,true,2026-09-30T07:42:05+00:00,true,,
c02ede6611c8,03_ BanCamKetNopCCTH_NgoaiTruong.pdf,https://itc.iuh.edu.vn/upload/files/03_%20BanCamKetNopCCTH_NgoaiTruong.pdf,https://itc.iuh.edu.vn/detail@91-2233-THONG-BAO-V-V-HAU-KIEM-CHUNG-CHI-TIN-HOC.html,Trung tâm Ngoại ngữ - Tin học,HCM,TT_NGOAI_NGU,true,,auto,1,1657,ok,157519,c02ede6611c8d6def5f8ecfc874f761c2c8bfb7fcca516ce00e87f7679418022,files/trung-tam-ngoai-ngu-tin-hoc/c02ede6611c8.pdf,true,2026-09-30T07:41:48+00:00,true,,
fc9f1aebf447,KQ_PK_Ngay14den23-03-2022.pdf,https://itc.iuh.edu.vn/upload/files/KQ_PK_Ngay14den23-03-2022.pdf,https://itc.iuh.edu.vn/detail@93-1688-KET-QUA-PHUC-KHAO-NGAY-14-23-03-2022.html,Trung tâm Ngoại ngữ - Tin học,HCM,TT_NGOAI_NGU,true,,auto,2,1536,ok,243080,fc9f1aebf447dd5fb4162877955b4a4e3387506c592d5cd1ed1c2921f18186fb,files/trung-tam-ngoai-ngu-tin-hoc/fc9f1aebf447.pdf,true,2026-09-30T07:41:51+00:00,true,,
0a6c9f1eb13f,1440_quydinhvequanlyvasudunghethongthudientu.pdf,https://csm.iuh.edu.vn/upload/files/huongdan/1440_quydinhvequanlyvasudunghethongthudientu.pdf,https://csm.iuh.edu.vn/vi/quy-dinh-huong-dan/quy-dinh-ve-viec-quan-ly-va-su-dung-he-thong-thu-dien-tu,Trung tâm Quản trị Hệ thống,HCM,TT_QUAN_TRI_HE_THONG,true,,auto,5,10463,garbled_ocr,2780613,0a6c9f1eb13f6afbd9bf8580d6b1289654557eb153323f7116655c71ca0ea684,scanned_pdf/trung-tam-quan-tri-he-thong/0a6c9f1eb13f.pdf,true,2026-09-30T07:41:47+00:00,false,,
15bdfd65eb05,huongdancongcunenpdfcuctot.pdf,https://csm.iuh.edu.vn/upload/files/huongdancongcunenpdfcuctot.pdf,https://csm.iuh.edu.vn/vi/quy-dinh-huong-dan/huong-dan-cong-cu-nen-file-pdf-cuc-tot,Trung tâm Quản trị Hệ thống,HCM,TT_QUAN_TRI_HE_THONG,false,2,auto,5,2186,ok,907953,15bdfd65eb05c5aee74c85f9edb0d4264078dbba2fe285e4f9451af23c64ed9e,files/trung-tam-quan-tri-he-thong/15bdfd65eb05.pdf,true,2026-09-30T07:42:35+00:00,true,,
22d536ff4472,SV_Huongdansinhvienkhoiphucmatkhaucongthongtin020323.pdf,https://csm.iuh.edu.vn/upload/files/huongdan/SV_Huongdansinhvienkhoiphucmatkhaucongthongtin020323.pdf,https://csm.iuh.edu.vn/vi/quy-dinh-huong-dan/huong-dan-khoi-phuc-mat-khau-cong-thong-tin-sinh-vien,Trung tâm Quản trị Hệ thống,HCM,TT_QUAN_TRI_HE_THONG,true,,auto,11,4814,ok,884224,22d536ff44729443d2eb90d8e599dac907e975e3168cec2829d27c1f28a16e4a,files/trung-tam-quan-tri-he-thong/22d536ff4472.pdf,true,2026-09-30T07:42:15+00:00,true,,
258192435053,huongdanK22thitructuyentienganhdauvao.pdf,https://csm.iuh.edu.vn/upload/files/huongdan/huongdanK22thitructuyentienganhdauvao.pdf,https://csm.iuh.edu.vn/vi/quy-dinh-huong-dan/huong-dan-tan-sinh-vien-khoa-22-lam-bai-thi-ky-thi-sat-hach-tieng-anh-dau-vao-tren-he-thong,Trung tâm Quản trị Hệ thống,HCM,TT_QUAN_TRI_HE_THONG,false,1,auto,9,7189,ok,1304990,258192435053562d8c81ec61830c68e9baec7b03a740f21a2ed7fb9aaad4bdf2,files/trung-tam-quan-tri-he-thong/258192435053.pdf,true,2026-09-30T07:42:27+00:00,true,,
3c2ab4abf26b,HD_SVK20_ThisathachTA.pdf,https://csm.iuh.edu.vn/upload/files/huongdan/HD_SVK20_ThisathachTA.pdf,https://csm.iuh.edu.vn/vi/quy-dinh-huong-dan/huong-dan-tan-sinh-vien-khoa-20-lam-bai-thi-ky-thi-sat-hach-tieng-anh-dau-vao-tren-he-thong,Trung tâm Quản trị Hệ thống,HCM,TT_QUAN_TRI_HE_THONG,true,,auto,11,5509,ok,860342,3c2ab4abf26ba0cec9951f9296c79267888a756f57cc69342d49189f0483e3a8,files/trung-tam-quan-tri-he-thong/3c2ab4abf26b.pdf,true,2026-09-30T07:41:59+00:00,true,,
3f362d7f351f,HD_Dang_ky_di_nuớc_ngoai_V1_1.pdf,https://csm.iuh.edu.vn/upload/files/huongdan/HD_Dang_ky_di_nu%E1%BB%9Bc_ngoai_V1_1.pdf,https://csm.iuh.edu.vn/vi/quy-dinh-huong-dan/huong-dan-su-dung-chuc-nang-dang-ky-di-nuoc-ngoai-tren-cong-smia,Trung tâm Quản trị Hệ thống,HCM,TT_QUAN_TRI_HE_THONG,true,,auto,15,9412,ok,1952513,3f362d7f351ff2f18bfff879b329b567536abb34784f098084c0234e64390b37,files/trung-tam-quan-tri-he-thong/3f362d7f351f.pdf,true,2026-09-30T07:41:57+00:00,true,,
4dc06358f8e3,HuongDanTruyCapWiFiIUH21062026.pdf,https://csm.iuh.edu.vn/upload/files/huongdan/HuongDanTruyCapWiFiIUH21062026.pdf,https://csm.iuh.edu.vn/vi/quy-dinh-huong-dan/huong-dan-truy-cap-va-su-dung-wifi-tai-iuh,Trung tâm Quản trị Hệ thống,HCM,TT_QUAN_TRI_HE_THONG,false,4,auto,7,3045,ok,811593,4dc06358f8e3327406aa08bf9200d7d3962b56b293c79151c298aa16913d37e1,files/trung-tam-quan-tri-he-thong/4dc06358f8e3.pdf,true,2026-09-30T07:42:02+00:00,true,,
6418d1537459,Huong_dan_ky_so_LLKH_SMIA_V1_1.pdf,https://csm.iuh.edu.vn/upload/files/huongdan/Huong_dan_ky_so_LLKH_SMIA_V1_1.pdf,https://csm.iuh.edu.vn/vi/quy-dinh-huong-dan/huong-dan-xin-ly-lich-khoa-hoc-file-chu-ky-so,Trung tâm Quản trị Hệ thống,HCM,TT_QUAN_TRI_HE_THONG,false,1,auto,8,5784,ok,1123939,6418d1537459ce05986c435c3017573c7cf2aa4aa6c60b64ab8c593c8158acdc,files/trung-tam-quan-tri-he-thong/6418d1537459.pdf,true,2026-09-30T07:42:06+00:00,true,,
65da9f7c3d7a,sv_huongdankhoiphucmatkhaulms.pdf,https://csm.iuh.edu.vn/upload/files/huongdan/sv_huongdankhoiphucmatkhaulms.pdf,https://csm.iuh.edu.vn/vi/quy-dinh-huong-dan/huong-dan-khoi-phuc-mat-khau-he-thong-hoc-tap-truc-tuyen-lms,Trung tâm Quản trị Hệ thống,HCM,TT_QUAN_TRI_HE_THONG,false,3,auto,2,931,ok,266628,65da9f7c3d7a4a94209525f5d6745a996031cfe733aa25d69be10653a910b762,files/trung-tam-quan-tri-he-thong/65da9f7c3d7a.pdf,true,2026-09-30T07:42:31+00:00,true,,
755c97444da3,GV_HuongDanGiangVienSuDungMSTeams.pdf,https://csm.iuh.edu.vn/upload/files/huongdan/GV_HuongDanGiangVienSuDungMSTeams.pdf,https://csm.iuh.edu.vn/vi/quy-dinh-huong-dan/huong-dan-giang-vien-su-dung-ms-teams,Trung tâm Quản trị Hệ thống,HCM,TT_QUAN_TRI_HE_THONG,true,,auto,19,10980,ok,1126866,755c97444da3b78719df8a8307cfd13dff94ae34454916df4dd2173cefdba742,files/trung-tam-quan-tri-he-thong/755c97444da3.pdf,true,2026-09-30T07:41:50+00:00,true,,
75d649425d9d,huongdansudungemail20122024.pdf,https://csm.iuh.edu.vn/upload/files/huongdan/huongdansudungemail20122024.pdf,https://csm.iuh.edu.vn/vi/quy-dinh-huong-dan/huong-dan-dang-ky-va-su-dung-email-iuh-cho-sinh-vien,Trung tâm Quản trị Hệ thống,HCM,TT_QUAN_TRI_HE_THONG,true,,auto,9,5319,ok,1233849,75d649425d9d1595ba8abd22dc713b26fc6405584c7d08aa800225a55671eaea,files/trung-tam-quan-tri-he-thong/75d649425d9d.pdf,true,2026-09-30T07:42:29+00:00,true,,
7978cedec8e1,SV_taofilepdfvanopbaitaplms_310521.pdf,https://csm.iuh.edu.vn/upload/files/huongdan/SV_taofilepdfvanopbaitaplms_310521.pdf,https://csm.iuh.edu.vn/vi/quy-dinh-huong-dan/huong-dan-tao-file-pdf-voi-microsoft-lens-va-nop-bai-tap-len-lms,Trung tâm Quản trị Hệ thống,HCM,TT_QUAN_TRI_HE_THONG,true,,auto,8,1774,ok,1140995,7978cedec8e1a235aa0e78b5bf4009706512e01d4b6a742edb2cf5219678b5f3,files/trung-tam-quan-tri-he-thong/7978cedec8e1.pdf,true,2026-09-30T07:42:24+00:00,true,,
7ae19270115d,sv_huongdankhoiphucmkemailiuh.pdf,https://csm.iuh.edu.vn/upload/files/huongdan/sv_huongdankhoiphucmkemailiuh.pdf,https://csm.iuh.edu.vn/vi/quy-dinh-huong-dan/huong-dan-khoi-phuc-mat-khau-email-iuh,Trung tâm Quản trị Hệ thống,HCM,TT_QUAN_TRI_HE_THONG,true,,auto,4,1294,ok,340448,7ae19270115db0adf705d9bf2990d2bf050b66be153f2ba3357adba68fc850fa,files/trung-tam-quan-tri-he-thong/7ae19270115d.pdf,true,2026-09-30T07:42:34+00:00,true,,
8029a4f33e11,TB865_LuutruEmailIUH.pdf,https://csm.iuh.edu.vn/upload/files/TB865_LuutruEmailIUH.pdf,https://csm.iuh.edu.vn/vi/thong-bao/thong-bao-ve-viec-luu-tru-du-lieu-tren-he-thong-thu-dien-tu-cua-nha-truong-doi-voi-sinh-vien-va-hoc-viec-thuoc-truong,Trung tâm Quản trị Hệ thống,HCM,TT_QUAN_TRI_HE_THONG,true,,auto,2,397,ok,937189,8029a4f33e11508159b1e0564deda93b2e997efe0eac7065539fe18bf68dab4a,files/trung-tam-quan-tri-he-thong/8029a4f33e11.pdf,true,2026-09-30T07:41:46+00:00,true,,
a11197edddad,4_HuongDanCaiDat_Office365.pdf,https://csm.iuh.edu.vn/upload/files/huongdan/4_HuongDanCaiDat_Office365.pdf,https://csm.iuh.edu.vn/vi/quy-dinh-huong-dan/huong-dan-cai-dat-bo-office-365,Trung tâm Quản trị Hệ thống,HCM,TT_QUAN_TRI_HE_THONG,true,,auto,6,3217,ok,525210,a11197edddad70d37cf71daefe8ae27e97b4311c84504b9f90909b49097f9bf7,files/trung-tam-quan-tri-he-thong/a11197edddad.pdf,true,2026-09-30T07:41:48+00:00,true,,
a314e41b3407,HuongdankhoiphụcmatkhautaikhoamemailIUH_130421.pdf,https://csm.iuh.edu.vn/upload/files/huongdan/Huongdankhoiph%E1%BB%A5cmatkhautaikhoamemailIUH_130421.pdf,https://csm.iuh.edu.vn/vi/quy-dinh-huong-dan/huong-dan-khoi-phuc-mat-khau-tai-khoan-email-iuh,Trung tâm Quản trị Hệ thống,HCM,TT_QUAN_TRI_HE_THONG,true,,auto,5,2578,ok,637043,a314e41b3407aee56ebb65822a66b86d406be81f856870196bb8ecbb7cd5c77d,files/trung-tam-quan-tri-he-thong/a314e41b3407.pdf,true,2026-09-30T07:42:09+00:00,true,,
aa032621247c,SV_MotSoLoiThuongGapKhiThiTrucTuyen091121.pdf,https://csm.iuh.edu.vn/upload/files/huongdan/SV_MotSoLoiThuongGapKhiThiTrucTuyen091121.pdf,https://csm.iuh.edu.vn/vi/thong-bao/mot-so-loi-thuong-gap-trong-qua-trinh-thi-trac-nghiem-truc-tuyen,Trung tâm Quản trị Hệ thống,HCM,TT_QUAN_TRI_HE_THONG,true,,auto,3,3040,ok,1940969,aa032621247cc5e57b9ba4aeef3f8ef4746d6a830e393c8126bb0a2b2ba850a5,files/trung-tam-quan-tri-he-thong/aa032621247c.pdf,true,2026-09-30T07:42:17+00:00,true,,
b86e6ce607be,SV_huongdansvk17tracuuthamgiakythi_0411.pdf,https://csm.iuh.edu.vn/upload/files/huongdan/SV_huongdansvk17tracuuthamgiakythi_0411.pdf,https://csm.iuh.edu.vn/vi/quy-dinh-huong-dan/huong-dan-tan-sinh-vien-k17-tra-cuu-tham-gia-ky-thi-sat-hach-tieng-anh,Trung tâm Quản trị Hệ thống,HCM,TT_QUAN_TRI_HE_THONG,true,,auto,4,3681,ok,604490,b86e6ce607be512c5b28235e028d6af9e7323f4fae1b0ff729ff0fc9b9f78bf7,files/trung-tam-quan-tri-he-thong/b86e6ce607be.pdf,true,2026-09-30T07:42:21+00:00,true,,
cdc27c3bfdad,HD_K21_LambaisathachTA.pdf,https://csm.iuh.edu.vn/upload/files/HD_K21_LambaisathachTA.pdf,https://csm.iuh.edu.vn/vi/quy-dinh-huong-dan/huong-dan-tan-sinh-vien-khoa-21-lam-bai-thi-ky-thi-sat-hach-tieng-anh-dau-vao-tren-he-thong,Trung tâm Quản trị Hệ thống,HCM,TT_QUAN_TRI_HE_THONG,false,1,auto,9,7977,ok,1149790,cdc27c3bfdad6ed6fa9b50f8bc390f21d1c511cbbc07b16fe2568aabdb30944f,files/trung-tam-quan-tri-he-thong/cdc27c3bfdad.pdf,true,2026-09-30T07:41:44+00:00,true,,
e961218a2ada,GV_Huongdangiangvienkhoiphucmatkhaucongthongtin020323.pdf,https://csm.iuh.edu.vn/upload/files/huongdan/GV_Huongdangiangvienkhoiphucmatkhaucongthongtin020323.pdf,https://csm.iuh.edu.vn/vi/quy-dinh-huong-dan/huong-dan-giang-vien-khoi-phuc-mat-khau-tren-cac-cong-thong-tin,Trung tâm Quản trị Hệ thống,HCM,TT_QUAN_TRI_HE_THONG,false,3,auto,13,4786,ok,1469015,e961218a2ada53d71c993b61c1c959f5d0d09e7150178eb37c7426fe3be32da9,files/trung-tam-quan-tri-he-thong/e961218a2ada.pdf,true,2026-09-30T07:41:54+00:00,true,,
eb1226a01de2,TaiLieuHuongDanSuDungTaiKhoanKySo_V1_7.pdf,https://csm.iuh.edu.vn/upload/files/huongdan/TaiLieuHuongDanSuDungTaiKhoanKySo_V1_7.pdf,https://csm.iuh.edu.vn/vi/quy-dinh-huong-dan/huong-dan-dang-ky-va-su-dung-chu-ky-so-duoc-cap-boi-ban-co-yeu-chinh-phu,Trung tâm Quản trị Hệ thống,HCM,TT_QUAN_TRI_HE_THONG,true,,auto,37,14133,ok,3161430,eb1226a01de2e77606b73263224ed10f61828253e6d289b4a9be3f998ca68fe2,files/trung-tam-quan-tri-he-thong/eb1226a01de2.pdf,true,2026-09-30T07:42:25+00:00,true,,
eb497f679eb6,SV_QuyDinhThiTrucTuyenXepLop(HK1_2021-2022).pdf,https://csm.iuh.edu.vn/upload/files/thongbao/SV_QuyDinhThiTrucTuyenXepLop(HK1_2021-2022).pdf,https://csm.iuh.edu.vn/vi/thong-bao/quy-dinh-thi-truc-tuyen-danh-cho-sinh-vien-thi-tieng-anh-xep-lop-cua-khoa-ngoai-ngu,Trung tâm Quản trị Hệ thống,HCM,TT_QUAN_TRI_HE_THONG,true,,auto,1,2498,ok,169450,eb497f679eb681588591233b7d6d61437a4daabe6ce5e8c711004966b266097b,files/trung-tam-quan-tri-he-thong/eb497f679eb6.pdf,true,2026-09-30T07:42:37+00:00,true,,
eed993b55c93,SV_HuongDanSinhVienSuDungMSTeam300521.pdf,https://csm.iuh.edu.vn/upload/files/huongdan/SV_HuongDanSinhVienSuDungMSTeam300521.pdf,https://csm.iuh.edu.vn/vi/quy-dinh-huong-dan/huong-dan-su-dung-ms-teams-cho-sinh-vien-iuh,Trung tâm Quản trị Hệ thống,HCM,TT_QUAN_TRI_HE_THONG,true,,auto,7,2469,ok,4804450,eed993b55c937ea543a647b7172fd096daf3b9aa0c5c6c460daf9fccef02d8e2,files/trung-tam-quan-tri-he-thong/eed993b55c93.pdf,true,2026-09-30T07:42:12+00:00,true,,
08d7f8135f57,tb-891-2024.pdf,https://iuh.edu.vn/Resource/Upload2/files/2024/08/tb-891-2024.pdf,https://iuh.edu.vn/vi/thong-bao/thong-bao-v-v-nghi-le-quoc-khanh-nam-2024-1208.html,Trường (trang chính),HCM,PHONG_TO_CHUC_HANH_CHINH,true,,auto,1,0,scanned,299651,08d7f8135f5736f70accf9e4a7afe4170ab80bd7d387dc675099447aa0f1911f,scanned_pdf/truong-trang-chinh/08d7f8135f57.pdf,true,2026-09-30T07:42:50+00:00,false,,
1991eb238a01,TB 925.pdf,https://iuh.edu.vn/upload/files/2026/07/TB%20925.pdf,https://iuh.edu.vn/vi/thong-bao/thong-bao-thoi-han-hoc-tap-tai-truong-cua-sinh-vien-truong-dai-hoc-cong-nghiep-thanh-pho-ho-chi-minh-2215.html,Trường (trang chính),HCM,PHONG_TO_CHUC_HANH_CHINH,true,,auto,2,0,scanned,603158,1991eb238a01dcfea410314e249e2e2e0afb16cad4d69294e45a03f475161795,scanned_pdf/truong-trang-chinh/1991eb238a01.pdf,true,2026-09-30T07:44:13+00:00,false,,
1dd9809db97c,Qd647_xet_va_cap_hoc_bong.pdf,https://iuh.edu.vn/Resource/Upload2/files/2017/03/Qd647_xet_va_cap_hoc_bong.pdf,https://iuh.edu.vn/vi/hoc-bong/quyet-dinh-v-v-xet-cap-hoc-bong-khuyen-khich-tiep-tuc-hoc-trinh-do-thac-si-1791.html,Trường (trang chính),HCM,PHONG_TO_CHUC_HANH_CHINH,true,,auto,3,3714,garbled_ocr,2001103,1dd9809db97c517fcfe323de45a4b911a244760a52af30588d2c13cbdfdda81e,scanned_pdf/truong-trang-chinh/1dd9809db97c.pdf,true,2026-09-30T07:42:12+00:00,false,,
22f852c5bce5,TB-967-2023.pdf,https://iuh.edu.vn/Resource/Upload2/files/2023/09/TB-967-2023.pdf,https://iuh.edu.vn/vi/thong-bao/thong-bao-v-v-xet-hoc-bong-quy-chung-mot-tam-long-cho-sinh-vien-truong-dai-hoc-cong-nghiep-thanh-pho-ho-chi-minh-1240.html,Trường (trang chính),HCM,PHONG_TO_CHUC_HANH_CHINH,true,,auto,1,0,scanned,531858,22f852c5bce59a763a9f7f32257d279b70a1ee55a5550905a810c0de468892dc,scanned_pdf/truong-trang-chinh/22f852c5bce5.pdf,true,2026-09-30T07:42:42+00:00,false,,
24075ba242e7,_So 29 - Web.pdf,https://iuh.edu.vn/Resource/Upload2/files/Tap%20chi%20KHCN/_So%2029%20-%20Web.pdf,https://iuh.edu.vn/vi/nghien-cuu/tap-chi-khoa-hoc-va-cong-nghe-so-29-05-2017-1734.html,Trường (trang chính),HCM,PHONG_TO_CHUC_HANH_CHINH,true,,auto,6,6969,ok,1602242,24075ba242e7b780ac211e83290bbf09f8c44eeafd4ebebc9d6b0df17c391aed,files/truong-trang-chinh/24075ba242e7.pdf,true,2026-09-30T07:43:22+00:00,true,,
2434418d90b3,Tap chi KHCN - So 24.pdf,https://iuh.edu.vn/Resource/Upload2/files/Tap%20chi%20KHCN/Tap%20chi%20KHCN%20-%20So%2024.pdf,https://iuh.edu.vn/vi/nghien-cuu/tap-chi-khoa-hoc-va-cong-nghe-so-24-03-2016-1728.html,Trường (trang chính),HCM,PHONG_TO_CHUC_HANH_CHINH,true,,auto,6,3782,ok,3010251,2434418d90b39c36edf8254fd532c256dfe833f631be60eda59ea2f76b943f0a,files/truong-trang-chinh/2434418d90b3.pdf,true,2026-09-30T07:43:16+00:00,true,,
44155e3491f9,tb-1622-2024.pdf,https://iuh.edu.vn/Resource/Upload2/files/2024/12/tb-1622-2024.pdf,https://iuh.edu.vn/vi/thong-bao/thong-bao-ke-hoach-xet-cong-nhan-tot-nghiep-dot-thang-02-nam-2025-1190.html,Trường (trang chính),HCM,PHONG_TO_CHUC_HANH_CHINH,true,,auto,1,0,scanned,382562,44155e3491f906fd61baa29921e8ef4c4e8ef9aaf47a639f77af80c87f23bf7c,scanned_pdf/truong-trang-chinh/44155e3491f9.pdf,true,2026-09-30T07:43:13+00:00,false,,
445a6b3356e2,qd2255-.pdf,https://iuh.edu.vn/Resource/Upload2/files/2016/10/qd2255-.pdf,https://iuh.edu.vn/vi/thanh-tich-hoc-tap/quyet-dinh-v-v-cap-hoc-bong-hoc-ky-ii-nam-hoc-2016-2017-cua-sinh-vien-dai-hoc-chinh-quy-he-chat-luong-cao-1776.html,Trường (trang chính),HCM,PHONG_TO_CHUC_HANH_CHINH,true,,auto,4,0,scanned,901330,445a6b3356e24c6d793d86633b4d53c2b2d60d81a228833b01f5b0e27083d622,scanned_pdf/truong-trang-chinh/445a6b3356e2.pdf,true,2026-09-30T07:42:09+00:00,false,,
50bdc3a9c2d0,TapchiKHCN-Vol23.pdf,https://iuh.edu.vn/Resource/Upload2/files/documents/tapchiKHCN/TapchiKHCN-Vol23.pdf,https://iuh.edu.vn/vi/nghien-cuu/tap-chi-khoa-hoc-va-cong-nghe-so-23-02-2016-1726.html,Trường (trang chính),HCM,PHONG_TO_CHUC_HANH_CHINH,true,,auto,5,5046,ok,2676286,50bdc3a9c2d0a9eb5123c37fc40b1ac3efa8e4d23bc08bc9c186a4a5bdc8b864,files/truong-trang-chinh/50bdc3a9c2d0.pdf,true,2026-09-30T07:43:26+00:00,true,,
55df0dd76d43,02_Huong_dan_dang_ky_noi_tru_nam_hoc_2026_2027.pdf,https://iuh.edu.vn/upload/files/2026/08/02_Huong_dan_dang_ky_noi_tru_nam_hoc_2026_2027.pdf,https://iuh.edu.vn/vi/huong-dan-nhap-hoc.html,Trường (trang chính),HCM,PHONG_TO_CHUC_HANH_CHINH,true,,auto,5,3949,ok,1433726,55df0dd76d43f8f687e42cd75703fcabd51dc42b03cfd658f007e438f75bf618,files/truong-trang-chinh/55df0dd76d43.pdf,true,2026-09-30T07:44:19+00:00,true,,
5978fd1b8d7a,TB-915-2024.pdf,https://iuh.edu.vn/Resource/Upload2/files/2024/08/TB-915-2024.pdf,https://iuh.edu.vn/vi/thong-bao/thong-bao-ke-hoach-xet-cong-nhan-tot-nghiep-dot-thang-10-nam-2024-1207.html,Trường (trang chính),HCM,PHONG_TO_CHUC_HANH_CHINH,true,,auto,1,0,scanned,374817,5978fd1b8d7a891c176ce5ac501513152ee9deb5e15515bc29c2083ee5c41f3c,scanned_pdf/truong-trang-chinh/5978fd1b8d7a.pdf,true,2026-09-30T07:42:48+00:00,false,,
5a01cf2d6e2b,tb124.pdf,https://iuh.edu.vn/Resource/Upload2/files/2019/10/tb124.pdf,https://iuh.edu.vn/vi/hoc-bong/thong-bao-v-v-xet-cap-hoc-bong-sinh-vien-vuot-kho-hieu-hoc-nam-2019-1796.html,Trường (trang chính),HCM,PHONG_TO_CHUC_HANH_CHINH,true,,auto,2,0,scanned,705544,5a01cf2d6e2b1e0e038eced4c2396c672ff928d82580f62a7c672d0d880f0b8c,scanned_pdf/truong-trang-chinh/5a01cf2d6e2b.pdf,true,2026-09-30T07:42:30+00:00,false,,
5a37f7009544,tb-1579-2024.pdf,https://iuh.edu.vn/Resource/Upload2/files/2024/09/tb-1579-2024.pdf,https://iuh.edu.vn/vi/thong-bao/thong-bao-thoi-han-hoc-tap-tai-truong-cua-sinh-vien-truong-dai-hoc-cong-nghiep-thanh-pho-ho-chi-minh-1201.html,Trường (trang chính),HCM,PHONG_TO_CHUC_HANH_CHINH,true,,auto,2,0,scanned,682639,5a37f7009544429216aa2b0448b66cfc134e348ac70f84354b136b43ddbfd6a2,scanned_pdf/truong-trang-chinh/5a37f7009544.pdf,true,2026-09-30T07:42:59+00:00,false,,
6aba0f9b9b88,kh_hoi_nghi_kh_tre.pdf,https://iuh.edu.vn/Resource/Upload2/files/2019/03/kh_hoi_nghi_kh_tre.pdf,https://iuh.edu.vn/vi/nghien-cuu/ke-hoach-to-chuc-hoi-nghi-khoa-hoc-tre-lan-1-nam-2019-1736.html,Trường (trang chính),HCM,PHONG_TO_CHUC_HANH_CHINH,true,,auto,7,147,scanned,1835493,6aba0f9b9b88e9b381c055c3bc828544a1752da133a6cbf7cff3827d304c6cab,scanned_pdf/truong-trang-chinh/6aba0f9b9b88.pdf,true,2026-09-30T07:42:27+00:00,false,,
6c9474bd0ee8,kh02 - to chuc Hoi nghi Khoa hoc tre.pdf,https://iuh.edu.vn/Resource/Upload2/files/2021/01/kh02%20-%20to%20chuc%20Hoi%20nghi%20Khoa%20hoc%20tre.pdf,https://iuh.edu.vn/vi/nghien-cuu/ke-hoach-to-chuc-hoi-nghi-khoa-hoc-tre-lan-thu-3-nam-2021-1746.html,Trường (trang chính),HCM,PHONG_TO_CHUC_HANH_CHINH,true,,auto,5,0,scanned,1173360,6c9474bd0ee8123e7fbd08bcdb1633a86a84cf0a721ebac6fd33a14d12f92a3d,scanned_pdf/truong-trang-chinh/6c9474bd0ee8.pdf,true,2026-09-30T07:42:38+00:00,false,,
732150c688ce,tb-1584-2024.pdf,https://iuh.edu.vn/Resource/Upload2/files/2024/09/tb-1584-2024.pdf,https://iuh.edu.vn/vi/thong-bao/thong-bao-v-v-to-chuc-le-khai-giang-nam-hoc-2024-2025-1198.html,Trường (trang chính),HCM,PHONG_TO_CHUC_HANH_CHINH,true,,auto,1,0,scanned,336914,732150c688ce748f29bc278ec760cbac9c384e84c30456a22f4b15a200637ba4,scanned_pdf/truong-trang-chinh/732150c688ce.pdf,true,2026-09-30T07:43:01+00:00,false,,
7ba1a26b3d11,kh24.pdf,https://iuh.edu.vn/Resource/Upload2/files/2019/11/kh24.pdf,https://iuh.edu.vn/vi/nghien-cuu/ke-hoach-to-chuc-hoi-nghi-khoa-hoc-tre-lan-2-nam-2020-1742.html,Trường (trang chính),HCM,PHONG_TO_CHUC_HANH_CHINH,true,,auto,4,6844,garbled_ocr,378344,7ba1a26b3d11a6cc0f223a79fc66a439bbd690b632af5317f961fb793ee8d2b9,scanned_pdf/truong-trang-chinh/7ba1a26b3d11.pdf,true,2026-09-30T07:42:33+00:00,false,,
812f9912e3d4,_Tap chi KHCN - So 26 - Bia.pdf,https://iuh.edu.vn/Resource/Upload2/files/Tap%20chi%20KHCN/_Tap%20chi%20KHCN%20-%20So%2026%20-%20Bia.pdf,https://iuh.edu.vn/vi/nghien-cuu/tap-chi-khoa-hoc-va-cong-nghe-so-26-02-2017-1731.html,Trường (trang chính),HCM,PHONG_TO_CHUC_HANH_CHINH,true,,auto,6,3531,ok,3823389,812f9912e3d403d200b1596657c6c97c6003a244f6ff13ef9e1f472b28504cc6,files/truong-trang-chinh/812f9912e3d4.pdf,true,2026-09-30T07:43:24+00:00,true,,
8567cd6afa8f,tb103.pdf,https://iuh.edu.vn/Resource/Upload2/files/2020/09/tb103.pdf,https://iuh.edu.vn/vi/nghien-cuu/thong-bao-v-v-gia-han-thoi-gian-nhan-bai-tham-gia-hoi-nghi-khoa-hoc-tre-2020-1745.html,Trường (trang chính),HCM,PHONG_TO_CHUC_HANH_CHINH,true,,auto,1,0,scanned,128089,8567cd6afa8fc8ffe434ff8773cbaf387d79261a4a8a948eddcf9e7b4bbfe4e6,scanned_pdf/truong-trang-chinh/8567cd6afa8f.pdf,true,2026-09-30T07:42:36+00:00,false,,
87096e46c015,TB-84-2026.pdf,https://iuh.edu.vn/upload/files/2026/03/TB-84-2026.pdf,https://iuh.edu.vn/vi/thong-bao/thong-bao-tuyen-sinh-dao-tao-lien-thong-tu-trinh-do-cao-dang-len-trinh-do-dai-hoc-dot-1-nam-2026-2154.html,Trường (trang chính),HCM,PHONG_TO_CHUC_HANH_CHINH,true,,auto,2,0,scanned,432555,87096e46c01547fb43c649a3c9937c508ac7f301e88d4918a7ba2592328b835a,scanned_pdf/truong-trang-chinh/87096e46c015.pdf,true,2026-09-30T07:43:42+00:00,false,,
87cd6c57a9dd,TB 923.pdf,https://iuh.edu.vn/upload/files/2026/07/TB%20923.pdf,https://iuh.edu.vn/vi/thong-bao/thong-bao-ve-ket-qua-du-dieu-kien-trung-tuyen-dien-tuyen-thang-vao-dai-hoc-chinh-quy-nam-2026-2218.html,Trường (trang chính),HCM,PHONG_TO_CHUC_HANH_CHINH,true,,auto,2,0,scanned,430425,87cd6c57a9dda3624bfccdef1072d5f43a331f5f931fe0bc4db04f03933cf04a,scanned_pdf/truong-trang-chinh/87cd6c57a9dd.pdf,true,2026-09-30T07:44:11+00:00,false,,
8ce1a78bd187,qd_2114.pdf,https://iuh.edu.vn/Resource/Upload2/files/2017/05/qd_2114.pdf,https://iuh.edu.vn/vi/thanh-tich-hoc-tap/quyet-dinh-v-v-cap-hoc-bong-hoc-ky-i-nam-hoc-2017-2018-cua-sinh-vien-dai-hoc-he-chat-luong-cao-1777.html,Trường (trang chính),HCM,PHONG_TO_CHUC_HANH_CHINH,true,,auto,2,2461,garbled_ocr,1244010,8ce1a78bd187954850701c5b986c66a97cc86e6a8b589a7bba27ab8866aaa8bd,scanned_pdf/truong-trang-chinh/8ce1a78bd187.pdf,true,2026-09-30T07:42:15+00:00,false,,
999104f4b14f,kh ndc 2015.pdf,https://iuh.edu.vn/Resource/Upload2/files/2015/06/kh%20ndc%202015.pdf,https://iuh.edu.vn/vi/hoc-bong/ke-hoach-xet-hoc-bong-nguyen-duc-canh-nam-hoc-2014-2015-1783.html,Trường (trang chính),HCM,PHONG_TO_CHUC_HANH_CHINH,true,,auto,2,0,scanned,899763,999104f4b14f68873887bdb255fddd8c5eca5cf3fac7f9898d2f9b447a56f50f,scanned_pdf/truong-trang-chinh/999104f4b14f.pdf,true,2026-09-30T07:41:52+00:00,false,,
a01443407f3b,tb-92-2026.pdf,https://iuh.edu.vn/upload/files/2026/03/tb-92-2026.pdf,https://iuh.edu.vn/vi/thong-bao/thong-bao-v-v-nghi-hoc-trong-thoi-gian-to-chuc-ky-thi-danh-gia-nang-luc-dhqg-hcm-dot-1-ngay-05-4-2026-tai-cum-thi-truong-dai-hoc-cong-nghiep-tp-ho-chi-minh-2160.html,Trường (trang chính),HCM,PHONG_TO_CHUC_HANH_CHINH,true,,auto,1,0,scanned,300758,a01443407f3bcb10da094ad25159bd3a764f55b06ffe5cfd7e40227e9c5d4371,scanned_pdf/truong-trang-chinh/a01443407f3b.pdf,true,2026-09-30T07:43:50+00:00,false,,
a0c6aad0af8b,_So 27 - Web.pdf,https://iuh.edu.vn/Resource/Upload2/files/Tap%20chi%20KHCN/_So%2027%20-%20Web.pdf,https://iuh.edu.vn/vi/nghien-cuu/tap-chi-khoa-hoc-va-cong-nghe-so-27-03-2017-1733.html,Trường (trang chính),HCM,PHONG_TO_CHUC_HANH_CHINH,true,,auto,6,7309,ok,1741662,a0c6aad0af8bd7cadea29a44567170981eaf58c1ae2c15b2fbe8a2c77590154a,files/truong-trang-chinh/a0c6aad0af8b.pdf,true,2026-09-30T07:43:20+00:00,true,,
a3889bade7f0,TB-1825-2025.pdf,https://iuh.edu.vn/upload/files/2025/11/TB-1825-2025.pdf,https://iuh.edu.vn/vi/thong-bao/thong-bao-v-v-sinh-vien-tham-gia-bao-hiem-y-te-nam-2026-2088.html,Trường (trang chính),HCM,PHONG_TO_CHUC_HANH_CHINH,true,,auto,2,0,scanned,645677,a3889bade7f07675bbd4be10dc8670cc538e7e2581f7f04b6f01d70f3b34a274,scanned_pdf/truong-trang-chinh/a3889bade7f0.pdf,true,2026-09-30T07:43:30+00:00,false,,
a52d1e98a273,2024_TB 1581.pdf,https://iuh.edu.vn/Resource/Upload2/files/2024/10/2024_TB%201581.pdf,https://iuh.edu.vn/vi/thong-bao/thong-bao-v-v-to-chuc-giang-day-va-hoc-tap-cac-hoc-phan-tieng-anh-tai-trung-tam-ngoai-ngu-tin-hoc-1199.html,Trường (trang chính),HCM,PHONG_TO_CHUC_HANH_CHINH,true,,auto,2,0,scanned,847210,a52d1e98a273224f8807f3ebb70671ba6493321c9c1a541ea2851a9e061229f9,scanned_pdf/truong-trang-chinh/a52d1e98a273.pdf,true,2026-09-30T07:43:05+00:00,false,,
a566d0b4acf8,QuyTrinhNhapHocTongThe (1).pdf,https://iuh.edu.vn/Resource/Upload2/files/2024/08/QuyTrinhNhapHocTongThe%20(1).pdf,https://iuh.edu.vn/vi/thong-bao/huong-dan-quy-trinh-nhap-hoc-cho-tan-sinh-vien-khoa-20-nam-hoc-2024-2025-1209.html,Trường (trang chính),HCM,PHONG_TO_CHUC_HANH_CHINH,true,,auto,1,1817,ok,408023,a566d0b4acf82ff28f0754987cffa2f7a7f4e89f1b6be35ec3788df8fcfdc07b,files/truong-trang-chinh/a566d0b4acf8.pdf,true,2026-09-30T07:42:46+00:00,true,,
b1398d48dcab,Tap chi KHCN - So 25.pdf,https://iuh.edu.vn/Resource/Upload2/files/Tap%20chi%20KHCN/Tap%20chi%20KHCN%20-%20So%2025.pdf,https://iuh.edu.vn/vi/nghien-cuu/tap-chi-khoa-hoc-va-cong-nghe-so-25-01-2017-1730.html,Trường (trang chính),HCM,PHONG_TO_CHUC_HANH_CHINH,true,,auto,6,2774,ok,1690101,b1398d48dcab64af4ca41bd89be01cb9e557e9d6198551abeba29be4032fda45,files/truong-trang-chinh/b1398d48dcab.pdf,true,2026-09-30T07:43:18+00:00,true,,
b16add67b08d,tb924-2024.pdf,https://iuh.edu.vn/Resource/Upload2/files/2024/09/tb924-2024.pdf,https://iuh.edu.vn/vi/thong-bao/thong-bao-v-v-thi-sat-hach-tieng-anh-dau-vao-doi-voi-sinh-vien-k20-1200.html,Trường (trang chính),HCM,PHONG_TO_CHUC_HANH_CHINH,true,,auto,2,0,scanned,864847,b16add67b08df08202fc6cab9a78e47155357f2a9b2d0dadd7ecfb0b4b61bb7b,scanned_pdf/truong-trang-chinh/b16add67b08d.pdf,true,2026-09-30T07:43:03+00:00,false,,
b47be4c04680,2025_CV 1447 Báo cáo thực hiện Quy chế công khai năm học 2024-2025 (1).pdf,https://iuh.edu.vn/upload/files/2025/10/2025_CV%201447%20Ba%CC%81o%20ca%CC%81o%20thu%CC%9B%CC%A3c%20hie%CC%A3%CC%82n%20Quy%20che%CC%82%CC%81%20co%CC%82ng%20khai%20na%CC%86m%20ho%CC%A3c%202024-2025%20(1).pdf,https://iuh.edu.vn/vi/ba-cong-khai/ba-cong-khai-nam-hoc-2024-2025-2046.html,Trường (trang chính),HCM,PHONG_TO_CHUC_HANH_CHINH,true,,auto,26,4,scanned,9540415,b47be4c046800b89349ce61e85730c52f2dd3ec5ad433ec5f6c60d67a582c136,scanned_pdf/truong-trang-chinh/b47be4c04680.pdf,true,2026-09-30T07:43:28+00:00,false,,
bafb2639ce27,hoc bong vuot kho 2015.pdf,https://iuh.edu.vn/Resource/Upload2/files/2015/10/hoc%20bong%20vuot%20kho%202015.pdf,https://iuh.edu.vn/vi/hoc-bong/thong-bao-v-v-xet-cap-hoc-bong-cho-hssv-vuot-kho-hieu-hoc-2015-1784.html,Trường (trang chính),HCM,PHONG_TO_CHUC_HANH_CHINH,true,,auto,2,3231,garbled_ocr,1252986,bafb2639ce27a0fc433461713ac1c188b3e15028dfb9a703cddc397166826a2d,scanned_pdf/truong-trang-chinh/bafb2639ce27.pdf,true,2026-09-30T07:41:58+00:00,false,,
bcd7e019a32b,hoc phan va hoc phi 2015-2016.pdf,https://iuh.edu.vn/Resource/Upload2/files/2015/05/hoc%20phan%20va%20hoc%20phi%202015-2016.pdf,https://iuh.edu.vn/vi/hoc-bong/danh-sach-hssv-duoc-cap-hoc-bong-hoc-ky-i-nam-hoc-2014-2015-co-so-1-1782.html,Trường (trang chính),HCM,PHONG_TO_CHUC_HANH_CHINH,true,,auto,1,2053,garbled_ocr,405277,bcd7e019a32bd77cf36312abf2d08c7c33e2a8ab68531e5b066cdd36e4214166,scanned_pdf/truong-trang-chinh/bcd7e019a32b.pdf,true,2026-09-30T07:41:46+00:00,false,,
c35edd31324c,Thong bao dang ký học truoc HP trong CTDT thac si.pdf,https://iuh.edu.vn/Resource/Upload2/files/2024/02/Thong%20bao%20dang%20ký%20học%20truoc%20HP%20trong%20CTDT%20thac%20si.pdf,https://iuh.edu.vn/vi/sau-dai-hoc.html,Trường (trang chính),HCM,PHONG_TO_CHUC_HANH_CHINH,true,,auto,15,0,scanned,6921925,c35edd31324c3e481ca6057e7ea9c2c4eeb483d558d92c01ca9fbddbe0fa66a6,scanned_pdf/truong-trang-chinh/c35edd31324c.pdf,true,2026-09-30T07:42:44+00:00,false,,
c949b4c2b2ee,TB-972-2026.pdf,https://iuh.edu.vn/upload/files/2026/08/TB-972-2026.pdf,https://iuh.edu.vn/vi/thong-bao/thong-bao-diem-trung-tuyen-bac-dai-hoc-he-chinh-quy-nam-2026-tai-phan-hieu-quang-ngai-2237.html,Trường (trang chính),HCM,PHONG_TO_CHUC_HANH_CHINH,true,,auto,2,0,scanned,393976,c949b4c2b2ee663b7ea049915c6ab3c250dd2b79ddbb4c5bf878b8e8dd4752b6,scanned_pdf/truong-trang-chinh/c949b4c2b2ee.pdf,true,2026-09-30T07:44:28+00:00,false,,
cd1d5fd151b1,TB-1034-2026.pdf,https://iuh.edu.vn/upload/files/2026/09/TB-1034-2026.pdf,https://iuh.edu.vn/vi/thong-bao/thong-bao-v-v-sinh-vien-khoa-22-tham-gia-bao-hiem-y-te-thang-10-11-12-nam-2026-2262.html,Trường (trang chính),HCM,PHONG_TO_CHUC_HANH_CHINH,true,,auto,2,0,scanned,533818,cd1d5fd151b1d74e69b10b72867d5d80a6e1604c7f95c1df4f2ccaddce3add77,scanned_pdf/truong-trang-chinh/cd1d5fd151b1.pdf,true,2026-09-30T07:44:35+00:00,false,,
d992fa4361ed,TB-1595-2024(1).pdf,https://iuh.edu.vn/Resource/Upload2/files/2024/10/TB-1595-2024(1).pdf,https://iuh.edu.vn/vi/thong-bao/thong-bao-v-v-nghi-tet-duong-lich-tet-nguyen-dan-at-ty-nam-2025-1195.html,Trường (trang chính),HCM,PHONG_TO_CHUC_HANH_CHINH,true,,auto,1,0,scanned,271677,d992fa4361edcd2569c45b6d531ae9180f998c31458f5b710200efd6a42a1a91,scanned_pdf/truong-trang-chinh/d992fa4361ed.pdf,true,2026-09-30T07:43:10+00:00,false,,
e2a8888ecd8a,Kế hoạch số 02_2026_Triển khai cuộc thi chính luận về bảo vệ nền tảng tư tưởng của Dảng lần thứ Sáu năm 2026 tại Dảng bộ IUH.pdf,https://iuh.edu.vn/upload/files/2026/04/Ke%CC%82%CC%81%20hoa%CC%A3ch%20so%CC%82%CC%81%2002_2026_Trie%CC%82%CC%89n%20khai%20cuo%CC%A3%CC%82c%20thi%20chi%CC%81nh%20lua%CC%A3%CC%82n%20ve%CC%82%CC%80%20ba%CC%89o%20ve%CC%A3%CC%82%20ne%CC%82%CC%80n%20ta%CC%89ng%20tu%CC%9B%20tu%CC%9Bo%CC%9B%CC%89ng%20cu%CC%89a%20Da%CC%89ng%20la%CC%82%CC%80n%20thu%CC%9B%CC%81%20Sa%CC%81u%20na%CC%86m%202026%20ta%CC%A3i%20Da%CC%89ng%20bo%CC%A3%CC%82%20IUH.pdf,https://iuh.edu.vn/vi/thong-bao/ke-hoach-trien-khai-cuoc-thi-chinh-luan-ve-bao-ve-nen-tang-tu-tuong-cua-dang-lan-thu-6-nam-2026-tai-dang-bo-truong-dh-cong-nghiep-tphcm-2186.html,Trường (trang chính),HCM,PHONG_TO_CHUC_HANH_CHINH,true,,auto,5,0,scanned,1590758,e2a8888ecd8af70066c3b2745794c95f9bc68576f4a92b4c02c4d6e136ca647d,scanned_pdf/truong-trang-chinh/e2a8888ecd8a.pdf,true,2026-09-30T07:43:54+00:00,false,,
e4a5cbe9edec,Thong bao - Ket qua duyet bai ICATSD2016.pdf,https://iuh.edu.vn/Resource/Upload2/files/2016/06/Thong%20bao%20-%20Ket%20qua%20duyet%20bai%20ICATSD2016.pdf,https://iuh.edu.vn/vi/nghien-cuu/thong-bao-ket-qua-xet-duyet-bai-bao-tham-du-hoi-nghi-khoa-hoc-quoc-te-icatsd2016-1725.html,Trường (trang chính),HCM,PHONG_TO_CHUC_HANH_CHINH,true,,auto,1,1380,garbled_ocr,339571,e4a5cbe9edec4f03e46d90098d9ce9bc9d4ef9e787a9a1e53f8284b025da62c5,scanned_pdf/truong-trang-chinh/e4a5cbe9edec.pdf,true,2026-09-30T07:42:06+00:00,false,,
e5091361092f,tb07.pdf,https://iuh.edu.vn/Resource/Upload2/files/2019/02/tb07.pdf,https://iuh.edu.vn/vi/thanh-tich-hoc-tap/thong-bao-v-v-chi-tra-tien-mien-giam-hoc-phi-ho-tro-chi-phi-hoc-tap-1780.html,Trường (trang chính),HCM,PHONG_TO_CHUC_HANH_CHINH,true,,auto,1,0,scanned,647537,e5091361092fd4cc6181dbaae58acdc3a495491962f69b6afc73a9f2c10506ca,scanned_pdf/truong-trang-chinh/e5091361092f.pdf,true,2026-09-30T07:42:24+00:00,false,,
e7ddd18a63b5,qd-736-2026.pdf,https://iuh.edu.vn/upload/files/2026/03/qd-736-2026.pdf,https://iuh.edu.vn/vi/thong-bao/quyet-dinh-ban-hanh-bieu-trung-ky-niem-70-nam-thanh-lap-truong-dai-hoc-cong-nghiep-tphcm-11-11-1956-11-11-2026-2169.html,Trường (trang chính),HCM,PHONG_TO_CHUC_HANH_CHINH,true,,auto,2,0,scanned,633421,e7ddd18a63b5de6e9fd18398603cb2544910842c20297567e01625175ff28fd3,scanned_pdf/truong-trang-chinh/e7ddd18a63b5.pdf,true,2026-09-30T07:43:46+00:00,false,,
e95aa58e3921,TB-971-2026.pdf,https://iuh.edu.vn/upload/files/2026/08/TB-971-2026.pdf,https://iuh.edu.vn/vi/thong-bao/thong-bao-diem-trung-tuyen-bac-dai-hoc-he-chinh-quy-nam-2026-2236.html,Trường (trang chính),HCM,PHONG_TO_CHUC_HANH_CHINH,true,,auto,3,0,scanned,735300,e95aa58e392146afa75b00579da02d52dd0b0fd94e572944630be736a8828b8e,scanned_pdf/truong-trang-chinh/e95aa58e3921.pdf,true,2026-09-30T07:44:25+00:00,false,,
eaca8175d8fb,qd_3465.pdf,https://iuh.edu.vn/Resource/Upload2/files/2017/12/qd_3465.pdf,https://iuh.edu.vn/vi/thanh-tich-hoc-tap/quyet-dinh-v-v-cap-hoc-bong-hoc-ky-ii-nam-hoc-2017-2018-cua-sinh-vien-dai-hoc-he-chat-luong-cao-1779.html,Trường (trang chính),HCM,PHONG_TO_CHUC_HANH_CHINH,true,,auto,2,2068,garbled_ocr,530093,eaca8175d8fb9685ec3bd49d8f0d58b2d892ff6c546894fa5a0595b4f60a2e62,scanned_pdf/truong-trang-chinh/eaca8175d8fb.pdf,true,2026-09-30T07:42:18+00:00,false,,
f562e744625b,Thong Bao SVK20 TG_BHYT_2024.pdf,https://iuh.edu.vn/Resource/Upload2/files/2024/09/Thong%20Bao%20SVK20%20TG_BHYT_2024.pdf,https://iuh.edu.vn/vi/thong-bao/thong-bao-v-v-sinh-vien-khoa-20-tham-gia-bao-hiem-y-te-thang-10-11-12-nam-2024-1205.html,Trường (trang chính),HCM,PHONG_TO_CHUC_HANH_CHINH,true,,auto,2,3384,garbled_ocr,778844,f562e744625b8c09e9c4a15be4c3e5f1e29a45a870ea5d06364dffa1fb4844cf,scanned_pdf/truong-trang-chinh/f562e744625b.pdf,true,2026-09-30T07:42:54+00:00,false,,
f86e1ec4df8a,TB-100-2026.pdf,https://iuh.edu.vn/upload/files/2026/03/TB-100-2026.pdf,https://iuh.edu.vn/vi/thong-bao/thong-bao-v-v-dang-ky-hoc-phan-va-dong-hoc-phi-hoc-ky-iii-nam-hoc-2025-2026-2165.html,Trường (trang chính),HCM,PHONG_TO_CHUC_HANH_CHINH,true,,auto,2,0,scanned,503050,f86e1ec4df8a2de3eb7d747f25bc11eedbb1406afee0c63ca070d11683b79573,scanned_pdf/truong-trang-chinh/f86e1ec4df8a.pdf,true,2026-09-30T07:43:38+00:00,false,,
f9d65c722145,Ke-hoach-99-ke-hoach-to-chuc-cuoc-thi-chinh-luan.pdf,https://iuh.edu.vn/upload/files/2026/04/Ke-hoach-99-ke-hoach-to-chuc-cuoc-thi-chinh-luan.pdf,https://iuh.edu.vn/vi/thong-bao/ke-hoach-trien-khai-cuoc-thi-chinh-luan-ve-bao-ve-nen-tang-tu-tuong-cua-dang-lan-thu-6-nam-2026-tai-dang-bo-truong-dh-cong-nghiep-tphcm-2186.html,Trường (trang chính),HCM,PHONG_TO_CHUC_HANH_CHINH,true,,auto,24,0,scanned,9490493,f9d65c722145dd751df150756f1d913d9dec9f78280008ecf8c7ee9f25670ed5,scanned_pdf/truong-trang-chinh/f9d65c722145.pdf,true,2026-09-30T07:43:56+00:00,false,,
fb361899ab39,tb-868-2026-20260417043726-e.pdf,https://iuh.edu.vn/upload/files/2026/04/tb-868-2026-20260417043726-e.pdf,https://iuh.edu.vn/vi/thong-bao/thong-bao-v-v-van-dong-dong-gop-hinh-anh-tu-lieu-va-hien-vat-huong-toi-ky-niem-70-nam-ngay-thanh-lap-truong-dai-hoc-cong-nghiep-tphcm-11-11-1956-11-11-2026-2179.html,Trường (trang chính),HCM,PHONG_TO_CHUC_HANH_CHINH,true,,auto,2,0,scanned,560538,fb361899ab3968fdc3ad4104075efd581bee14c5afa526fceb8ee1edaf2ec397,scanned_pdf/truong-trang-chinh/fb361899ab39.pdf,true,2026-09-30T07:44:02+00:00,false,,
feaa6a5b512e,GP - Tap chi KHCN - IUH.pdf,https://iuh.edu.vn/Resource/Upload2/files/2016/06/GP%20-%20Tap%20chi%20KHCN%20-%20IUH.pdf,https://iuh.edu.vn/vi/nghien-cuu/giay-phep-hoat-dong-tap-chi-khoa-hoc-va-cong-nghe-truong-dai-hoc-cong-nghiep-tp-hcm-1724.html,Trường (trang chính),HCM,PHONG_TO_CHUC_HANH_CHINH,true,,auto,2,0,scanned,1187207,feaa6a5b512eb4ac05e79600caeed790fc22c0ab789f0c33b6e7322963746241,scanned_pdf/truong-trang-chinh/feaa6a5b512e.pdf,true,2026-09-30T07:42:02+00:00,false,,
ff88f3592ce2,TB-1593-2024.pdf,https://iuh.edu.vn/Resource/Upload2/files/2024/10/TB-1593-2024.pdf,https://iuh.edu.vn/vi/thong-bao/thong-bao-v-v-thay-doi-thoi-gian-to-chuc-le-be-giang-va-trao-bang-tot-nghiep-dot-2-nam-2024-1196.html,Trường (trang chính),HCM,PHONG_TO_CHUC_HANH_CHINH,true,,auto,3,0,scanned,1076706,ff88f3592ce2366813d14f86e5aecfd60acaccbd38e55fba74a8f05de455e8e4,scanned_pdf/truong-trang-chinh/ff88f3592ce2.pdf,true,2026-09-30T07:43:08+00:00,false,,
14e6bdd0cb28,PhuLucTBTS_01_2026.pdf,http://tuyensinh.iuh.edu.vn/HoSoTuyenSinh/PhuLucTBTS_01_2026.pdf,http://tuyensinh.iuh.edu.vn,Tuyển sinh,HCM,PHONG_DAO_TAO,true,,auto,1,0,scanned,394391,14e6bdd0cb28b38b6c20bc476d1f3133d5b4386904b6072b0329b9d54a961344,scanned_pdf/tuyen-sinh/14e6bdd0cb28.pdf,true,2026-09-30T07:41:53+00:00,false,,
25a891093637,IUH_ThuGioiThieu_2026.pdf,http://tuyensinh.iuh.edu.vn/HoSoTuyenSinh/IUH_ThuGioiThieu_2026.pdf,http://tuyensinh.iuh.edu.vn,Tuyển sinh,HCM,PHONG_DAO_TAO,true,,auto,1,2640,ok,142138,25a89109363717943c489717978b4c118ce8f9d1588a326a21e99685caf075e9,files/tuyen-sinh/25a891093637.pdf,true,2026-09-30T07:41:50+00:00,true,,
33cf55d8346e,iuh-quy-che-tuyen-sinh-2026.pdf,http://tuyensinh.iuh.edu.vn/QC/iuh-quy-che-tuyen-sinh-2026.pdf,http://tuyensinh.iuh.edu.vn/quyChe,Tuyển sinh,HCM,PHONG_DAO_TAO,true,,auto,21,0,scanned,6291343,33cf55d8346e659ee4e39773067e2eb917be7e628a194b382b5ee386ab6268c6,scanned_pdf/tuyen-sinh/33cf55d8346e.pdf,true,2026-09-30T07:42:09+00:00,false,,
4492037189cc,IUH-de-an-tuyensinh-2026-dang-web.pdf,http://tuyensinh.iuh.edu.vn/Files_thongBao/IUH-de-an-tuyensinh-2026-dang-web.pdf,http://tuyensinh.iuh.edu.vn/deAnTS,Tuyển sinh,HCM,PHONG_DAO_TAO,true,,auto,44,0,scanned,15076056,4492037189cc038a9897ff7064b8155fcbe2655e612006cc54624e6fa6c9f8d1,scanned_pdf/tuyen-sinh/4492037189cc.pdf,true,2026-09-30T07:41:47+00:00,false,,
6398d268c1d5,IUH_PhieuDangKyXetTuyenHB_2024_New.pdf,https://tuyensinh.iuh.edu.vn/HoSoTuyenSinh/IUH_PhieuDangKyXetTuyenHB_2024_New.pdf,https://tuyensinh.iuh.edu.vn/,Tuyển sinh,HCM,PHONG_DAO_TAO,true,,auto,2,9097,ok,261723,6398d268c1d5a261c1b3559951ce51b3dd8f7d31f0d7fa6cade747142a09c5ba,files/tuyen-sinh/6398d268c1d5.pdf,false,2026-09-30T07:42:20+00:00,true,,
7659659b655c,IUH_PhieuDangKyXetTuyenUTX_2024_New.pdf,https://tuyensinh.iuh.edu.vn/HoSoTuyenSinh/IUH_PhieuDangKyXetTuyenUTX_2024_New.pdf,https://tuyensinh.iuh.edu.vn/,Tuyển sinh,HCM,PHONG_DAO_TAO,true,,auto,2,9961,ok,277733,7659659b655c741042d2d20d94bac7aa8094099a6560b094911e20c75fddbc22,files/tuyen-sinh/7659659b655c.pdf,false,2026-09-30T07:42:24+00:00,true,,
8c1639feb174,TB 930.pdf,http://tuyensinh.iuh.edu.vn/QC/TB 930.pdf,http://tuyensinh.iuh.edu.vn/quyChe,Tuyển sinh,HCM,PHONG_DAO_TAO,true,,auto,1,0,scanned,318760,8c1639feb17422840beb6353e82603e4264beb31422392ee5da8df29669c5a94,scanned_pdf/tuyen-sinh/8c1639feb174.pdf,true,2026-09-30T07:42:05+00:00,false,,
b0ff2cb13e27,TB_Vanbang2_Dot2_2025.pdf,http://tuyensinh.iuh.edu.vn/Files_thongBao/TB_Vanbang2_Dot2_2025.pdf,https://tuyensinh.iuh.edu.vn/,Tuyển sinh,HCM,PHONG_DAO_TAO,true,,auto,1,0,scanned,374683,b0ff2cb13e278d6be3dd4b0f4610818bf81af0898a3916ce070488de845a21d9,scanned_pdf/tuyen-sinh/b0ff2cb13e27.pdf,true,2026-09-30T07:41:47+00:00,false,,
bc0962c377a7,cong-thuc-xet-tuyen-iuh-2026.pdf,http://tuyensinh.iuh.edu.vn/HoSoTuyenSinh/cong-thuc-xet-tuyen-iuh-2026.pdf,http://tuyensinh.iuh.edu.vn,Tuyển sinh,HCM,PHONG_DAO_TAO,true,,auto,1,937,ok,264286,bc0962c377a71a7e630661cfa449f05666363aeeac23019516c90bc4363e0572,files/tuyen-sinh/bc0962c377a7.pdf,true,2026-09-30T07:41:59+00:00,true,,
c59450d6bdd1,iuh-thong-bao-tuyen-sinh-2026.pdf,http://tuyensinh.iuh.edu.vn/QC/iuh-thong-bao-tuyen-sinh-2026.pdf,http://tuyensinh.iuh.edu.vn/quyChe,Tuyển sinh,HCM,PHONG_DAO_TAO,true,,auto,11,0,scanned,3787388,c59450d6bdd1ccee888e7ff128643270962cff6f771e786b8391bc9225e119ad,scanned_pdf/tuyen-sinh/c59450d6bdd1.pdf,true,2026-09-30T07:42:12+00:00,false,,
d32d8e9944d0,PhuLucTBTS_02_2026.pdf,http://tuyensinh.iuh.edu.vn/HoSoTuyenSinh/PhuLucTBTS_02_2026.pdf,http://tuyensinh.iuh.edu.vn,Tuyển sinh,HCM,PHONG_DAO_TAO,true,,auto,1,0,scanned,323424,d32d8e9944d0cafe7f86f7083e2f6fe9ba067cc5860a74b5b42f50d7d45edbbd,scanned_pdf/tuyen-sinh/d32d8e9944d0.pdf,true,2026-09-30T07:41:56+00:00,false,,
d60667b9ffa2,thongbaotuyensinhlienthongdot12026.pdf,http://tuyensinh.iuh.edu.vn/Files_thongBao/thongbaotuyensinhlienthongdot12026.pdf,https://tuyensinh.iuh.edu.vn/,Tuyển sinh,HCM,PHONG_DAO_TAO,true,,auto,2,0,scanned,726420,d60667b9ffa2c759feb229c391268185a072edf16196ca857872e004955bb0ff,scanned_pdf/tuyen-sinh/d60667b9ffa2.pdf,true,2026-09-30T07:41:48+00:00,false,,
edf5150a21c7,HDSD_Thisinh_DKXT_T72025_IUH.pdf,http://tuyensinh.iuh.edu.vn/QC/HDSD_Thisinh_DKXT_T72025_IUH.pdf,http://tuyensinh.iuh.edu.vn,Tuyển sinh,HCM,PHONG_DAO_TAO,true,,auto,24,20573,ok,2338985,edf5150a21c748094b751649639cc4ef86f0eb8a2e31ff36e9520fdbd00839fd,files/tuyen-sinh/edf5150a21c7.pdf,true,2026-09-30T07:42:02+00:00,true,,
0483ba847e38,CTDT-CNTP-K19.pdf,https://ibf.iuh.edu.vn/wp-content/uploads/2023/09/CTDT-CNTP-K19.pdf,https://ibf.iuh.edu.vn/cong-nghe-thuc-pham-chuong-trinh-dao-tao/,Viện Công nghệ Sinh học và Thực phẩm,HCM,VIEN_CNSH_THUC_PHAM,false,3,auto,8,10899,ok,302479,0483ba847e38d1ca868989a1f87f977fb952034edaeffd35ec6926918fd18c90,files/vien-cong-nghe-sinh-hoc-va-thuc-pham/0483ba847e38.pdf,false,2026-09-30T07:43:46+00:00,true,,
04d4f803dd00,FID-2024_-The-Future-of-Food-25.4.2024.pdf,https://ibf.iuh.edu.vn/wp-content/uploads/2024/05/FID-2024_-The-Future-of-Food-25.4.2024.pdf,https://ibf.iuh.edu.vn/thong-bao-sinh-vien/cuoc-thi-food-innovation-and-development-2024-voi-chu-de-the-future-of-food-tuong-lai-nganh-thuc-pham/,Viện Công nghệ Sinh học và Thực phẩm,HCM,VIEN_CNSH_THUC_PHAM,false,3,auto,31,33828,ok,2447036,04d4f803dd0043a9266c23c294e818e3603f128c0161fde928dc5ef9fecf9431,files/vien-cong-nghe-sinh-hoc-va-thuc-pham/04d4f803dd00.pdf,false,2026-09-30T07:43:57+00:00,true,,
078cd553df65,CNCBTP-CNCBTSSS_PHAN-II-_-SAN-PHAM-TSSS_DHTP12B.pdf,https://ibf.iuh.edu.vn/wp-content/uploads/2018/11/CNCBTP-CNCBTSSS_PHAN-II-_-SAN-PHAM-TSSS_DHTP12B.pdf,https://ibf.iuh.edu.vn/nguyen-thi-thanh-binh/,Viện Công nghệ Sinh học và Thực phẩm,HCM,VIEN_CNSH_THUC_PHAM,false,4,auto,43,2956,scanned,7447514,078cd553df650931e646f50ab7321bcb647dc273d53bc9667ab158812ee43a6e,scanned_pdf/vien-cong-nghe-sinh-hoc-va-thuc-pham/078cd553df65.pdf,false,2026-09-30T07:42:19+00:00,false,,
0f8adb920a1a,SHTP-Danh-sách-GV-đứng-tên-ngành-TS-CNTP.pdf,https://ibf.iuh.edu.vn/wp-content/uploads/2022/11/SHTP-Danh-sách-GV-đứng-tên-ngành-TS-CNTP.pdf,https://ibf.iuh.edu.vn/kiem-dinh-chat-luong/ds-tien-si-co-huu-duy-tri-nganh-dao-tao-tien-si-cong-nghe-thuc-pham/,Viện Công nghệ Sinh học và Thực phẩm,HCM,VIEN_CNSH_THUC_PHAM,true,,auto,1,1086,ok,167908,0f8adb920a1af48e72b204e0f2d2eeda5e265772fa62bc6e934cabf7c1ad9b26,files/vien-cong-nghe-sinh-hoc-va-thuc-pham/0f8adb920a1a.pdf,false,2026-09-30T07:43:26+00:00,true,,
10531ce4acb3,NOI-DUNG-THUC-TAP-DN.pdf,https://ibf.iuh.edu.vn/wp-content/uploads/2025/02/NOI-DUNG-THUC-TAP-DN.pdf,https://ibf.iuh.edu.vn/thong-bao-sinh-vien/thong-bao-v-v-trien-khai-ke-hoach-thuc-tap-doanh-nghiep-khoa-17-cho-nganh-cong-nghe-thuc-pham/,Viện Công nghệ Sinh học và Thực phẩm,HCM,VIEN_CNSH_THUC_PHAM,false,1,auto,2,4275,ok,160903,10531ce4acb3cf533c038d9b92eea27a427c79968d5ea841545bc308311b0ec7,files/vien-cong-nghe-sinh-hoc-va-thuc-pham/10531ce4acb3.pdf,false,2026-09-30T07:44:22+00:00,true,,
10a6d2e92584,Lịch-giảng-dạy-học-kỳ-I-2021_2022.pdf,https://ibf.iuh.edu.vn/wp-content/uploads/2021/10/Lịch-giảng-dạy-học-kỳ-I-2021_2022.pdf,https://ibf.iuh.edu.vn/nguyen-thi-kim-anh/,Viện Công nghệ Sinh học và Thực phẩm,HCM,VIEN_CNSH_THUC_PHAM,false,2,auto,1,1148,ok,136758,10a6d2e92584cdad032f2d07ee13019ef93a2736eebf96e427c6ad5a90518a3c,files/vien-cong-nghe-sinh-hoc-va-thuc-pham/10a6d2e92584.pdf,false,2026-09-30T07:42:40+00:00,true,,
159a73b60847,Rubrics-TH-môn-CNSH-NTTS-ĐHSH11ABTT.pdf,https://ibf.iuh.edu.vn/wp-content/uploads/2018/10/Rubrics-TH-môn-CNSH-NTTS-ĐHSH11ABTT.pdf,https://ibf.iuh.edu.vn/tran-thi-phuong-nhung/,Viện Công nghệ Sinh học và Thực phẩm,HCM,VIEN_CNSH_THUC_PHAM,true,,auto,6,6776,ok,224459,159a73b60847b44d59e224a77077f43cf333f5eaddd34ebb05bbbe3c1132589d,files/vien-cong-nghe-sinh-hoc-va-thuc-pham/159a73b60847.pdf,false,2026-09-30T07:42:05+00:00,true,,
197925fcf0aa,Ke-hoach-du-kien-KLTN-K17.pdf,https://ibf.iuh.edu.vn/wp-content/uploads/2025/06/Ke-hoach-du-kien-KLTN-K17.pdf,https://ibf.iuh.edu.vn/thong-bao-sinh-vien/ke-hoach-thuc-hien-khoa-luan-tot-nghiep-k17/,Viện Công nghệ Sinh học và Thực phẩm,HCM,VIEN_CNSH_THUC_PHAM,true,,auto,1,1805,ok,201069,197925fcf0aa9ab9a71a6209faaf3fefae8c74b54ac82d68703862fc9cd33972,files/vien-cong-nghe-sinh-hoc-va-thuc-pham/197925fcf0aa.pdf,false,2026-09-30T07:44:31+00:00,true,,
1d801faa0bcc,giao-trinh-thuc-hanh-vat-ly-tp-tong-hop-1.pdf,https://ibf.iuh.edu.vn/wp-content/uploads/2020/11/giao-trinh-thuc-hanh-vat-ly-tp-tong-hop-1.pdf,https://ibf.iuh.edu.vn/nguyen-khac-kiem/,Viện Công nghệ Sinh học và Thực phẩm,HCM,VIEN_CNSH_THUC_PHAM,true,,auto,88,98271,ok,2773110,1d801faa0bcc8d8a0633d07de14518de7094e8349398bcdc418b33c213fcfe81,files/vien-cong-nghe-sinh-hoc-va-thuc-pham/1d801faa0bcc.pdf,false,2026-09-30T07:42:32+00:00,true,,
21e1a43accff,V.CNSHTP-Ke-hoach-Tuan-sinh-hoat-cong-dan-Sinh-vien-dau-khoa-nam-hoc-2026-2027.pdf,https://ibf.iuh.edu.vn/wp-content/uploads/2026/08/V.CNSHTP-Ke-hoach-Tuan-sinh-hoat-cong-dan-Sinh-vien-dau-khoa-nam-hoc-2026-2027.pdf,https://ibf.iuh.edu.vn/thong-bao-sinh-vien/thong-bao-tuan-sinh-hoat-cong-dan-_-sinh-vien-dau-khoa-nam-hoc-2026-2027/,Viện Công nghệ Sinh học và Thực phẩm,HCM,VIEN_CNSH_THUC_PHAM,true,,auto,5,9079,ok,993853,21e1a43accffb1857f30909ac894bd62db63159fbd99b1200d9721241b125c6e,files/vien-cong-nghe-sinh-hoc-va-thuc-pham/21e1a43accff.pdf,false,2026-09-30T07:44:47+00:00,true,,
22a23935042c,THONG-BAO-SO-2.pdf,https://ibf.iuh.edu.vn/wp-content/uploads/2026/09/THONG-BAO-SO-2.pdf,https://ibf.iuh.edu.vn/thong-bao-sinh-vien/thong-bao-so-2-hoi-nghi-sinh-ly-thuc-vat-toan-quoc-lan-thu-iv/,Viện Công nghệ Sinh học và Thực phẩm,HCM,VIEN_CNSH_THUC_PHAM,true,,auto,7,9925,ok,331426,22a23935042c8a40cd505c5072abebae38e0fd8df4217bfc852345d414616da2,files/vien-cong-nghe-sinh-hoc-va-thuc-pham/22a23935042c.pdf,false,2026-09-30T07:44:49+00:00,true,,
2b564f9f14a0,thu-moi-viet-bai-va-trinh-bay-tai-hnkh-chau-a-tbd-20250523040236-e.pdf,https://ibf.iuh.edu.vn/wp-content/uploads/2025/05/thu-moi-viet-bai-va-trinh-bay-tai-hnkh-chau-a-tbd-20250523040236-e.pdf,https://ibf.iuh.edu.vn/cong-nghe-sinh-hoc/thu-moi-viet-bai-va-tham-gia-hoi-nghi-appfc2025-va-mtfc2025/,Viện Công nghệ Sinh học và Thực phẩm,HCM,VIEN_CNSH_THUC_PHAM,false,1,auto,3,5989,garbled_ocr,2494658,2b564f9f14a05040002ce87070a60423ff0c838b9d11235e1371cbd656059d92,scanned_pdf/vien-cong-nghe-sinh-hoc-va-thuc-pham/2b564f9f14a0.pdf,false,2026-09-30T07:44:29+00:00,false,,
2ce4a9ec21c1,ke-hoach-du-kien-kltn-k16-20240301083901-e.pdf,https://ibf.iuh.edu.vn/wp-content/uploads/2024/03/ke-hoach-du-kien-kltn-k16-20240301083901-e.pdf,https://ibf.iuh.edu.vn/thong-bao-sinh-vien/ke-hoach-thuc-hien-khoa-luan-tot-nghiep-k16-nganh-cong-nghe-thuc-pham/,Viện Công nghệ Sinh học và Thực phẩm,HCM,VIEN_CNSH_THUC_PHAM,true,,auto,2,3093,ok,172895,2ce4a9ec21c19def64e9747a64e92fe6fef0ffd2cde638066b80410fbcb5644c,files/vien-cong-nghe-sinh-hoc-va-thuc-pham/2ce4a9ec21c1.pdf,false,2026-09-30T07:43:54+00:00,true,,
2d640671c2ba,KH-thuc-tap-DN-nganh-CNSH-K18-2026.pdf,https://ibf.iuh.edu.vn/wp-content/uploads/2026/03/KH-thuc-tap-DN-nganh-CNSH-K18-2026.pdf,https://ibf.iuh.edu.vn/thong-bao-sinh-vien/ke_hoach_thuc_tap_doanh_nghiep_k18_cnsh/,Viện Công nghệ Sinh học và Thực phẩm,HCM,VIEN_CNSH_THUC_PHAM,false,2,auto,3,4811,garbled_ocr,2490782,2d640671c2ba851f987a8fc510b539cb481771ea57ed00ce3e7be42e7bed145d,scanned_pdf/vien-cong-nghe-sinh-hoc-va-thuc-pham/2d640671c2ba.pdf,false,2026-09-30T07:44:38+00:00,false,,
30f8ebe240bb,KH-thuc-tap-DN-nganh-CNSH-K19-2026.pdf,https://ibf.iuh.edu.vn/wp-content/uploads/2026/06/KH-thuc-tap-DN-nganh-CNSH-K19-2026.pdf,https://ibf.iuh.edu.vn/thong-bao-sinh-vien/ke-hoach-thuc-tap-doanh-nghiep-k19-nganh-cong-nghe-sinh-hoc-2/,Viện Công nghệ Sinh học và Thực phẩm,HCM,VIEN_CNSH_THUC_PHAM,true,,auto,3,4738,garbled_ocr,2369551,30f8ebe240bbe23b9fd26f7487bd58da65e67ebcb7941e0990520014fc646654,scanned_pdf/vien-cong-nghe-sinh-hoc-va-thuc-pham/30f8ebe240bb.pdf,false,2026-09-30T07:44:43+00:00,false,,
3211e2f2146d,CHUONG-3-tinh-chất-lưu-biến-của-thực-phẩm_cho-SV.pdf,https://ibf.iuh.edu.vn/wp-content/uploads/2019/05/CHUONG-3-tinh-chất-lưu-biến-của-thực-phẩm_cho-SV.pdf,https://ibf.iuh.edu.vn/nguyen-khac-kiem/,Viện Công nghệ Sinh học và Thực phẩm,HCM,VIEN_CNSH_THUC_PHAM,true,,auto,50,13008,ok,1041164,3211e2f2146dcf3daa3752de95fef7aadc3d658c2122ba1edd7ed009bf68b4aa,files/vien-cong-nghe-sinh-hoc-va-thuc-pham/3211e2f2146d.pdf,false,2026-09-30T07:42:22+00:00,true,,
32658b7a6f9e,MAU-01.-Don-xin-xet-tot-nghiep-He-tin-chi.pdf,https://ibf.iuh.edu.vn/wp-content/uploads/2022/04/MAU-01.-Don-xin-xet-tot-nghiep-He-tin-chi.pdf,https://ibf.iuh.edu.vn/thong-bao-sinh-vien/thong-bao-ke-hoach-xet-cong-nhan-tot-nghiep-vao-thang-7-nam-2022/,Viện Công nghệ Sinh học và Thực phẩm,HCM,VIEN_CNSH_THUC_PHAM,false,2,auto,1,2700,ok,375215,32658b7a6f9e9a43e9ea791c4c97d9687806323bd844a59512a65b72d8d3b11a,files/vien-cong-nghe-sinh-hoc-va-thuc-pham/32658b7a6f9e.pdf,false,2026-09-30T07:42:50+00:00,true,,
3a4b7f8a3039,2-phieu-danh-gia-cua-cbhd.pdf,https://ibf.iuh.edu.vn/wp-content/uploads/2025/02/2-phieu-danh-gia-cua-cbhd.pdf,https://ibf.iuh.edu.vn/thong-bao-sinh-vien/thong-bao-v-v-trien-khai-ke-hoach-thuc-tap-doanh-nghiep-khoa-17-cho-nganh-cong-nghe-thuc-pham/,Viện Công nghệ Sinh học và Thực phẩm,HCM,VIEN_CNSH_THUC_PHAM,true,,auto,1,2168,ok,151152,3a4b7f8a30396cd0cf35072914c60e3c069553b19aa17be438c3bd86d98bc6a3,files/vien-cong-nghe-sinh-hoc-va-thuc-pham/3a4b7f8a3039.pdf,false,2026-09-30T07:44:10+00:00,true,,
3d5fdc80b6b5,THONG-BAO-KE-HOACH-THUC-TAP-DOANH-NGHIEP-DH-KHOA-15.pdf,https://ibf.iuh.edu.vn/wp-content/uploads/2022/05/THONG-BAO-KE-HOACH-THUC-TAP-DOANH-NGHIEP-DH-KHOA-15.pdf,https://ibf.iuh.edu.vn/thong-bao-sinh-vien/thong-bao-ve-viec-thuc-tap-doanh-nghiep-sinh-vien-khoa-15-nien-khoa-2019-2023-hoc-ky-1-nam-2022-2023-cua-cac-nganh-sinh-hoc-thuc-pham-dam-bao/,Viện Công nghệ Sinh học và Thực phẩm,HCM,VIEN_CNSH_THUC_PHAM,false,1,auto,2,2535,garbled_ocr,698038,3d5fdc80b6b543682bbbf69eecdc0f16a2dd499b1f5f6490a69e133dca748af5,scanned_pdf/vien-cong-nghe-sinh-hoc-va-thuc-pham/3d5fdc80b6b5.pdf,false,2026-09-30T07:43:03+00:00,false,,
3e14e63df8ea,thoi-khoa-bieu-2.pdf,https://ibf.iuh.edu.vn/wp-content/uploads/2018/10/thoi-khoa-bieu-2.pdf,https://ibf.iuh.edu.vn/tran-thi-huyen/,Viện Công nghệ Sinh học và Thực phẩm,HCM,VIEN_CNSH_THUC_PHAM,true,,auto,1,1288,ok,116539,3e14e63df8ea166252dc3f5fa5f91ef40144077db883340baf126b400704de88,files/vien-cong-nghe-sinh-hoc-va-thuc-pham/3e14e63df8ea.pdf,false,2026-09-30T07:42:08+00:00,true,,
3f6e5b6dc9b8,3-phieu-danh-gia-cua-gvhd-2025.pdf,https://ibf.iuh.edu.vn/wp-content/uploads/2025/02/3-phieu-danh-gia-cua-gvhd-2025.pdf,https://ibf.iuh.edu.vn/thong-bao-sinh-vien/thong-bao-v-v-trien-khai-ke-hoach-thuc-tap-doanh-nghiep-khoa-17-cho-nganh-cong-nghe-thuc-pham/,Viện Công nghệ Sinh học và Thực phẩm,HCM,VIEN_CNSH_THUC_PHAM,true,,auto,3,8039,ok,215387,3f6e5b6dc9b888e00336d687086c56e31d90be8d182b81f5904fa1f9b22faef1,files/vien-cong-nghe-sinh-hoc-va-thuc-pham/3f6e5b6dc9b8.pdf,false,2026-09-30T07:44:13+00:00,true,,
40996d023bf1,KH-thuc-tap-DN-nganh-CNTP-K19-2026-1.pdf,https://ibf.iuh.edu.vn/wp-content/uploads/2026/03/KH-thuc-tap-DN-nganh-CNTP-K19-2026-1.pdf,https://ibf.iuh.edu.vn/thong-bao-sinh-vien/thong-bao-v-v-trien-khai-ke-hoach-thuc-tap-doanh-nghiep-khoa-19-cho-nganh-cntp/,Viện Công nghệ Sinh học và Thực phẩm,HCM,VIEN_CNSH_THUC_PHAM,false,4,auto,3,5991,garbled_ocr,2724232,40996d023bf1678059d6102541f850af8236e0e2032e6311c7b67e238b4c75f8,scanned_pdf/vien-cong-nghe-sinh-hoc-va-thuc-pham/40996d023bf1.pdf,false,2026-09-30T07:44:39+00:00,false,,
46d4e2fcb41d,The-educational-objectives-PEO-and-Expected-learning-outcomes-CLO-of-Food-safety-and-Quality-assurance-Programme.pdf,https://ibf.iuh.edu.vn/wp-content/uploads/2023/03/The-educational-objectives-PEO-and-Expected-learning-outcomes-CLO-of-Food-safety-and-Quality-assurance-Programme.pdf,https://ibf.iuh.edu.vn/quality-assurance-and-food-safety-introduction/,Viện Công nghệ Sinh học và Thực phẩm,HCM,VIEN_CNSH_THUC_PHAM,true,,auto,1,2315,ok,72031,46d4e2fcb41dfabb484fad60066422edfa88c9f47684be824edab3177f2814e6,files/vien-cong-nghe-sinh-hoc-va-thuc-pham/46d4e2fcb41d.pdf,false,2026-09-30T07:43:35+00:00,true,,
481c689445d8,Rubrics-LTTH-môn-CNSH-CNTY-ĐHSH11AB.pdf,https://ibf.iuh.edu.vn/wp-content/uploads/2018/10/Rubrics-LTTH-môn-CNSH-CNTY-ĐHSH11AB.pdf,https://ibf.iuh.edu.vn/tran-thi-phuong-nhung/,Viện Công nghệ Sinh học và Thực phẩm,HCM,VIEN_CNSH_THUC_PHAM,false,1,auto,7,10402,ok,248768,481c689445d8e3a06c23c5c2c00169eeecdbf1c0a892f5f6309ae06a819f9d8e,files/vien-cong-nghe-sinh-hoc-va-thuc-pham/481c689445d8.pdf,false,2026-09-30T07:42:00+00:00,true,,
48b0ba784e01,Alignment-between-PEOs-of-Food-safety-and-Quality-assurance-programme-and-the-vision-and-mission-of-IUH-and-IBF.pdf,https://ibf.iuh.edu.vn/wp-content/uploads/2023/03/Alignment-between-PEOs-of-Food-safety-and-Quality-assurance-programme-and-the-vision-and-mission-of-IUH-and-IBF.pdf,https://ibf.iuh.edu.vn/quality-assurance-and-food-safety-introduction/,Viện Công nghệ Sinh học và Thực phẩm,HCM,VIEN_CNSH_THUC_PHAM,true,,auto,1,1748,ok,110249,48b0ba784e010c4a6b5d222ba8c1bac53164ab5c7b068550bceab648035199af,files/vien-cong-nghe-sinh-hoc-va-thuc-pham/48b0ba784e01.pdf,false,2026-09-30T07:43:31+00:00,true,,
57185caafaac,workshop-in-english-20220505023911-e.pdf,https://ibf.iuh.edu.vn/wp-content/uploads/2022/06/workshop-in-english-20220505023911-e.pdf,https://ibf.iuh.edu.vn/thong-bao-sinh-vien/thong-tin-du-an-nay-cua-truong-dai-hoc-cong-nghe-tokyo-ket-noi-sinh-vien-cua-iuh/,Viện Công nghệ Sinh học và Thực phẩm,HCM,VIEN_CNSH_THUC_PHAM,true,,auto,15,3591,ok,5003179,57185caafaac6c6fc342116a89f5b1deca31dea67af34ad3207829cf8fd34ee8,files/vien-cong-nghe-sinh-hoc-va-thuc-pham/57185caafaac.pdf,false,2026-09-30T07:43:05+00:00,true,,
5b8fa8bab93b,NOI-DUNG-THUC-TAP-DN-2026-1.pdf,https://ibf.iuh.edu.vn/wp-content/uploads/2026/03/NOI-DUNG-THUC-TAP-DN-2026-1.pdf,https://ibf.iuh.edu.vn/thong-bao-sinh-vien/thong-bao-v-v-trien-khai-ke-hoach-thuc-tap-doanh-nghiep-khoa-19-cho-nganh-cntp/,Viện Công nghệ Sinh học và Thực phẩm,HCM,VIEN_CNSH_THUC_PHAM,true,,auto,2,4306,ok,146255,5b8fa8bab93bbcd83e72142b9a512cdb7e662c4d6ee92be12715659d6cf3e6f3,files/vien-cong-nghe-sinh-hoc-va-thuc-pham/5b8fa8bab93b.pdf,false,2026-09-30T07:44:40+00:00,true,,
5c505ef310b4,2017-K13-post.pdf,https://ibf.iuh.edu.vn/wp-content/uploads/2021/10/2017-K13-post.pdf,https://ibf.iuh.edu.vn/cong-nghe-thuc-pham-chuong-trinh-dao-tao/,Viện Công nghệ Sinh học và Thực phẩm,HCM,VIEN_CNSH_THUC_PHAM,true,,auto,3,5106,ok,246478,5c505ef310b455e9e155c0aac74bc66f5bf62cfc65dc370e3b6923134d9d2f62,files/vien-cong-nghe-sinh-hoc-va-thuc-pham/5c505ef310b4.pdf,false,2026-09-30T07:42:34+00:00,true,,
5fc247ff1c76,Programme-Specification-2022-1.pdf,https://ibf.iuh.edu.vn/wp-content/uploads/2023/03/Programme-Specification-2022-1.pdf,https://ibf.iuh.edu.vn/quality-assurance-and-food-safety-introduction/,Viện Công nghệ Sinh học và Thực phẩm,HCM,VIEN_CNSH_THUC_PHAM,true,,auto,59,119162,ok,5810846,5fc247ff1c761d410c63fbd663371bb6e42934e5ecf1d2141b69afb0e97a80af,files/vien-cong-nghe-sinh-hoc-va-thuc-pham/5fc247ff1c76.pdf,false,2026-09-30T07:43:34+00:00,true,,
6101f3d1d867,CTDT-CNSH-y-duoc.pdf,https://ibf.iuh.edu.vn/wp-content/uploads/2022/11/CTDT-CNSH-y-duoc.pdf,https://ibf.iuh.edu.vn/kiem-dinh-chat-luong/ctdt-he-dai-hoc-nganh-cong-nghe-sinh-hoc-y-duoc/,Viện Công nghệ Sinh học và Thực phẩm,HCM,VIEN_CNSH_THUC_PHAM,true,,auto,8,12320,ok,609018,6101f3d1d8674db507f010604f54464e606cd61a4fbbce80f3b4457c7b0bb1de,files/vien-cong-nghe-sinh-hoc-va-thuc-pham/6101f3d1d867.pdf,false,2026-09-30T07:43:18+00:00,true,,
6782154b1949,Thực-hành-Vật-lý-thực-phẩm.pdf,https://ibf.iuh.edu.vn/wp-content/uploads/2019/10/Thực-hành-Vật-lý-thực-phẩm.pdf,https://ibf.iuh.edu.vn/nguyen-khac-kiem/,Viện Công nghệ Sinh học và Thực phẩm,HCM,VIEN_CNSH_THUC_PHAM,true,,auto,6,1834,ok,37370,6782154b194945e130859271d559ab55081ab4d500636b8fd1108245256edc1b,files/vien-cong-nghe-sinh-hoc-va-thuc-pham/6782154b1949.pdf,false,2026-09-30T07:42:30+00:00,true,,
683c8cbb5b58,TB-so-34-Ke-hoach-thuc-hien-kltn-K16-nganh-DDKHTP.pdf,https://ibf.iuh.edu.vn/wp-content/uploads/2023/10/TB-so-34-Ke-hoach-thuc-hien-kltn-K16-nganh-DDKHTP.pdf,https://ibf.iuh.edu.vn/thong-bao-sinh-vien/ke-hoach-thuc-hien-khoa-luan-tot-nghiep-dai-hoc-k16-nganh-dinh-duong-khoa-hoc-thuc-pham/,Viện Công nghệ Sinh học và Thực phẩm,HCM,VIEN_CNSH_THUC_PHAM,true,,auto,5,7801,garbled_ocr,2073777,683c8cbb5b584773c5ae2f3792782a23c5e0acc7ea20ad408afbe38a3f012ab2,scanned_pdf/vien-cong-nghe-sinh-hoc-va-thuc-pham/683c8cbb5b58.pdf,false,2026-09-30T07:43:48+00:00,false,,
69e2e9e093fb,THONG-BAO-XET-TN-THANG-7-2022.pdf,https://ibf.iuh.edu.vn/wp-content/uploads/2022/04/THONG-BAO-XET-TN-THANG-7-2022.pdf,https://ibf.iuh.edu.vn/thong-bao-sinh-vien/thong-bao-ke-hoach-xet-cong-nhan-tot-nghiep-vao-thang-7-nam-2022/,Viện Công nghệ Sinh học và Thực phẩm,HCM,VIEN_CNSH_THUC_PHAM,true,,auto,2,0,scanned,676904,69e2e9e093fbe02f4b6fb7141101ba0f3ac1c0c5907e44762d7ed2baa4152f19,scanned_pdf/vien-cong-nghe-sinh-hoc-va-thuc-pham/69e2e9e093fb.pdf,false,2026-09-30T07:43:00+00:00,false,,
6a9c5061ea03,THÔNG-BÁO-THI-VSTEP-THÁNG-2.2022-1.pdf,https://ibf.iuh.edu.vn/wp-content/uploads/2022/01/THÔNG-BÁO-THI-VSTEP-THÁNG-2.2022-1.pdf,https://ibf.iuh.edu.vn/thong-bao-sinh-vien/thong-bao-ky-thi-danh-gia-nang-luc-nn-tren-may-tinh-viet-nam-2022/,Viện Công nghệ Sinh học và Thực phẩm,HCM,VIEN_CNSH_THUC_PHAM,true,,auto,3,5989,garbled_ocr,1546144,6a9c5061ea03c2b2484485f3b731556c00351bc668ce676833df14f65abcb282,scanned_pdf/vien-cong-nghe-sinh-hoc-va-thuc-pham/6a9c5061ea03.pdf,false,2026-09-30T07:42:48+00:00,false,,
6ff71d2c4ba9,KH-Giang-day-TH-DH10.pdf,https://ibf.iuh.edu.vn/wp-content/uploads/2018/01/KH-Giang-day-TH-DH10.pdf,https://ibf.iuh.edu.vn/dam-sao-mai/,Viện Công nghệ Sinh học và Thực phẩm,HCM,VIEN_CNSH_THUC_PHAM,true,,auto,1,2403,ok,103236,6ff71d2c4ba991e4eb9ff48e29b8e9ed0ef3d46e1432199392ba380886526f9b,files/vien-cong-nghe-sinh-hoc-va-thuc-pham/6ff71d2c4ba9.pdf,false,2026-09-30T07:41:48+00:00,true,,
70e06cdcca58,HK1_2024-2025-1.pdf,https://ibf.iuh.edu.vn/wp-content/uploads/2024/10/HK1_2024-2025-1.pdf,https://ibf.iuh.edu.vn/truong-hoang-duy/,Viện Công nghệ Sinh học và Thực phẩm,HCM,VIEN_CNSH_THUC_PHAM,true,,auto,3,7610,ok,409358,70e06cdcca5890cd2c032791aa38e2b2347af0bf54c945ae4b77de4f788cbf6d,files/vien-cong-nghe-sinh-hoc-va-thuc-pham/70e06cdcca58.pdf,false,2026-09-30T07:44:07+00:00,true,,
73b5f688ac5e,Chương-2.-hoạt-độ-nước-1-1.pdf,https://ibf.iuh.edu.vn/wp-content/uploads/2019/09/Chương-2.-hoạt-độ-nước-1-1.pdf,https://ibf.iuh.edu.vn/nguyen-khac-kiem/,Viện Công nghệ Sinh học và Thực phẩm,HCM,VIEN_CNSH_THUC_PHAM,false,4,auto,52,7449,ok,4330197,73b5f688ac5e5c7c163e1731f86a85f69263a1a6047d416653e740be6bf02271,files/vien-cong-nghe-sinh-hoc-va-thuc-pham/73b5f688ac5e.pdf,false,2026-09-30T07:42:26+00:00,true,,
75b644fbdf8b,appfc2025-flyer-final-new-20250523040254-e.pdf,https://ibf.iuh.edu.vn/wp-content/uploads/2025/05/appfc2025-flyer-final-new-20250523040254-e.pdf,https://ibf.iuh.edu.vn/cong-nghe-sinh-hoc/thu-moi-viet-bai-va-tham-gia-hoi-nghi-appfc2025-va-mtfc2025/,Viện Công nghệ Sinh học và Thực phẩm,HCM,VIEN_CNSH_THUC_PHAM,true,,auto,1,1622,ok,222888,75b644fbdf8b4e720d3ca0789168fabe7c904cbb88aaca1e616d45908af690e5,files/vien-cong-nghe-sinh-hoc-va-thuc-pham/75b644fbdf8b.pdf,false,2026-09-30T07:44:25+00:00,true,,
7621bb5fb11c,tb67.pdf,https://ibf.iuh.edu.vn/wp-content/uploads/2023/05/tb67.pdf,https://ibf.iuh.edu.vn/thong-bao-sinh-vien/thong-bao-v-v-cap-phat-chung-chi-giao-duc-quoc-phong-va-an-ninh-dai-hoc-khoa-15-giao-duc-quoc-phong-va-an-ninh-giao-duc-the-chat-cho-sinh-vien-dai-hoc-khoa-14-va-cao-dang-khoa-19-cac-khoa-dai-hoc/,Viện Công nghệ Sinh học và Thực phẩm,HCM,VIEN_CNSH_THUC_PHAM,true,,auto,2,0,scanned,807154,7621bb5fb11c8060bc6758622c27b79577d1f9990af9070d1e6f6c3b3c0e29fb,scanned_pdf/vien-cong-nghe-sinh-hoc-va-thuc-pham/7621bb5fb11c.pdf,false,2026-09-30T07:43:41+00:00,false,,
7843ac648c46,202406131705.pdf,https://ibf.iuh.edu.vn/wp-content/uploads/2024/06/202406131705.pdf,https://ibf.iuh.edu.vn/thong-bao-sinh-vien/thong-bao-tuyen-sinh-vien-thuc-tap-tai-nhat-ban/,Viện Công nghệ Sinh học và Thực phẩm,HCM,VIEN_CNSH_THUC_PHAM,true,,auto,2,0,scanned,1096695,7843ac648c46bc60dd94dcdd381b6faa12d9eab5f1b601027f7329e8b9f5ae2d,scanned_pdf/vien-cong-nghe-sinh-hoc-va-thuc-pham/7843ac648c46.pdf,false,2026-09-30T07:43:59+00:00,false,,
7a7926babed8,thu-moi-viet-bai-va-trinh-bay-tai-hnqt-ve-metagenomics-20250523040245-e.pdf,https://ibf.iuh.edu.vn/wp-content/uploads/2025/05/thu-moi-viet-bai-va-trinh-bay-tai-hnqt-ve-metagenomics-20250523040245-e.pdf,https://ibf.iuh.edu.vn/cong-nghe-sinh-hoc/thu-moi-viet-bai-va-tham-gia-hoi-nghi-appfc2025-va-mtfc2025/,Viện Công nghệ Sinh học và Thực phẩm,HCM,VIEN_CNSH_THUC_PHAM,true,,auto,4,5992,garbled_ocr,3540756,7a7926babed84ec845472890f99d9edf6eb696771eaa43c84461c1f28c44cc8f,scanned_pdf/vien-cong-nghe-sinh-hoc-va-thuc-pham/7a7926babed8.pdf,false,2026-09-30T07:44:30+00:00,false,,
80e51d6a41a4,THÔNG-BÁO-THI-VSTEP-NĂM-2022-1.pdf,https://ibf.iuh.edu.vn/wp-content/uploads/2022/01/THÔNG-BÁO-THI-VSTEP-NĂM-2022-1.pdf,https://ibf.iuh.edu.vn/thong-bao-sinh-vien/thong-bao-ky-thi-danh-gia-nang-luc-nn-tren-may-tinh-viet-nam-2022/,Viện Công nghệ Sinh học và Thực phẩm,HCM,VIEN_CNSH_THUC_PHAM,false,4,auto,2,4755,garbled_ocr,1003698,80e51d6a41a46a2c02a8fb06c06a53eec01716534d32f4cb4f1ab88ca85e365d,scanned_pdf/vien-cong-nghe-sinh-hoc-va-thuc-pham/80e51d6a41a4.pdf,false,2026-09-30T07:42:46+00:00,false,,
82c5cf7f33e4,Ke-hoach-TTDN-K17-1.pdf,https://ibf.iuh.edu.vn/wp-content/uploads/2025/02/Ke-hoach-TTDN-K17-1.pdf,https://ibf.iuh.edu.vn/thong-bao-sinh-vien/thong-bao-v-v-trien-khai-ke-hoach-thuc-tap-doanh-nghiep-khoa-17-cho-nganh-cong-nghe-thuc-pham/,Viện Công nghệ Sinh học và Thực phẩm,HCM,VIEN_CNSH_THUC_PHAM,true,,auto,2,2832,ok,192889,82c5cf7f33e4cae2d60b89f5203f94f77e2fdcbab53a234fb75d95fdc2a937e7,files/vien-cong-nghe-sinh-hoc-va-thuc-pham/82c5cf7f33e4.pdf,false,2026-09-30T07:44:20+00:00,true,,
8a083ab9a8e3,Chương-1-Hình-dạng-kích-thước-khối-lượng-riêng-độ-xốp-1-1.pdf,https://ibf.iuh.edu.vn/wp-content/uploads/2019/09/Chương-1-Hình-dạng-kích-thước-khối-lượng-riêng-độ-xốp-1-1.pdf,https://ibf.iuh.edu.vn/nguyen-khac-kiem/,Viện Công nghệ Sinh học và Thực phẩm,HCM,VIEN_CNSH_THUC_PHAM,true,,auto,42,9142,ok,1903242,8a083ab9a8e3685c6411a7af9f45ecb2cf4a9d5bd392d83eba545bad390fe26a,files/vien-cong-nghe-sinh-hoc-va-thuc-pham/8a083ab9a8e3.pdf,false,2026-09-30T07:42:25+00:00,true,,
8af0639ea1ee,KIENVUONG_NV-PHAT-TRIEN-KINH-DOANH.pdf,https://ibf.iuh.edu.vn/wp-content/uploads/2025/09/KIENVUONG_NV-PHAT-TRIEN-KINH-DOANH.pdf,https://ibf.iuh.edu.vn/thong-bao-sinh-vien/tuyen-dung-cong-ty-tnhh-kien-vuong/,Viện Công nghệ Sinh học và Thực phẩm,HCM,VIEN_CNSH_THUC_PHAM,true,,auto,1,2344,ok,161107,8af0639ea1ee725c93fd50811caf551fe683521ddcf710ab1fb6e212eebc49c9,files/vien-cong-nghe-sinh-hoc-va-thuc-pham/8af0639ea1ee.pdf,false,2026-09-30T07:44:35+00:00,true,,
8c3abd2475bd,SHTP-Danh-sách-GV-đứng-tên-ngành-ThS-CNTP.pdf,https://ibf.iuh.edu.vn/wp-content/uploads/2022/11/SHTP-Danh-sách-GV-đứng-tên-ngành-ThS-CNTP.pdf,https://ibf.iuh.edu.vn/kiem-dinh-chat-luong/ds-tien-si-co-huu-duy-tri-nganh-dao-tao-thac-si-cong-nghe-thuc-pham/,Viện Công nghệ Sinh học và Thực phẩm,HCM,VIEN_CNSH_THUC_PHAM,true,,auto,1,1323,ok,184411,8c3abd2475bdc32a24fc91d481a84c9cb9f238355aa8a73317482b8439f2b9ea,files/vien-cong-nghe-sinh-hoc-va-thuc-pham/8c3abd2475bd.pdf,false,2026-09-30T07:43:27+00:00,true,,
8c8a0684398a,CTDT-CNTP-K18.pdf,https://ibf.iuh.edu.vn/wp-content/uploads/2023/09/CTDT-CNTP-K18.pdf,https://ibf.iuh.edu.vn/cong-nghe-thuc-pham-chuong-trinh-dao-tao/,Viện Công nghệ Sinh học và Thực phẩm,HCM,VIEN_CNSH_THUC_PHAM,false,2,auto,8,11049,ok,314687,8c8a0684398a5ec3cca019b3d5bee09fef3c1b8992429ad9abb6937968d1d2c1,files/vien-cong-nghe-sinh-hoc-va-thuc-pham/8c8a0684398a.pdf,false,2026-09-30T07:43:44+00:00,true,,
9274b4254b06,Exh.1.1.6-The-PEOs-and-PLOs-are-publicly-announced.pdf,https://ibf.iuh.edu.vn/wp-content/uploads/2026/09/Exh.1.1.6-The-PEOs-and-PLOs-are-publicly-announced.pdf,https://ibf.iuh.edu.vn/thong-bao-sinh-vien/the-peos-and-plos-og-biotechnology-programe-master/,Viện Công nghệ Sinh học và Thực phẩm,HCM,VIEN_CNSH_THUC_PHAM,true,,auto,1,0,scanned,382447,9274b4254b06fb1c06d055daa9c333da4a9cdb7be228d8065a2afb7b2e92921d,scanned_pdf/vien-cong-nghe-sinh-hoc-va-thuc-pham/9274b4254b06.pdf,false,2026-09-30T07:44:48+00:00,false,,
a009cf3ea6c7,Công-văn-số-1742.pdf,https://ibf.iuh.edu.vn/wp-content/uploads/2017/09/Công-văn-số-1742.pdf,https://ibf.iuh.edu.vn/hoi-thi-sang-tao/giai-thuong-sang-tao-khoa-hoc-cong-nghe-viet-nam-nam-2017/,Viện Công nghệ Sinh học và Thực phẩm,HCM,VIEN_CNSH_THUC_PHAM,true,,auto,2,0,scanned,435655,a009cf3ea6c706ff163d994ec35f08f0a307e0daa955a8778834620b29cdb9ea,scanned_pdf/vien-cong-nghe-sinh-hoc-va-thuc-pham/a009cf3ea6c7.pdf,false,2026-09-30T07:41:46+00:00,false,,
a172b1aa28fb,Khung-chương-trình-đào-tạo-Thạc-sĩ-Công-nghệ-sinh-học_Nghiên-cứu.pdf,https://ibf.iuh.edu.vn/wp-content/uploads/2022/11/Khung-chương-trình-đào-tạo-Thạc-sĩ-Công-nghệ-sinh-học_Nghiên-cứu.pdf,https://ibf.iuh.edu.vn/kiem-dinh-chat-luong/ctdt-he-thac-si-nganh-cong-nghe-sinh-hoc/,Viện Công nghệ Sinh học và Thực phẩm,HCM,VIEN_CNSH_THUC_PHAM,true,,auto,2,2114,ok,159761,a172b1aa28fbf6ea867674898a2ef3b7ef4461c292ea732bff0a2692fbd7faf6,files/vien-cong-nghe-sinh-hoc-va-thuc-pham/a172b1aa28fb.pdf,false,2026-09-30T07:43:24+00:00,true,,
a3da835c63dc,THONG-BAO-VE-VIEC-DIEU-CHINH-NOP-BAO-CAO-LUAN-VAN-KHOA-15.pdf,https://ibf.iuh.edu.vn/wp-content/uploads/2023/05/THONG-BAO-VE-VIEC-DIEU-CHINH-NOP-BAO-CAO-LUAN-VAN-KHOA-15.pdf,https://ibf.iuh.edu.vn/thong-bao-sinh-vien/ttho6ng-bao-ve-viec-dieu-chinh-thoi-gian-nop-bao-cao-va-khoa-luan-tot-nghiep-khoa-15/,Viện Công nghệ Sinh học và Thực phẩm,HCM,VIEN_CNSH_THUC_PHAM,false,2,auto,2,2499,garbled_ocr,1179039,a3da835c63dc53a19db7eb60832b08c1d7ef76c8a13d6a96ad13cb3ffc1810b5,scanned_pdf/vien-cong-nghe-sinh-hoc-va-thuc-pham/a3da835c63dc.pdf,false,2026-09-30T07:43:37+00:00,false,,
a5b1b2e3bfae,2020-K16-và-17-Post.pdf,https://ibf.iuh.edu.vn/wp-content/uploads/2021/10/2020-K16-và-17-Post.pdf,https://ibf.iuh.edu.vn/cong-nghe-thuc-pham-chuong-trinh-dao-tao/,Viện Công nghệ Sinh học và Thực phẩm,HCM,VIEN_CNSH_THUC_PHAM,false,1,auto,5,7837,ok,274815,a5b1b2e3bfae9181e9ca6a82cc3b79b647fefb819df5d8fbc619666499099448,files/vien-cong-nghe-sinh-hoc-va-thuc-pham/a5b1b2e3bfae.pdf,false,2026-09-30T07:42:38+00:00,true,,
a5fd6ac017e6,THONG-BAO-VE-VIEC-THUC-TAP-DOANH-NGHIEP-CUA-KHOA-16-NGANH-DINH-DUONG.pdf,https://ibf.iuh.edu.vn/wp-content/uploads/2023/05/THONG-BAO-VE-VIEC-THUC-TAP-DOANH-NGHIEP-CUA-KHOA-16-NGANH-DINH-DUONG.pdf,https://ibf.iuh.edu.vn/thong-bao-sinh-vien/thong-bao-ve-viec-thuc-tap-doanh-nghiep-khoa-16-cho-nganh-dinh-duong/,Viện Công nghệ Sinh học và Thực phẩm,HCM,VIEN_CNSH_THUC_PHAM,true,,auto,2,2737,garbled_ocr,1151691,a5fd6ac017e6ad7209d2453793524c50f33e50ff72b929ccb0acf8bb4bf391bb,scanned_pdf/vien-cong-nghe-sinh-hoc-va-thuc-pham/a5fd6ac017e6.pdf,false,2026-09-30T07:43:40+00:00,false,,
ac4a20878ed6,CTDT.pdf,https://ibf.iuh.edu.vn/wp-content/uploads/2022/11/CTDT.pdf,https://ibf.iuh.edu.vn/kiem-dinh-chat-luong/ctdt-he-dai-hoc-nganh-dam-bao-chat-luong-va-an-toan-thuc-pham/,Viện Công nghệ Sinh học và Thực phẩm,HCM,VIEN_CNSH_THUC_PHAM,false,4,auto,9,10579,ok,274930,ac4a20878ed6e9c5fe30e1fbf430c6a8528a9e762dcea310b2c08453b41ec26b,files/vien-cong-nghe-sinh-hoc-va-thuc-pham/ac4a20878ed6.pdf,false,2026-09-30T07:43:21+00:00,true,,
af7f325d8336,Ke-hoach-thuc-hien-KLTN-nam-hoc-2022-2023.pdf,https://ibf.iuh.edu.vn/wp-content/uploads/2022/09/Ke-hoach-thuc-hien-KLTN-nam-hoc-2022-2023.pdf,https://ibf.iuh.edu.vn/thong-bao-sinh-vien/ke-hoach-thuc-hien-khoa-luan-tot-nghiep-nam-hoc-2022-2023/,Viện Công nghệ Sinh học và Thực phẩm,HCM,VIEN_CNSH_THUC_PHAM,true,,auto,2,3084,ok,132080,af7f325d8336530d05148016ec11de2b925c053382168f2e7289b2d5fd945656,files/vien-cong-nghe-sinh-hoc-va-thuc-pham/af7f325d8336.pdf,false,2026-09-30T07:43:06+00:00,true,,
b2e53a43bd57,tb-879-2025-20250829014448-e.pdf,https://ibf.iuh.edu.vn/wp-content/uploads/2025/09/tb-879-2025-20250829014448-e.pdf,https://ibf.iuh.edu.vn/thong-bao-sinh-vien/thong-bao-v-v-to-chuc-le-trao-bang-tot-nghiep-nam-2025/,Viện Công nghệ Sinh học và Thực phẩm,HCM,VIEN_CNSH_THUC_PHAM,true,,auto,3,0,scanned,820256,b2e53a43bd576b9d4d5575f75a555b3234d44505a24d91724b1633e0879267df,scanned_pdf/vien-cong-nghe-sinh-hoc-va-thuc-pham/b2e53a43bd57.pdf,false,2026-09-30T07:44:36+00:00,false,,
b4b9d929f052,CTDT-CNSH-nong-nghiep.pdf,https://ibf.iuh.edu.vn/wp-content/uploads/2022/11/CTDT-CNSH-nong-nghiep.pdf,https://ibf.iuh.edu.vn/kiem-dinh-chat-luong/ctdt-he-dai-hoc-nganh-cong-nghe-sinh-hoc-nong-nghiep/,Viện Công nghệ Sinh học và Thực phẩm,HCM,VIEN_CNSH_THUC_PHAM,true,,auto,11,11276,ok,717320,b4b9d929f05230e30898b92820ee8a7a1612d0fecbf5096d90a5ba3914828cd6,files/vien-cong-nghe-sinh-hoc-va-thuc-pham/b4b9d929f052.pdf,false,2026-09-30T07:43:14+00:00,true,,
b4cc5790e91e,Professional-education-course-descriptions-and-curriculum-framework.pdf,https://ibf.iuh.edu.vn/wp-content/uploads/2023/02/Professional-education-course-descriptions-and-curriculum-framework.pdf,https://ibf.iuh.edu.vn/quality-assurance-and-food-safety-introduction/,Viện Công nghệ Sinh học và Thực phẩm,HCM,VIEN_CNSH_THUC_PHAM,true,,auto,16,44642,ok,428693,b4cc5790e91e3ad39d370f4fb2dc7998517db689518da0794505fa4c149df26d,files/vien-cong-nghe-sinh-hoc-va-thuc-pham/b4cc5790e91e.pdf,false,2026-09-30T07:43:29+00:00,true,,
baa69d129d28,Ke-hoach-thuc-hien-KLTN-K18-nganh-CNSH.pdf,https://ibf.iuh.edu.vn/wp-content/uploads/2026/06/Ke-hoach-thuc-hien-KLTN-K18-nganh-CNSH.pdf,https://ibf.iuh.edu.vn/thong-bao-sinh-vien/ke-hoach-thuc-hien-khoa-luan-tot-nghiep-dai-hoc-khoa-18-nganh-cong-nghe-sinh-hoc-nam-hoc-2026-2027/,Viện Công nghệ Sinh học và Thực phẩm,HCM,VIEN_CNSH_THUC_PHAM,true,,auto,2,2697,garbled_ocr,1682076,baa69d129d28ddff043fa5e9e1690a2465c97c763b8f53ad6b202d5f8dabc552,scanned_pdf/vien-cong-nghe-sinh-hoc-va-thuc-pham/baa69d129d28.pdf,false,2026-09-30T07:44:44+00:00,false,,
bad3aeab3be9,mtfcc2025-flyer-final-new-20250523040301-e.pdf,https://ibf.iuh.edu.vn/wp-content/uploads/2025/05/mtfcc2025-flyer-final-new-20250523040301-e.pdf,https://ibf.iuh.edu.vn/cong-nghe-sinh-hoc/thu-moi-viet-bai-va-tham-gia-hoi-nghi-appfc2025-va-mtfc2025/,Viện Công nghệ Sinh học và Thực phẩm,HCM,VIEN_CNSH_THUC_PHAM,true,,auto,1,1521,ok,236645,bad3aeab3be91a32e037881a9f36ad922b0354979f7ceec3c807189ef8407a8f,files/vien-cong-nghe-sinh-hoc-va-thuc-pham/bad3aeab3be9.pdf,false,2026-09-30T07:44:27+00:00,true,,
c5ef3923cf38,Thong-bao-cuoc-thi-PTSP-16_9_2026.pdf,https://ibf.iuh.edu.vn/wp-content/uploads/2026/09/Thong-bao-cuoc-thi-PTSP-16_9_2026.pdf,https://ibf.iuh.edu.vn/thong-bao-sinh-vien/thong-bao-dang-ky-du-thi-sinh-vien-doi-moi-va-kien-tao-san-pham-food-innovation-and-design-lan-xi-nam-2026/,Viện Công nghệ Sinh học và Thực phẩm,HCM,VIEN_CNSH_THUC_PHAM,true,,auto,3,3908,ok,230884,c5ef3923cf38b069d676e5d48737797c6a2f29f893077371318be2e9c8407463,files/vien-cong-nghe-sinh-hoc-va-thuc-pham/c5ef3923cf38.pdf,false,2026-09-30T07:44:50+00:00,true,,
cb21b91ed6c3,CNCBTP-CNCBTSSS_PHAN-II-_-SAN-PHAM-TSSS_DHTP12A.pdf,https://ibf.iuh.edu.vn/wp-content/uploads/2018/11/CNCBTP-CNCBTSSS_PHAN-II-_-SAN-PHAM-TSSS_DHTP12A.pdf,https://ibf.iuh.edu.vn/nguyen-thi-thanh-binh/,Viện Công nghệ Sinh học và Thực phẩm,HCM,VIEN_CNSH_THUC_PHAM,true,,auto,43,3002,scanned,7143612,cb21b91ed6c39ad60732bd23c1d55c6416d21c32df82a3361bab930e1e48cffb,scanned_pdf/vien-cong-nghe-sinh-hoc-va-thuc-pham/cb21b91ed6c3.pdf,false,2026-09-30T07:42:16+00:00,false,,
cc19f68323ac,DanhsachHoidongdecuongdoanDDK15.pdf,https://ibf.iuh.edu.vn/wp-content/uploads/2022/10/DanhsachHoidongdecuongdoanDDK15.pdf,https://ibf.iuh.edu.vn/thong-bao-sinh-vien/lich-hoi-dong-bao-ve-de-cuong-do-an-tot-nghiep-dhddk15/,Viện Công nghệ Sinh học và Thực phẩm,HCM,VIEN_CNSH_THUC_PHAM,true,,auto,1,2132,ok,561301,cc19f68323acbd37d1ad35df7729f0ab215fc17247b8ac99545d6d675e7a7c76,files/vien-cong-nghe-sinh-hoc-va-thuc-pham/cc19f68323ac.pdf,false,2026-09-30T07:43:08+00:00,true,,
cda3dba50943,Danh-sach-sinh-vien-duoc-cong-nhan-tot-nghiep-dot-thang-02.2025.pdf,https://ibf.iuh.edu.vn/wp-content/uploads/2025/02/Danh-sach-sinh-vien-duoc-cong-nhan-tot-nghiep-dot-thang-02.2025.pdf,https://ibf.iuh.edu.vn/thong-bao-sinh-vien/thong-bao-danh-sach-sinh-vien-tot-nghiep-dot-xet-thang-02-nam-2025/,Viện Công nghệ Sinh học và Thực phẩm,HCM,VIEN_CNSH_THUC_PHAM,true,,auto,3,5964,ok,260222,cda3dba509433569f63bc3a727d1d1fdf9f613c39e9102658515eaaeac2d30ca,files/vien-cong-nghe-sinh-hoc-va-thuc-pham/cda3dba50943.pdf,false,2026-09-30T07:44:16+00:00,true,,
ce64c3737333,2018-K14-và-K15-Post.pdf,https://ibf.iuh.edu.vn/wp-content/uploads/2021/10/2018-K14-và-K15-Post.pdf,https://ibf.iuh.edu.vn/cong-nghe-thuc-pham-chuong-trinh-dao-tao/,Viện Công nghệ Sinh học và Thực phẩm,HCM,VIEN_CNSH_THUC_PHAM,true,,auto,4,7289,ok,267704,ce64c373733348a4a3f1a7e3aefbda8224f1fe507550e1379470a008043d9eae,files/vien-cong-nghe-sinh-hoc-va-thuc-pham/ce64c3737333.pdf,false,2026-09-30T07:42:36+00:00,true,,
d168871b5fcd,CTDT-Dinh-duong-va-KHTP.pdf,https://ibf.iuh.edu.vn/wp-content/uploads/2022/11/CTDT-Dinh-duong-va-KHTP.pdf,https://ibf.iuh.edu.vn/kiem-dinh-chat-luong/ctdt-he-dai-hoc-nganh-dinh-duong-va-khoa-hoc-thuc-pham/,Viện Công nghệ Sinh học và Thực phẩm,HCM,VIEN_CNSH_THUC_PHAM,false,3,auto,10,10333,ok,335636,d168871b5fcd43009f260095dcb75aeecb866745e5d83e753b5c30966d76c932,files/vien-cong-nghe-sinh-hoc-va-thuc-pham/d168871b5fcd.pdf,false,2026-09-30T07:43:20+00:00,true,,
d1901f5a4429,CNCBTP-CNCBTSSS-PHAN-II-_-SAN-PHAM-TSSS_DHTP12ATT.pdf,https://ibf.iuh.edu.vn/wp-content/uploads/2018/11/CNCBTP-CNCBTSSS-PHAN-II-_-SAN-PHAM-TSSS_DHTP12ATT.pdf,https://ibf.iuh.edu.vn/nguyen-thi-thanh-binh/,Viện Công nghệ Sinh học và Thực phẩm,HCM,VIEN_CNSH_THUC_PHAM,true,,auto,41,3002,scanned,5146730,d1901f5a4429c077bdc2f9de8d9528bac704da972eafe5fc4452995096f584e8,scanned_pdf/vien-cong-nghe-sinh-hoc-va-thuc-pham/d1901f5a4429.pdf,false,2026-09-30T07:42:13+00:00,false,,
d6a3ef8a9103,THONG-BAO-VV-LAM-LE-TOT-NGHIEP-THANG-8-NAM-2024-PDF-1.pdf,https://ibf.iuh.edu.vn/wp-content/uploads/2024/07/THONG-BAO-VV-LAM-LE-TOT-NGHIEP-THANG-8-NAM-2024-PDF-1.pdf,https://ibf.iuh.edu.vn/thong-bao-sinh-vien/thong-bao-5/,Viện Công nghệ Sinh học và Thực phẩm,HCM,VIEN_CNSH_THUC_PHAM,true,,auto,2,3049,ok,211588,d6a3ef8a9103478cfa9c818b4bd8f721ae9093d8432761054b486e874b3c2bf8,files/vien-cong-nghe-sinh-hoc-va-thuc-pham/d6a3ef8a9103.pdf,false,2026-09-30T07:44:01+00:00,true,,
d715e9e64c92,H1.01.02.01_QD854-Dau-ra-CNTP.pdf,https://ibf.iuh.edu.vn/wp-content/uploads/2021/12/H1.01.02.01_QD854-Dau-ra-CNTP.pdf,https://ibf.iuh.edu.vn/thac-si-cong-nghe-thuc-pham-chuan-dau-ra/,Viện Công nghệ Sinh học và Thực phẩm,HCM,VIEN_CNSH_THUC_PHAM,true,,auto,3,6464,garbled_ocr,2209912,d715e9e64c923ff754d418e037ae8e369b728f0d1a977b98fd77473982963b77,scanned_pdf/vien-cong-nghe-sinh-hoc-va-thuc-pham/d715e9e64c92.pdf,false,2026-09-30T07:42:42+00:00,false,,
e25eb2598e4e,CNCBTP-CNCB-THUỶ-SẢN-SÚC-SẢN-GIOI-THIEU-CHUNG.pdf,https://ibf.iuh.edu.vn/wp-content/uploads/2018/11/CNCBTP-CNCB-THUỶ-SẢN-SÚC-SẢN-GIOI-THIEU-CHUNG.pdf,https://ibf.iuh.edu.vn/nguyen-thi-thanh-binh/,Viện Công nghệ Sinh học và Thực phẩm,HCM,VIEN_CNSH_THUC_PHAM,false,4,auto,19,2830,ok,202466,e25eb2598e4e2c95336864836cfe80bac4cc4617d3d7b8e6c9cad1c45c0638de,files/vien-cong-nghe-sinh-hoc-va-thuc-pham/e25eb2598e4e.pdf,false,2026-09-30T07:42:10+00:00,true,,
e6dce5d59e5f,THONG-BAO-VV-LAM-LE-TOT-NGHIEP-2023.pdf,https://ibf.iuh.edu.vn/wp-content/uploads/2023/10/THONG-BAO-VV-LAM-LE-TOT-NGHIEP-2023.pdf,https://ibf.iuh.edu.vn/thong-bao-sinh-vien/21317/,Viện Công nghệ Sinh học và Thực phẩm,HCM,VIEN_CNSH_THUC_PHAM,false,2,auto,1,2011,ok,285403,e6dce5d59e5f32587bf25c07f28533a79ebd098888a22324d401ed9b72581cc6,files/vien-cong-nghe-sinh-hoc-va-thuc-pham/e6dce5d59e5f.pdf,false,2026-09-30T07:43:50+00:00,true,,
e75f07ae3ddf,Lich-giang-day-07.2018.pdf,https://ibf.iuh.edu.vn/wp-content/uploads/2018/07/Lich-giang-day-07.2018.pdf,https://ibf.iuh.edu.vn/le-van-nhat-hoai/,Viện Công nghệ Sinh học và Thực phẩm,HCM,VIEN_CNSH_THUC_PHAM,false,2,auto,1,1679,ok,109286,e75f07ae3ddf27897ea96c7d1adc0e48cf0e604aff16e4d22ce5aca72fbe88db,files/vien-cong-nghe-sinh-hoc-va-thuc-pham/e75f07ae3ddf.pdf,false,2026-09-30T07:41:51+00:00,true,,
e7be73a8291e,Ke-hoach-thuc-tap-doanh-nghiep-K16-va-K17.pdf,https://ibf.iuh.edu.vn/wp-content/uploads/2023/12/Ke-hoach-thuc-tap-doanh-nghiep-K16-va-K17.pdf,https://ibf.iuh.edu.vn/thong-bao-sinh-vien/ke-hoach-thuc-tap-doanh-nghiep-he-dai-hoc-k16-nganh-cong-nghe-thuc-pham-nganh-cong-nghe-sinh-hoc-nganh-dam-bao-cl-attp-khoa-17-nganh-dinh-duong-khoa-hoc-thuc-pham/,Viện Công nghệ Sinh học và Thực phẩm,HCM,VIEN_CNSH_THUC_PHAM,true,,auto,2,3231,garbled_ocr,1386584,e7be73a8291e19817b58f6454dc667566ce50010cd3987fb63196f050e06971e,scanned_pdf/vien-cong-nghe-sinh-hoc-va-thuc-pham/e7be73a8291e.pdf,false,2026-09-30T07:43:52+00:00,false,,
e806a925f239,DANH-SACH-SINH-VIEN-DAT-TN-THANG-10-2024-VSHTP-1.pdf,https://ibf.iuh.edu.vn/wp-content/uploads/2024/10/DANH-SACH-SINH-VIEN-DAT-TN-THANG-10-2024-VSHTP-1.pdf,https://ibf.iuh.edu.vn/thong-bao-sinh-vien/thong-bao-danh-sach-sinh-vien-tot-nghiep-dot-xet-thang-10-nam-2024/,Viện Công nghệ Sinh học và Thực phẩm,HCM,VIEN_CNSH_THUC_PHAM,true,,auto,3,5864,ok,199968,e806a925f23983c7b81e0c077739ec12afa3de1a015a5120304e075c51a07f35,files/vien-cong-nghe-sinh-hoc-va-thuc-pham/e806a925f239.pdf,false,2026-09-30T07:44:04+00:00,true,,
eff97697d521,Lich-giang-day-HKII-2017-2018.pdf,https://ibf.iuh.edu.vn/wp-content/uploads/2018/01/Lich-giang-day-HKII-2017-2018.pdf,https://ibf.iuh.edu.vn/nguyen-thi-lan-huong/,Viện Công nghệ Sinh học và Thực phẩm,HCM,VIEN_CNSH_THUC_PHAM,false,4,auto,1,1211,ok,163409,eff97697d5218050088e6befc5f55b0ba30945c12c56483ce533d8b7d6ad526e,files/vien-cong-nghe-sinh-hoc-va-thuc-pham/eff97697d521.pdf,false,2026-09-30T07:41:49+00:00,true,,
f0fdd6b73497,THONG-BAO-VE-VIEC-KE-HOACH-THUC-HIEN-KHOA-LUAN-TN-KHOA-15.pdf,https://ibf.iuh.edu.vn/wp-content/uploads/2022/10/THONG-BAO-VE-VIEC-KE-HOACH-THUC-HIEN-KHOA-LUAN-TN-KHOA-15.pdf,https://ibf.iuh.edu.vn/thong-bao-sinh-vien/thong-bao-ve-viec-thuc-hien-khoa-luan-tot-nghiep-khoa-15-nien-khoa-2019-2023/,Viện Công nghệ Sinh học và Thực phẩm,HCM,VIEN_CNSH_THUC_PHAM,true,,auto,3,3786,garbled_ocr,1416258,f0fdd6b734979bdddd1ce795d118ff62e1e3f2811e5c95d79ac7e0b9a92cac95,scanned_pdf/vien-cong-nghe-sinh-hoc-va-thuc-pham/f0fdd6b73497.pdf,false,2026-09-30T07:43:12+00:00,false,,
f2246b223dec,Lich-giang-day.pdf,https://ibf.iuh.edu.vn/wp-content/uploads/2017/06/Lich-giang-day.pdf,https://ibf.iuh.edu.vn/nguyen-thi-lan-huong/,Viện Công nghệ Sinh học và Thực phẩm,HCM,VIEN_CNSH_THUC_PHAM,true,,auto,1,719,ok,162127,f2246b223dec04589ea5fa1c507a1f45d90463b6e9d7e423d3b448ee28607d1c,files/vien-cong-nghe-sinh-hoc-va-thuc-pham/f2246b223dec.pdf,false,2026-09-30T07:41:45+00:00,true,,
f48338e82291,CTDT-CNSH-tham-mi.pdf,https://ibf.iuh.edu.vn/wp-content/uploads/2022/11/CTDT-CNSH-tham-mi.pdf,https://ibf.iuh.edu.vn/kiem-dinh-chat-luong/ctdt-he-dai-hoc-nganh-cong-nghe-sinh-hoc-tham-mi/,Viện Công nghệ Sinh học và Thực phẩm,HCM,VIEN_CNSH_THUC_PHAM,false,3,auto,8,11377,ok,750848,f48338e8229117bc256e5655a041be3a201e54ff525ed78f7d1996a232a0af69,files/vien-cong-nghe-sinh-hoc-va-thuc-pham/f48338e82291.pdf,false,2026-09-30T07:43:16+00:00,true,,
f4a6ebc9b6f1,THÔNG-BÁO-CHIÊU-SINH-THÁNG-1-2.pdf,https://ibf.iuh.edu.vn/wp-content/uploads/2022/01/THÔNG-BÁO-CHIÊU-SINH-THÁNG-1-2.pdf,https://ibf.iuh.edu.vn/thong-bao-sinh-vien/thong-bao-ky-thi-danh-gia-nang-luc-nn-tren-may-tinh-viet-nam-2022/,Viện Công nghệ Sinh học và Thực phẩm,HCM,VIEN_CNSH_THUC_PHAM,true,,auto,3,3805,garbled_ocr,1704171,f4a6ebc9b6f13691abef69ebc38716f34425994fab4969e14cb7413dc64be0f6,scanned_pdf/vien-cong-nghe-sinh-hoc-va-thuc-pham/f4a6ebc9b6f1.pdf,false,2026-09-30T07:42:44+00:00,false,,
f855072c88c0,tpatest.pdf,https://ibf.iuh.edu.vn/wp-content/uploads/2019/09/tpatest.pdf,https://ibf.iuh.edu.vn/nguyen-khac-kiem/,Viện Công nghệ Sinh học và Thực phẩm,HCM,VIEN_CNSH_THUC_PHAM,false,3,auto,13,21930,ok,1024145,f855072c88c042a9feb9f3d0cb16f2e0bfe675d93cacd92527c0be5e62623d7b,files/vien-cong-nghe-sinh-hoc-va-thuc-pham/f855072c88c0.pdf,false,2026-09-30T07:42:28+00:00,true,,
f8f9d79920d3,Lich-giang-day-2018-2019.pdf,https://ibf.iuh.edu.vn/wp-content/uploads/2018/07/Lich-giang-day-2018-2019.pdf,https://ibf.iuh.edu.vn/nguyen-thi-trang/,Viện Công nghệ Sinh học và Thực phẩm,HCM,VIEN_CNSH_THUC_PHAM,true,,auto,1,1280,ok,143360,f8f9d79920d3b65a055e43ddad13308fad3132dab9900642216ff01b338e7f9a,files/vien-cong-nghe-sinh-hoc-va-thuc-pham/f8f9d79920d3.pdf,false,2026-09-30T07:41:55+00:00,true,,
fc4fb130d092,QUY-TRINH-XET-CONG-NHAN-TN-PDT.pdf,https://ibf.iuh.edu.vn/wp-content/uploads/2022/04/QUY-TRINH-XET-CONG-NHAN-TN-PDT.pdf,https://ibf.iuh.edu.vn/thong-bao-sinh-vien/thong-bao-ke-hoach-xet-cong-nhan-tot-nghiep-vao-thang-7-nam-2022/,Viện Công nghệ Sinh học và Thực phẩm,HCM,VIEN_CNSH_THUC_PHAM,false,2,auto,5,0,scanned,2462075,fc4fb130d092c5d9a2748bf612f2f0b6f846cab1f70e8463dc9cdcdf8854462c,scanned_pdf/vien-cong-nghe-sinh-hoc-va-thuc-pham/fc4fb130d092.pdf,false,2026-09-30T07:42:52+00:00,false,,
fc6f296de742,THONG-BAO-VE-VIEC-KE-HOACH-KLTN-KHOA-14.pdf,https://ibf.iuh.edu.vn/wp-content/uploads/2022/04/THONG-BAO-VE-VIEC-KE-HOACH-KLTN-KHOA-14.pdf,https://ibf.iuh.edu.vn/thong-bao-sinh-vien/thong-bao-ve-viec-thuc-hien-khoa-luan-tot-nghiep-khoa-14-nien-khoa-2018-2022/,Viện Công nghệ Sinh học và Thực phẩm,HCM,VIEN_CNSH_THUC_PHAM,true,,auto,2,2979,garbled_ocr,921639,fc6f296de74249546cbb991f05d95666eafeeccb72d81c3b1841e8c32188fee3,scanned_pdf/vien-cong-nghe-sinh-hoc-va-thuc-pham/fc6f296de742.pdf,false,2026-09-30T07:42:54+00:00,false,,
fdd6511551e9,Ke-hoach-TTDN-K18.pdf,https://ibf.iuh.edu.vn/wp-content/uploads/2025/08/Ke-hoach-TTDN-K18.pdf,https://ibf.iuh.edu.vn/thong-bao-sinh-vien/thong-bao-trien-khai-ke-hoach-thuc-tap-doanh-nghiep-khoa-18-cho-nganh-cong-nghe-thuc-pham/,Viện Công nghệ Sinh học và Thực phẩm,HCM,VIEN_CNSH_THUC_PHAM,true,,auto,2,2910,ok,193783,fdd6511551e9f8bfb30bd08300501a48fda9a5d7cde87269b65c6ab0a1a55d25,files/vien-cong-nghe-sinh-hoc-va-thuc-pham/fdd6511551e9.pdf,false,2026-09-30T07:44:32+00:00,true,,
fdf21473b2d0,DanhsachkhoaluanTN_K15.pdf,https://ibf.iuh.edu.vn/wp-content/uploads/2022/10/DanhsachkhoaluanTN_K15.pdf,https://ibf.iuh.edu.vn/thong-bao-sinh-vien/ke-hoach-thuc-hien-khoa-luan-tot-nghiep-dai-hoc-k15-nganh-dinh-duong-khoa-hoc-thuc-pham/,Viện Công nghệ Sinh học và Thực phẩm,HCM,VIEN_CNSH_THUC_PHAM,true,,auto,1,2103,ok,390540,fdf21473b2d0270d691728481b7e717b8d86ad3cf010daa8c479d4a53d8394f3,files/vien-cong-nghe-sinh-hoc-va-thuc-pham/fdf21473b2d0.pdf,false,2026-09-30T07:43:09+00:00,true,,
04ef8936623e,KE HOACH DAO TAO TOAN KHOA THAC SY - NGANH KE TOAN.pdf,https://sfa.iuh.edu.vn/upload/files/KE%20HOACH%20DAO%20TAO%20TOAN%20KHOA%20THAC%20SY%20-%20NGANH%20KE%20TOAN.pdf,https://sfa.iuh.edu.vn/news.html@detail@328@12585@Khung-chuong-trinh-Thac-si-2022,Viện Tài chính - Kế toán,HCM,VIEN_TAI_CHINH_KE_TOAN,true,,auto,3,2389,ok,166059,04ef8936623e8566ae74777c4bb70ab391a11f76bd6f123514da3ed18f87d963,files/vien-tai-chinh-ke-toan/04ef8936623e.pdf,true,2026-09-30T07:44:54+00:00,true,,
0567d497c46a,QD1357_PL13_QD cong bo bai bao NCKH.pdf,https://sfa.iuh.edu.vn/upload/files/1.TS/QD1357_PL13_QD%20cong%20bo%20bai%20bao%20NCKH.pdf,https://sfa.iuh.edu.vn/category.html@393@Quy-dinh-cong-bo-bai-bao-NCKH,Viện Tài chính - Kế toán,HCM,VIEN_TAI_CHINH_KE_TOAN,false,2,auto,2,0,scanned,1236269,0567d497c46a2c17b226de2424fe04b1864bf9e59b0180fb18463b06a6c432ec,scanned_pdf/vien-tai-chinh-ke-toan/0567d497c46a.pdf,true,2026-09-30T07:41:52+00:00,false,,
07709cb6f4df,KIEM TOAN-DAI TRA.pdf,https://sfa.iuh.edu.vn/upload/files/2.CTDT%202026/KIEM%20TOAN-DAI%20TRA.pdf,https://sfa.iuh.edu.vn/news.html@detail@334@13360@Chuong-trinh-dao-tao-Kiem-toan-2026,Viện Tài chính - Kế toán,HCM,VIEN_TAI_CHINH_KE_TOAN,true,,auto,6,7459,ok,111175,07709cb6f4df29817a6f4d500675ac1b05211eac6c5c2c423fd00defd42c3acf,files/vien-tai-chinh-ke-toan/07709cb6f4df.pdf,true,2026-09-30T07:42:05+00:00,true,,
09887df2e065,Ban mo ta CTDT 2018_TCNH.pdf,https://sfa.iuh.edu.vn/upload/files/CTDT%20TCNH%202024/Ban%20mo%20ta%20CTDT%202018_TCNH.pdf,https://sfa.iuh.edu.vn/news.html@detail@365@12902@-Ban-mo-ta-chuong-trinh-dao-tao-nam-2018,Viện Tài chính - Kế toán,HCM,VIEN_TAI_CHINH_KE_TOAN,true,,auto,50,64624,ok,922638,09887df2e0651dbf689922054af3e8155c8cb8f86293b4a33b56e14b6ff6d90c,files/vien-tai-chinh-ke-toan/09887df2e065.pdf,true,2026-09-30T07:44:36+00:00,true,,
0b70b6a17142,Ban mo ta CTDT 2020_TCNH.pdf,https://sfa.iuh.edu.vn/upload/files/CTDT%20TCNH%202024/Ban%20mo%20ta%20CTDT%202020_TCNH.pdf,https://sfa.iuh.edu.vn/news.html@detail@365@12903@Ban-mo-ta-chuong-trinh-dao-tao-nam-2020,Viện Tài chính - Kế toán,HCM,VIEN_TAI_CHINH_KE_TOAN,true,,auto,49,67273,ok,997418,0b70b6a1714287b99b7fd95c67f221f083312fe2a15c3e1b15c4809d171c79d7,files/vien-tai-chinh-ke-toan/0b70b6a17142.pdf,true,2026-09-30T07:44:36+00:00,true,,
0ed73e051f30,Khung CTDT 2016.pdf,https://sfa.iuh.edu.vn/upload/files/ThS%20TCNH%202024/Khung%20CTDT%202016.pdf,https://sfa.iuh.edu.vn/news.html@detail@368@12909@Khung-chuong-trinh-thac-si-Tai-chinh-%E2%80%93-Ngan-hang-nam-2016,Viện Tài chính - Kế toán,HCM,VIEN_TAI_CHINH_KE_TOAN,true,,auto,2,2519,ok,198263,0ed73e051f3019e1bb5f4ca08cfbdee0d56dfc1445b948af8dbc907b2287ee2a,files/vien-tai-chinh-ke-toan/0ed73e051f30.pdf,true,2026-09-30T07:45:06+00:00,true,,
0f8551ebdca9,0_ BOA PROGRAMME SPEC 2017 - FINAL (SAR).pdf,https://sfa.iuh.edu.vn/upload/files/0_%20BOA%20PROGRAMME%20SPEC%202017%20-%20FINAL%20(SAR).pdf,https://sfa.iuh.edu.vn/news.html@detail@320@11929@Ban-dac-ta-chuong-trinh-cap-nhat-2017,Viện Tài chính - Kế toán,HCM,VIEN_TAI_CHINH_KE_TOAN,true,,auto,38,76793,ok,738160,0f8551ebdca962a126b96c1db902a6bd496da8d8bc68a2956334a79d2547c3b3,files/vien-tai-chinh-ke-toan/0f8551ebdca9.pdf,true,2026-09-30T07:41:48+00:00,true,,
0fb377b17859,DS HDBV-KT_T12_2023_10HV_.pdf,https://sfa.iuh.edu.vn/upload/files/2023/DS%20HDBV-KT_T12_2023_10HV_.pdf,https://sfa.iuh.edu.vn/news.html@detail@312@12847@Thong-bao-lich-bao-ve-luan-van-Thac-si-Ke-toan-thang-12-nam-2023,Viện Tài chính - Kế toán,HCM,VIEN_TAI_CHINH_KE_TOAN,true,,auto,1,1815,ok,142043,0fb377b1785969cba174dc354068177bd221be63cc4c52058d07b38d0202159b,files/vien-tai-chinh-ke-toan/0fb377b17859.pdf,true,2026-09-30T07:42:40+00:00,true,,
102d84631a4e,Ban mo ta CTDT 2022_KIEM TOAN(1).pdf,https://sfa.iuh.edu.vn/upload/files/CTDT%20Ki%E1%BB%83m%20toan%20updated%202024/Ban%20mo%20ta%20CTDT%202022_KIEM%20TOAN(1).pdf,https://sfa.iuh.edu.vn/news.html@detail@336@12885@Ban-mo-ta-chuong-trinh-dao-tao-nam-2022,Viện Tài chính - Kế toán,HCM,VIEN_TAI_CHINH_KE_TOAN,true,,auto,76,128871,ok,1420136,102d84631a4eb4dfe758826e4d356a92bb55cd506db5a53d90bf5ad13da2fb21,files/vien-tai-chinh-ke-toan/102d84631a4e.pdf,true,2026-09-30T07:43:59+00:00,true,,
1230dde6d44d,Chuẩn dầu ra CTDT 2018_KIEM TOAN.pdf,https://sfa.iuh.edu.vn/upload/files/CTDT%20Ki%E1%BB%83m%20toan%20updated%202024/Chu%E1%BA%A9n%20d%E1%BA%A7u%20ra%20CTDT%202018_KIEM%20TOAN.pdf,https://sfa.iuh.edu.vn/news.html@detail@333@12886@Chuan-dau-ra-chuong-trinh-dao-tao-nganh-Kiem-toan-nam-2018,Viện Tài chính - Kế toán,HCM,VIEN_TAI_CHINH_KE_TOAN,false,4,auto,1,1328,ok,155743,1230dde6d44dd41b3370d1c8db0366d0b98f415b303711e67b601a68bbaf2ef5,files/vien-tai-chinh-ke-toan/1230dde6d44d.pdf,true,2026-09-30T07:44:10+00:00,true,,
1537489a0cf4,BVDC 6HV 5_1_24.pdf,https://sfa.iuh.edu.vn/upload/files/ThS%202024/BVDC%206HV%205_1_24.pdf,https://sfa.iuh.edu.vn/news.html@detail@312@12856@Thong-bao-lich-bao-ve-de-cuong-luan-van-Thac-si-Ke-toan-thang-01-nam-2024,Viện Tài chính - Kế toán,HCM,VIEN_TAI_CHINH_KE_TOAN,true,,auto,1,1043,ok,135213,1537489a0cf4116026c19c57b8a85354cbf9f0bd097eaa7272a0a498836f6c46,files/vien-tai-chinh-ke-toan/1537489a0cf4.pdf,true,2026-09-30T07:45:02+00:00,true,,
1a51a9cb41c3,BẢN MO TẢ CHUONG TRINH DAO TẠO_2017-in.pdf,https://sfa.iuh.edu.vn/upload/files/B%E1%BA%A2N%20MO%20T%E1%BA%A2%20CHUONG%20TRINH%20DAO%20T%E1%BA%A0O_2017-in.pdf,https://sfa.iuh.edu.vn/news.html@detail@342@12333@Ban-mo-ta-chuong-trinh-dao-tao-nam-hoc-2017-2018,Viện Tài chính - Kế toán,HCM,VIEN_TAI_CHINH_KE_TOAN,true,,auto,48,88290,ok,1984805,1a51a9cb41c33c4453379ce8bdc31f994ac4a3c753c97bf327adb35d910f5135,files/vien-tai-chinh-ke-toan/1a51a9cb41c3.pdf,true,2026-09-30T07:43:22+00:00,true,,
1b335a0b6f8d,CTDT KT-CLC-2021.pdf,https://sfa.iuh.edu.vn/upload/files/CTDT%20KT-kiem%20dinh/CTDT%20KT-CLC-2021.pdf,https://sfa.iuh.edu.vn/news.html@detail@314@13104@Chuong-trinh-dao-tao-Ke-toan-CLC-2021,Viện Tài chính - Kế toán,HCM,VIEN_TAI_CHINH_KE_TOAN,true,,auto,4,8401,ok,287279,1b335a0b6f8dc6f1ab86b0bb5df6fcb23d6003aa66d17e92c0566ed460e048da,files/vien-tai-chinh-ke-toan/1b335a0b6f8d.pdf,true,2026-09-30T07:43:46+00:00,true,,
1d66539bf83e,Chuẩn dầu ra CTDT 2020_TCDN.pdf,https://sfa.iuh.edu.vn/upload/files/CTDT%20TCDN%202024/Chu%E1%BA%A9n%20d%E1%BA%A7u%20ra%20CTDT%202020_TCDN.pdf,https://sfa.iuh.edu.vn/news.html@detail@371@12912@Chuan-dau-ra-chuong-trinh-dao-tao-nganh-Tai-chinh-doanh-nghiep-nam-2020,Viện Tài chính - Kế toán,HCM,VIEN_TAI_CHINH_KE_TOAN,true,,auto,3,4527,ok,149186,1d66539bf83ef65df3262df25f5f54e674ea0dc486053a615bbcf7c02c30e197,files/vien-tai-chinh-ke-toan/1d66539bf83e.pdf,true,2026-09-30T07:44:29+00:00,true,,
1dbdf35075c6,RUBRICS-Intership2.pdf,https://sfa.iuh.edu.vn/upload/files/rubric/RUBRICS-Intership2.pdf,https://sfa.iuh.edu.vn/news.html@detail@321@13189@Rubric-Intership-2,Viện Tài chính - Kế toán,HCM,VIEN_TAI_CHINH_KE_TOAN,false,1,auto,7,21105,ok,420224,1dbdf35075c67b8179f948a46b9856bad4a1d486c4d27d5492892e467a6c528e,files/vien-tai-chinh-ke-toan/1dbdf35075c6.pdf,true,2026-09-30T07:45:11+00:00,true,,
1f33f7851d07,PRO SPEC 2020-compressed.pdf,https://sfa.iuh.edu.vn/upload/files/AUN%20KT%202024/PRO%20SPEC%202020-compressed.pdf,https://sfa.iuh.edu.vn/news.html@detail@320@13214@Ban-mo-ta-chuong-trinh-dao-tao-nam-2020,Viện Tài chính - Kế toán,HCM,VIEN_TAI_CHINH_KE_TOAN,false,4,auto,81,155769,ok,1505966,1f33f7851d07ed2e37005d89cb3b6eb1deb2155237a52ab3473b00d1eb32dc34,files/vien-tai-chinh-ke-toan/1f33f7851d07.pdf,true,2026-09-30T07:43:01+00:00,true,,
1ff21d87a9fc,Ban mo ta CTDT 2022_TCDN.pdf,https://sfa.iuh.edu.vn/upload/files/CTDT%20TCDN%202024/Ban%20mo%20ta%20CTDT%202022_TCDN.pdf,https://sfa.iuh.edu.vn/news.html@detail@374@12919@-Ban-mo-ta-chuong-trinh-dao-tao-nam-2022,Viện Tài chính - Kế toán,HCM,VIEN_TAI_CHINH_KE_TOAN,true,,auto,42,75754,ok,1247215,1ff21d87a9fcaf5a1b290a700df967edeca65fe0260bfb173348b543dc747b5f,files/vien-tai-chinh-ke-toan/1ff21d87a9fc.pdf,true,2026-09-30T07:44:26+00:00,true,,
24bb1474d311,DIEU KIEN TOT NGHIEP.pdf,https://sfa.iuh.edu.vn/upload/files/CTDT%20Ki%E1%BB%83m%20toan%20updated%202024/DIEU%20KIEN%20TOT%20NGHIEP.pdf,https://sfa.iuh.edu.vn/news.html@detail@335@12889@Dieu-kien-tot-nghiep-nganh-Kiem-toan-2020,Viện Tài chính - Kế toán,HCM,VIEN_TAI_CHINH_KE_TOAN,true,,auto,1,681,ok,87467,24bb1474d31101ac663228a9e8f9584c27eb2115937b6cb4e2824247307963fe,files/vien-tai-chinh-ke-toan/24bb1474d311.pdf,true,2026-09-30T07:44:20+00:00,true,,
25999d44b549,handbook for student-compressed.pdf,https://sfa.iuh.edu.vn/upload/files/AUN%20KT%202024/handbook%20for%20student-compressed.pdf,https://sfa.iuh.edu.vn/news.html@detail@388@13215@So-tay-sinh-vien-Vien-Tai-chinh-Ke-toan-2024,Viện Tài chính - Kế toán,HCM,VIEN_TAI_CHINH_KE_TOAN,false,4,auto,50,35990,ok,3266052,25999d44b5494114384aa98ded6d199d3724bd33eae49ddf2e3cb52820feff27,files/vien-tai-chinh-ke-toan/25999d44b549.pdf,true,2026-09-30T07:43:20+00:00,true,,
268c87abde5e,Programme Education Objectives and Expected Learning Outcomes of Accounting Program 2020.pdf,https://sfa.iuh.edu.vn/upload/files/AUN%20KT%202024/Programme%20Education%20Objectives%20and%20Expected%20Learning%20Outcomes%20of%20Accounting%20Program%202020.pdf,https://sfa.iuh.edu.vn/news.html@detail@313@13095@Programme-Education-Objectives-and-Expected-Learning-Outcomes-of-Accounting-Program-2020,Viện Tài chính - Kế toán,HCM,VIEN_TAI_CHINH_KE_TOAN,true,,auto,2,1718,ok,8974,268c87abde5ee46d173f15074d8c1d740667a5fb319015f3f1382fdf186e3e38,files/vien-tai-chinh-ke-toan/268c87abde5e.pdf,true,2026-09-30T07:43:10+00:00,true,,
277cab361c0a,Ban mo ta CTDT cao hoc 2022.pdf,https://sfa.iuh.edu.vn/upload/files/ThS%20TCNH%202024/Ban%20mo%20ta%20CTDT%20cao%20hoc%202022.pdf,https://sfa.iuh.edu.vn/news.html@detail@370@12908@Ban-mo-ta-chuong-trinh-thac-si-Tai-chinh-%E2%80%93-Ngan-hang-nam-2022,Viện Tài chính - Kế toán,HCM,VIEN_TAI_CHINH_KE_TOAN,false,1,auto,55,80375,ok,1529760,277cab361c0a3c35a154fb7e3409bcdbd839f292c3ee6648ab7e4efa8f7513de,files/vien-tai-chinh-ke-toan/277cab361c0a.pdf,true,2026-09-30T07:45:06+00:00,true,,
2c7ebd47be6e,ths 2019.pdf,https://sfa.iuh.edu.vn/upload/files/2020/ths%202019.pdf,https://sfa.iuh.edu.vn/news.html@detail@328@11941@Khung-chuong-trinh-thac-sy-2019,Viện Tài chính - Kế toán,HCM,VIEN_TAI_CHINH_KE_TOAN,false,3,auto,3,2637,ok,538520,2c7ebd47be6eae43f973a0d480a07515df8dbe8531e37a970a7754c6281f3979,files/vien-tai-chinh-ke-toan/2c7ebd47be6e.pdf,true,2026-09-30T07:42:35+00:00,true,,
2d168219dc03,Ban mo ta CTDT 2020_TCDN.pdf,https://sfa.iuh.edu.vn/upload/files/CTDT%20TCDN%202024/Ban%20mo%20ta%20CTDT%202020_TCDN.pdf,https://sfa.iuh.edu.vn/news.html@detail@374@12918@-Ban-mo-ta-chuong-trinh-dao-tao-nam-2020,Viện Tài chính - Kế toán,HCM,VIEN_TAI_CHINH_KE_TOAN,true,,auto,47,69350,ok,994876,2d168219dc030e46315da46be758a3926edede1a36471e3bf753f2d3979e3db7,files/vien-tai-chinh-ke-toan/2d168219dc03.pdf,true,2026-09-30T07:44:23+00:00,true,,
2d2443e1f128,2_2 Rubics Graduation Thesis 20_8_24.pdf,https://sfa.iuh.edu.vn/upload/files/AUN%20KT%202024/2_2%20Rubics%20Graduation%20Thesis%2020_8_24.pdf,https://sfa.iuh.edu.vn/news.html@detail@321@13220@Rubrics-hoc-phan-Khoa-luan-tot-nghiep-2024,Viện Tài chính - Kế toán,HCM,VIEN_TAI_CHINH_KE_TOAN,true,,auto,8,22737,ok,416179,2d2443e1f1283e43abdf7641719f4844a9516766c2c6d6f72414fb45bf3ca4d6,files/vien-tai-chinh-ke-toan/2d2443e1f128.pdf,true,2026-09-30T07:42:52+00:00,true,,
2e108eb62a4a,Ban mo ta CTDT cao hoc 2016.pdf,https://sfa.iuh.edu.vn/upload/files/ThS%20TCNH%202024/Ban%20mo%20ta%20CTDT%20cao%20hoc%202016.pdf,https://sfa.iuh.edu.vn/news.html@detail@370@12907@Ban-mo-ta-chuong-trinh-thac-si-Tai-chinh-%E2%80%93-Ngan-hang-nam-2016,Viện Tài chính - Kế toán,HCM,VIEN_TAI_CHINH_KE_TOAN,true,,auto,30,49328,ok,1008333,2e108eb62a4a130f19c79da34a8cff3ec6e12210c8a0a5dd058d37929e1b7de4,files/vien-tai-chinh-ke-toan/2e108eb62a4a.pdf,true,2026-09-30T07:45:05+00:00,true,,
2f0deb67ba10,Programme Education Objectives and Expected Learning Outcomes of Accounting Program 2022.pdf,https://sfa.iuh.edu.vn/upload/files/AUN%20KT%202024/Programme%20Education%20Objectives%20and%20Expected%20Learning%20Outcomes%20of%20Accounting%20Program%202022.pdf,https://sfa.iuh.edu.vn/news.html@detail@313@13096@Programme-Education-Objectives-and-Expected-Learning-Outcomes-of-Accounting-Program-2022,Viện Tài chính - Kế toán,HCM,VIEN_TAI_CHINH_KE_TOAN,true,,auto,1,1626,ok,8217,2f0deb67ba103e19808721af626a80ed427fbfd2e84d519f5b0c11b7c7b8d0aa,files/vien-tai-chinh-ke-toan/2f0deb67ba10.pdf,true,2026-09-30T07:43:12+00:00,true,,
3044b8f06e70,CHUAN DAU RA NGANH KIEM TOAN - E 2019.pdf,https://sfa.iuh.edu.vn/upload/files/CHUAN%20DAU%20RA%20NGANH%20KIEM%20TOAN%20-%20E%202019.pdf,https://sfa.iuh.edu.vn/news.html@detail@313@11819@Muc-tieu-dao-tao-va-Chuan-dau-ra-cua-chuong-trinh-dao-tao-nganh-Ke-toan-nam-2019,Viện Tài chính - Kế toán,HCM,VIEN_TAI_CHINH_KE_TOAN,false,1,auto,1,630,ok,7950,3044b8f06e70327e4f7b6af7ef6b3f0cce167e6771968f4b454b68e32b1f304b,files/vien-tai-chinh-ke-toan/3044b8f06e70.pdf,true,2026-09-30T07:43:30+00:00,true,,
3061a6ba2f09,lich thi ck hk1(2023-2024).pdf,https://sfa.iuh.edu.vn/upload/files/2024/Ki%E1%BB%83m%20d%E1%BB%8Bnh%202024/lich%20thi%20ck%20hk1(2023-2024).pdf,https://sfa.iuh.edu.vn/news.html@detail@312@12878@Lich-thi-Hoc-ky-1-nam-hoc-2023-2024,Viện Tài chính - Kế toán,HCM,VIEN_TAI_CHINH_KE_TOAN,true,,auto,26,129710,ok,1406364,3061a6ba2f0961d2a3a8e83de3a21df82cb250e4b5d2f3c4fa794040c30a9b14,files/vien-tai-chinh-ke-toan/3061a6ba2f09.pdf,true,2026-09-30T07:42:45+00:00,true,,
3512fcd9c095,3_ Lich SHCN Tan SV K22.pdf,https://sfa.iuh.edu.vn/upload/files/3.K22/3_%20Lich%20SHCN%20Tan%20SV%20K22.pdf,https://sfa.iuh.edu.vn/news.html@detail@203@13374@Thong-bao-lich-sinh-hoat-chu-nhiem-Khoa-22,Viện Tài chính - Kế toán,HCM,VIEN_TAI_CHINH_KE_TOAN,true,,auto,1,2280,ok,124316,3512fcd9c09592fcf1a711ec66263a432e8ddcc1ef25e4d018e1b5d12753da3d,files/vien-tai-chinh-ke-toan/3512fcd9c095.pdf,true,2026-09-30T07:42:47+00:00,true,,
3559a1808300,Pro Spec 2019 - Final_ghebia.pdf,https://sfa.iuh.edu.vn/upload/files/Pro%20Spec%202019%20-%20Final_ghebia.pdf,https://sfa.iuh.edu.vn/news.html@detail@320@11930@Ban-dac-ta-chuong-trinh-cap-nhat-2019,Viện Tài chính - Kế toán,HCM,VIEN_TAI_CHINH_KE_TOAN,false,1,auto,67,146144,ok,3194434,3559a18083008c34eeb96e2317d1845e227bd28c1d5b2af76653900ee38c4389,files/vien-tai-chinh-ke-toan/3559a1808300.pdf,true,2026-09-30T07:45:00+00:00,true,,
37fa81c46d39,Ban mo ta CTDT_TCDN_CQ_2018.pdf,https://sfa.iuh.edu.vn/upload/files/CTDT%20TCDN%202024/Ban%20mo%20ta%20CTDT_TCDN_CQ_2018.pdf,https://sfa.iuh.edu.vn/news.html@detail@374@12917@-Ban-mo-ta-chuong-trinh-dao-tao-nam-2018,Viện Tài chính - Kế toán,HCM,VIEN_TAI_CHINH_KE_TOAN,true,,auto,437,528749,ok,5932921,37fa81c46d391d7c395328a1fe88d3f88e653d65f2f51fa94e7db560cd0b0dbb,files/vien-tai-chinh-ke-toan/37fa81c46d39.pdf,true,2026-09-30T07:44:28+00:00,false,,
3833d01f616f,Chuong trinh khung-TCDN 2020.pdf,https://sfa.iuh.edu.vn/upload/files/CTDT%20TCDN%202024/Chuong%20trinh%20khung-TCDN%202020.pdf,https://sfa.iuh.edu.vn/news.html@detail@372@12915@-Chuong-trinh-dao-tao-nganh-Tai-chinh-doanh-nghiep-nam-2020,Viện Tài chính - Kế toán,HCM,VIEN_TAI_CHINH_KE_TOAN,true,,auto,6,9544,ok,382075,3833d01f616fcd729d8033ed1b82f46f8796f4749fc21292422e1a66e87f9da9,files/vien-tai-chinh-ke-toan/3833d01f616f.pdf,true,2026-09-30T07:44:34+00:00,true,,
3862047cf336,Mục tieu dao tạo va chuẩn dầu ra CTDT FINTECH.pdf,https://sfa.iuh.edu.vn/upload/files/Fintech/M%E1%BB%A5c%20tieu%20dao%20t%E1%BA%A1o%20va%20chu%E1%BA%A9n%20d%E1%BA%A7u%20ra%20CTDT%20FINTECH.pdf,https://sfa.iuh.edu.vn/news.html@detail@383@13113@Chuan-dau-ra-nganh-Cong-nghe-Tai-chinh-nam-2025,Viện Tài chính - Kế toán,HCM,VIEN_TAI_CHINH_KE_TOAN,true,,auto,2,5121,ok,236078,3862047cf336944959c4eedade7651185358e89a77ed246e5cbe151fdf519d2c,files/vien-tai-chinh-ke-toan/3862047cf336.pdf,true,2026-09-30T07:44:48+00:00,true,,
3af7be9b9df2,KIEM TOAN-TCTA.pdf,https://sfa.iuh.edu.vn/upload/files/2.CTDT%202026/KIEM%20TOAN-TCTA.pdf,https://sfa.iuh.edu.vn/news.html@detail@334@13361@Chuong-trinh-dao-tao-Kiem-toan-TCTA-2026,Viện Tài chính - Kế toán,HCM,VIEN_TAI_CHINH_KE_TOAN,true,,auto,7,7763,ok,113077,3af7be9b9df2c76dafef77b94e72addf924af154bdeb5fa1b24de620b16f2307,files/vien-tai-chinh-ke-toan/3af7be9b9df2.pdf,true,2026-09-30T07:42:11+00:00,true,,
3bb5d205be49,tb-05-vv-to-chuc-hoi-nghi-kh-tre-lan-3-nam-2021-13012021-20210118100757-e(1).pdf,https://sfa.iuh.edu.vn/upload/files/2020/tb-05-vv-to-chuc-hoi-nghi-kh-tre-lan-3-nam-2021-13012021-20210118100757-e(1).pdf,https://sfa.iuh.edu.vn/news.html@detail@340@12232@Thong-bao-to-chuc-Hoi-nghi-Khoa-hoc-tre-lan-3-nam-2021,Viện Tài chính - Kế toán,HCM,VIEN_TAI_CHINH_KE_TOAN,true,,auto,3,0,scanned,1551115,3bb5d205be49682880f53c22ee8591e0926a749f291fcacce75ba0f0428f6a28,scanned_pdf/vien-tai-chinh-ke-toan/3bb5d205be49.pdf,true,2026-09-30T07:42:32+00:00,false,,
3fa5a46d8b9b,Programme Education Objectives and Expected Learning Outcomes of Accounting Program 2024.pdf,https://sfa.iuh.edu.vn/upload/files/AUN%20KT%202024/Programme%20Education%20Objectives%20and%20Expected%20Learning%20Outcomes%20of%20Accounting%20Program%202024.pdf,https://sfa.iuh.edu.vn/news.html@detail@313@13097@Programme-Education-Objectives-and-Expected-Learning-Outcomes-of-Accounting-Program-2024,Viện Tài chính - Kế toán,HCM,VIEN_TAI_CHINH_KE_TOAN,false,1,auto,1,2097,ok,112871,3fa5a46d8b9b4bbc6a5a3fbf509ab0f106647bba2eac219fc74d41b155639019,files/vien-tai-chinh-ke-toan/3fa5a46d8b9b.pdf,true,2026-09-30T07:43:14+00:00,true,,
4838e9f94a4a,CTDT KT-CLC-2023.pdf,https://sfa.iuh.edu.vn/upload/files/CTDT%20KT-kiem%20dinh/CTDT%20KT-CLC-2023.pdf,https://sfa.iuh.edu.vn/news.html@detail@314@13108@Chuong-trinh-dao-tao-Ke-toan-CLC-2023,Viện Tài chính - Kế toán,HCM,VIEN_TAI_CHINH_KE_TOAN,true,,auto,4,8861,ok,290023,4838e9f94a4a724574747b308014f5e3b5008ec493368c35fb54cb3edef09da1,files/vien-tai-chinh-ke-toan/4838e9f94a4a.pdf,true,2026-09-30T07:43:50+00:00,true,,
484d65224033,ths 2020.pdf,https://sfa.iuh.edu.vn/upload/files/2020/ths%202020.pdf,https://sfa.iuh.edu.vn/news.html@detail@328@12292@Khung-chuong-trinh-thac-sy-2020,Viện Tài chính - Kế toán,HCM,VIEN_TAI_CHINH_KE_TOAN,false,2,auto,3,2727,ok,527801,484d65224033108aa717b1140b7089cd290663d2ecd7136587b6bea23374ae20,files/vien-tai-chinh-ke-toan/484d65224033.pdf,true,2026-09-30T07:42:37+00:00,true,,
4989ba2da31b,Ban mo ta CTDT 2020_KIEM TOAN.pdf,https://sfa.iuh.edu.vn/upload/files/CTDT%20Ki%E1%BB%83m%20toan%20updated%202024/Ban%20mo%20ta%20CTDT%202020_KIEM%20TOAN.pdf,https://sfa.iuh.edu.vn/news.html@detail@336@12884@Ban-mo-ta-chuong-trinh-dao-tao-nam-2020,Viện Tài chính - Kế toán,HCM,VIEN_TAI_CHINH_KE_TOAN,false,1,auto,59,89066,ok,1180488,4989ba2da31b3f35e86336cd189b8bfd699b17641c3f2da04128f260d288a930,files/vien-tai-chinh-ke-toan/4989ba2da31b.pdf,true,2026-09-30T07:43:57+00:00,true,,
4ae7ef255d2b,Chuẩn dầu ra CTDT_2018_TCDN.pdf,https://sfa.iuh.edu.vn/upload/files/CTDT%20TCDN%202024/Chu%E1%BA%A9n%20d%E1%BA%A7u%20ra%20CTDT_2018_TCDN.pdf,https://sfa.iuh.edu.vn/news.html@detail@371@12911@Chuan-dau-ra-chuong-trinh-dao-tao-nganh-Tai-chinh-doanh-nghiep-nam-2018,Viện Tài chính - Kế toán,HCM,VIEN_TAI_CHINH_KE_TOAN,true,,auto,3,4604,ok,149120,4ae7ef255d2b550132ec9299fd1d13f5aa7e29d70fe8fe6aba619828598a3d06,files/vien-tai-chinh-ke-toan/4ae7ef255d2b.pdf,true,2026-09-30T07:44:31+00:00,true,,
4e7964e4c611,MUC TIEU VA CHUAN DAU RA NGANH KE TOAN 2022.pdf,https://sfa.iuh.edu.vn/upload/files/MUC%20TIEU%20VA%20CHUAN%20DAU%20RA%20NGANH%20KE%20TOAN%202022.pdf,https://sfa.iuh.edu.vn/news.html@detail@313@12578@Muc-tieu-dao-tao-va-Chuan-dau-ra-cua-chuong-trinh-dao-tao-nganh-Ke-toan-nam-2022,Viện Tài chính - Kế toán,HCM,VIEN_TAI_CHINH_KE_TOAN,true,,auto,1,1733,ok,131467,4e7964e4c6114b4ae5c2eb97b001d98390166a70b205ca94106f430b023730af,files/vien-tai-chinh-ke-toan/4e7964e4c611.pdf,true,2026-09-30T07:44:56+00:00,true,,
4e8c2a0aa9fe,TAI LIEU HUONG DAN SU DUNG ELEARNING - SINH VIEN.pdf,https://sfa.iuh.edu.vn/upload/files/TAI%20LIEU%20HUONG%20DAN%20SU%20DUNG%20ELEARNING%20-%20SINH%20VIEN.pdf,https://sfa.iuh.edu.vn/news.html@detail@306@12075@Tai-lieu-huong-dan-su-dung-E-Learning,Viện Tài chính - Kế toán,HCM,VIEN_TAI_CHINH_KE_TOAN,false,4,auto,7,3277,ok,1812266,4e8c2a0aa9fe146a19d85019c62a9f45d360baa9a6256c59ce5b5d054fe91624,files/vien-tai-chinh-ke-toan/4e8c2a0aa9fe.pdf,true,2026-09-30T07:45:01+00:00,true,,
51a880d52c2b,Chuẩn dầu ra CTDT 2018_TCNH.pdf,https://sfa.iuh.edu.vn/upload/files/CTDT%20TCNH%202024/Chu%E1%BA%A9n%20d%E1%BA%A7u%20ra%20CTDT%202018_TCNH.pdf,https://sfa.iuh.edu.vn/news.html@detail@362@12893@Chuan-dau-ra-chuong-trinh-dao-tao-nganh-Tai-chinh-Ngan-hang-nam-2018,Viện Tài chính - Kế toán,HCM,VIEN_TAI_CHINH_KE_TOAN,true,,auto,3,4420,ok,149572,51a880d52c2be7c4719b7eeec3db9bdac4508683292dd3e6d3362641925e0905,files/vien-tai-chinh-ke-toan/51a880d52c2b.pdf,true,2026-09-30T07:44:41+00:00,true,,
59a5bde1587d,2025_03_11 TB 16 Tuyen sinh tien si 2025-1.pdf,https://sfa.iuh.edu.vn/upload/files/ThS%202024/2025_03_11%20TB%2016%20Tuyen%20sinh%20tien%20si%202025-1.pdf,https://sfa.iuh.edu.vn/news.html@detail@250@13170@Thong-bao-tuyen-sinh-dao-tao-trinh-do-Tien-si-nam-2025-%E2%80%93-Dot-1,Viện Tài chính - Kế toán,HCM,VIEN_TAI_CHINH_KE_TOAN,false,2,auto,8,0,scanned,5185912,59a5bde1587d226935ca4e29e24ba63531d3ff851f6eb57bb4d79012ce33e779,scanned_pdf/vien-tai-chinh-ke-toan/59a5bde1587d.pdf,true,2026-09-30T07:45:02+00:00,false,,
5a15c85742b8,MỤC TIEU VA CDR CTDT ThS 2016.pdf,https://sfa.iuh.edu.vn/upload/files/ThS%20TCNH%202024/M%E1%BB%A4C%20TIEU%20VA%20CDR%20CTDT%20ThS%202016.pdf,https://sfa.iuh.edu.vn/news.html@detail@367@12905@Muc-tieu-va-chuan-dau-ra-chuong-trinh-thac-si-Tai-chinh-%E2%80%93-Ngan-hang-nam-2016,Viện Tài chính - Kế toán,HCM,VIEN_TAI_CHINH_KE_TOAN,true,,auto,4,5451,ok,191867,5a15c85742b82f53b95699eacea6338ea20a941a8be54891ac5530a1f9d8b60f,files/vien-tai-chinh-ke-toan/5a15c85742b8.pdf,true,2026-09-30T07:45:08+00:00,true,,
5a2f491252f3,QDh v_v ban hanh CTDhT trinh do DhHCQ nganh Fintech so 3744 ngay 30_12_2024.pdf,https://sfa.iuh.edu.vn/upload/files/Fintech/QDh%20v_v%20ban%20hanh%20CTDhT%20trinh%20do%20DhHCQ%20nganh%20Fintech%20so%203744%20ngay%2030_12_2024.pdf,https://sfa.iuh.edu.vn/news.html@detail@312@13114@Quyet-dinh-ve-viec-ban-hanh-CTDT-trinh-do-Dai-hoc-chinh-quy-nganh-Fintech-so-3744-ngay-30-12-2024,Viện Tài chính - Kế toán,HCM,VIEN_TAI_CHINH_KE_TOAN,true,,auto,1,2672,garbled_ocr,544348,5a2f491252f3d4114924c79e51ebed2927483aa7be3b70afaa20eadc8b26965e,scanned_pdf/vien-tai-chinh-ke-toan/5a2f491252f3.pdf,true,2026-09-30T07:44:49+00:00,false,,
5b5536f3c168,CTDT KT - 2023.pdf,https://sfa.iuh.edu.vn/upload/files/CTDT%20KT-kiem%20dinh/CTDT%20KT%20-%202023.pdf,https://sfa.iuh.edu.vn/news.html@detail@314@13107@Chuong-trinh-dao-tao-Ke-toan-2023,Viện Tài chính - Kế toán,HCM,VIEN_TAI_CHINH_KE_TOAN,true,,auto,4,8618,ok,287730,5b5536f3c168a2d1365200227041938131208db2454bc3a5ebbb19bd4e49676e,files/vien-tai-chinh-ke-toan/5b5536f3c168.pdf,true,2026-09-30T07:43:42+00:00,true,,
5d902c4e62b5,BẢN MO TẢ CHUONG TRINH DAO TẠO_2021-in.pdf,https://sfa.iuh.edu.vn/upload/files/B%E1%BA%A2N%20MO%20T%E1%BA%A2%20CHUONG%20TRINH%20DAO%20T%E1%BA%A0O_2021-in.pdf,https://sfa.iuh.edu.vn/news.html@detail@342@12381@Ban-mo-ta-chuong-trinh-dao-tao-nam-hoc-2021-2022,Viện Tài chính - Kế toán,HCM,VIEN_TAI_CHINH_KE_TOAN,true,,auto,81,112473,ok,2245192,5d902c4e62b54e574e1f6962978215e8dd9d2764ec8dc6f481d5ad9cfebcc23d,files/vien-tai-chinh-ke-toan/5d902c4e62b5.pdf,true,2026-09-30T07:43:24+00:00,true,,
63b0556c880d,Chuong trinh khung-TCDN 2022.pdf,https://sfa.iuh.edu.vn/upload/files/CTDT%20TCDN%202024/Chuong%20trinh%20khung-TCDN%202022.pdf,https://sfa.iuh.edu.vn/news.html@detail@372@12916@-Chuong-trinh-dao-tao-nganh-Tai-chinh-doanh-nghiep-nam-2022,Viện Tài chính - Kế toán,HCM,VIEN_TAI_CHINH_KE_TOAN,true,,auto,9,11446,ok,366735,63b0556c880d07afac1a88aed26ab66c10190a038d1c9c3b130e80234a9367a2,files/vien-tai-chinh-ke-toan/63b0556c880d.pdf,true,2026-09-30T07:44:34+00:00,true,,
6618fc079b9b,0_0_ BOA OF PROGRAMME SPEC_FINAL.pdf,https://sfa.iuh.edu.vn/upload/files/0_0_%20BOA%20OF%20PROGRAMME%20SPEC_FINAL.pdf,https://sfa.iuh.edu.vn/news.html@detail@320@11833@Ban-dac-ta-chuong-trinh-cap-nhat-2018,Viện Tài chính - Kế toán,HCM,VIEN_TAI_CHINH_KE_TOAN,false,4,auto,61,145108,ok,1875626,6618fc079b9bead6edf7088ae7671b6c2dcbaafa94c1bab426d83d8f7912d235,files/vien-tai-chinh-ke-toan/6618fc079b9b.pdf,true,2026-09-30T07:41:50+00:00,true,,
6aa94d9add98,Ban mo ta CTDT 2018_KIEM TOAN.pdf,https://sfa.iuh.edu.vn/upload/files/CTDT%20Ki%E1%BB%83m%20toan%20updated%202024/Ban%20mo%20ta%20CTDT%202018_KIEM%20TOAN.pdf,https://sfa.iuh.edu.vn/news.html@detail@336@12883@Ban-mo-ta-chuong-trinh-dao-tao-nam-2018,Viện Tài chính - Kế toán,HCM,VIEN_TAI_CHINH_KE_TOAN,true,,auto,91,87894,ok,1343764,6aa94d9add98cfea68c262df2e54dcc60a4a4150aaede9394607c1e3949a584c,files/vien-tai-chinh-ke-toan/6aa94d9add98.pdf,true,2026-09-30T07:43:54+00:00,true,,
6c85ed1f04bb,Chuẩn dầu ra CTDT 2022_TCDN.pdf,https://sfa.iuh.edu.vn/upload/files/CTDT%20TCDN%202024/Chu%E1%BA%A9n%20d%E1%BA%A7u%20ra%20CTDT%202022_TCDN.pdf,https://sfa.iuh.edu.vn/news.html@detail@371@12913@Chuan-dau-ra-chuong-trinh-dao-tao-nganh-Tai-chinh-doanh-nghiep-nam-2022,Viện Tài chính - Kế toán,HCM,VIEN_TAI_CHINH_KE_TOAN,true,,auto,4,5916,ok,190947,6c85ed1f04bb035ac3f1395d7489c5217254393549fbc1d1ad4cb087d8046615,files/vien-tai-chinh-ke-toan/6c85ed1f04bb.pdf,true,2026-09-30T07:44:30+00:00,true,,
6d245f93218d,Chuẩn dầu ra CTDT 2022_TCNH.pdf,https://sfa.iuh.edu.vn/upload/files/CTDT%20TCNH%202024/Chu%E1%BA%A9n%20d%E1%BA%A7u%20ra%20CTDT%202022_TCNH.pdf,https://sfa.iuh.edu.vn/news.html@detail@362@12895@Chuan-dau-ra-chuong-trinh-dao-tao-nganh-Tai-chinh-Ngan-hang-nam-2022,Viện Tài chính - Kế toán,HCM,VIEN_TAI_CHINH_KE_TOAN,false,2,auto,4,5847,ok,192987,6d245f93218ddc1d739fb433e745a430a924f165fe215956475c6d3ae0a2cfa2,files/vien-tai-chinh-ke-toan/6d245f93218d.pdf,true,2026-09-30T07:44:43+00:00,true,,
6e1da6eb3132,ALUMNI HANDBOOK-da nen.pdf,https://sfa.iuh.edu.vn/upload/files/AUN%20KT%202024/ALUMNI%20HANDBOOK-da%20nen.pdf,https://sfa.iuh.edu.vn/news.html@detail@388@13219@So-tay-Cuu-sinh-vien-2024,Viện Tài chính - Kế toán,HCM,VIEN_TAI_CHINH_KE_TOAN,false,2,auto,42,54360,ok,1612046,6e1da6eb313295e3395632059710de06874efb76c9206d9940756dd9253a5675,files/vien-tai-chinh-ke-toan/6e1da6eb3132.pdf,true,2026-09-30T07:42:54+00:00,true,,
6fd54da05ed7,Chuẩn dầu ra CTDT 2022_KIEM TOAN.pdf,https://sfa.iuh.edu.vn/upload/files/CTDT%20Ki%E1%BB%83m%20toan%20updated%202024/Chu%E1%BA%A9n%20d%E1%BA%A7u%20ra%20CTDT%202022_KIEM%20TOAN.pdf,https://sfa.iuh.edu.vn/news.html@detail@333@12888@Chuan-dau-ra-chuong-trinh-dao-tao-nganh-Kiem-toan-nam-2022,Viện Tài chính - Kế toán,HCM,VIEN_TAI_CHINH_KE_TOAN,true,,auto,1,1323,ok,155839,6fd54da05ed7d2f0116f783de9eb46ecbe9a53893a5c5062ceba38aacc9d8d74,files/vien-tai-chinh-ke-toan/6fd54da05ed7.pdf,true,2026-09-30T07:44:17+00:00,true,,
7143856c4f06,Rubrics-Thesis.pdf,https://sfa.iuh.edu.vn/upload/files/rubric/Rubrics-Thesis.pdf,https://sfa.iuh.edu.vn/news.html@detail@321@13190@Rubrics-Thesis,Viện Tài chính - Kế toán,HCM,VIEN_TAI_CHINH_KE_TOAN,true,,auto,10,25778,ok,415317,7143856c4f06c27998193acaf74a32ea391024f863e4407a99ab960ba067d8bb,files/vien-tai-chinh-ke-toan/7143856c4f06.pdf,true,2026-09-30T07:45:12+00:00,true,,
766bf6452c4d,Chuẩn dầu ra CTDT 2020_TCNH.pdf,https://sfa.iuh.edu.vn/upload/files/CTDT%20TCNH%202024/Chu%E1%BA%A9n%20d%E1%BA%A7u%20ra%20CTDT%202020_TCNH.pdf,https://sfa.iuh.edu.vn/news.html@detail@362@12894@Chuan-dau-ra-chuong-trinh-dao-tao-nganh-Tai-chinh-Ngan-hang-nam-2020,Viện Tài chính - Kế toán,HCM,VIEN_TAI_CHINH_KE_TOAN,true,,auto,3,4419,ok,149602,766bf6452c4d24dd8b8d42afcbf4482b8d44d15ab6ea1d923573b8e01d47d119,files/vien-tai-chinh-ke-toan/766bf6452c4d.pdf,true,2026-09-30T07:44:42+00:00,true,,
77e55e8e2848,Mapping PI - Courses.pdf,https://sfa.iuh.edu.vn/upload/files/Mapping%20PI%20-%20Courses.pdf,https://sfa.iuh.edu.vn/news.html@detail@320@11970@Mapping-PI-Courses-2018,Viện Tài chính - Kế toán,HCM,VIEN_TAI_CHINH_KE_TOAN,true,,auto,4,3922,ok,246156,77e55e8e2848a6c91048e47c0ecf2f33435a4b573c98597681956669c6b21d64,files/vien-tai-chinh-ke-toan/77e55e8e2848.pdf,true,2026-09-30T07:44:57+00:00,true,,
78036735924c,CTDT 2022_KIEM TOAN.pdf,https://sfa.iuh.edu.vn/upload/files/CTDT%20Ki%E1%BB%83m%20toan%20updated%202024/CTDT%202022_KIEM%20TOAN.pdf,https://sfa.iuh.edu.vn/news.html@detail@334@12892@Chuong-trinh-dao-tao-nganh-Kiem-toan-nam-2022,Viện Tài chính - Kế toán,HCM,VIEN_TAI_CHINH_KE_TOAN,false,4,auto,6,12052,ok,369886,78036735924cafe2ecef7eb38a067efe190ca41756174b93b487cdd2b282cfa4,files/vien-tai-chinh-ke-toan/78036735924c.pdf,true,2026-09-30T07:44:07+00:00,true,,
783cef8626fc,COMPARISONS ELOs 2016 TIENG VIET 25-06-2019(2).pdf,https://sfa.iuh.edu.vn/upload/files/COMPARISONS%20ELOs%202016%20TIENG%20VIET%2025-06-2019(2).pdf,https://sfa.iuh.edu.vn/news.html@detail@313@11810@Muc-tieu-dao-tao-va-Chuan-dau-ra-cua-chuong-trinh-dao-tao-nganh-Ke-toan-nam-2016,Viện Tài chính - Kế toán,HCM,VIEN_TAI_CHINH_KE_TOAN,true,,auto,2,1359,ok,191708,783cef8626fc1fe0559c203e38987d775e8e45c9a415b80b7818ea07fe98ea39,files/vien-tai-chinh-ke-toan/783cef8626fc.pdf,true,2026-09-30T07:43:36+00:00,true,,
7daef4015a22,PRO SPEC 2023-da nen.pdf,https://sfa.iuh.edu.vn/upload/files/AUN%20KT%202024/PRO%20SPEC%202023-da%20nen.pdf,https://sfa.iuh.edu.vn/news.html@detail@320@13211@Ban-mo-ta-chuong-trinh-dao-tao-nam-2023,Viện Tài chính - Kế toán,HCM,VIEN_TAI_CHINH_KE_TOAN,true,,auto,92,170543,ok,1893644,7daef4015a22a59b2e64fd81460713d87264492083c2c1d31eb55d3b7db7279a,files/vien-tai-chinh-ke-toan/7daef4015a22.pdf,true,2026-09-30T07:43:06+00:00,true,,
886fd4ea849d,Nien giam nganh Kế toan nam 2023.pdf,https://sfa.iuh.edu.vn/upload/files/Niem%20giam%20KT/Nien%20giam%20nganh%20K%E1%BA%BF%20toan%20nam%202023.pdf,https://sfa.iuh.edu.vn/news.html@detail@381@13094@Nien-giam-nganh-Ke-toan-nam-2023,Viện Tài chính - Kế toán,HCM,VIEN_TAI_CHINH_KE_TOAN,false,3,auto,10,13514,ok,312894,886fd4ea849d3db2ea9664144c4dbfa2a5bb7dd21cad79f88915d2a257b0749f,files/vien-tai-chinh-ke-toan/886fd4ea849d.pdf,true,2026-09-30T07:44:58+00:00,true,,
8a8f61400e26,Ban hanh CTDT - Tien si - Ke toan 2021_01_31.pdf,https://sfa.iuh.edu.vn/upload/files/Ban%20hanh%20CTDT%20-%20Tien%20si%20-%20Ke%20toan%202021_01_31.pdf,https://sfa.iuh.edu.vn/news.html@detail@347@12587@Chuong-trinh-Tien-si-Ke-toan-2022,Viện Tài chính - Kế toán,HCM,VIEN_TAI_CHINH_KE_TOAN,true,,auto,2,1783,ok,156569,8a8f61400e2688bd21cbdc79102aa09955c7bfae6cf24af8446094d7c8a4fa66,files/vien-tai-chinh-ke-toan/8a8f61400e26.pdf,true,2026-09-30T07:43:26+00:00,true,,
8e879f1510e6,ths 2021.pdf,https://sfa.iuh.edu.vn/upload/files/2020/ths%202021.pdf,https://sfa.iuh.edu.vn/news.html@detail@328@12324@Khung-chuong-trinh-Thac-si-2021,Viện Tài chính - Kế toán,HCM,VIEN_TAI_CHINH_KE_TOAN,true,,auto,3,2727,ok,563518,8e879f1510e641e2df189623f2f30a9434c5d1faa69e204e889a3da2a7bcbebf,files/vien-tai-chinh-ke-toan/8e879f1510e6.pdf,true,2026-09-30T07:42:38+00:00,true,,
91bf3d6ff913,NGAN HANG-DAI TRA.pdf,https://sfa.iuh.edu.vn/upload/files/2.CTDT%202026/NGAN%20HANG-DAI%20TRA.pdf,https://sfa.iuh.edu.vn/news.html@detail@363@13365@Chuong-trinh-dao-tao-Ngan-hang-2026,Viện Tài chính - Kế toán,HCM,VIEN_TAI_CHINH_KE_TOAN,true,,auto,6,7300,ok,110187,91bf3d6ff91341a3d55ae95d0b92fed57c22e1bb846397995e90d706ea626c74,files/vien-tai-chinh-ke-toan/91bf3d6ff913.pdf,true,2026-09-30T07:42:14+00:00,true,,
9491d872b9be,PRO SPEC 2022-da nen.pdf,https://sfa.iuh.edu.vn/upload/files/AUN%20KT%202024/PRO%20SPEC%202022-da%20nen.pdf,https://sfa.iuh.edu.vn/news.html@detail@320@13212@Ban-mo-ta-chuong-trinh-dao-tao-nam-2022,Viện Tài chính - Kế toán,HCM,VIEN_TAI_CHINH_KE_TOAN,false,2,auto,90,171229,ok,1805106,9491d872b9be8d233c06948f43b22aaa159bae417eb63edcf0fbf931fcf00b15,files/vien-tai-chinh-ke-toan/9491d872b9be.pdf,true,2026-09-30T07:43:05+00:00,true,,
973a261263ab,KHUNG FINTECH K20.pdf,https://sfa.iuh.edu.vn/upload/files/Fintech/KHUNG%20FINTECH%20K20.pdf,https://sfa.iuh.edu.vn/news.html@detail@384@13112@Chuong-trinh-dao-tao-nganh-Cong-nghe-Tai-chinh-nam-2025,Viện Tài chính - Kế toán,HCM,VIEN_TAI_CHINH_KE_TOAN,false,4,auto,7,9398,ok,260575,973a261263ab80eba54fefe639a0b3a3a9a1ad0193a052292e95a74c9828e888,files/vien-tai-chinh-ke-toan/973a261263ab.pdf,true,2026-09-30T07:44:47+00:00,true,,
9a0d310276ab,COMPARISONS ELOs 2015 TIENG VIET 25-06-2019.pdf,https://sfa.iuh.edu.vn/upload/files/COMPARISONS%20ELOs%202015%20TIENG%20VIET%2025-06-2019.pdf,https://sfa.iuh.edu.vn/news.html@detail@313@11885@Muc-tieu-dao-tao-va-Chuan-dau-ra-cua-chuong-trinh-dao-tao-nganh-Ke-toan-nam-2015,Viện Tài chính - Kế toán,HCM,VIEN_TAI_CHINH_KE_TOAN,true,,auto,2,1339,ok,190116,9a0d310276abca09255038809ca45aab64def2b60a22641451da14a72a27ac64,files/vien-tai-chinh-ke-toan/9a0d310276ab.pdf,true,2026-09-30T07:43:34+00:00,true,,
9be8571eb5ce,Chuẩn dầu ra CTDT 2020_KIEM TOAN.pdf,https://sfa.iuh.edu.vn/upload/files/CTDT%20Ki%E1%BB%83m%20toan%20updated%202024/Chu%E1%BA%A9n%20d%E1%BA%A7u%20ra%20CTDT%202020_KIEM%20TOAN.pdf,https://sfa.iuh.edu.vn/news.html@detail@333@12887@Chuan-dau-ra-chuong-trinh-dao-tao-nganh-Kiem-toan-nam-2020,Viện Tài chính - Kế toán,HCM,VIEN_TAI_CHINH_KE_TOAN,true,,auto,1,1252,ok,121869,9be8571eb5ce9d35e26b7311dfd049258cb4186b49e848282d8a82186fda9179,files/vien-tai-chinh-ke-toan/9be8571eb5ce.pdf,true,2026-09-30T07:44:13+00:00,true,,
9d1044e60f91,CTDT KT - 2024.pdf,https://sfa.iuh.edu.vn/upload/files/CTDT%20KT-kiem%20dinh/CTDT%20KT%20-%202024.pdf,https://sfa.iuh.edu.vn/news.html@detail@314@13109@Chuong-trinh-dao-tao-Ke-toan-2024,Viện Tài chính - Kế toán,HCM,VIEN_TAI_CHINH_KE_TOAN,true,,auto,4,8489,ok,287042,9d1044e60f91a92113477d76a5a8f656552cb027a02f2fbf2d6757d1fc0a7cdc,files/vien-tai-chinh-ke-toan/9d1044e60f91.pdf,true,2026-09-30T07:43:44+00:00,true,,
9e6ccf604480,KE TOAN-TCTA.pdf,https://sfa.iuh.edu.vn/upload/files/2.CTDT%202026/KE%20TOAN-TCTA.pdf,https://sfa.iuh.edu.vn/news.html@detail@314@13358@Chuong-trinh-dao-tao-Ke-toan-TCTA-2026,Viện Tài chính - Kế toán,HCM,VIEN_TAI_CHINH_KE_TOAN,true,,auto,6,7577,ok,111405,9e6ccf604480724942fc9e9d4f5d774b9a38e5cd78476692e9346d28f3807eb9,files/vien-tai-chinh-ke-toan/9e6ccf604480.pdf,true,2026-09-30T07:42:01+00:00,true,,
a3cf3f6adebf,1_2 Rubrics 20_8_2024.pdf,https://sfa.iuh.edu.vn/upload/files/AUN%20KT%202024/1_2%20Rubrics%2020_8_2024.pdf,https://sfa.iuh.edu.vn/news.html@detail@321@13221@Rubrics-danh-gia-hoc-phan-Thuc-tap-doanh-nghiep-2024,Viện Tài chính - Kế toán,HCM,VIEN_TAI_CHINH_KE_TOAN,true,,auto,7,15764,ok,326035,a3cf3f6adebff4c30b6177621bcb26146ef9af5905ded09811da8e031fbd728f,files/vien-tai-chinh-ke-toan/a3cf3f6adebf.pdf,true,2026-09-30T07:42:50+00:00,true,,
a51751a9903d,QD_1346-QC-quan-ly-cong-tac-thi-va-ket-qua-hoc-tap-2021.pdf,https://sfa.iuh.edu.vn/upload/files/2024/Ki%E1%BB%83m%20d%E1%BB%8Bnh%202024/QD_1346-QC-quan-ly-cong-tac-thi-va-ket-qua-hoc-tap-2021.pdf,https://sfa.iuh.edu.vn/news.html@detail@312@12870@Quy-che-quan-ly-cong-tac-thi-va-danh-gia-ket-qua-hoc-tap-Truong-DH-Cong-nghiep-TP.-HCM-nam-2021,Viện Tài chính - Kế toán,HCM,VIEN_TAI_CHINH_KE_TOAN,true,,auto,36,0,scanned,5996557,a51751a9903d18b88ff0b9eefc41d12343f4d60d294cce1fe3f63cd8d3170c3e,scanned_pdf/vien-tai-chinh-ke-toan/a51751a9903d.pdf,true,2026-09-30T07:42:43+00:00,false,,
a5840b200655,Muc tieu va CDR CTDT ThS 2022.pdf,https://sfa.iuh.edu.vn/upload/files/ThS%20TCNH%202024/Muc%20tieu%20va%20CDR%20CTDT%20ThS%202022.pdf,https://sfa.iuh.edu.vn/news.html@detail@367@12906@Muc-tieu-va-chuan-dau-ra-chuong-trinh-thac-si-Tai-chinh-%E2%80%93-Ngan-hang-nam-2022,Viện Tài chính - Kế toán,HCM,VIEN_TAI_CHINH_KE_TOAN,true,,auto,3,4495,ok,176142,a5840b2006558cc5bbd69ea25caf1edd89b2ec96de9fbc6ff3854508e51ea686,files/vien-tai-chinh-ke-toan/a5840b200655.pdf,true,2026-09-30T07:45:09+00:00,true,,
a7f574f850c8,KE TOAN-DAI TRA.pdf,https://sfa.iuh.edu.vn/upload/files/2.CTDT%202026/KE%20TOAN-DAI%20TRA.pdf,https://sfa.iuh.edu.vn/news.html@detail@314@13357@Chuong-trinh-dao-tao-Ke-toan-2026,Viện Tài chính - Kế toán,HCM,VIEN_TAI_CHINH_KE_TOAN,false,2,auto,6,7400,ok,110719,a7f574f850c89ee4c996eb59f2ce8edd30a5aeaccdfcecdba9a7af3af3aeaf4c,files/vien-tai-chinh-ke-toan/a7f574f850c8.pdf,true,2026-09-30T07:41:56+00:00,true,,
acbeb4b407f1,0_ BOA PROGRAMME SPEC 2016 - FINAL (SAR)(1).pdf,https://sfa.iuh.edu.vn/upload/files/0_%20BOA%20PROGRAMME%20SPEC%202016%20-%20FINAL%20(SAR)(1).pdf,https://sfa.iuh.edu.vn/news.html@detail@320@11834@Ban-dac-ta-chuong-trinh-cap-nhat-2016,Viện Tài chính - Kế toán,HCM,VIEN_TAI_CHINH_KE_TOAN,false,4,auto,38,76793,ok,737892,acbeb4b407f1ee7991f40cddbe3dc52e660ae81f7dcd61255d0c846714a6efcb,files/vien-tai-chinh-ke-toan/acbeb4b407f1.pdf,true,2026-09-30T07:41:47+00:00,true,,
ae74d0ff9512,PRO SPEC 2021-da nen.pdf,https://sfa.iuh.edu.vn/upload/files/AUN%20KT%202024/PRO%20SPEC%202021-da%20nen.pdf,https://sfa.iuh.edu.vn/news.html@detail@320@13213@Ban-mo-ta-chuong-trinh-dao-tao-nam-2021,Viện Tài chính - Kế toán,HCM,VIEN_TAI_CHINH_KE_TOAN,true,,auto,78,154677,ok,1922783,ae74d0ff9512c4086b7e42dfc9c1828f9786df98b776a1682390668e44d0762d,files/vien-tai-chinh-ke-toan/ae74d0ff9512.pdf,true,2026-09-30T07:43:03+00:00,true,,
af33c689dc21,CTDT 2020_TCNH.pdf,https://sfa.iuh.edu.vn/upload/files/CTDT%20TCNH%202024/CTDT%202020_TCNH.pdf,https://sfa.iuh.edu.vn/news.html@detail@363@12897@Chuong-trinh-dao-tao-nganh-Tai-chinh-Ngan-hang-nam-2020,Viện Tài chính - Kế toán,HCM,VIEN_TAI_CHINH_KE_TOAN,true,,auto,7,9154,ok,362508,af33c689dc215b16dce005c9d7254971fc2740d2b3b511b41e43e8ff558d82ee,files/vien-tai-chinh-ke-toan/af33c689dc21.pdf,true,2026-09-30T07:44:39+00:00,true,,
b11dbfd3bac7,TAI CHINH-TCTA.pdf,https://sfa.iuh.edu.vn/upload/files/2.CTDT%202026/TAI%20CHINH-TCTA.pdf,https://sfa.iuh.edu.vn/news.html@detail@372@13364@Chuong-trinh-dao-tao-Tai-chinh-TCTA-2026,Viện Tài chính - Kế toán,HCM,VIEN_TAI_CHINH_KE_TOAN,true,,auto,7,8006,ok,112535,b11dbfd3bac72594c58d970a6ec6518ed53391751634b68b3f07f459e8081fe1,files/vien-tai-chinh-ke-toan/b11dbfd3bac7.pdf,true,2026-09-30T07:42:23+00:00,true,,
b3861a57afde,Chuong trinh khung -TCDN 2018.pdf,https://sfa.iuh.edu.vn/upload/files/CTDT%20TCDN%202024/Chuong%20trinh%20khung%20-TCDN%202018.pdf,https://sfa.iuh.edu.vn/news.html@detail@372@12914@-Chuong-trinh-dao-tao-nganh-Tai-chinh-doanh-nghiep-nam-2018,Viện Tài chính - Kế toán,HCM,VIEN_TAI_CHINH_KE_TOAN,false,2,auto,10,9436,ok,380331,b3861a57afdeddaefb3283dc60f244250a7bff30df9848cb4da5b6fbe874b63e,files/vien-tai-chinh-ke-toan/b3861a57afde.pdf,true,2026-09-30T07:44:32+00:00,true,,
b4da7cfe00bf,RUBRIC-Intership1.pdf,https://sfa.iuh.edu.vn/upload/files/rubric/RUBRIC-Intership1.pdf,https://sfa.iuh.edu.vn/news.html@detail@321@13188@Rubric-Intership-1,Viện Tài chính - Kế toán,HCM,VIEN_TAI_CHINH_KE_TOAN,true,,auto,7,19254,ok,417189,b4da7cfe00bf2fedfbf93f3c28c3d48502e2294ab23eb9e311dce8a4ec1656f4,files/vien-tai-chinh-ke-toan/b4da7cfe00bf.pdf,true,2026-09-30T07:45:10+00:00,true,,
b6d75740ecf6,COMPARISONS ELOs 2017 TIENG VIET 25-06-2019.pdf,https://sfa.iuh.edu.vn/upload/files/COMPARISONS%20ELOs%202017%20TIENG%20VIET%2025-06-2019.pdf,https://sfa.iuh.edu.vn/news.html@detail@313@11886@Muc-tieu-dao-tao-va-Chuan-dau-ra-cua-chuong-trinh-dao-tao-nganh-Ke-toan-nam-2017,Viện Tài chính - Kế toán,HCM,VIEN_TAI_CHINH_KE_TOAN,true,,auto,2,1359,ok,191712,b6d75740ecf637140d0bb9cd5fadfa9ebc6f9ebda3dcd3ef4f96fe367ade7de5,files/vien-tai-chinh-ke-toan/b6d75740ecf6.pdf,true,2026-09-30T07:43:38+00:00,true,,
b759c9ccd7f4,Ban mo ta CTDT 2022_TCNH(1).pdf,https://sfa.iuh.edu.vn/upload/files/CTDT%20TCNH%202024/Ban%20mo%20ta%20CTDT%202022_TCNH(1).pdf,https://sfa.iuh.edu.vn/news.html@detail@365@12904@Ban-mo-ta-chuong-trinh-dao-tao-nam-2022,Viện Tài chính - Kế toán,HCM,VIEN_TAI_CHINH_KE_TOAN,true,,auto,56,77192,ok,779736,b759c9ccd7f44af7bd70906f67ca851daab71d5e5152327e691dcd8fdc18ecbc,files/vien-tai-chinh-ke-toan/b759c9ccd7f4.pdf,true,2026-09-30T07:44:38+00:00,true,,
b859123be5f1,CTDT 2018_TCNH.pdf,https://sfa.iuh.edu.vn/upload/files/CTDT%20TCNH%202024/CTDT%202018_TCNH.pdf,https://sfa.iuh.edu.vn/news.html@detail@363@12896@Chuong-trinh-dao-tao-nganh-Tai-chinh-Ngan-hang-nam-2018,Viện Tài chính - Kế toán,HCM,VIEN_TAI_CHINH_KE_TOAN,true,,auto,9,8933,ok,363413,b859123be5f1b072d27ad0154d4530eceac2676afb328c4bc8aa4f19e125d54f,files/vien-tai-chinh-ke-toan/b859123be5f1.pdf,true,2026-09-30T07:44:38+00:00,true,,
b9e45dcdd6ef,QDh v_v mo nganh DhT trinh do DhHCQ nganh Fintech so 3758 ngay 31_12_2024.pdf,https://sfa.iuh.edu.vn/upload/files/Fintech/QDh%20v_v%20mo%20nganh%20DhT%20trinh%20do%20DhHCQ%20nganh%20Fintech%20so%203758%20ngay%2031_12_2024.pdf,https://sfa.iuh.edu.vn/news.html@detail@312@13115@Quyet-dinh-ve-viec-mo-nganh-dao-tao-trinh-do-Dai-hoc-chinh-quy-nganh-Fintech-so-3758-ngay-31-12-2024,Viện Tài chính - Kế toán,HCM,VIEN_TAI_CHINH_KE_TOAN,true,,auto,1,2606,garbled_ocr,551438,b9e45dcdd6ef665064c2aed7be305f156109e049e5f5f5a0df260583c1b7a2ad,scanned_pdf/vien-tai-chinh-ke-toan/b9e45dcdd6ef.pdf,true,2026-09-30T07:44:50+00:00,false,,
bee892698bfc,CTDT 2022_TCNH.pdf,https://sfa.iuh.edu.vn/upload/files/CTDT%20TCNH%202024/CTDT%202022_TCNH.pdf,https://sfa.iuh.edu.vn/news.html@detail@363@12898@Chuong-trinh-dao-tao-nganh-Tai-chinh-Ngan-hang-nam-2022,Viện Tài chính - Kế toán,HCM,VIEN_TAI_CHINH_KE_TOAN,true,,auto,6,10498,ok,394720,bee892698bfc7760f3072935157fc3a1992bc26ee3fb88b464ee8a0480c15cfc,files/vien-tai-chinh-ke-toan/bee892698bfc.pdf,true,2026-09-30T07:44:40+00:00,true,,
c0a5346eeded,BẢN MO TẢ CHUONG TRINH DAO TẠO_2020-in.pdf,https://sfa.iuh.edu.vn/upload/files/2020/B%E1%BA%A2N%20MO%20T%E1%BA%A2%20CHUONG%20TRINH%20DAO%20T%E1%BA%A0O_2020-in.pdf,https://sfa.iuh.edu.vn/news.html@detail@342@12380@Ban-mo-ta-chuong-trinh-dao-tao-nam-hoc-2020-2021,Viện Tài chính - Kế toán,HCM,VIEN_TAI_CHINH_KE_TOAN,false,3,auto,80,110772,ok,2252401,c0a5346eededab8fa97673d44c78d0bae3707f636168bbfa9dbf38f1a2345782,files/vien-tai-chinh-ke-toan/c0a5346eeded.pdf,true,2026-09-30T07:42:30+00:00,true,,
c6a7cde4ada7,Khung CTDT 2022.pdf,https://sfa.iuh.edu.vn/upload/files/ThS%20TCNH%202024/Khung%20CTDT%202022.pdf,https://sfa.iuh.edu.vn/news.html@detail@368@12910@Khung-chuong-trinh-thac-si-Tai-chinh-%E2%80%93-Ngan-hang-nam-2022,Viện Tài chính - Kế toán,HCM,VIEN_TAI_CHINH_KE_TOAN,false,3,auto,2,2030,ok,195247,c6a7cde4ada788b257b8cbca9e8fbaa3fa06b559a68c307aebfc25d71cfb9119,files/vien-tai-chinh-ke-toan/c6a7cde4ada7.pdf,true,2026-09-30T07:45:07+00:00,true,,
c9cc421ea93a,CTDT 2020_KIEM TOAN.pdf,https://sfa.iuh.edu.vn/upload/files/CTDT%20Ki%E1%BB%83m%20toan%20updated%202024/CTDT%202020_KIEM%20TOAN.pdf,https://sfa.iuh.edu.vn/news.html@detail@334@12891@Chuong-trinh-dao-tao-nganh-Kiem-toan-nam-2020,Viện Tài chính - Kế toán,HCM,VIEN_TAI_CHINH_KE_TOAN,true,,auto,11,11492,ok,431882,c9cc421ea93ad8fc91be0516784901fc6dc1b4746107d0c870b097be681c0a7e,files/vien-tai-chinh-ke-toan/c9cc421ea93a.pdf,true,2026-09-30T07:44:05+00:00,true,,
caa1d9e4b7a0,CTDT 2018_KIEM TOAN.pdf,https://sfa.iuh.edu.vn/upload/files/CTDT%20Ki%E1%BB%83m%20toan%20updated%202024/CTDT%202018_KIEM%20TOAN.pdf,https://sfa.iuh.edu.vn/news.html@detail@334@12890@Chuong-trinh-dao-tao-nganh-Kiem-toan-nam-2018,Viện Tài chính - Kế toán,HCM,VIEN_TAI_CHINH_KE_TOAN,false,2,auto,13,11703,ok,404946,caa1d9e4b7a0fbf373d1e237acd25b6ae47f163f55e9a61d83210d1b21813d7a,files/vien-tai-chinh-ke-toan/caa1d9e4b7a0.pdf,true,2026-09-30T07:44:02+00:00,true,,
d0b11cb5b90f,BẢN MO TẢ CHUONG TRINH DAO TẠO_2018-in.pdf,https://sfa.iuh.edu.vn/upload/files/2020/B%E1%BA%A2N%20MO%20T%E1%BA%A2%20CHUONG%20TRINH%20DAO%20T%E1%BA%A0O_2018-in.pdf,https://sfa.iuh.edu.vn/news.html@detail@342@12379@Ban-mo-ta-chuong-trinh-dao-tao-nam-hoc-2018-2019,Viện Tài chính - Kế toán,HCM,VIEN_TAI_CHINH_KE_TOAN,false,4,auto,50,88480,ok,1962687,d0b11cb5b90f34a079a19e6d30ab2604a6af85642f3fa1588436c1c8cf819453,files/vien-tai-chinh-ke-toan/d0b11cb5b90f.pdf,true,2026-09-30T07:42:27+00:00,true,,
d5c941f32288,KIEM TOAN-TCTA-ICAEW.pdf,https://sfa.iuh.edu.vn/upload/files/2.CTDT%202026/KIEM%20TOAN-TCTA-ICAEW.pdf,https://sfa.iuh.edu.vn/news.html@detail@334@13362@Chuong-trinh-dao-tao-Kiem-toan-TCTA-(ICAEW)-2026,Viện Tài chính - Kế toán,HCM,VIEN_TAI_CHINH_KE_TOAN,true,,auto,6,7299,ok,110603,d5c941f32288b1891903dade6db947a549b8ae5db77532928250a771f8ebfae9,files/vien-tai-chinh-ke-toan/d5c941f32288.pdf,true,2026-09-30T07:42:08+00:00,true,,
d816c7bf6939,employer handbook-da nen.pdf,https://sfa.iuh.edu.vn/upload/files/AUN%20KT%202024/employer%20handbook-da%20nen.pdf,https://sfa.iuh.edu.vn/news.html@detail@388@13218@So-tay-Nha-tuyen-dung-2024,Viện Tài chính - Kế toán,HCM,VIEN_TAI_CHINH_KE_TOAN,true,,auto,42,57633,ok,1390739,d816c7bf69393b14dd0633b9de310b2691ab39cae7540cdc2fe6920777c1a2e4,files/vien-tai-chinh-ke-toan/d816c7bf6939.pdf,true,2026-09-30T07:43:19+00:00,true,,
d96892c01e67,COMPARISONS ELOs 2014 TIENG VIET 25-06-2019(1).pdf,https://sfa.iuh.edu.vn/upload/files/COMPARISONS%20ELOs%202014%20TIENG%20VIET%2025-06-2019(1).pdf,https://sfa.iuh.edu.vn/news.html@detail@313@11806@Muc-tieu-dao-tao-va-Chuan-dau-ra-cua-chuong-trinh-dao-tao-nganh-Ke-toan-nam-2014,Viện Tài chính - Kế toán,HCM,VIEN_TAI_CHINH_KE_TOAN,false,4,auto,2,1339,ok,190124,d96892c01e67bacb3e37d6c80206be8084fb6893cb72264e0cb90cc6c537d3e7,files/vien-tai-chinh-ke-toan/d96892c01e67.pdf,true,2026-09-30T07:43:32+00:00,true,,
df6a2f6d809d,[08-05-2019_11_25_34]tongket_2017_2018 cong doan(1).pdf,https://sfa.iuh.edu.vn/upload/files/%5B08-05-2019_11_25_34%5Dtongket_2017_2018%20cong%20doan(1).pdf,https://sfa.iuh.edu.vn/news.html@detail@234@11717@Tong-ket-hoat-dong-cong-doan-nam-2018-2019,Viện Tài chính - Kế toán,HCM,VIEN_TAI_CHINH_KE_TOAN,true,,auto,5,1977,ok,1522694,df6a2f6d809d9baff9fae05d39eddde873b9a15dd0c4912336c5ae64e85ff317,files/vien-tai-chinh-ke-toan/df6a2f6d809d.pdf,true,2026-09-30T07:41:46+00:00,true,,
e0e5503a6de5,CTDT KT-CLC-2022.pdf,https://sfa.iuh.edu.vn/upload/files/CTDT%20KT-kiem%20dinh/CTDT%20KT-CLC-2022.pdf,https://sfa.iuh.edu.vn/news.html@detail@314@13106@Chuong-trinh-dao-tao-Ke-toan-CLC-2022,Viện Tài chính - Kế toán,HCM,VIEN_TAI_CHINH_KE_TOAN,false,2,auto,4,8985,ok,290182,e0e5503a6de58a139add0b27352fd66292817118ba94efd184439d7ce26a877f,files/vien-tai-chinh-ke-toan/e0e5503a6de5.pdf,true,2026-09-30T07:43:48+00:00,true,,
e1b5816bdd7d,2018 Ths.pdf,https://sfa.iuh.edu.vn/upload/files/2020/2018%20Ths.pdf,https://sfa.iuh.edu.vn/news.html@detail@328@11940@Khung-chuong-trinh-thac-sy-2018,Viện Tài chính - Kế toán,HCM,VIEN_TAI_CHINH_KE_TOAN,true,,auto,3,2637,ok,839769,e1b5816bdd7de671063b15b0639660624429f26abe8c010ce979fe29cfe955b9,files/vien-tai-chinh-ke-toan/e1b5816bdd7d.pdf,true,2026-09-30T07:42:25+00:00,true,,
e54d60168de4,STAFF HANDBOOK VER 3-compressed.pdf,https://sfa.iuh.edu.vn/upload/files/AUN%20KT%202024/STAFF%20HANDBOOK%20VER%203-compressed.pdf,https://sfa.iuh.edu.vn/news.html@detail@388@13194@So-tay-giang-vien-2024,Viện Tài chính - Kế toán,HCM,VIEN_TAI_CHINH_KE_TOAN,true,,auto,46,27240,ok,2837308,e54d60168de47c95bc5c802a0d0ec6d92d363c9a9c833787fee28d0a2b0688be,files/vien-tai-chinh-ke-toan/e54d60168de4.pdf,true,2026-09-30T07:43:17+00:00,true,,
e9dba2ba4924,BẢN MO TẢ CHUONG TRINH DAO TẠO_2019-in.pdf,https://sfa.iuh.edu.vn/upload/files/2020/B%E1%BA%A2N%20MO%20T%E1%BA%A2%20CHUONG%20TRINH%20DAO%20T%E1%BA%A0O_2019-in.pdf,https://sfa.iuh.edu.vn/news.html@detail@342@12334@Ban-dac-ta-chuong-trinh-dao-tao-nam-hoc-2019-2020,Viện Tài chính - Kế toán,HCM,VIEN_TAI_CHINH_KE_TOAN,true,,auto,80,110263,ok,2235461,e9dba2ba4924a99a0b786e06e48026d575784993002175778849df5c7f887bf9,files/vien-tai-chinh-ke-toan/e9dba2ba4924.pdf,true,2026-09-30T07:42:29+00:00,true,,
eeafc0706f82,CTDT KT - 2022.pdf,https://sfa.iuh.edu.vn/upload/files/CTDT%20KT-kiem%20dinh/CTDT%20KT%20-%202022.pdf,https://sfa.iuh.edu.vn/news.html@detail@314@13105@Chuong-trinh-dao-tao-Ke-toan-2022,Viện Tài chính - Kế toán,HCM,VIEN_TAI_CHINH_KE_TOAN,true,,auto,4,8736,ok,288389,eeafc0706f8279ba955ec7e73196ac7998b1e2ac0fcd6f0049f91eb163c05fc4,files/vien-tai-chinh-ke-toan/eeafc0706f82.pdf,true,2026-09-30T07:43:40+00:00,true,,
f141df31cdcc,Khung  chuong trinh Thac Sy 2017(1).pdf,https://sfa.iuh.edu.vn/upload/files/Khung%20%20chuong%20trinh%20Thac%20Sy%202017(1).pdf,https://sfa.iuh.edu.vn/news.html@detail@328@11939@Khung-chuong-trinh-thac-sy-2017,Viện Tài chính - Kế toán,HCM,VIEN_TAI_CHINH_KE_TOAN,false,2,auto,3,2651,ok,349880,f141df31cdccbb42a35aef23c488e6b42effdcdbce30515a01d2bbe7bcf6256d,files/vien-tai-chinh-ke-toan/f141df31cdcc.pdf,true,2026-09-30T07:44:55+00:00,true,,
f5d7dd8872fe,CTDT KT-TCTA-2024.pdf,https://sfa.iuh.edu.vn/upload/files/CTDT%20KT-kiem%20dinh/CTDT%20KT-TCTA-2024.pdf,https://sfa.iuh.edu.vn/news.html@detail@314@13110@Chuong-trinh-dao-tao-Ke-toan-TCTA-2024,Viện Tài chính - Kế toán,HCM,VIEN_TAI_CHINH_KE_TOAN,false,1,auto,4,8702,ok,289710,f5d7dd8872fe6cc3b54cc5662a29a79930cd47d80a838d3204e4cd0f993e2bbb,files/vien-tai-chinh-ke-toan/f5d7dd8872fe.pdf,true,2026-09-30T07:43:52+00:00,true,,
f6e437cd6baf,TAI CHINH-DAI TRA.pdf,https://sfa.iuh.edu.vn/upload/files/2.CTDT%202026/TAI%20CHINH-DAI%20TRA.pdf,https://sfa.iuh.edu.vn/news.html@detail@372@13363@Chuong-trinh-dao-tao-Tai-chinh-2026,Viện Tài chính - Kế toán,HCM,VIEN_TAI_CHINH_KE_TOAN,true,,auto,7,7789,ok,111669,f6e437cd6baf0313bc4cb4ec563e75802167af394a630b7ef5d0c0a75ee56cf6,files/vien-tai-chinh-ke-toan/f6e437cd6baf.pdf,true,2026-09-30T07:42:19+00:00,true,,
fa12c1c3a842,BVLV KT4_1_24.pdf,https://sfa.iuh.edu.vn/upload/files/ThS%202024/BVLV%20KT4_1_24.pdf,https://sfa.iuh.edu.vn/news.html@detail@312@12855@Thong-bao-lich-bao-ve-luan-van-Thac-si-Ke-toan-thang-01-nam-2024,Viện Tài chính - Kế toán,HCM,VIEN_TAI_CHINH_KE_TOAN,true,,auto,1,496,ok,124345,fa12c1c3a842178e9da4640e0965e306c19144decd7abab45708fbee654166d0,files/vien-tai-chinh-ke-toan/fa12c1c3a842.pdf,true,2026-09-30T07:45:03+00:00,true,,
fab67bad0a04,NGAN HANG-TCTA.pdf,https://sfa.iuh.edu.vn/upload/files/2.CTDT%202026/NGAN%20HANG-TCTA.pdf,https://sfa.iuh.edu.vn/news.html@detail@363@13366@Chuong-trinh-dao-tao-Ngan-hang-TCTA-2026,Viện Tài chính - Kế toán,HCM,VIEN_TAI_CHINH_KE_TOAN,true,,auto,6,7502,ok,110433,fab67bad0a0412dec2339c442ea055de21debb6ce0590e8a58d4439ee0a921f7,files/vien-tai-chinh-ke-toan/fab67bad0a04.pdf,true,2026-09-30T07:42:16+00:00,true,,
fd4c4689e757,KE TOAN-TCTA-ACCA.pdf,https://sfa.iuh.edu.vn/upload/files/2.CTDT%202026/KE%20TOAN-TCTA-ACCA.pdf,https://sfa.iuh.edu.vn/news.html@detail@314@13359@Chuong-trinh-dao-tao-Ke-toan-TCTA-(ACCA)-2026,Viện Tài chính - Kế toán,HCM,VIEN_TAI_CHINH_KE_TOAN,true,,auto,6,6933,ok,109902,fd4c4689e7574521a76655d0b5a344ecacaab4bf4cf73f7a643faf1a5cbf1848,files/vien-tai-chinh-ke-toan/fd4c4689e757.pdf,true,2026-09-30T07:41:59+00:00,true,,
001d2bb2e8e3,tb134_tuyen_sinh_ssu6_lan2.pdf,https://ipe.iuh.edu.vn/uploads/2016/12/tb134_tuyen_sinh_ssu6_lan2.pdf,https://ipe.iuh.edu.vn/vi/thong-tin-tuyen-sinh/thong-bao-tuyen-sinh-dao-tao-trinh-do-thac-si-quoc-te-chuyen-nganh-quan-tri-kinh-doanh-lan-2/,Viện Đào tạo Quốc tế và Sau đại học,HCM,VIEN_DTQT_SAU_DAI_HOC,true,,auto,2,3200,garbled_ocr,1234085,001d2bb2e8e3181c695b7239fd27984df7021996eda87c6e45442e57d224ca5d,scanned_pdf/vien-dao-tao-quoc-te-va-sau-dai-hoc/001d2bb2e8e3.pdf,false,2026-09-30T07:43:14+00:00,false,,
004347e34de8,4.-De-cuong-on-tap-Mach-2.pdf,https://ipe.iuh.edu.vn/uploads/2020/06/4.-De-cuong-on-tap-Mach-2.pdf,https://ipe.iuh.edu.vn/vi/on-thi-va-hoc-bskt/de-cuong-on-thi-tuyen-sinh-dao-tao-trinh-do-thac-si-dot-1-nam-2020/,Viện Đào tạo Quốc tế và Sau đại học,HCM,VIEN_DTQT_SAU_DAI_HOC,false,4,auto,7,3121,ok,853436,004347e34de8c0edefbb3408214be2f5ea8259ceb2f11aa9e8d99238beb67498,files/vien-dao-tao-quoc-te-va-sau-dai-hoc/004347e34de8.pdf,false,2026-09-30T07:43:55+00:00,true,,
00943212eb26,Huong-dan-dang-ky-du-thi-trinh-do-thac-si.pdf,https://ipe.iuh.edu.vn/uploads/2016/04/Huong-dan-dang-ky-du-thi-trinh-do-thac-si.pdf,https://ipe.iuh.edu.vn/vi/thong-tin-tuyen-sinh/bieu-mau-tuyen-sinh/,Viện Đào tạo Quốc tế và Sau đại học,HCM,VIEN_DTQT_SAU_DAI_HOC,true,,auto,1,2787,ok,620787,00943212eb265ee3da1eb8dcdb104dc5d7aaa98a246800e42c54b07b3d08045d,files/vien-dao-tao-quoc-te-va-sau-dai-hoc/00943212eb26.pdf,false,2026-09-30T07:42:36+00:00,true,,
01adeded179d,20250606_QD1533_Ban-hanh-QC-ThS_dang-web.pdf,https://ipe.iuh.edu.vn/uploads/2016/03/20250606_QD1533_Ban-hanh-QC-ThS_dang-web.pdf,https://ipe.iuh.edu.vn/vi/van-ban-tien-ich/qui-che-quy-dinh/,Viện Đào tạo Quốc tế và Sau đại học,HCM,VIEN_DTQT_SAU_DAI_HOC,true,,auto,34,72442,ok,638544,01adeded179d11ca84b6e2f44a3cdeae09d77aefe4dfc9b511224d55a1ee4792,files/vien-dao-tao-quoc-te-va-sau-dai-hoc/01adeded179d.pdf,false,2026-09-30T07:42:00+00:00,true,,
07988561a3bd,LATS-HOAN-CHINH-LE-THUY-KIEU-FINAL.pdf,https://ipe.iuh.edu.vn/uploads/2026/06/LATS-HOAN-CHINH-LE-THUY-KIEU-FINAL.pdf,https://ipe.iuh.edu.vn/vi/luan-van-tot-nghiep/toan-van-luan-an-tien-si-cua-ncs-le-thuy-kieu-ban-hoan-chinh/,Viện Đào tạo Quốc tế và Sau đại học,HCM,VIEN_DTQT_SAU_DAI_HOC,true,,auto,294,628118,ok,3454021,07988561a3bd3aa0f32b9b02744896a3c263acf6361f2e645e4ff5294e3548f3,files/vien-dao-tao-quoc-te-va-sau-dai-hoc/07988561a3bd.pdf,false,2026-09-30T07:46:08+00:00,false,,
090ff46bfad5,202503210933-1.pdf,https://ipe.iuh.edu.vn/uploads/2025/03/202503210933-1.pdf,https://ipe.iuh.edu.vn/vi/thong-bao/thong-bao-tien-cu-sinh-vien-di-thuc-tap-co-huong-luong-tai-nhat-ban_kiem-tra-lap-rap-linh-kien-phong-van-thang-4-nam-2025/,Viện Đào tạo Quốc tế và Sau đại học,HCM,VIEN_DTQT_SAU_DAI_HOC,false,4,auto,1,0,scanned,659868,090ff46bfad5d50a75e751bde1e2035ec4ad11fcce7044352c3552bf0d4b2749,scanned_pdf/vien-dao-tao-quoc-te-va-sau-dai-hoc/090ff46bfad5.pdf,false,2026-09-30T07:45:34+00:00,false,,
097b2e9c4a87,2024.11.19-TB-1614-On-tap-va-thi-tieng-ANh-dau-vao-ThS-2024-2.pdf,https://ipe.iuh.edu.vn/uploads/2024/12/2024.11.19-TB-1614-On-tap-va-thi-tieng-ANh-dau-vao-ThS-2024-2.pdf,https://ipe.iuh.edu.vn/vi/uncategorized/thong-bao-to-chuc-on-tap-va-thi-danh-gia-nang-luc-tieng-anh-danh-cho-thi-sinh-tham-du-tuyen-sinh-ths-tai-dhcn_lan2-2024/,Viện Đào tạo Quốc tế và Sau đại học,HCM,VIEN_DTQT_SAU_DAI_HOC,true,,auto,1,0,scanned,822502,097b2e9c4a8784f2488c031c76043ad721f46a9c751fbc37001f6c90798e5aa1,scanned_pdf/vien-dao-tao-quoc-te-va-sau-dai-hoc/097b2e9c4a87.pdf,false,2026-09-30T07:45:24+00:00,false,,
0cf2cdcb51ca,poster_khoa_co_khi.pdf,https://ipe.iuh.edu.vn/uploads/2016/03/poster_khoa_co_khi.pdf,https://ipe.iuh.edu.vn/vi/thac-si/thac-si-ky-thuat-co-khi/,Viện Đào tạo Quốc tế và Sau đại học,HCM,VIEN_DTQT_SAU_DAI_HOC,false,4,auto,1,2089,ok,173697,0cf2cdcb51ca1ed3c1b060d1498b5168caacb0b29b871909320a01e4f5fc0699,files/vien-dao-tao-quoc-te-va-sau-dai-hoc/0cf2cdcb51ca.pdf,false,2026-09-30T07:42:22+00:00,true,,
0d16255d3f83,1.-De-cuong-on-tap-Quan-ly-Moi-truong.pdf,https://ipe.iuh.edu.vn/uploads/2021/04/1.-De-cuong-on-tap-Quan-ly-Moi-truong.pdf,https://ipe.iuh.edu.vn/vi/on-thi-va-hoc-bskt/de-cuong-on-thi-tuyen-sinh-dao-tao-trinh-do-thac-si-dot-1-nam-2021/,Viện Đào tạo Quốc tế và Sau đại học,HCM,VIEN_DTQT_SAU_DAI_HOC,true,,auto,3,4509,ok,504181,0d16255d3f83ab0c230344084a4eb2f2c8428bb75b45353cceacc5d42918ab10,files/vien-dao-tao-quoc-te-va-sau-dai-hoc/0d16255d3f83.pdf,false,2026-09-30T07:44:30+00:00,true,,
0d4069f96141,7.-De-cuong-on-tap-Hoa-sinh-co-ban.pdf,https://ipe.iuh.edu.vn/uploads/2020/06/7.-De-cuong-on-tap-Hoa-sinh-co-ban.pdf,https://ipe.iuh.edu.vn/vi/on-thi-va-hoc-bskt/de-cuong-on-thi-tuyen-sinh-dao-tao-trinh-do-thac-si-dot-1-nam-2020/,Viện Đào tạo Quốc tế và Sau đại học,HCM,VIEN_DTQT_SAU_DAI_HOC,true,,auto,2,2525,ok,107225,0d4069f961419ad23a4f6cd17a9d9ff11b4133733bfb38bb831a7bf66a6f8ba5,files/vien-dao-tao-quoc-te-va-sau-dai-hoc/0d4069f96141.pdf,false,2026-09-30T07:44:02+00:00,true,,
0d88f47a5d0f,thong_bao_tuyen_sinh_soongsil_khoa_hoc_2015-2017.pdf,https://ipe.iuh.edu.vn/uploads/2016/03/thong_bao_tuyen_sinh_soongsil_khoa_hoc_2015-2017.pdf,https://ipe.iuh.edu.vn/vi/thong-tin-tuyen-sinh/thong-bao-tuyen-sinh-dao-tao-thac-si-quoc-te-nganh-quan-tri-kinh-doanh/,Viện Đào tạo Quốc tế và Sau đại học,HCM,VIEN_DTQT_SAU_DAI_HOC,true,,auto,1,1916,garbled_ocr,421646,0d88f47a5d0fa57bdb4f485ccd31d65203d083a6305ebce9bd37070956afcc0a,scanned_pdf/vien-dao-tao-quoc-te-va-sau-dai-hoc/0d88f47a5d0f.pdf,false,2026-09-30T07:42:32+00:00,false,,
0e9b54a0e03f,Exchange-Program-at-IUH-from-August-1st.pdf,https://ipe.iuh.edu.vn/uploads/2022/10/Exchange-Program-at-IUH-from-August-1st.pdf,https://ipe.iuh.edu.vn/vi/thong-tin-chuong-trinh/chuong-trinh-trao-doi-sinh-vien-tai-iuh-2022-2/,Viện Đào tạo Quốc tế và Sau đại học,HCM,VIEN_DTQT_SAU_DAI_HOC,true,,auto,3,2900,ok,124753,0e9b54a0e03f26189300b91a8fd48698dd6ed3a18053100aa61cfa9f615a0f05,files/vien-dao-tao-quoc-te-va-sau-dai-hoc/0e9b54a0e03f.pdf,false,2026-09-30T07:45:05+00:00,true,,
0f5fc556cca5,202501121731.pdf,https://ipe.iuh.edu.vn/uploads/2025/01/202501121731.pdf,https://ipe.iuh.edu.vn/vi/thong-bao/thong-bao-tien-cu-sinh-vien-di-thuc-tap-co-huong-luong-tai-nhat-ban-thang-5-nam-2025/,Viện Đào tạo Quốc tế và Sau đại học,HCM,VIEN_DTQT_SAU_DAI_HOC,true,,auto,1,0,scanned,620747,0f5fc556cca578451add6b25f18361def31d1f61dc85ab30e4919ea7839c7d98,scanned_pdf/vien-dao-tao-quoc-te-va-sau-dai-hoc/0f5fc556cca5.pdf,false,2026-09-30T07:45:28+00:00,false,,
10ef5ce81a92,20160829_certificate_of_higher_education_institution_accreditation_vn.pdf,https://ipe.iuh.edu.vn/uploads/2016/12/20160829_certificate_of_higher_education_institution_accreditation_vn.pdf,https://ipe.iuh.edu.vn/vi/lien-ket-quoc-te/thac-si-quan-tri-kinh-doanh-soongsil-han-quoc/,Viện Đào tạo Quốc tế và Sau đại học,HCM,VIEN_DTQT_SAU_DAI_HOC,false,3,auto,8,0,scanned,1278995,10ef5ce81a9232e5b0d53b5d2c82673ae407474c35b580e1a5b1fc85965c2746,scanned_pdf/vien-dao-tao-quoc-te-va-sau-dai-hoc/10ef5ce81a92.pdf,false,2026-09-30T07:43:10+00:00,false,,
127f114bcdc7,02.-Thạc-sĩ-Kỹ-thuật-môi-trường.pdf,https://ipe.iuh.edu.vn/uploads/2016/11/02.-Thạc-sĩ-Kỹ-thuật-môi-trường.pdf,https://ipe.iuh.edu.vn/vi/van-ban-tien-ich/ba-cong-khai/,Viện Đào tạo Quốc tế và Sau đại học,HCM,VIEN_DTQT_SAU_DAI_HOC,false,4,auto,3,5558,ok,327130,127f114bcdc726488de602d2fa7a8d6daee83183ce19cdfb1ec9ec182cc1044e,files/vien-dao-tao-quoc-te-va-sau-dai-hoc/127f114bcdc7.pdf,false,2026-09-30T07:42:44+00:00,true,,
1376991c0686,1.-PL-2-huong-nghien-cuu-tien-si-2024-1-10-nganh.pdf,https://ipe.iuh.edu.vn/uploads/2024/02/1.-PL-2-huong-nghien-cuu-tien-si-2024-1-10-nganh.pdf,https://ipe.iuh.edu.vn/vi/thong-tin-tuyen-sinh/thong-bao-tuyen-sinh-dao-tao-trinh-do-tien-si-nam-2024-dot-1/,Viện Đào tạo Quốc tế và Sau đại học,HCM,VIEN_DTQT_SAU_DAI_HOC,true,,auto,26,33840,ok,5267673,1376991c068688338f54e0db87f8a27f83e744bb4bf766fe562f888c296fe88a,files/vien-dao-tao-quoc-te-va-sau-dai-hoc/1376991c0686.pdf,false,2026-09-30T07:45:14+00:00,true,,
181200985419,Ban-T.Lao-Thong-bao-tuyen-sinh-luu-hs-Lao-2026-2027.pdf,https://ipe.iuh.edu.vn/uploads/2026/05/Ban-T.Lao-Thong-bao-tuyen-sinh-luu-hs-Lao-2026-2027.pdf,https://ipe.iuh.edu.vn/vi/thong-bao-tuyen-luu-hoc-sinh-lao/4970/,Viện Đào tạo Quốc tế và Sau đại học,HCM,VIEN_DTQT_SAU_DAI_HOC,false,4,auto,6,9966,ok,567972,181200985419ae67af831503e9a54632905e98d5ade7158267af39a0a919dd6a,files/vien-dao-tao-quoc-te-va-sau-dai-hoc/181200985419.pdf,false,2026-09-30T07:46:04+00:00,true,,
193be78ff773,2026.08.28-QD-2906-Cong-nhan-hoc-vi-va-cap-bang-Tien-si-08.2026.pdf,https://ipe.iuh.edu.vn/uploads/2026/09/2026.08.28-QD-2906-Cong-nhan-hoc-vi-va-cap-bang-Tien-si-08.2026.pdf,https://ipe.iuh.edu.vn/vi/thong-bao/quyet-dinh-cong-nhan-tot-nghiep-va-cap-bang-tien-si-dot-thang-08-nam-2026/,Viện Đào tạo Quốc tế và Sau đại học,HCM,VIEN_DTQT_SAU_DAI_HOC,false,3,auto,6,0,scanned,3097643,193be78ff773bb189c5a5c48d3930e4c9322a21be9305f4bbda59866453a673e,scanned_pdf/vien-dao-tao-quoc-te-va-sau-dai-hoc/193be78ff773.pdf,false,2026-09-30T07:46:14+00:00,false,,
1cb0153678dd,11.-De-cuong-on-tao-Hoa-sinh-co-ban.pdf,https://ipe.iuh.edu.vn/uploads/2021/04/11.-De-cuong-on-tao-Hoa-sinh-co-ban.pdf,https://ipe.iuh.edu.vn/vi/on-thi-va-hoc-bskt/de-cuong-on-thi-tuyen-sinh-dao-tao-trinh-do-thac-si-dot-1-nam-2021/,Viện Đào tạo Quốc tế và Sau đại học,HCM,VIEN_DTQT_SAU_DAI_HOC,true,,auto,3,3052,ok,140287,1cb0153678dd2facbb6c3959521b5c7965adf40556b51aca4b47512adf17ca0e,files/vien-dao-tao-quoc-te-va-sau-dai-hoc/1cb0153678dd.pdf,false,2026-09-30T07:44:32+00:00,true,,
1d6a3998623a,202608141628.pdf,https://ipe.iuh.edu.vn/uploads/2026/08/202608141628.pdf,https://ipe.iuh.edu.vn/vi/thong-tin-tuyen-ky-su-lam-viec-nuoc-ngoai/thong-bao-tuyen-sinh-vien-tham-gia-chuong-trinh-ky-su-lam-viec-tai-duc-theo-hinh-thuc-chuyen-doi-va-cong-nhan-van-bang/,Viện Đào tạo Quốc tế và Sau đại học,HCM,VIEN_DTQT_SAU_DAI_HOC,false,4,auto,1,0,scanned,758844,1d6a3998623a0f9a26d02e3bac05f0eb01a05b85bec9e8cff9d24125663e87bc,scanned_pdf/vien-dao-tao-quoc-te-va-sau-dai-hoc/1d6a3998623a.pdf,false,2026-09-30T07:46:11+00:00,false,,
1f44378a24a5,thac_si_ke_toan-1.pdf,https://ipe.iuh.edu.vn/uploads/2016/03/thac_si_ke_toan-1.pdf,https://ipe.iuh.edu.vn/vi/van-ban-tien-ich/ba-cong-khai/,Viện Đào tạo Quốc tế và Sau đại học,HCM,VIEN_DTQT_SAU_DAI_HOC,true,,auto,2,1955,ok,406980,1f44378a24a5d41369ed368d7bd63d22fef83d3dc40c45be246e43468d6a5c46,files/vien-dao-tao-quoc-te-va-sau-dai-hoc/1f44378a24a5.pdf,false,2026-09-30T07:42:28+00:00,true,,
1f8272d2291f,02_ Cong khai CL Dao tao 2015 - IUH.pdf,http://iuh.edu.vn/Resource/Upload2/files/documents/2015_bacongkhai/02_%20Cong%20khai%20CL%20Dao%20tao%202015%20-%20IUH.pdf,https://ipe.iuh.edu.vn/vi/van-ban-tien-ich/ba-cong-khai/,Viện Đào tạo Quốc tế và Sau đại học,HCM,VIEN_DTQT_SAU_DAI_HOC,true,,auto,2,0,scanned,1310062,1f8272d2291f7af7d4f248040f616fbd5d48f3634247c86861b6c9d1bc6574ad,scanned_pdf/vien-dao-tao-quoc-te-va-sau-dai-hoc/1f8272d2291f.pdf,true,2026-09-30T07:41:51+00:00,false,,
1fe662fa3def,chuan_dau_ra_thac_si_cn_sinh_hoc.pdf,https://ipe.iuh.edu.vn/uploads/2016/03/chuan_dau_ra_thac_si_cn_sinh_hoc.pdf,https://ipe.iuh.edu.vn/vi/van-ban-tien-ich/ba-cong-khai/,Viện Đào tạo Quốc tế và Sau đại học,HCM,VIEN_DTQT_SAU_DAI_HOC,true,,auto,2,2466,ok,29144,1fe662fa3def0e7d41554e3b7f360725549cabc165811398a83422ee2c0ab9ba,files/vien-dao-tao-quoc-te-va-sau-dai-hoc/1fe662fa3def.pdf,false,2026-09-30T07:42:13+00:00,true,,
255d0a559179,03_Cong khai CSVC 2015 - IUH.pdf,http://iuh.edu.vn/Resource/Upload2/files/documents/2015_bacongkhai/03_Cong%20khai%20CSVC%202015%20-%20IUH.pdf,https://ipe.iuh.edu.vn/vi/van-ban-tien-ich/ba-cong-khai/,Viện Đào tạo Quốc tế và Sau đại học,HCM,VIEN_DTQT_SAU_DAI_HOC,false,2,auto,1,0,scanned,739303,255d0a5591793777ff3bf205db5fbb4e96313613abd8013b886e75a12534bf53,scanned_pdf/vien-dao-tao-quoc-te-va-sau-dai-hoc/255d0a559179.pdf,true,2026-09-30T07:41:57+00:00,false,,
25ffeb9eebc1,Huong-dan-vv-giao-nhan-de-cuong-luan-van-thac-si-dot-2-NH-2017-2018.pdf,https://ipe.iuh.edu.vn/uploads/2018/01/Huong-dan-vv-giao-nhan-de-cuong-luan-van-thac-si-dot-2-NH-2017-2018.pdf,https://ipe.iuh.edu.vn/vi/chuyen-muc-dao-tao/huong-dan-v-v-giao-nhan-de-cuong-luan-van-thac-si-dot-2-nam-hoc-2017-2018/,Viện Đào tạo Quốc tế và Sau đại học,HCM,VIEN_DTQT_SAU_DAI_HOC,false,3,auto,1,2005,ok,325890,25ffeb9eebc1afaf98399b22a5493a1794795faa16b0ee826e0dc1a5eb4119ed,files/vien-dao-tao-quoc-te-va-sau-dai-hoc/25ffeb9eebc1.pdf,false,2026-09-30T07:43:22+00:00,true,,
2630ef3e2171,PL-2-huong-nghien-cuu-tien-si-2023-2-Full.pdf,https://ipe.iuh.edu.vn/uploads/2023/08/PL-2-huong-nghien-cuu-tien-si-2023-2-Full.pdf,https://ipe.iuh.edu.vn/vi/thong-tin-tuyen-sinh/thong-bao-tuyen-sinh-dao-tao-trinh-do-tien-si-nam-2023-dot-2/,Viện Đào tạo Quốc tế và Sau đại học,HCM,VIEN_DTQT_SAU_DAI_HOC,false,4,auto,22,26536,ok,1647206,2630ef3e217160ef0d95fe0bac1a5ab79ecaa93e9715c0988d0bae0ab03d6cb5,files/vien-dao-tao-quoc-te-va-sau-dai-hoc/2630ef3e2171.pdf,false,2026-09-30T07:45:12+00:00,true,,
2b8f4170a0d5,TB-tuyen-dung-Cong-ty-Thuc-pham-Vinh-Nhuan-Dot-2.pdf,https://ipe.iuh.edu.vn/uploads/2025/06/TB-tuyen-dung-Cong-ty-Thuc-pham-Vinh-Nhuan-Dot-2.pdf,https://ipe.iuh.edu.vn/vi/thong-bao/thong-bao-tuyen-chon-sinh-vien-di-thuc-tap-huong-luong-tai-dai-loan-cong-ty-thuc-pham-vinh-nhuan-golden-harvest-food-ltd-dot-2/,Viện Đào tạo Quốc tế và Sau đại học,HCM,VIEN_DTQT_SAU_DAI_HOC,false,4,auto,2,0,scanned,1148082,2b8f4170a0d530fa0082c8b6dceaaa3843693be27b2fc9cfd05a78043ebf75aa,scanned_pdf/vien-dao-tao-quoc-te-va-sau-dai-hoc/2b8f4170a0d5.pdf,false,2026-09-30T07:45:37+00:00,false,,
2c8613b262cb,2023.05.17-QD-735-Cong-nhan-thi-sinh-trung-tuyen-ky-TSDT-Tien-si-2023-Dot1.pdf,https://ipe.iuh.edu.vn/uploads/2023/05/2023.05.17-QD-735-Cong-nhan-thi-sinh-trung-tuyen-ky-TSDT-Tien-si-2023-Dot1.pdf,https://ipe.iuh.edu.vn/vi/tien-si/quyet-dinh-cong-nhan-thi-sinh-trung-tuyen-ky-tuyen-sinh-dao-tao-trinh-do-tien-si-dot-1-nam-2023/,Viện Đào tạo Quốc tế và Sau đại học,HCM,VIEN_DTQT_SAU_DAI_HOC,true,,auto,2,0,scanned,1570190,2c8613b262cb25333c3935c74b859662c1e81cc6ae4e4b0f70388ce1e2ef8dc2,scanned_pdf/vien-dao-tao-quoc-te-va-sau-dai-hoc/2c8613b262cb.pdf,false,2026-09-30T07:45:09+00:00,false,,
2e69d1d14ded,03.-Thạc-sĩ-Kỹ-thuật-cơ-khí.pdf,https://ipe.iuh.edu.vn/uploads/2016/11/03.-Thạc-sĩ-Kỹ-thuật-cơ-khí.pdf,https://ipe.iuh.edu.vn/vi/van-ban-tien-ich/ba-cong-khai/,Viện Đào tạo Quốc tế và Sau đại học,HCM,VIEN_DTQT_SAU_DAI_HOC,false,3,auto,2,3265,ok,311803,2e69d1d14ded23ab208178ab0d12322e46010a62da7a7a05ce6423bba5c4606c,files/vien-dao-tao-quoc-te-va-sau-dai-hoc/2e69d1d14ded.pdf,false,2026-09-30T07:42:47+00:00,true,,
2f98a67de84e,Qyd03_hoc_phi_lop_bskt_va_on_thi_ts_ths.pdf,https://ipe.iuh.edu.vn/uploads/2016/04/Qyd03_hoc_phi_lop_bskt_va_on_thi_ts_ths.pdf,https://ipe.iuh.edu.vn/vi/van-ban-tien-ich/quy-dinh-ve-hoc-phi-lop-bo-sung-kien-thuc-va-on-thi-tuyen-sinh-trinh-do-thac-si/,Viện Đào tạo Quốc tế và Sau đại học,HCM,VIEN_DTQT_SAU_DAI_HOC,true,,auto,2,2774,garbled_ocr,840388,2f98a67de84ec457052a252a10c21802add5a9f89c2f73316e854bf9fa56660b,scanned_pdf/vien-dao-tao-quoc-te-va-sau-dai-hoc/2f98a67de84e.pdf,false,2026-09-30T07:42:40+00:00,false,,
2fe618b4b2e5,04.Quy-trinh-hoc-vu-SDH-Thac-si-2022.pdf,https://ipe.iuh.edu.vn/uploads/2020/11/04.Quy-trinh-hoc-vu-SDH-Thac-si-2022.pdf,https://ipe.iuh.edu.vn/vi/bieu-mau/mau-don-hoc-vu/,Viện Đào tạo Quốc tế và Sau đại học,HCM,VIEN_DTQT_SAU_DAI_HOC,false,1,auto,4,8637,ok,336784,2fe618b4b2e5c39f22d911fdf32b62b59152b47d1cb8353613b6d378d88a9ff8,files/vien-dao-tao-quoc-te-va-sau-dai-hoc/2fe618b4b2e5.pdf,false,2026-09-30T07:44:20+00:00,true,,
304944b3b6e5,File-tonghop-dang-ky-day-truc-tuyen-SDH-10.4.2020-Dang-Web-V3.pdf,https://ipe.iuh.edu.vn/uploads/2020/04/File-tonghop-dang-ky-day-truc-tuyen-SDH-10.4.2020-Dang-Web-V3.pdf,https://ipe.iuh.edu.vn/vi/thac-si/lich-hoc-qua-mang-cac-lop-cao-hoc-bat-dau-tu-18-4-2020/,Viện Đào tạo Quốc tế và Sau đại học,HCM,VIEN_DTQT_SAU_DAI_HOC,true,,auto,3,5034,ok,170727,304944b3b6e5d245edad5943d2ec405a52398488f0b3eb651819c74cfdcbd1dc,files/vien-dao-tao-quoc-te-va-sau-dai-hoc/304944b3b6e5.pdf,false,2026-09-30T07:43:33+00:00,true,,
309b4304b36a,202412061154.pdf,https://ipe.iuh.edu.vn/uploads/2024/12/202412061154.pdf,https://ipe.iuh.edu.vn/vi/thong-bao/thong-bao-tien-cu-sinh-vien-di-thuc-tap-co-huong-luong-tai-nhat-ban-thang-11-nam-2025/,Viện Đào tạo Quốc tế và Sau đại học,HCM,VIEN_DTQT_SAU_DAI_HOC,true,,auto,1,0,scanned,638801,309b4304b36a0a84eef5d1fc8f8228ea5e319efb004f511ed3e7979d5e4f41fd,scanned_pdf/vien-dao-tao-quoc-te-va-sau-dai-hoc/309b4304b36a.pdf,false,2026-09-30T07:45:25+00:00,false,,
317efb3ef839,202508301111-1.pdf,https://ipe.iuh.edu.vn/uploads/2025/09/202508301111-1.pdf,https://ipe.iuh.edu.vn/vi/thong-bao/thong-bao-tuyen-ky-su-di-lam-viec-tai-nhat-ban_cham-soc-xe-va-dich-vu-lien-quan-khach-hang_phong-van-16-09-2025/,Viện Đào tạo Quốc tế và Sau đại học,HCM,VIEN_DTQT_SAU_DAI_HOC,true,,auto,1,0,scanned,611349,317efb3ef83970971fe88345c4dd7070a253907e1a4bee98193e5aa4de9f6d5b,scanned_pdf/vien-dao-tao-quoc-te-va-sau-dai-hoc/317efb3ef839.pdf,false,2026-09-30T07:45:40+00:00,false,,
321108cb1c1e,thong_bao_tuyen_sinh_imes_khoa_hoc_2015-2017.pdf,https://ipe.iuh.edu.vn/uploads/2016/03/thong_bao_tuyen_sinh_imes_khoa_hoc_2015-2017.pdf,https://ipe.iuh.edu.vn/vi/thong-tin-tuyen-sinh/thong-bao-tuyen-sinh-dao-tao-thac-si-quoc-te-nganh-khoa-hoc-va-quan-ly-moi-truong/,Viện Đào tạo Quốc tế và Sau đại học,HCM,VIEN_DTQT_SAU_DAI_HOC,false,3,auto,1,1925,garbled_ocr,425872,321108cb1c1e87105ef33ce61a4cea2ba8c00d7d911f148ddf8ef4b3d38304b1,scanned_pdf/vien-dao-tao-quoc-te-va-sau-dai-hoc/321108cb1c1e.pdf,false,2026-09-30T07:42:30+00:00,false,,
330f3065cac1,Thong-bao-dk-trc-HP-ThS-L3-resized-pdfresizer.com_.pdf,https://ipe.iuh.edu.vn/uploads/2025/02/Thong-bao-dk-trc-HP-ThS-L3-resized-pdfresizer.com_.pdf,https://ipe.iuh.edu.vn/vi/chuyen-muc-hoc-vien/thong-bao-dang-ky-hoc-truoc-mot-so-hoc-phan-cua-chuong-trinh-dao-tao-trinh-do-thac-si-lan-3/,Viện Đào tạo Quốc tế và Sau đại học,HCM,VIEN_DTQT_SAU_DAI_HOC,false,2,auto,19,0,scanned,2286856,330f3065cac1458df30e05379d08973c2742b6b20076dcee129fe138b221646d,scanned_pdf/vien-dao-tao-quoc-te-va-sau-dai-hoc/330f3065cac1.pdf,false,2026-09-30T07:45:33+00:00,false,,
336a7c0fc806,20160829_certificate_of_business_education_accreditation_vn.pdf,https://ipe.iuh.edu.vn/uploads/2016/12/20160829_certificate_of_business_education_accreditation_vn.pdf,https://ipe.iuh.edu.vn/vi/lien-ket-quoc-te/thac-si-quan-tri-kinh-doanh-soongsil-han-quoc/,Viện Đào tạo Quốc tế và Sau đại học,HCM,VIEN_DTQT_SAU_DAI_HOC,true,,auto,8,0,scanned,1317304,336a7c0fc8066f52e56a42d671e0b305eb682273a2ff71579113cc152938a01e,scanned_pdf/vien-dao-tao-quoc-te-va-sau-dai-hoc/336a7c0fc806.pdf,false,2026-09-30T07:43:08+00:00,false,,
3431d32720a8,Huong-dan-vv-giao-nhan-de-cuong-luan-van-thac-si-dot-1-NH-2018-2019_.pdf,https://ipe.iuh.edu.vn/uploads/2018/08/Huong-dan-vv-giao-nhan-de-cuong-luan-van-thac-si-dot-1-NH-2018-2019_.pdf,https://ipe.iuh.edu.vn/vi/chuyen-muc-dao-tao/huong-dan-v-v-giao-nhan-de-cuong-luan-van-thac-si-dot-1-nam-hoc-2018-2019/,Viện Đào tạo Quốc tế và Sau đại học,HCM,VIEN_DTQT_SAU_DAI_HOC,false,1,auto,1,2530,ok,178969,3431d32720a8604da712d69e7b0d6c7b931dc7bafc8f866789711b5057db53d2,files/vien-dao-tao-quoc-te-va-sau-dai-hoc/3431d32720a8.pdf,false,2026-09-30T07:43:26+00:00,true,,
34a9b9f89308,05.-Thạc-sĩ-Kỹ-thuật-điện.pdf,https://ipe.iuh.edu.vn/uploads/2016/11/05.-Thạc-sĩ-Kỹ-thuật-điện.pdf,https://ipe.iuh.edu.vn/vi/van-ban-tien-ich/ba-cong-khai/,Viện Đào tạo Quốc tế và Sau đại học,HCM,VIEN_DTQT_SAU_DAI_HOC,true,,auto,2,3491,ok,306627,34a9b9f893086239cfa241dcbd2646955ab5cbd7a42ae3be71bfbb10437a13ef,files/vien-dao-tao-quoc-te-va-sau-dai-hoc/34a9b9f89308.pdf,false,2026-09-30T07:42:50+00:00,true,,
3572a5648616,QĐ-977-Thanh-lap-HDBV-LV-Khoa-Dien.pdf,https://ipe.iuh.edu.vn/uploads/2021/08/QĐ-977-Thanh-lap-HDBV-LV-Khoa-Dien.pdf,https://ipe.iuh.edu.vn/vi/lich-bao-ve-luan-van-thac-si/thong-bao-lich-bao-ve-luan-van-thac-si-thang-08-nam-2021/,Viện Đào tạo Quốc tế và Sau đại học,HCM,VIEN_DTQT_SAU_DAI_HOC,false,3,auto,3,0,scanned,1048664,3572a56486163a2d737e040e2f4108c2f1c15139181cb871e14d4916cbf9251f,scanned_pdf/vien-dao-tao-quoc-te-va-sau-dai-hoc/3572a5648616.pdf,false,2026-09-30T07:44:59+00:00,false,,
3ab1d7e024b5,2026.08.28-QD-2905-TN-ThS-thang-8.2026-111-hv.pdf,https://ipe.iuh.edu.vn/uploads/2026/09/2026.08.28-QD-2905-TN-ThS-thang-8.2026-111-hv.pdf,https://ipe.iuh.edu.vn/vi/thong-bao/quyet-dinh-cong-nhan-tot-nghiep-va-cap-bang-thac-si-dot-thang-08-nam-2026/,Viện Đào tạo Quốc tế và Sau đại học,HCM,VIEN_DTQT_SAU_DAI_HOC,true,,auto,18,0,scanned,6644092,3ab1d7e024b535942ad678aada7b6ccbcb7ee088bf97a3fb66bda10ebc7ef2fc,scanned_pdf/vien-dao-tao-quoc-te-va-sau-dai-hoc/3ab1d7e024b5.pdf,false,2026-09-30T07:46:14+00:00,false,,
3cc7e4b52992,2.TOM-TAT-LATS-CAP-TRUONG-TV-PHAN-THANH-LONG.pdf,https://ipe.iuh.edu.vn/uploads/2026/07/2.TOM-TAT-LATS-CAP-TRUONG-TV-PHAN-THANH-LONG.pdf,https://ipe.iuh.edu.vn/vi/luan-van-tot-nghiep/toan-van-danh-gia-luan-an-tien-si-cap-truong-cua-ncs-phan-thanh-long-ban-tom-tat/,Viện Đào tạo Quốc tế và Sau đại học,HCM,VIEN_DTQT_SAU_DAI_HOC,true,,auto,26,40717,ok,1428124,3cc7e4b52992dadff547f9a39835171b3730337884488be40a1b26efa13fb020,files/vien-dao-tao-quoc-te-va-sau-dai-hoc/3cc7e4b52992.pdf,false,2026-09-30T07:46:10+00:00,true,,
3fe15d48139e,5.-De-cuong-on-tap-Hoa-phan-tich.pdf,https://ipe.iuh.edu.vn/uploads/2021/04/5.-De-cuong-on-tap-Hoa-phan-tich.pdf,https://ipe.iuh.edu.vn/vi/on-thi-va-hoc-bskt/de-cuong-on-thi-tuyen-sinh-dao-tao-trinh-do-thac-si-dot-1-nam-2021/,Viện Đào tạo Quốc tế và Sau đại học,HCM,VIEN_DTQT_SAU_DAI_HOC,true,,auto,2,2573,ok,365320,3fe15d48139e7c0b753c9882bd6f406f43faf57076adb268cb37073a28ebad6f,files/vien-dao-tao-quoc-te-va-sau-dai-hoc/3fe15d48139e.pdf,false,2026-09-30T07:44:38+00:00,true,,
403fbaf7a69c,13.-De-cuong-on-tap-Quan-tri-hoc.pdf,https://ipe.iuh.edu.vn/uploads/2021/04/13.-De-cuong-on-tap-Quan-tri-hoc.pdf,https://ipe.iuh.edu.vn/vi/on-thi-va-hoc-bskt/de-cuong-on-thi-tuyen-sinh-dao-tao-trinh-do-thac-si-dot-1-nam-2021/,Viện Đào tạo Quốc tế và Sau đại học,HCM,VIEN_DTQT_SAU_DAI_HOC,true,,auto,2,2229,ok,605807,403fbaf7a69cdffb5ef014b835c7ffff69afae40fcab296a137ca41006487f51,files/vien-dao-tao-quoc-te-va-sau-dai-hoc/403fbaf7a69c.pdf,false,2026-09-30T07:44:35+00:00,true,,
41309aba9657,11.09.20_QD.1101_Cong-nhan-thi-sinh-trung-tuyen-Tien-si-KTCK-2020.pdf,https://ipe.iuh.edu.vn/uploads/2020/09/11.09.20_QD.1101_Cong-nhan-thi-sinh-trung-tuyen-Tien-si-KTCK-2020.pdf,https://ipe.iuh.edu.vn/vi/tien-si/quyet-dinh-trung-tuyen-ky-tuyen-sinh-dao-tao-trinh-do-tien-si-nam-2020/,Viện Đào tạo Quốc tế và Sau đại học,HCM,VIEN_DTQT_SAU_DAI_HOC,true,,auto,1,0,scanned,289025,41309aba9657c9fba88aa8b6e161b6295439e6e70bfc07ac2c7ec5147cc41486,scanned_pdf/vien-dao-tao-quoc-te-va-sau-dai-hoc/41309aba9657.pdf,false,2026-09-30T07:44:16+00:00,false,,
4191b6b20ecd,TOM-TAT-LATS-LE-THUY-KIEU-FINAL.pdf,https://ipe.iuh.edu.vn/uploads/2026/06/TOM-TAT-LATS-LE-THUY-KIEU-FINAL.pdf,https://ipe.iuh.edu.vn/vi/luan-van-tot-nghiep/toan-van-luan-an-tien-si-cua-ncs-le-thuy-kieu-ban-hoan-chinh/,Viện Đào tạo Quốc tế và Sau đại học,HCM,VIEN_DTQT_SAU_DAI_HOC,true,,auto,27,45321,ok,547006,4191b6b20ecd1bcfdc5bd9ebfad69c5359274f0e524612be707973b092e3b056,files/vien-dao-tao-quoc-te-va-sau-dai-hoc/4191b6b20ecd.pdf,false,2026-09-30T07:46:08+00:00,true,,
41b26b8dc1ee,202.06.14-Ke-hoach-xet-tot-nghiep-dot-thang-6-nam-2023.pdf,https://ipe.iuh.edu.vn/uploads/2023/06/202.06.14-Ke-hoach-xet-tot-nghiep-dot-thang-6-nam-2023.pdf,https://ipe.iuh.edu.vn/vi/thac-si/ke-hoach-ve-viec-xet-tot-nghiep-trinh-do-thac-si-dot-thang-06-nam-2023/,Viện Đào tạo Quốc tế và Sau đại học,HCM,VIEN_DTQT_SAU_DAI_HOC,true,,auto,1,0,scanned,558816,41b26b8dc1eefa750188733594d7795ec460b3516d1d2de0e2eb1de5aafcb3d1,scanned_pdf/vien-dao-tao-quoc-te-va-sau-dai-hoc/41b26b8dc1ee.pdf,false,2026-09-30T07:45:10+00:00,false,,
43ee7f75e1df,05_Cong khai TC 2015 - IUH.pdf,http://iuh.edu.vn/Resource/Upload2/files/documents/2015_bacongkhai/05_Cong%20khai%20TC%202015%20-%20IUH.pdf,https://ipe.iuh.edu.vn/vi/van-ban-tien-ich/ba-cong-khai/,Viện Đào tạo Quốc tế và Sau đại học,HCM,VIEN_DTQT_SAU_DAI_HOC,true,,auto,1,1249,garbled_ocr,134725,43ee7f75e1df18bd0ccdc6b9b2b1a2d96ee0f19d699c0907de1c428e44c3dfdb,scanned_pdf/vien-dao-tao-quoc-te-va-sau-dai-hoc/43ee7f75e1df.pdf,true,2026-09-30T07:42:05+00:00,false,,
459df1d589b4,3.-TomTatLATS-TiengViet-NguyenThuyDoanTrang.pdf,https://ipe.iuh.edu.vn/uploads/2025/12/3.-TomTatLATS-TiengViet-NguyenThuyDoanTrang.pdf,https://ipe.iuh.edu.vn/vi/uncategorized/toan-van-danh-gia-luan-an-tien-si-cap-truong-cua-ncs-nguyen-thuy-doan-trang-ban-hoan-chinh/,Viện Đào tạo Quốc tế và Sau đại học,HCM,VIEN_DTQT_SAU_DAI_HOC,true,,auto,34,59549,ok,1717772,459df1d589b4722b48aad2148d0dbfa14a30c93276abd1265d8b5b012618758c,files/vien-dao-tao-quoc-te-va-sau-dai-hoc/459df1d589b4.pdf,false,2026-09-30T07:45:52+00:00,true,,
45c9c5f4feb9,10.-Thạc-sĩ-Quản-trị-kinh-doanh.pdf,https://ipe.iuh.edu.vn/uploads/2016/11/10.-Thạc-sĩ-Quản-trị-kinh-doanh.pdf,https://ipe.iuh.edu.vn/vi/van-ban-tien-ich/ba-cong-khai/,Viện Đào tạo Quốc tế và Sau đại học,HCM,VIEN_DTQT_SAU_DAI_HOC,false,2,auto,4,6515,ok,336087,45c9c5f4feb9989973ce7104c2dc6441b0a78a540deee04028670b6babe3db4c,files/vien-dao-tao-quoc-te-va-sau-dai-hoc/45c9c5f4feb9.pdf,false,2026-09-30T07:43:04+00:00,true,,
47fea2cd7c44,0.3.-De-cuong-on-tap-Toan-roi-rac.pdf,https://ipe.iuh.edu.vn/uploads/2021/04/0.3.-De-cuong-on-tap-Toan-roi-rac.pdf,https://ipe.iuh.edu.vn/vi/on-thi-va-hoc-bskt/de-cuong-on-thi-tuyen-sinh-dao-tao-trinh-do-thac-si-dot-1-nam-2021/,Viện Đào tạo Quốc tế và Sau đại học,HCM,VIEN_DTQT_SAU_DAI_HOC,true,,auto,2,1882,ok,339147,47fea2cd7c44f261ff3d99a3e76c1820827589b8be21af5405022aa54c194669,files/vien-dao-tao-quoc-te-va-sau-dai-hoc/47fea2cd7c44.pdf,false,2026-09-30T07:44:27+00:00,true,,
4ae837597f94,09.-Thạc-sĩ-Tài-chính-ngân-hàng.pdf,https://ipe.iuh.edu.vn/uploads/2016/11/09.-Thạc-sĩ-Tài-chính-ngân-hàng.pdf,https://ipe.iuh.edu.vn/vi/van-ban-tien-ich/ba-cong-khai/,Viện Đào tạo Quốc tế và Sau đại học,HCM,VIEN_DTQT_SAU_DAI_HOC,true,,auto,1,2417,ok,297317,4ae837597f94b6f7ce01cee91b2cf17ca94349f8ca7d3bf96966f680779853ec,files/vien-dao-tao-quoc-te-va-sau-dai-hoc/4ae837597f94.pdf,false,2026-09-30T07:43:02+00:00,true,,
4cf07e1c4439,9.-De-cuong-on-tap-Nguyen-ly-ke-toan.pdf,https://ipe.iuh.edu.vn/uploads/2020/06/9.-De-cuong-on-tap-Nguyen-ly-ke-toan.pdf,https://ipe.iuh.edu.vn/vi/on-thi-va-hoc-bskt/de-cuong-on-thi-tuyen-sinh-dao-tao-trinh-do-thac-si-dot-1-nam-2020/,Viện Đào tạo Quốc tế và Sau đại học,HCM,VIEN_DTQT_SAU_DAI_HOC,false,4,auto,1,911,ok,75622,4cf07e1c44396f8138bb8dc59fb117ced4e9e30acffe2e0780498a5094125203,files/vien-dao-tao-quoc-te-va-sau-dai-hoc/4cf07e1c4439.pdf,false,2026-09-30T07:44:10+00:00,true,,
4d1322aa6d20,0.4-De-cuong-on-tap-Tieng-Anh.pdf,https://ipe.iuh.edu.vn/uploads/2021/04/0.4-De-cuong-on-tap-Tieng-Anh.pdf,https://ipe.iuh.edu.vn/vi/on-thi-va-hoc-bskt/de-cuong-on-thi-tuyen-sinh-dao-tao-trinh-do-thac-si-dot-1-nam-2021/,Viện Đào tạo Quốc tế và Sau đại học,HCM,VIEN_DTQT_SAU_DAI_HOC,false,1,auto,3,4147,ok,212517,4d1322aa6d205a55610c66052b8371f372be1b9d2e793d4fe702dfc7e395eaa7,files/vien-dao-tao-quoc-te-va-sau-dai-hoc/4d1322aa6d20.pdf,false,2026-09-30T07:44:29+00:00,true,,
4d807db16a07,8.-De-cuong-on-tap-Sinh-hoc-dai-cuong.pdf,https://ipe.iuh.edu.vn/uploads/2020/06/8.-De-cuong-on-tap-Sinh-hoc-dai-cuong.pdf,https://ipe.iuh.edu.vn/vi/on-thi-va-hoc-bskt/de-cuong-on-thi-tuyen-sinh-dao-tao-trinh-do-thac-si-dot-1-nam-2020/,Viện Đào tạo Quốc tế và Sau đại học,HCM,VIEN_DTQT_SAU_DAI_HOC,true,,auto,2,1391,ok,87269,4d807db16a07cfb3e6b96f70b1ed2375bc677cbf43162939af40b01cd166905d,files/vien-dao-tao-quoc-te-va-sau-dai-hoc/4d807db16a07.pdf,false,2026-09-30T07:44:07+00:00,true,,
505d01ac9c69,2021.08.13-QĐ-1044-Trung-tuyen-NCS-2021-1-06ncs-CK.HO_.KHMT_.QTKD_.pdf,https://ipe.iuh.edu.vn/uploads/2021/09/2021.08.13-QĐ-1044-Trung-tuyen-NCS-2021-1-06ncs-CK.HO_.KHMT_.QTKD_.pdf,https://ipe.iuh.edu.vn/vi/tien-si/quyet-dinh-trung-tuyen-ky-tuyen-sinh-dao-tao-trinh-do-tien-si-dot-1-nam-2021/,Viện Đào tạo Quốc tế và Sau đại học,HCM,VIEN_DTQT_SAU_DAI_HOC,true,,auto,2,0,scanned,571614,505d01ac9c69751845fdbf7e0c3ae71c0c90366cc32efce7e94d89f2ed6aebcb,scanned_pdf/vien-dao-tao-quoc-te-va-sau-dai-hoc/505d01ac9c69.pdf,false,2026-09-30T07:45:00+00:00,false,,
538e6ecdcd4b,QD3557-MBA-SSU.pdf,https://ipe.iuh.edu.vn/uploads/2016/03/QD3557-MBA-SSU.pdf,https://ipe.iuh.edu.vn/vi/lien-ket-quoc-te/thac-si-quan-tri-kinh-doanh-soongsil-han-quoc/,Viện Đào tạo Quốc tế và Sau đại học,HCM,VIEN_DTQT_SAU_DAI_HOC,true,,auto,3,0,scanned,147567,538e6ecdcd4b1c11e9554990b0525ab95c6493a0c9e9f291597123427b2a5a76,scanned_pdf/vien-dao-tao-quoc-te-va-sau-dai-hoc/538e6ecdcd4b.pdf,false,2026-09-30T07:42:08+00:00,false,,
53dc5d374efd,8.-De-cuong-on-tap-Ly-thuyet-O-to.pdf,https://ipe.iuh.edu.vn/uploads/2021/04/8.-De-cuong-on-tap-Ly-thuyet-O-to.pdf,https://ipe.iuh.edu.vn/vi/on-thi-va-hoc-bskt/de-cuong-on-thi-tuyen-sinh-dao-tao-trinh-do-thac-si-dot-1-nam-2021/,Viện Đào tạo Quốc tế và Sau đại học,HCM,VIEN_DTQT_SAU_DAI_HOC,false,4,auto,1,1509,ok,117162,53dc5d374efde097f425bf3ed10c2f69bd5d068c55ab694da17fecd09d6ac328,files/vien-dao-tao-quoc-te-va-sau-dai-hoc/53dc5d374efd.pdf,false,2026-09-30T07:44:41+00:00,true,,
54f4af9e0a41,2024.03.08-Thong-bao-Thuc-tap-co-huong-luong-tai-Nhat-Ban.pdf,https://ipe.iuh.edu.vn/uploads/2024/03/2024.03.08-Thong-bao-Thuc-tap-co-huong-luong-tai-Nhat-Ban.pdf,https://ipe.iuh.edu.vn/vi/thong-tin-tuyen-sinh/thong-bao-tuyen-chon-sinh-vien-di-thuc-tap-co-huong-luong-lai-nhat-ban/,Viện Đào tạo Quốc tế và Sau đại học,HCM,VIEN_DTQT_SAU_DAI_HOC,true,,auto,2,0,scanned,1426880,54f4af9e0a416670cbf72f90b2b7695b37ce4a5b5292c853b8baa993d6c06210,scanned_pdf/vien-dao-tao-quoc-te-va-sau-dai-hoc/54f4af9e0a41.pdf,false,2026-09-30T07:45:16+00:00,false,,
5608c8a7096a,Tiến-sĩ-Quản-lý-môi-trường.pdf,https://ipe.iuh.edu.vn/uploads/2016/11/Tiến-sĩ-Quản-lý-môi-trường.pdf,https://ipe.iuh.edu.vn/vi/van-ban-tien-ich/ba-cong-khai/,Viện Đào tạo Quốc tế và Sau đại học,HCM,VIEN_DTQT_SAU_DAI_HOC,true,,auto,2,3697,ok,308410,5608c8a7096a2f1d1d385a58e0e9fbea5514a3b6afbe6aa17ff84ed10a869718,files/vien-dao-tao-quoc-te-va-sau-dai-hoc/5608c8a7096a.pdf,false,2026-09-30T07:43:06+00:00,true,,
574dc2f2a71a,chuan_dau_ra_tien_si_kt_co_khi.pdf,https://ipe.iuh.edu.vn/uploads/2016/03/chuan_dau_ra_tien_si_kt_co_khi.pdf,https://ipe.iuh.edu.vn/vi/van-ban-tien-ich/ba-cong-khai/,Viện Đào tạo Quốc tế và Sau đại học,HCM,VIEN_DTQT_SAU_DAI_HOC,true,,auto,2,2427,ok,21961,574dc2f2a71a388321eb4dfdc6e6014624e6d2cbd269a346499b336f5fb88a8b,files/vien-dao-tao-quoc-te-va-sau-dai-hoc/574dc2f2a71a.pdf,false,2026-09-30T07:42:16+00:00,true,,
576d587057a6,07.-Thạc-sĩ-Công-nghệ-thực-phẩm.pdf,https://ipe.iuh.edu.vn/uploads/2016/11/07.-Thạc-sĩ-Công-nghệ-thực-phẩm.pdf,https://ipe.iuh.edu.vn/vi/van-ban-tien-ich/ba-cong-khai/,Viện Đào tạo Quốc tế và Sau đại học,HCM,VIEN_DTQT_SAU_DAI_HOC,true,,auto,3,6409,ok,322501,576d587057a62836fd9640e835244df1568d6a4cdf2a1d6720991446b6b5d980,files/vien-dao-tao-quoc-te-va-sau-dai-hoc/576d587057a6.pdf,false,2026-09-30T07:42:54+00:00,true,,
58e19c673caa,PL1-3.pdf,https://ipe.iuh.edu.vn/uploads/2026/03/PL1-3.pdf,https://ipe.iuh.edu.vn/vi/thong-tin-tuyen-sinh/thong-bao-tuyen-sinh-dao-tao-trinh-do-tien-si-nam-2026-dot-1/attachment/pl1-3-2/,Viện Đào tạo Quốc tế và Sau đại học,HCM,VIEN_DTQT_SAU_DAI_HOC,true,,auto,1,1808,ok,369551,58e19c673caa5df1302381dfcc21e0eb7560c0a091e81d72f79ad849b02bef47,files/vien-dao-tao-quoc-te-va-sau-dai-hoc/58e19c673caa.pdf,false,2026-09-30T07:45:58+00:00,true,,
5cd3d4477d6e,202202241041-1.pdf,https://ipe.iuh.edu.vn/uploads/2022/02/202202241041-1.pdf,https://ipe.iuh.edu.vn/vi/lich-bao-ve-luan-van-thac-si/thong-bao-lich-bao-ve-luan-van-thac-si-thang-03-nam-2022/,Viện Đào tạo Quốc tế và Sau đại học,HCM,VIEN_DTQT_SAU_DAI_HOC,true,,auto,3,0,scanned,1570829,5cd3d4477d6e3b3e5ced7662525cfa952c628e1f8a0c5015f9d3eb03d95f4470,scanned_pdf/vien-dao-tao-quoc-te-va-sau-dai-hoc/5cd3d4477d6e.pdf,false,2026-09-30T07:45:03+00:00,false,,
60d9eea99a99,202511131100.pdf,https://ipe.iuh.edu.vn/uploads/2025/11/202511131100.pdf,https://ipe.iuh.edu.vn/vi/thong-bao/thong-bao-tuyen-chon-sinh-vien-di-thuc-tap-co-huong-luong-tai-nhat-ban-quan-ly-kho-phong-van-11-2025-2/,Viện Đào tạo Quốc tế và Sau đại học,HCM,VIEN_DTQT_SAU_DAI_HOC,true,,auto,1,0,scanned,603228,60d9eea99a99e3e4a703d942985d9c40acb50402676455d5f638bb176d77a6c5,scanned_pdf/vien-dao-tao-quoc-te-va-sau-dai-hoc/60d9eea99a99.pdf,false,2026-09-30T07:45:46+00:00,false,,
613b7617abca,2022.11.30-QD-2708-Cong-nhan-TN-thang-11.2022-55hv.pdf,https://ipe.iuh.edu.vn/uploads/2022/12/2022.11.30-QD-2708-Cong-nhan-TN-thang-11.2022-55hv.pdf,https://ipe.iuh.edu.vn/vi/chuyen-muc-hoc-vien/quyet-dinh-cong-nhan-tot-nghiep-va-cap-bang-thac-si-dot-thang-11-nam-2022/,Viện Đào tạo Quốc tế và Sau đại học,HCM,VIEN_DTQT_SAU_DAI_HOC,false,3,auto,10,0,scanned,5013763,613b7617abcab5ce4795a052492e1335b270010e0897c34db87b631362db2e0c,scanned_pdf/vien-dao-tao-quoc-te-va-sau-dai-hoc/613b7617abca.pdf,false,2026-09-30T07:45:07+00:00,false,,
61618ad287bb,202410300920.pdf,https://ipe.iuh.edu.vn/uploads/2024/10/202410300920.pdf,https://ipe.iuh.edu.vn/vi/thong-bao/thong-bao-tien-cu-sinh-vien-di-thuc-tap-co-huong-luong-tai-dai-loan/,Viện Đào tạo Quốc tế và Sau đại học,HCM,VIEN_DTQT_SAU_DAI_HOC,true,,auto,2,0,scanned,1148640,61618ad287bb4b7f053a90d136d93f393af5e295831f10657c3b60ba36f00d59,scanned_pdf/vien-dao-tao-quoc-te-va-sau-dai-hoc/61618ad287bb.pdf,false,2026-09-30T07:45:22+00:00,false,,
640dcd666259,2024-Thong-bao-Tuyen-sinh-Thac-si-Dot-1.pdf,https://ipe.iuh.edu.vn/uploads/2024/02/2024-Thong-bao-Tuyen-sinh-Thac-si-Dot-1.pdf,https://ipe.iuh.edu.vn/vi/thong-tin-tuyen-sinh/thong-bao-tuyen-sinh-dao-tao-trinh-do-thac-si-nam-2024-dot-1/,Viện Đào tạo Quốc tế và Sau đại học,HCM,VIEN_DTQT_SAU_DAI_HOC,true,,auto,10,0,scanned,6878899,640dcd6662594143a7cc6f288b0270f5661b6a6e62fc2fd9480f95cea16b987f,scanned_pdf/vien-dao-tao-quoc-te-va-sau-dai-hoc/640dcd666259.pdf,false,2026-09-30T07:45:14+00:00,false,,
665666e7b71b,1.-De-cuong-on-tap-Quan-ly-moi-truong.pdf,https://ipe.iuh.edu.vn/uploads/2020/06/1.-De-cuong-on-tap-Quan-ly-moi-truong.pdf,https://ipe.iuh.edu.vn/vi/on-thi-va-hoc-bskt/de-cuong-on-thi-tuyen-sinh-dao-tao-trinh-do-thac-si-dot-1-nam-2020/,Viện Đào tạo Quốc tế và Sau đại học,HCM,VIEN_DTQT_SAU_DAI_HOC,true,,auto,3,4508,ok,150971,665666e7b71bf9e09646fbad28c571047d509024bfcadc401001c9358e61634c,files/vien-dao-tao-quoc-te-va-sau-dai-hoc/665666e7b71b.pdf,false,2026-09-30T07:43:44+00:00,true,,
66e927b2a7b2,0.1-0.2-De-cuong-on-tap-toan-cao-cap-toan-kinh-te-1.pdf,https://ipe.iuh.edu.vn/uploads/2021/04/0.1-0.2-De-cuong-on-tap-toan-cao-cap-toan-kinh-te-1.pdf,https://ipe.iuh.edu.vn/vi/on-thi-va-hoc-bskt/de-cuong-on-thi-tuyen-sinh-dao-tao-trinh-do-thac-si-dot-1-nam-2021/,Viện Đào tạo Quốc tế và Sau đại học,HCM,VIEN_DTQT_SAU_DAI_HOC,true,,auto,1,1706,ok,336088,66e927b2a7b241c568a0a1005fcf6b8f51c76ae4aedfe9e15b47401bbb73ceca,files/vien-dao-tao-quoc-te-va-sau-dai-hoc/66e927b2a7b2.pdf,false,2026-09-30T07:44:25+00:00,true,,
6a62494b5305,PL1-1.pdf,https://ipe.iuh.edu.vn/uploads/2025/08/PL1-1.pdf,https://ipe.iuh.edu.vn/vi/thong-tin-tuyen-sinh/thong-bao-tuyen-sinh-dao-tao-trinh-do-thac-si-nam-2025-dot-2/,Viện Đào tạo Quốc tế và Sau đại học,HCM,VIEN_DTQT_SAU_DAI_HOC,false,4,auto,5,10839,ok,390895,6a62494b5305f701fdd6f8842a3e2fcc160788ab325a74694d1ee2209ba7dde3,files/vien-dao-tao-quoc-te-va-sau-dai-hoc/6a62494b5305.pdf,false,2026-09-30T07:45:39+00:00,true,,
703fe791cbc0,Quy-dinh-Nop-Hoc-phi-SDH-2025-1.pdf,https://ipe.iuh.edu.vn/uploads/2016/03/Quy-dinh-Nop-Hoc-phi-SDH-2025-1.pdf,https://ipe.iuh.edu.vn/vi/van-ban-tien-ich/qui-che-quy-dinh/,Viện Đào tạo Quốc tế và Sau đại học,HCM,VIEN_DTQT_SAU_DAI_HOC,true,,auto,3,4322,ok,192285,703fe791cbc0bd732e7d67548b3c6d82823353eba48b6142cf28ba82a28feea0,files/vien-dao-tao-quoc-te-va-sau-dai-hoc/703fe791cbc0.pdf,false,2026-09-30T07:42:10+00:00,true,,
7047b8ec227f,202404041140.pdf,https://ipe.iuh.edu.vn/uploads/2024/03/202404041140.pdf,https://ipe.iuh.edu.vn/vi/thong-tin-tuyen-sinh/thong-bao-tuyen-sinh-dao-tao-trinh-do-thac-si-nam-2024-dot-1-lan-2/,Viện Đào tạo Quốc tế và Sau đại học,HCM,VIEN_DTQT_SAU_DAI_HOC,true,,auto,10,0,scanned,2724100,7047b8ec227f9f46410fbc91da7e53b2f8233c1a51b9582c6311c9a6587e8128,scanned_pdf/vien-dao-tao-quoc-te-va-sau-dai-hoc/7047b8ec227f.pdf,false,2026-09-30T07:45:17+00:00,false,,
70ca042dff1d,2026.09.21-KH-77-Xet-TN-ThS.TS-thang-11.2026.pdf,https://ipe.iuh.edu.vn/uploads/2026/09/2026.09.21-KH-77-Xet-TN-ThS.TS-thang-11.2026.pdf,https://ipe.iuh.edu.vn/vi/thong-bao/ke-hoach-ve-viec-xet-tot-nghiep-trinh-do-thac-si-tien-si-dot-thang-11-nam-2026-2/,Viện Đào tạo Quốc tế và Sau đại học,HCM,VIEN_DTQT_SAU_DAI_HOC,true,,auto,1,0,scanned,744068,70ca042dff1d70956b7b2bf2daa5d536332cf5e4bb3bf8daffcdda2b05ea3254,scanned_pdf/vien-dao-tao-quoc-te-va-sau-dai-hoc/70ca042dff1d.pdf,false,2026-09-30T07:46:15+00:00,false,,
72acde2cc64a,Phu-luc-TB-tuyen-sinh-tien-si-2024-2-1.pdf,https://ipe.iuh.edu.vn/uploads/2024/08/Phu-luc-TB-tuyen-sinh-tien-si-2024-2-1.pdf,https://ipe.iuh.edu.vn/vi/thong-tin-tuyen-sinh/thong-bao-tuyen-sinh-dao-tao-trinh-do-tien-si-nam-2024-dot-2/,Viện Đào tạo Quốc tế và Sau đại học,HCM,VIEN_DTQT_SAU_DAI_HOC,true,,auto,18,0,scanned,11835898,72acde2cc64a7c2792d3612bba5f749293b9c527bbdb8435f13547c8e0d6af4a,scanned_pdf/vien-dao-tao-quoc-te-va-sau-dai-hoc/72acde2cc64a.pdf,false,2026-09-30T07:45:22+00:00,false,,
75beceb2c929,4.-De-cuong-on-tap-Hoa-ly.pdf,https://ipe.iuh.edu.vn/uploads/2021/04/4.-De-cuong-on-tap-Hoa-ly.pdf,https://ipe.iuh.edu.vn/vi/on-thi-va-hoc-bskt/de-cuong-on-thi-tuyen-sinh-dao-tao-trinh-do-thac-si-dot-1-nam-2021/,Viện Đào tạo Quốc tế và Sau đại học,HCM,VIEN_DTQT_SAU_DAI_HOC,true,,auto,3,3376,ok,398122,75beceb2c92943c60acef94567447b7434bcc3531f6be20a2e1949174e16ec00,files/vien-dao-tao-quoc-te-va-sau-dai-hoc/75beceb2c929.pdf,false,2026-09-30T07:44:37+00:00,true,,
76d2386a2761,Chuong-trinh-trao-doi-26_27.pdf,https://ipe.iuh.edu.vn/uploads/2026/03/Chuong-trinh-trao-doi-26_27.pdf,https://ipe.iuh.edu.vn/vi/thong-tin-chuong-trinh/chuong-trinh-trao-doi-sinh-vien-tai-iuh-2026-2027/,Viện Đào tạo Quốc tế và Sau đại học,HCM,VIEN_DTQT_SAU_DAI_HOC,true,,auto,2,2204,ok,139106,76d2386a2761d3639a81c71c5943ef16eda25119a6f403f38a13bff753a762d9,files/vien-dao-tao-quoc-te-va-sau-dai-hoc/76d2386a2761.pdf,false,2026-09-30T07:45:57+00:00,true,,
7711611ed810,3.-De-cuong-on-tap-Hoa-phan-tich.pdf,https://ipe.iuh.edu.vn/uploads/2020/06/3.-De-cuong-on-tap-Hoa-phan-tich.pdf,https://ipe.iuh.edu.vn/vi/on-thi-va-hoc-bskt/de-cuong-on-thi-tuyen-sinh-dao-tao-trinh-do-thac-si-dot-1-nam-2020/,Viện Đào tạo Quốc tế và Sau đại học,HCM,VIEN_DTQT_SAU_DAI_HOC,true,,auto,2,2348,ok,129532,7711611ed81074f566ac8e7944499bad3ad1e045fac2572ccd71c1f5618380aa,files/vien-dao-tao-quoc-te-va-sau-dai-hoc/7711611ed810.pdf,false,2026-09-30T07:43:50+00:00,true,,
77a0d60fb11b,202502081035.pdf,https://ipe.iuh.edu.vn/uploads/2025/02/202502081035.pdf,https://ipe.iuh.edu.vn/vi/thong-bao/thong-bao-v-v-tuyen-chon-sinh-vien-di-thuc-tap-co-huong-luong-tai-dai-loan-cong-ty-che-bien-thuc-pham-thang-06-nam-2025/,Viện Đào tạo Quốc tế và Sau đại học,HCM,VIEN_DTQT_SAU_DAI_HOC,true,,auto,1,0,scanned,733581,77a0d60fb11be3482fed3d291fbaa7749ffe7afa5171df7ab28c592b2178f096,scanned_pdf/vien-dao-tao-quoc-te-va-sau-dai-hoc/77a0d60fb11b.pdf,false,2026-09-30T07:45:30+00:00,false,,
78feda9914ed,tb187_thoi_gian_hoc_tap_cua_hoc_vien_cao_hoc_2_truong_hop_07.2014_-truoc_va_sau.pdf,https://ipe.iuh.edu.vn/uploads/2017/12/tb187_thoi_gian_hoc_tap_cua_hoc_vien_cao_hoc_2_truong_hop_07.2014_-truoc_va_sau.pdf,https://ipe.iuh.edu.vn/vi/chuyen-muc-hoc-vien/thong-bao-thoi-gian-hoc-tap-cua-hoc-vien-cao-hoc/,Viện Đào tạo Quốc tế và Sau đại học,HCM,VIEN_DTQT_SAU_DAI_HOC,false,3,auto,2,2280,garbled_ocr,678283,78feda9914ed7730b47539a470a4f60ecd64b2c0ec59c2d29f2dd5f5437d135c,scanned_pdf/vien-dao-tao-quoc-te-va-sau-dai-hoc/78feda9914ed.pdf,false,2026-09-30T07:43:20+00:00,false,,
79d4c1084b3b,4.-De-cuong-on-tap-Ly-thuyet-mach-dien.pdf,https://ipe.iuh.edu.vn/uploads/2020/06/4.-De-cuong-on-tap-Ly-thuyet-mach-dien.pdf,https://ipe.iuh.edu.vn/vi/on-thi-va-hoc-bskt/de-cuong-on-thi-tuyen-sinh-dao-tao-trinh-do-thac-si-dot-1-nam-2020/,Viện Đào tạo Quốc tế và Sau đại học,HCM,VIEN_DTQT_SAU_DAI_HOC,true,,auto,3,2285,ok,128400,79d4c1084b3bee3da0f4a7fa2d810f02d2cf7f22a937eeeb31e535a123d46672,files/vien-dao-tao-quoc-te-va-sau-dai-hoc/79d4c1084b3b.pdf,false,2026-09-30T07:43:52+00:00,true,,
7b9f863e6833,thac_si_hoa_phan_tich-1.pdf,https://ipe.iuh.edu.vn/uploads/2016/03/thac_si_hoa_phan_tich-1.pdf,https://ipe.iuh.edu.vn/vi/van-ban-tien-ich/ba-cong-khai/,Viện Đào tạo Quốc tế và Sau đại học,HCM,VIEN_DTQT_SAU_DAI_HOC,true,,auto,3,4218,ok,356544,7b9f863e6833ee7227151593d5c40f1188121b435e9ba586ab87ee9afc36f1e6,files/vien-dao-tao-quoc-te-va-sau-dai-hoc/7b9f863e6833.pdf,false,2026-09-30T07:42:26+00:00,true,,
7d1ecc033394,04_Cong khai GVCH 2015 - IUH.pdf,http://iuh.edu.vn/Resource/Upload2/files/documents/2015_bacongkhai/04_Cong%20khai%20GVCH%202015%20-%20IUH.pdf,https://ipe.iuh.edu.vn/vi/van-ban-tien-ich/ba-cong-khai/,Viện Đào tạo Quốc tế và Sau đại học,HCM,VIEN_DTQT_SAU_DAI_HOC,false,3,auto,1,0,scanned,796941,7d1ecc0333943f727e53b746419649826793eabcd50012353858f6300c2ae348,scanned_pdf/vien-dao-tao-quoc-te-va-sau-dai-hoc/7d1ecc033394.pdf,true,2026-09-30T07:42:01+00:00,false,,
80fd3ac098df,202509070802-1.pdf,https://ipe.iuh.edu.vn/uploads/2025/09/202509070802-1.pdf,https://ipe.iuh.edu.vn/vi/thong-bao/thong-bao-tuyen-chon-sinh-vien-di-thuc-tap-co-huong-luong-tai-singapore-phuc-vu-nha-hang-phong-van-09-2025/,Viện Đào tạo Quốc tế và Sau đại học,HCM,VIEN_DTQT_SAU_DAI_HOC,true,,auto,1,0,scanned,618079,80fd3ac098df67a021b57599fd54aa26b58fb31724c1f8a9a95e960c6e004c6d,scanned_pdf/vien-dao-tao-quoc-te-va-sau-dai-hoc/80fd3ac098df.pdf,false,2026-09-30T07:45:41+00:00,false,,
817a300d6540,7.-De-cuong-on-tap-Vi-sinh-co-ban.pdf,https://ipe.iuh.edu.vn/uploads/2020/06/7.-De-cuong-on-tap-Vi-sinh-co-ban.pdf,https://ipe.iuh.edu.vn/vi/on-thi-va-hoc-bskt/de-cuong-on-thi-tuyen-sinh-dao-tao-trinh-do-thac-si-dot-1-nam-2020/,Viện Đào tạo Quốc tế và Sau đại học,HCM,VIEN_DTQT_SAU_DAI_HOC,true,,auto,2,1968,ok,93687,817a300d65404ac82ac16a54c22d19221ee90b71126f81fdfaf2a0146c1e64ea,files/vien-dao-tao-quoc-te-va-sau-dai-hoc/817a300d6540.pdf,false,2026-09-30T07:44:04+00:00,true,,
82853976cdfa,tb33__.pdf,https://ipe.iuh.edu.vn/uploads/2020/04/tb33__.pdf,https://ipe.iuh.edu.vn/vi/thac-si/thong-bao-v-v-trien-khai-giang-day-qua-mang/,Viện Đào tạo Quốc tế và Sau đại học,HCM,VIEN_DTQT_SAU_DAI_HOC,true,,auto,1,0,scanned,355082,82853976cdfa44610fa14ac9b7118d596e8dd535d4ac2223cd115b2f0782207e,scanned_pdf/vien-dao-tao-quoc-te-va-sau-dai-hoc/82853976cdfa.pdf,false,2026-09-30T07:43:35+00:00,false,,
870e1101708b,0.3-De-cuong-on-tap-toan-roi-rac.pdf,https://ipe.iuh.edu.vn/uploads/2020/06/0.3-De-cuong-on-tap-toan-roi-rac.pdf,https://ipe.iuh.edu.vn/vi/on-thi-va-hoc-bskt/de-cuong-on-thi-tuyen-sinh-dao-tao-trinh-do-thac-si-dot-1-nam-2020/,Viện Đào tạo Quốc tế và Sau đại học,HCM,VIEN_DTQT_SAU_DAI_HOC,true,,auto,2,1994,ok,125041,870e1101708b6f6c2016d58e7cabcda9350b0b84473d3c32ebaf80e2004e52da,files/vien-dao-tao-quoc-te-va-sau-dai-hoc/870e1101708b.pdf,false,2026-09-30T07:43:40+00:00,true,,
8a7815086100,PL2.pdf,https://ipe.iuh.edu.vn/uploads/2026/03/PL2.pdf,https://ipe.iuh.edu.vn/vi/thong-tin-tuyen-sinh/thong-bao-tuyen-sinh-dao-tao-trinh-do-thac-si-nam-2026-dot-1/attachment/pl2-5/,Viện Đào tạo Quốc tế và Sau đại học,HCM,VIEN_DTQT_SAU_DAI_HOC,true,,auto,1,1912,ok,370431,8a78150861008232a63b600a52802283b55ac45372bdafc6ffe088aee27fb743,files/vien-dao-tao-quoc-te-va-sau-dai-hoc/8a7815086100.pdf,false,2026-09-30T07:46:01+00:00,true,,
8adb319f4c80,tb_106.pdf,https://ipe.iuh.edu.vn/uploads/2018/08/tb_106.pdf,https://ipe.iuh.edu.vn/vi/chuyen-muc-giang-vien/thong-bao-v-v-nghi-le-quoc-khanh-ngay-02-thang-09-nam-2018/,Viện Đào tạo Quốc tế và Sau đại học,HCM,VIEN_DTQT_SAU_DAI_HOC,true,,auto,1,1476,garbled_ocr,395270,8adb319f4c802d04b3203794c4d3b52cbbeac5b188cacbf0031a4fcb23f0b08a,scanned_pdf/vien-dao-tao-quoc-te-va-sau-dai-hoc/8adb319f4c80.pdf,false,2026-09-30T07:43:27+00:00,false,,
8feb954c3904,6.-De-cuong-on-tap-Mach-dien.pdf,https://ipe.iuh.edu.vn/uploads/2021/04/6.-De-cuong-on-tap-Mach-dien.pdf,https://ipe.iuh.edu.vn/vi/on-thi-va-hoc-bskt/de-cuong-on-thi-tuyen-sinh-dao-tao-trinh-do-thac-si-dot-1-nam-2021/,Viện Đào tạo Quốc tế và Sau đại học,HCM,VIEN_DTQT_SAU_DAI_HOC,true,,auto,3,3691,ok,363756,8feb954c3904642a4943951f37db1470b25cd5f3a4d1c399b67095acb8dde2a3,files/vien-dao-tao-quoc-te-va-sau-dai-hoc/8feb954c3904.pdf,false,2026-09-30T07:44:39+00:00,true,,
902ed6f5a86a,202603251009.pdf,https://ipe.iuh.edu.vn/uploads/2026/03/202603251009.pdf,https://ipe.iuh.edu.vn/vi/thong-bao/thong-bao-tuyen-chon-sinh-vien-di-thuc-tap-co-huong-luong-tai-nhat-ban_van-hanh-may-gia-cong-tam-nhua-mang-nhua_phong-van-09-04-2026/,Viện Đào tạo Quốc tế và Sau đại học,HCM,VIEN_DTQT_SAU_DAI_HOC,false,1,auto,1,0,scanned,672186,902ed6f5a86a6b5ca0633793d94bc9ca42dcdaf4bad4b891ab9afd84efbe2fb2,scanned_pdf/vien-dao-tao-quoc-te-va-sau-dai-hoc/902ed6f5a86a.pdf,false,2026-09-30T07:45:56+00:00,false,,
915c956eb0b9,2.-LuanAn-NCSKHMT5B_21142301_NguyenThuyDoanTrang_minsize_2.pdf,https://ipe.iuh.edu.vn/uploads/2025/12/2.-LuanAn-NCSKHMT5B_21142301_NguyenThuyDoanTrang_minsize_2.pdf,https://ipe.iuh.edu.vn/vi/uncategorized/toan-van-danh-gia-luan-an-tien-si-cap-truong-cua-ncs-nguyen-thuy-doan-trang-ban-hoan-chinh/,Viện Đào tạo Quốc tế và Sau đại học,HCM,VIEN_DTQT_SAU_DAI_HOC,true,,auto,206,355266,ok,5034048,915c956eb0b94156c2c0fccd5c04dd30484e0abdedb6a896abd6422fbf606cfe,files/vien-dao-tao-quoc-te-va-sau-dai-hoc/915c956eb0b9.pdf,false,2026-09-30T07:45:49+00:00,false,,
95fa9b2161d4,QD1916-MBA-SSU.pdf,https://ipe.iuh.edu.vn/uploads/2016/03/QD1916-MBA-SSU.pdf,https://ipe.iuh.edu.vn/vi/lien-ket-quoc-te/thac-si-quan-tri-kinh-doanh-soongsil-han-quoc/,Viện Đào tạo Quốc tế và Sau đại học,HCM,VIEN_DTQT_SAU_DAI_HOC,false,4,auto,2,4577,garbled_ocr,1630183,95fa9b2161d400db4bba510014f73758630cf880cc5aa538f5ad92fd5263e8f9,scanned_pdf/vien-dao-tao-quoc-te-va-sau-dai-hoc/95fa9b2161d4.pdf,false,2026-09-30T07:42:05+00:00,false,,
972b028cad7c,anh-moi-truong-lvktx-新秀波磁能環境介紹.pdf,https://ipe.iuh.edu.vn/uploads/2025/09/anh-moi-truong-lvktx-%E6%96%B0%E7%A7%80%E6%B3%A2%E7%A3%81%E8%83%BD%E7%92%B0%E5%A2%83%E4%BB%8B%E7%B4%B9.pdf,https://ipe.iuh.edu.vn/vi/thong-bao/thong-bao-tuyen-chon-sinh-vien-di-thuc-tap-co-huong-luong-tai-dai-loan-tao-hinh-san-pham-in-an-kiem-tra-dong-goi/,Viện Đào tạo Quốc tế và Sau đại học,HCM,VIEN_DTQT_SAU_DAI_HOC,false,2,auto,6,217,scanned,1804166,972b028cad7cebe6f58a0dab974e84c81cf3d3ca06d455872b5f85616d893a7a,scanned_pdf/vien-dao-tao-quoc-te-va-sau-dai-hoc/972b028cad7c.pdf,false,2026-09-30T07:45:43+00:00,false,,
9b4ef7452ea0,TB-tuyen-dung-Cong-ty-Co-phan-Nang-luong-Tu-tinh-Superrite.pdf,https://ipe.iuh.edu.vn/uploads/2025/09/TB-tuyen-dung-Cong-ty-Co-phan-Nang-luong-Tu-tinh-Superrite.pdf,https://ipe.iuh.edu.vn/vi/thong-bao/thong-bao-tuyen-chon-sinh-vien-di-thuc-tap-co-huong-luong-tai-dai-loan-tao-hinh-san-pham-in-an-kiem-tra-dong-goi/,Viện Đào tạo Quốc tế và Sau đại học,HCM,VIEN_DTQT_SAU_DAI_HOC,true,,auto,2,0,scanned,1221347,9b4ef7452ea006c1cd6c0006dcdebe28048dcf7a762d03c1b8f3281233c6b985,scanned_pdf/vien-dao-tao-quoc-te-va-sau-dai-hoc/9b4ef7452ea0.pdf,false,2026-09-30T07:45:42+00:00,false,,
9b884a6e083a,7.-De-cuong-on-tap-Mach-dien-tu.pdf,https://ipe.iuh.edu.vn/uploads/2021/04/7.-De-cuong-on-tap-Mach-dien-tu.pdf,https://ipe.iuh.edu.vn/vi/on-thi-va-hoc-bskt/de-cuong-on-thi-tuyen-sinh-dao-tao-trinh-do-thac-si-dot-1-nam-2021/,Viện Đào tạo Quốc tế và Sau đại học,HCM,VIEN_DTQT_SAU_DAI_HOC,false,4,auto,1,1499,ok,432860,9b884a6e083aa9d4e3c3e309cd8ee66fb2212d652ebeb28432c2f17217de2fb9,files/vien-dao-tao-quoc-te-va-sau-dai-hoc/9b884a6e083a.pdf,false,2026-09-30T07:44:40+00:00,true,,
9ce9b2dddca0,00.-De-cuong-on-tap-Tieng-Anh.pdf,https://ipe.iuh.edu.vn/uploads/2020/06/00.-De-cuong-on-tap-Tieng-Anh.pdf,https://ipe.iuh.edu.vn/vi/on-thi-va-hoc-bskt/de-cuong-on-thi-tuyen-sinh-dao-tao-trinh-do-thac-si-dot-1-nam-2020/,Viện Đào tạo Quốc tế và Sau đại học,HCM,VIEN_DTQT_SAU_DAI_HOC,true,,auto,78,17083,ok,4761718,9ce9b2dddca0e2be1451f84f49b5ccc5d8e84c5bfa181654851a6498fd87440b,files/vien-dao-tao-quoc-te-va-sau-dai-hoc/9ce9b2dddca0.pdf,false,2026-09-30T07:43:42+00:00,true,,
9e07ffe92f0f,TB-tuyen-dung-Cong-ty-Co-phan-Nang-luong-Tu-tinh-Superrite-1.pdf,https://ipe.iuh.edu.vn/uploads/2025/10/TB-tuyen-dung-Cong-ty-Co-phan-Nang-luong-Tu-tinh-Superrite-1.pdf,https://ipe.iuh.edu.vn/vi/thong-bao/thong-bao-tuyen-chon-sinh-vien-di-thuc-tap-co-huong-luong-tai-dai-loan-tao-hinh-san-pham-in-an-kiem-tra-dong-goi-2/,Viện Đào tạo Quốc tế và Sau đại học,HCM,VIEN_DTQT_SAU_DAI_HOC,true,,auto,2,0,scanned,1257554,9e07ffe92f0f2f66490e2573f237f32833ef3c1b8dbffa48a789b60fc046d829,scanned_pdf/vien-dao-tao-quoc-te-va-sau-dai-hoc/9e07ffe92f0f.pdf,false,2026-09-30T07:45:44+00:00,false,,
9fabf2ebcf57,12.-De-cuong-on-tap-Nguyen-ly-ke-toan.pdf,https://ipe.iuh.edu.vn/uploads/2021/04/12.-De-cuong-on-tap-Nguyen-ly-ke-toan.pdf,https://ipe.iuh.edu.vn/vi/on-thi-va-hoc-bskt/de-cuong-on-thi-tuyen-sinh-dao-tao-trinh-do-thac-si-dot-1-nam-2021/,Viện Đào tạo Quốc tế và Sau đại học,HCM,VIEN_DTQT_SAU_DAI_HOC,true,,auto,1,1171,ok,405455,9fabf2ebcf574fd35bb6ba22c38a0defbb5fcd1ba7fc746314a7c099bd77e8a9,files/vien-dao-tao-quoc-te-va-sau-dai-hoc/9fabf2ebcf57.pdf,false,2026-09-30T07:44:34+00:00,true,,
a8abb348ddf9,2024-Thong-bao-Tuyen-sinh-Tien-si-Dot-1.pdf,https://ipe.iuh.edu.vn/uploads/2024/02/2024-Thong-bao-Tuyen-sinh-Tien-si-Dot-1.pdf,https://ipe.iuh.edu.vn/vi/thong-tin-tuyen-sinh/thong-bao-tuyen-sinh-dao-tao-trinh-do-tien-si-nam-2024-dot-1/,Viện Đào tạo Quốc tế và Sau đại học,HCM,VIEN_DTQT_SAU_DAI_HOC,true,,auto,8,0,scanned,5769609,a8abb348ddf9452adbeb463841373fe72c78d3b6e2df1475c3497ac933422ec7,scanned_pdf/vien-dao-tao-quoc-te-va-sau-dai-hoc/a8abb348ddf9.pdf,false,2026-09-30T07:45:15+00:00,false,,
aa006531c2b3,202506290810.pdf,https://ipe.iuh.edu.vn/uploads/2025/07/202506290810.pdf,https://ipe.iuh.edu.vn/vi/ket-qua-tuyen-sinh/quyet-dinh-cong-nhan-thi-sinh-trung-tuyen-ky-tuyen-sinh-dao-tao-trinh-do-thac-si-dot-1-nam-2025/,Viện Đào tạo Quốc tế và Sau đại học,HCM,VIEN_DTQT_SAU_DAI_HOC,true,,auto,16,0,scanned,3590720,aa006531c2b303675baf5a37098898417c3b2095169ca5d1a725370736ec11a1,scanned_pdf/vien-dao-tao-quoc-te-va-sau-dai-hoc/aa006531c2b3.pdf,false,2026-09-30T07:45:38+00:00,false,,
aa72e3c94c1c,PL2-1.pdf,https://ipe.iuh.edu.vn/uploads/2026/03/PL2-1.pdf,https://ipe.iuh.edu.vn/vi/thong-tin-tuyen-sinh/thong-bao-tuyen-sinh-dao-tao-trinh-do-tien-si-nam-2026-dot-1/attachment/pl2-1/,Viện Đào tạo Quốc tế và Sau đại học,HCM,VIEN_DTQT_SAU_DAI_HOC,true,,auto,3,5031,ok,355114,aa72e3c94c1c2632b71acf6982d945e445af546bb0ec52d60b5f76a07a596c98,files/vien-dao-tao-quoc-te-va-sau-dai-hoc/aa72e3c94c1c.pdf,false,2026-09-30T07:46:00+00:00,true,,
ac81a44da5a4,TB-tuyen-dung-Cong-ty-My-Triet.pdf,https://ipe.iuh.edu.vn/uploads/2025/12/TB-tuyen-dung-Cong-ty-My-Triet.pdf,https://ipe.iuh.edu.vn/vi/thong-bao/thong-bao-tuyen-chon-sinh-vien-di-thuc-tap-co-huong-luong-tai-cong-ty-my-triet-dai-loan/,Viện Đào tạo Quốc tế và Sau đại học,HCM,VIEN_DTQT_SAU_DAI_HOC,true,,auto,2,0,scanned,1178985,ac81a44da5a493f6abbd70e2e5788c67dd29dfbb2496f62f366c114ba73dc138,scanned_pdf/vien-dao-tao-quoc-te-va-sau-dai-hoc/ac81a44da5a4.pdf,false,2026-09-30T07:45:52+00:00,false,,
ad148dd663f0,2023.03.28-QD-488-Cong-nhan-TN-Cap-bang-Thac-si-dot-thang-3.2023.pdf,https://ipe.iuh.edu.vn/uploads/2023/03/2023.03.28-QD-488-Cong-nhan-TN-Cap-bang-Thac-si-dot-thang-3.2023.pdf,https://ipe.iuh.edu.vn/vi/chuyen-muc-hoc-vien/quyet-dinh-cong-nhan-tot-nghiep-va-cap-bang-thac-si-dot-thang-03-nam-2023/,Viện Đào tạo Quốc tế và Sau đại học,HCM,VIEN_DTQT_SAU_DAI_HOC,true,,auto,12,0,scanned,6019043,ad148dd663f08edd450d0f68856eb4dd9246711f1be11b2f704866b4197df547,scanned_pdf/vien-dao-tao-quoc-te-va-sau-dai-hoc/ad148dd663f0.pdf,false,2026-09-30T07:45:08+00:00,false,,
ad9179b8498c,TB-tuyen-dung-Cong-ty-Ki-thuat-Dai-Vy-Dot-2-1.pdf,https://ipe.iuh.edu.vn/uploads/2026/03/TB-tuyen-dung-Cong-ty-Ki-thuat-Dai-Vy-Dot-2-1.pdf,https://ipe.iuh.edu.vn/vi/thong-bao/thong-bao-tuyen-chon-sinh-vien-di-thuc-tap-co-huong-luong-tai-dai-loan_nv-bo-phan-vat-tu-va-san-xuat_phong-van-3-2026/,Viện Đào tạo Quốc tế và Sau đại học,HCM,VIEN_DTQT_SAU_DAI_HOC,false,4,auto,2,0,scanned,1168950,ad9179b8498c2ba59912991d4f58722f75ce3c2e426970cb3e9814733a130c70,scanned_pdf/vien-dao-tao-quoc-te-va-sau-dai-hoc/ad9179b8498c.pdf,false,2026-09-30T07:46:03+00:00,false,,
aeb91f402818,202404040929_compressed.pdf,https://ipe.iuh.edu.vn/uploads/2024/04/202404040929_compressed.pdf,https://ipe.iuh.edu.vn/vi/chuyen-muc-hoc-vien/thong-bao-dang-ky-hoc-truoc-mot-so-hoc-phan-cua-chuong-trinh-dao-tao-trinh-do-thac-si-lan-2/,Viện Đào tạo Quốc tế và Sau đại học,HCM,VIEN_DTQT_SAU_DAI_HOC,true,,auto,19,0,scanned,1777895,aeb91f4028187d8b1b282e1e95c92910c107b057662667b4b8cb10561d7aa2e4,scanned_pdf/vien-dao-tao-quoc-te-va-sau-dai-hoc/aeb91f402818.pdf,false,2026-09-30T07:45:18+00:00,false,,
af27481b2fbd,202202241045.pdf,https://ipe.iuh.edu.vn/uploads/2022/02/202202241045.pdf,https://ipe.iuh.edu.vn/vi/lich-bao-ve-luan-van-thac-si/thong-bao-lich-bao-ve-luan-van-thac-si-thang-03-nam-2022/,Viện Đào tạo Quốc tế và Sau đại học,HCM,VIEN_DTQT_SAU_DAI_HOC,false,2,auto,5,0,scanned,3766481,af27481b2fbdcc4c699edfedc3b7a885d882537ec697fe106eddade0789613ac,scanned_pdf/vien-dao-tao-quoc-te-va-sau-dai-hoc/af27481b2fbd.pdf,false,2026-09-30T07:45:04+00:00,false,,
afdd79718156,2022.01-QĐ-67-HDLV-QTKD-8BQN.pdf,https://ipe.iuh.edu.vn/uploads/2022/01/2022.01-QĐ-67-HDLV-QTKD-8BQN.pdf,https://ipe.iuh.edu.vn/vi/lich-bao-ve-luan-van-thac-si/thong-bao-lich-bao-ve-luan-van-thac-si-thang-01-nam-2022/,Viện Đào tạo Quốc tế và Sau đại học,HCM,VIEN_DTQT_SAU_DAI_HOC,true,,auto,5,0,scanned,3805270,afdd7971815644c52bab053c76ab48da3e5ed2a75ef24b9f26780999cfe46188,scanned_pdf/vien-dao-tao-quoc-te-va-sau-dai-hoc/afdd79718156.pdf,false,2026-09-30T07:45:02+00:00,false,,
b0ad505aa7a6,2025.08.17-QD-2525_Hoc-bong-2025_K21.pdf,https://ipe.iuh.edu.vn/uploads/2016/03/2025.08.17-QD-2525_Hoc-bong-2025_K21.pdf,https://ipe.iuh.edu.vn/vi/van-ban-tien-ich/qui-che-quy-dinh/,Viện Đào tạo Quốc tế và Sau đại học,HCM,VIEN_DTQT_SAU_DAI_HOC,false,3,auto,12,0,scanned,4193707,b0ad505aa7a6c8add1905945f3b2816a230cc62fe41d1d27ab5442d6a2b99801,scanned_pdf/vien-dao-tao-quoc-te-va-sau-dai-hoc/b0ad505aa7a6.pdf,false,2026-09-30T07:41:56+00:00,false,,
b6037fbf36f1,brochure_ssu.pdf,https://ipe.iuh.edu.vn/uploads/2017/01/brochure_ssu.pdf,https://ipe.iuh.edu.vn/vi/mba-soongsil/gioi-thieu-ve-truong-dai-hoc-soongsil-han-quoc/,Viện Đào tạo Quốc tế và Sau đại học,HCM,VIEN_DTQT_SAU_DAI_HOC,true,,auto,2,0,scanned,2203658,b6037fbf36f15d012353c985f5b95c594936aa07ccd209d6d122d94ba3c9bf33,scanned_pdf/vien-dao-tao-quoc-te-va-sau-dai-hoc/b6037fbf36f1.pdf,false,2026-09-30T07:43:16+00:00,false,,
bdc2051e7984,11.-De-cuong-on-tao-Vi-sinh-co-ban.pdf,https://ipe.iuh.edu.vn/uploads/2021/04/11.-De-cuong-on-tao-Vi-sinh-co-ban.pdf,https://ipe.iuh.edu.vn/vi/on-thi-va-hoc-bskt/de-cuong-on-thi-tuyen-sinh-dao-tao-trinh-do-thac-si-dot-1-nam-2021/,Viện Đào tạo Quốc tế và Sau đại học,HCM,VIEN_DTQT_SAU_DAI_HOC,true,,auto,2,1964,ok,142681,bdc2051e798430b1f3c6483b29f8ecbfcc8fe57ccfee9c09145fffc8f5b5d574,files/vien-dao-tao-quoc-te-va-sau-dai-hoc/bdc2051e7984.pdf,false,2026-09-30T07:44:33+00:00,true,,
be383d40b39b,PL1.pdf,https://ipe.iuh.edu.vn/uploads/2025/02/PL1.pdf,https://ipe.iuh.edu.vn/vi/thong-tin-tuyen-sinh/thong-bao-tuyen-sinh-dao-tao-trinh-do-thac-si-nam-2025-dot-1/,Viện Đào tạo Quốc tế và Sau đại học,HCM,VIEN_DTQT_SAU_DAI_HOC,false,1,auto,6,11524,ok,392507,be383d40b39bdb78b7cb4c2b6878f3d68351110eba0ee2f52d6404023eea8f0e,files/vien-dao-tao-quoc-te-va-sau-dai-hoc/be383d40b39b.pdf,false,2026-09-30T07:45:32+00:00,true,,
be3c1b0c1f3f,chuyen_doi_danh_muc_dao_tao_thac_si.tien_si_theo_tt_25.2017.pdf,https://ipe.iuh.edu.vn/uploads/2017/11/chuyen_doi_danh_muc_dao_tao_thac_si.tien_si_theo_tt_25.2017.pdf,https://ipe.iuh.edu.vn/vi/chuyen-muc-dao-tao/quyet-dinh-vv-cong-nhan-ket-qua-chuyen-doi-danh-muc-nganh-dao-tao-trinh-thac-si-tien-si-da-co-quyet-dinh-mo-nganh-sang-danh-muc-dao-tao-moi-ban-hanh-theo-thong-tu-252017ttbgddt-ngay-10102017/,Viện Đào tạo Quốc tế và Sau đại học,HCM,VIEN_DTQT_SAU_DAI_HOC,true,,auto,2,3781,garbled_ocr,1077896,be3c1b0c1f3f1c1c283b161e260ef6d7c4d2de5004dbf58024b2ec281b2b60cf,scanned_pdf/vien-dao-tao-quoc-te-va-sau-dai-hoc/be3c1b0c1f3f.pdf,false,2026-09-30T07:43:18+00:00,false,,
c08e7d77d4f1,PL3-1.pdf,https://ipe.iuh.edu.vn/uploads/2026/03/PL3-1.pdf,https://ipe.iuh.edu.vn/vi/thong-tin-tuyen-sinh/thong-bao-tuyen-sinh-dao-tao-trinh-do-tien-si-nam-2026-dot-1/attachment/pl3-1/,Viện Đào tạo Quốc tế và Sau đại học,HCM,VIEN_DTQT_SAU_DAI_HOC,true,,auto,1,1586,ok,340227,c08e7d77d4f1df92731c96b730491f96c60b0529fc52e151c532f5f031b2c8ed,files/vien-dao-tao-quoc-te-va-sau-dai-hoc/c08e7d77d4f1.pdf,false,2026-09-30T07:46:02+00:00,true,,
c2cb438c79db,5.-De-cuong-on-tap-Mach-Dien-tu.pdf,https://ipe.iuh.edu.vn/uploads/2020/06/5.-De-cuong-on-tap-Mach-Dien-tu.pdf,https://ipe.iuh.edu.vn/vi/on-thi-va-hoc-bskt/de-cuong-on-thi-tuyen-sinh-dao-tao-trinh-do-thac-si-dot-1-nam-2020/,Viện Đào tạo Quốc tế và Sau đại học,HCM,VIEN_DTQT_SAU_DAI_HOC,true,,auto,2,2948,ok,138150,c2cb438c79dbd00d9dce64508dc994d2aebe6349872fd66ca8198350ec91f7fe,files/vien-dao-tao-quoc-te-va-sau-dai-hoc/c2cb438c79db.pdf,false,2026-09-30T07:43:57+00:00,true,,
c30267232bc0,202502130825-1.pdf,https://ipe.iuh.edu.vn/uploads/2025/02/202502130825-1.pdf,https://ipe.iuh.edu.vn/vi/thong-bao/thong-bao-tien-cu-sinh-vien-di-thuc-tap-co-huong-luong-tai-nhat-ban_che-bien-thuc-pham-phong-van-thang-2-nam-2025/,Viện Đào tạo Quốc tế và Sau đại học,HCM,VIEN_DTQT_SAU_DAI_HOC,false,1,auto,1,0,scanned,623339,c30267232bc0a19ac9bb51f99255990b89f7552208e6461fe33e17cfd8f89894,scanned_pdf/vien-dao-tao-quoc-te-va-sau-dai-hoc/c30267232bc0.pdf,false,2026-09-30T07:45:31+00:00,false,,
c3915a896e9d,TB-tuyen-dung-Khu-nghi-duong-Sunview-Silicon-Valley.pdf,https://ipe.iuh.edu.vn/uploads/2025/11/TB-tuyen-dung-Khu-nghi-duong-Sunview-Silicon-Valley.pdf,https://ipe.iuh.edu.vn/vi/thong-bao/thong-bao-tuyen-chon-sinh-vien-di-thuc-tap-co-huong-luong-tai-dai-loan-bo-phan-buong-phong-va-nha-hang-du-kien-xuat-canh-thang-5-6-2026/,Viện Đào tạo Quốc tế và Sau đại học,HCM,VIEN_DTQT_SAU_DAI_HOC,false,2,auto,2,0,scanned,1186201,c3915a896e9de1f5d8368fafd46afc9debc79e81b39a6541019310636d0e2abd,scanned_pdf/vien-dao-tao-quoc-te-va-sau-dai-hoc/c3915a896e9d.pdf,false,2026-09-30T07:45:47+00:00,false,,
c51053301dc4,2022.11.10-TB-187-On-thi-Tieng-Anh-dau-vao-ThS-2022-2.pdf,https://ipe.iuh.edu.vn/uploads/2022/11/2022.11.10-TB-187-On-thi-Tieng-Anh-dau-vao-ThS-2022-2.pdf,https://ipe.iuh.edu.vn/vi/chuyen-muc-hoc-vien/thong-bao-to-chuc-on-tap-va-thi-danh-gia-nang-luc-tieng-anh-danh-cho-thi-sinh-tham-du-tuyen-sinh-trinh-do-thac-si-tai-dhcn/,Viện Đào tạo Quốc tế và Sau đại học,HCM,VIEN_DTQT_SAU_DAI_HOC,true,,auto,1,0,scanned,1967461,c51053301dc4d94da974fe01ce6963d4cd893b6eb5c108abaa71e562de05c78d,scanned_pdf/vien-dao-tao-quoc-te-va-sau-dai-hoc/c51053301dc4.pdf,false,2026-09-30T07:45:06+00:00,false,,
c5eece7e194b,20250520_QD1357_Ban-hanh-QC-TS_Dang-web.pdf,https://ipe.iuh.edu.vn/uploads/2016/03/20250520_QD1357_Ban-hanh-QC-TS_Dang-web.pdf,https://ipe.iuh.edu.vn/vi/van-ban-tien-ich/qui-che-quy-dinh/,Viện Đào tạo Quốc tế và Sau đại học,HCM,VIEN_DTQT_SAU_DAI_HOC,true,,auto,38,82453,ok,913852,c5eece7e194b9479a744ef441e0b607c5b61f8eeae17c7c251bfb443b6dd614b,files/vien-dao-tao-quoc-te-va-sau-dai-hoc/c5eece7e194b.pdf,false,2026-09-30T07:41:58+00:00,true,,
c7b44e2fd3be,2025.12.29-QD-4215-Trung-tuyen-NCS-25-2-40ts-9-nganh.pdf,https://ipe.iuh.edu.vn/uploads/2025/12/2025.12.29-QD-4215-Trung-tuyen-NCS-25-2-40ts-9-nganh.pdf,https://ipe.iuh.edu.vn/vi/ket-qua-tuyen-sinh/quyet-dinh-cong-nhan-thi-sinh-trung-tuyen-ky-tuyen-sinh-dao-tao-trinh-do-tien-si-dot-2-nam-2025/,Viện Đào tạo Quốc tế và Sau đại học,HCM,VIEN_DTQT_SAU_DAI_HOC,true,,auto,3,0,scanned,2237426,c7b44e2fd3be6fab3ab9f911607b7beab449600f5da3acea0d664ea6af216c88,scanned_pdf/vien-dao-tao-quoc-te-va-sau-dai-hoc/c7b44e2fd3be.pdf,false,2026-09-30T07:45:50+00:00,false,,
c90e50f3cb87,chuan_dau_ra_tien_si_kt_hoa_hoc.pdf,https://ipe.iuh.edu.vn/uploads/2016/03/chuan_dau_ra_tien_si_kt_hoa_hoc.pdf,https://ipe.iuh.edu.vn/vi/van-ban-tien-ich/ba-cong-khai/,Viện Đào tạo Quốc tế và Sau đại học,HCM,VIEN_DTQT_SAU_DAI_HOC,true,,auto,2,1880,ok,21386,c90e50f3cb87f447d107f48f4e8ef7ad439878a1fbdbdff4a744c558fde1b7dd,files/vien-dao-tao-quoc-te-va-sau-dai-hoc/c90e50f3cb87.pdf,false,2026-09-30T07:42:19+00:00,true,,
ca13bab9fc1d,Lich-on-thi-thac-si-dot-2-nam-2019-dang-web-2.pdf,https://ipe.iuh.edu.vn/uploads/2019/10/Lich-on-thi-thac-si-dot-2-nam-2019-dang-web-2.pdf,https://ipe.iuh.edu.vn/vi/on-thi-va-hoc-bskt/lich-hoc-on-thi-tuyen-sinh-dao-tao-trinh-do-thac-si-dot-2-nam-2019/,Viện Đào tạo Quốc tế và Sau đại học,HCM,VIEN_DTQT_SAU_DAI_HOC,true,,auto,1,2885,ok,81990,ca13bab9fc1d6b454ae651096c3ead8f624e7a13de710fd2967a07ba56bc1ffc,files/vien-dao-tao-quoc-te-va-sau-dai-hoc/ca13bab9fc1d.pdf,false,2026-09-30T07:43:31+00:00,true,,
cc889108bcfe,2024.08.01-TB-890-Tuyen-sinh-tien-si-2024-2.pdf,https://ipe.iuh.edu.vn/uploads/2024/08/2024.08.01-TB-890-Tuyen-sinh-tien-si-2024-2.pdf,https://ipe.iuh.edu.vn/vi/thong-tin-tuyen-sinh/thong-bao-tuyen-sinh-dao-tao-trinh-do-tien-si-nam-2024-dot-2/,Viện Đào tạo Quốc tế và Sau đại học,HCM,VIEN_DTQT_SAU_DAI_HOC,true,,auto,7,0,scanned,4549628,cc889108bcfe413e6683024ab958c3c9ccf33c788f539c06306f5af236d79d14,scanned_pdf/vien-dao-tao-quoc-te-va-sau-dai-hoc/cc889108bcfe.pdf,false,2026-09-30T07:45:20+00:00,false,,
cccae30571f8,Lich-on-thi-thac-si-dot-1-nam-2020-dang-web-3.pdf,https://ipe.iuh.edu.vn/uploads/2020/06/Lich-on-thi-thac-si-dot-1-nam-2020-dang-web-3.pdf,https://ipe.iuh.edu.vn/vi/on-thi-va-hoc-bskt/lich-hoc-on-thi-tuyen-sinh-dao-tao-trinh-do-thac-si-dot-1-nam-2020/,Viện Đào tạo Quốc tế và Sau đại học,HCM,VIEN_DTQT_SAU_DAI_HOC,true,,auto,1,2599,ok,215498,cccae30571f8e44c599d7a5d72050264bbb514a416822cc034dce552b6f6cf92,files/vien-dao-tao-quoc-te-va-sau-dai-hoc/cccae30571f8.pdf,false,2026-09-30T07:44:13+00:00,true,,
ce80d9404998,10.-De-cuong-on-tap-Vi-sinh-co-ban.pdf,https://ipe.iuh.edu.vn/uploads/2021/04/10.-De-cuong-on-tap-Vi-sinh-co-ban.pdf,https://ipe.iuh.edu.vn/vi/on-thi-va-hoc-bskt/de-cuong-on-thi-tuyen-sinh-dao-tao-trinh-do-thac-si-dot-1-nam-2021/,Viện Đào tạo Quốc tế và Sau đại học,HCM,VIEN_DTQT_SAU_DAI_HOC,true,,auto,2,1964,ok,142681,ce80d9404998d246610c0aaa4709b114c60646e0f11e1b5f794aa77ce4da956b,files/vien-dao-tao-quoc-te-va-sau-dai-hoc/ce80d9404998.pdf,false,2026-09-30T07:44:31+00:00,true,,
d264294e709f,2021.08.10-QĐ-1281-HDLV-KTMT-7A8B.pdf,https://ipe.iuh.edu.vn/uploads/2021/10/2021.08.10-QĐ-1281-HDLV-KTMT-7A8B.pdf,https://ipe.iuh.edu.vn/vi/lich-bao-ve-luan-van-thac-si/thong-bao-lich-bao-ve-luan-van-thac-si-thang-10-nam-2021/,Viện Đào tạo Quốc tế và Sau đại học,HCM,VIEN_DTQT_SAU_DAI_HOC,true,,auto,3,0,scanned,2229243,d264294e709ff4ce2d99a6fe534772134a4a0f2b984fee6ecc6b2dcc46a876c2,scanned_pdf/vien-dao-tao-quoc-te-va-sau-dai-hoc/d264294e709f.pdf,false,2026-09-30T07:45:01+00:00,false,,
d312898b41f1,TB-lop-tieng-Duc-A1.pdf,https://ipe.iuh.edu.vn/uploads/2026/09/TB-lop-tieng-Duc-A1.pdf,https://ipe.iuh.edu.vn/vi/thong-bao/thong-bao-tuyen-sinh-lop-tieng-duc-trinh-do-a1/,Viện Đào tạo Quốc tế và Sau đại học,HCM,VIEN_DTQT_SAU_DAI_HOC,false,2,auto,1,0,scanned,731911,d312898b41f14553e02d4d7b7df34333d222484b1730fd334a49ba3d4ea67403,scanned_pdf/vien-dao-tao-quoc-te-va-sau-dai-hoc/d312898b41f1.pdf,false,2026-09-30T07:46:17+00:00,false,,
d488c68ea488,10.-De-cuong-on-tap-Quan-tri-hoc.pdf,https://ipe.iuh.edu.vn/uploads/2020/06/10.-De-cuong-on-tap-Quan-tri-hoc.pdf,https://ipe.iuh.edu.vn/vi/on-thi-va-hoc-bskt/de-cuong-on-thi-tuyen-sinh-dao-tao-trinh-do-thac-si-dot-1-nam-2020/,Viện Đào tạo Quốc tế và Sau đại học,HCM,VIEN_DTQT_SAU_DAI_HOC,true,,auto,2,2189,ok,118532,d488c68ea488b03498ac5a8e5c2b1ac9e51bd25123dc1e1bc31ab990da5d1e95,files/vien-dao-tao-quoc-te-va-sau-dai-hoc/d488c68ea488.pdf,false,2026-09-30T07:43:46+00:00,true,,
d4efa25b9d37,3.-De-cuong-on-tap-Co-ky-thuat.pdf,https://ipe.iuh.edu.vn/uploads/2021/04/3.-De-cuong-on-tap-Co-ky-thuat.pdf,https://ipe.iuh.edu.vn/vi/on-thi-va-hoc-bskt/de-cuong-on-thi-tuyen-sinh-dao-tao-trinh-do-thac-si-dot-1-nam-2021/,Viện Đào tạo Quốc tế và Sau đại học,HCM,VIEN_DTQT_SAU_DAI_HOC,false,4,auto,1,1440,ok,344434,d4efa25b9d373bcb5c521f2eaf51934549e08ab62e3531364974619d9744c2ed,files/vien-dao-tao-quoc-te-va-sau-dai-hoc/d4efa25b9d37.pdf,false,2026-09-30T07:44:36+00:00,true,,
d5c8d3a1a3c4,Tom-tat-LATS-hoan-chinh-Phan-Thanh-Long.pdf,https://ipe.iuh.edu.vn/uploads/2026/09/Tom-tat-LATS-hoan-chinh-Phan-Thanh-Long.pdf,https://ipe.iuh.edu.vn/vi/luan-van-tot-nghiep/toan-van-danh-gia-luan-an-tien-si-cua-ncs-phan-thanh-long-ban-hoan-chinh/,Viện Đào tạo Quốc tế và Sau đại học,HCM,VIEN_DTQT_SAU_DAI_HOC,false,1,auto,26,40425,ok,1426568,d5c8d3a1a3c4a0c97c004b09eb32bab5942781454b6465b4d9f8e3587c596bdd,files/vien-dao-tao-quoc-te-va-sau-dai-hoc/d5c8d3a1a3c4.pdf,false,2026-09-30T07:46:18+00:00,true,,
d64fc60020ab,TB-KSuTam-Viet-Co-khi.Osaka_.pdf,https://ipe.iuh.edu.vn/uploads/2025/03/TB-KSuTam-Viet-Co-khi.Osaka_.pdf,https://ipe.iuh.edu.vn/vi/thong-bao/thong-bao-v-v-tuyen-ky-su-di-lam-viec-tai-nhat-ban_van-hanh-may-gia-cong-co-khi-phong-van-thang-03-nam-2025/,Viện Đào tạo Quốc tế và Sau đại học,HCM,VIEN_DTQT_SAU_DAI_HOC,true,,auto,1,0,scanned,623313,d64fc60020ab89bda8167f729694679e965dae45cbd7735672c21daa5d8261dc,scanned_pdf/vien-dao-tao-quoc-te-va-sau-dai-hoc/d64fc60020ab.pdf,false,2026-09-30T07:45:35+00:00,false,,
d7a613db92e2,tuyen-sinh-thac-si-dot-2-2015.pdf,https://ipe.iuh.edu.vn/uploads/2016/03/tuyen-sinh-thac-si-dot-2-2015.pdf,https://ipe.iuh.edu.vn/vi/thong-tin-tuyen-sinh/thong-bao-tuyen-sinh-dao-tao-trinh-do-thac-si-dot-2-nam-2015-2/,Viện Đào tạo Quốc tế và Sau đại học,HCM,VIEN_DTQT_SAU_DAI_HOC,true,,auto,6,0,scanned,1942816,d7a613db92e216e438da96fdc7d3928aa8db68cd1b89c3c8d354b6deda69a9e2,scanned_pdf/vien-dao-tao-quoc-te-va-sau-dai-hoc/d7a613db92e2.pdf,false,2026-09-30T07:42:34+00:00,false,,
d8be8f576015,TB-tuyen-dung-Khu-nghi-duong-Nhat-Quan.pdf,https://ipe.iuh.edu.vn/uploads/2026/02/TB-tuyen-dung-Khu-nghi-duong-Nhat-Quan.pdf,https://ipe.iuh.edu.vn/vi/thong-bao/thong-bao-tuyen-chon-sinh-vien-di-thuc-tap-co-huong-luong-tai-dai-loan_nv-nha-hang-khach-san/,Viện Đào tạo Quốc tế và Sau đại học,HCM,VIEN_DTQT_SAU_DAI_HOC,true,,auto,2,0,scanned,1127021,d8be8f57601506a13348efe43588dc7a239454ba861b8a76d272acccd1427b43,scanned_pdf/vien-dao-tao-quoc-te-va-sau-dai-hoc/d8be8f576015.pdf,false,2026-09-30T07:45:54+00:00,false,,
d955e83eb0b0,202606181504-QD-trung-tuyen-Tien-si-2026-Dot-1.pdf,https://ipe.iuh.edu.vn/uploads/2026/06/202606181504-QD-trung-tuyen-Tien-si-2026-Dot-1.pdf,https://ipe.iuh.edu.vn/vi/ket-qua-tuyen-sinh/quyet-dinh-cong-nhan-thi-sinh-trung-tuyen-ky-tuyen-sinh-dao-tao-trinh-do-tien-si-dot-1-nam-2026/,Viện Đào tạo Quốc tế và Sau đại học,HCM,VIEN_DTQT_SAU_DAI_HOC,true,,auto,3,0,scanned,3311198,d955e83eb0b00e628d049ae90251a490feba08ee75fe1ab8789a050e75432688,scanned_pdf/vien-dao-tao-quoc-te-va-sau-dai-hoc/d955e83eb0b0.pdf,false,2026-09-30T07:46:06+00:00,false,,
dab758d6c5b7,01.-Thạc-sĩ-Quản-lý-tài-nguyên-và-môi-trường.pdf,https://ipe.iuh.edu.vn/uploads/2016/11/01.-Thạc-sĩ-Quản-lý-tài-nguyên-và-môi-trường.pdf,https://ipe.iuh.edu.vn/vi/van-ban-tien-ich/ba-cong-khai/,Viện Đào tạo Quốc tế và Sau đại học,HCM,VIEN_DTQT_SAU_DAI_HOC,true,,auto,6,10933,ok,347579,dab758d6c5b7fb406de3a7baf6aad6be9d82b8db3903baa6ee39a727a59b1d23,files/vien-dao-tao-quoc-te-va-sau-dai-hoc/dab758d6c5b7.pdf,false,2026-09-30T07:42:42+00:00,true,,
de322e94afb1,TB-TTS-Singapore.pdf,https://ipe.iuh.edu.vn/uploads/2025/01/TB-TTS-Singapore.pdf,https://ipe.iuh.edu.vn/vi/thong-bao/thong-bao-tien-cu-sinh-vien-di-thuc-tap-co-huong-luong-tai-singapore-thang-1-nam-2025/,Viện Đào tạo Quốc tế và Sau đại học,HCM,VIEN_DTQT_SAU_DAI_HOC,false,4,auto,1,0,scanned,643797,de322e94afb1a5800599b356e93adedf2eefbf83238e2d390a25d8ab467fa4c2,scanned_pdf/vien-dao-tao-quoc-te-va-sau-dai-hoc/de322e94afb1.pdf,false,2026-09-30T07:45:29+00:00,false,,
e2e88060cedf,08.-Thạc-sĩ-Khoa-học-máy-tính.pdf,https://ipe.iuh.edu.vn/uploads/2016/11/08.-Thạc-sĩ-Khoa-học-máy-tính.pdf,https://ipe.iuh.edu.vn/vi/van-ban-tien-ich/ba-cong-khai/,Viện Đào tạo Quốc tế và Sau đại học,HCM,VIEN_DTQT_SAU_DAI_HOC,false,4,auto,2,2808,ok,310087,e2e88060cedfa11938e8ef0ee92e1126f86eaa289a74fc4392972939abf5d99f,files/vien-dao-tao-quoc-te-va-sau-dai-hoc/e2e88060cedf.pdf,false,2026-09-30T07:43:00+00:00,true,,
e3a23317658e,0.1-0.2-De-cuong-on-tap-toan-cao-cap-toan-kinh-te.pdf,https://ipe.iuh.edu.vn/uploads/2020/06/0.1-0.2-De-cuong-on-tap-toan-cao-cap-toan-kinh-te.pdf,https://ipe.iuh.edu.vn/vi/on-thi-va-hoc-bskt/de-cuong-on-thi-tuyen-sinh-dao-tao-trinh-do-thac-si-dot-1-nam-2020/,Viện Đào tạo Quốc tế và Sau đại học,HCM,VIEN_DTQT_SAU_DAI_HOC,true,,auto,2,1884,ok,78415,e3a23317658eb72ca2291b01742a31fd23f74fdfc016beef3ce6d68c7138e28b,files/vien-dao-tao-quoc-te-va-sau-dai-hoc/e3a23317658e.pdf,false,2026-09-30T07:43:37+00:00,true,,
e4a237875c2b,2.-De-cuong-on-tap-Ky-thuat-Moi-truong.pdf,https://ipe.iuh.edu.vn/uploads/2021/07/2.-De-cuong-on-tap-Ky-thuat-Moi-truong.pdf,https://ipe.iuh.edu.vn/vi/on-thi-va-hoc-bskt/de-cuong-on-thi-tuyen-sinh-dao-tao-trinh-do-thac-si-dot-2-nam-2019/,Viện Đào tạo Quốc tế và Sau đại học,HCM,VIEN_DTQT_SAU_DAI_HOC,true,,auto,3,3015,ok,525218,e4a237875c2b5fa79b6d522e2dc31e148f2de6922948bf6ef363a1fdecd9bb5f,files/vien-dao-tao-quoc-te-va-sau-dai-hoc/e4a237875c2b.pdf,false,2026-09-30T07:44:49+00:00,true,,
e58c7c074819,202510311533-1.pdf,https://ipe.iuh.edu.vn/uploads/2025/11/202510311533-1.pdf,https://ipe.iuh.edu.vn/vi/thong-bao/thong-bao-tuyen-chon-sinh-vien-di-thuc-tap-co-huong-luong-tai-nhat-ban-lap-rap-phu-tung-o-to-phong-van-12-2025/,Viện Đào tạo Quốc tế và Sau đại học,HCM,VIEN_DTQT_SAU_DAI_HOC,true,,auto,1,0,scanned,634370,e58c7c074819bd75fe41538bb0aef7f06ab57dafeff10775879bf9ed5d2e116e,scanned_pdf/vien-dao-tao-quoc-te-va-sau-dai-hoc/e58c7c074819.pdf,false,2026-09-30T07:45:45+00:00,false,,
e7242075a9ac,PL1.pdf,https://ipe.iuh.edu.vn/uploads/2026/03/PL1.pdf,https://ipe.iuh.edu.vn/vi/thong-tin-tuyen-sinh/thong-bao-tuyen-sinh-dao-tao-trinh-do-thac-si-nam-2026-dot-1/attachment/pl1-5/,Viện Đào tạo Quốc tế và Sau đại học,HCM,VIEN_DTQT_SAU_DAI_HOC,true,,auto,5,10839,ok,390968,e7242075a9ac422321d99967cdb63a6faba69c2ae20ca63fedb31f4e550b5407,files/vien-dao-tao-quoc-te-va-sau-dai-hoc/e7242075a9ac.pdf,false,2026-09-30T07:45:59+00:00,true,,
e7a98f2664fd,chuong_trinh_dao_tao_soongsil.pdf,https://ipe.iuh.edu.vn/uploads/2016/12/chuong_trinh_dao_tao_soongsil.pdf,https://ipe.iuh.edu.vn/vi/lien-ket-quoc-te/thac-si-quan-tri-kinh-doanh-soongsil-han-quoc/,Viện Đào tạo Quốc tế và Sau đại học,HCM,VIEN_DTQT_SAU_DAI_HOC,true,,auto,1,879,ok,195802,e7a98f2664fdd040cfa677bf5c0048662e748a52b241bff2e3ea4e6899a12643,files/vien-dao-tao-quoc-te-va-sau-dai-hoc/e7a98f2664fd.pdf,false,2026-09-30T07:43:12+00:00,true,,
e961e3961484,202606181504-QD-trung-tuyen-Thac-si-2026-Dot-1.pdf,https://ipe.iuh.edu.vn/uploads/2026/06/202606181504-QD-trung-tuyen-Thac-si-2026-Dot-1.pdf,https://ipe.iuh.edu.vn/vi/ket-qua-tuyen-sinh/quyet-dinh-cong-nhan-thi-sinh-trung-tuyen-ky-tuyen-sinh-dao-tao-trinh-do-thac-si-dot-1-nam-2026/,Viện Đào tạo Quốc tế và Sau đại học,HCM,VIEN_DTQT_SAU_DAI_HOC,true,,auto,20,0,scanned,4297376,e961e3961484a070fecf0da19aa4931c6fadfc5c133b4c58ca71e40832c5f7ec,scanned_pdf/vien-dao-tao-quoc-te-va-sau-dai-hoc/e961e3961484.pdf,false,2026-09-30T07:46:05+00:00,false,,
e98f793d38eb,Phieu-khao-sat-Hoc-vien-Tot-nghiep.pdf,https://ipe.iuh.edu.vn/uploads/2016/04/Phieu-khao-sat-Hoc-vien-Tot-nghiep.pdf,https://ipe.iuh.edu.vn/vi/chuyen-muc-dao-tao/ke-hoach-le-tot-nghiep-va-trao-bang-thac-si-dot-thang-03-06-nam-2018/,Viện Đào tạo Quốc tế và Sau đại học,HCM,VIEN_DTQT_SAU_DAI_HOC,true,,auto,2,4797,ok,554613,e98f793d38eb6c9209d46b5ab701da06379edf2c3c7ec04da778565fb75def76,files/vien-dao-tao-quoc-te-va-sau-dai-hoc/e98f793d38eb.pdf,false,2026-09-30T07:42:38+00:00,true,,
e9a250260bb5,2.-De-cuong-on-tap-Co-ky-thuat.pdf,https://ipe.iuh.edu.vn/uploads/2020/06/2.-De-cuong-on-tap-Co-ky-thuat.pdf,https://ipe.iuh.edu.vn/vi/on-thi-va-hoc-bskt/de-cuong-on-thi-tuyen-sinh-dao-tao-trinh-do-thac-si-dot-1-nam-2020/,Viện Đào tạo Quốc tế và Sau đại học,HCM,VIEN_DTQT_SAU_DAI_HOC,false,2,auto,1,1412,ok,70303,e9a250260bb50ae09681933dc40a9fdd93be884a883584916ac4f74ecdc2397a,files/vien-dao-tao-quoc-te-va-sau-dai-hoc/e9a250260bb5.pdf,false,2026-09-30T07:43:48+00:00,true,,
ed7e04e396be,06.-Thạc-sĩ-Kỹ-thuật-điện-tử.pdf,https://ipe.iuh.edu.vn/uploads/2016/11/06.-Thạc-sĩ-Kỹ-thuật-điện-tử.pdf,https://ipe.iuh.edu.vn/vi/van-ban-tien-ich/ba-cong-khai/,Viện Đào tạo Quốc tế và Sau đại học,HCM,VIEN_DTQT_SAU_DAI_HOC,false,1,auto,2,2243,ok,301394,ed7e04e396bebc1ecfc7657b7a35f1a23cb68a5fc8358282f71e6ef2201ac810,files/vien-dao-tao-quoc-te-va-sau-dai-hoc/ed7e04e396be.pdf,false,2026-09-30T07:42:52+00:00,true,,
ee9d386ab511,9.-De-cuong-on-tap-Co-so-tin-hoc.pdf,https://ipe.iuh.edu.vn/uploads/2021/04/9.-De-cuong-on-tap-Co-so-tin-hoc.pdf,https://ipe.iuh.edu.vn/vi/on-thi-va-hoc-bskt/de-cuong-on-thi-tuyen-sinh-dao-tao-trinh-do-thac-si-dot-1-nam-2021/,Viện Đào tạo Quốc tế và Sau đại học,HCM,VIEN_DTQT_SAU_DAI_HOC,true,,auto,2,2652,ok,277439,ee9d386ab51187e218e082d477a7f2b5af9252d993eac3496d63d85c8b2f7ee3,files/vien-dao-tao-quoc-te-va-sau-dai-hoc/ee9d386ab511.pdf,false,2026-09-30T07:44:42+00:00,true,,
f2f577b1144f,tb36_tuyen_sinh_dot1_2016.pdf,https://ipe.iuh.edu.vn/uploads/2016/03/tb36_tuyen_sinh_dot1_2016.pdf,https://ipe.iuh.edu.vn/vi/thong-tin-tuyen-sinh/thong-bao-tuyen-sinh-dao-tao-trinh-do-thac-si-dot-1-nam-2016/,Viện Đào tạo Quốc tế và Sau đại học,HCM,VIEN_DTQT_SAU_DAI_HOC,true,,auto,6,9910,garbled_ocr,4728218,f2f577b1144fd40cfd244861a67f9e4d5c7d5002394c0ffd1cf4de842a664754,scanned_pdf/vien-dao-tao-quoc-te-va-sau-dai-hoc/f2f577b1144f.pdf,false,2026-09-30T07:42:25+00:00,false,,
f342741d46d2,LATS-hoan-chinh-Phan-Thanh-Long.pdf,https://ipe.iuh.edu.vn/uploads/2026/09/LATS-hoan-chinh-Phan-Thanh-Long.pdf,https://ipe.iuh.edu.vn/vi/luan-van-tot-nghiep/toan-van-danh-gia-luan-an-tien-si-cua-ncs-phan-thanh-long-ban-hoan-chinh/,Viện Đào tạo Quốc tế và Sau đại học,HCM,VIEN_DTQT_SAU_DAI_HOC,false,2,auto,200,344740,ok,3614890,f342741d46d213412d403bd6e5078ff969a35112c06b4e0fe8f9aaa0170ccbfa,files/vien-dao-tao-quoc-te-va-sau-dai-hoc/f342741d46d2.pdf,false,2026-09-30T07:46:17+00:00,false,,
f343c1c6dc44,01_Bieu tong hop TT cong khai 2015 - IUH.pdf,http://iuh.edu.vn/Resource/Upload2/files/documents/2015_bacongkhai/01_Bieu%20tong%20hop%20TT%20cong%20khai%202015%20-%20IUH.pdf,https://ipe.iuh.edu.vn/vi/van-ban-tien-ich/ba-cong-khai/,Viện Đào tạo Quốc tế và Sau đại học,HCM,VIEN_DTQT_SAU_DAI_HOC,true,,auto,2,0,scanned,1297538,f343c1c6dc44421404abfcc8127f4150eb41af721b87e5dff5baf60319ff2e9c,scanned_pdf/vien-dao-tao-quoc-te-va-sau-dai-hoc/f343c1c6dc44.pdf,true,2026-09-30T07:41:46+00:00,false,,
f36e0cc77f6c,202608161041.pdf,https://ipe.iuh.edu.vn/uploads/2026/08/202608161041.pdf,https://ipe.iuh.edu.vn/vi/uncategorized/thong-bao-tuyen-chon-sinh-vien-di-thuc-tap-co-huong-luong-tai-nhat-ban_thiet-ke-may-moc_phong-van-14-09-2026/,Viện Đào tạo Quốc tế và Sau đại học,HCM,VIEN_DTQT_SAU_DAI_HOC,true,,auto,1,0,scanned,617015,f36e0cc77f6c910fd6d200c841aa526a468ef8349460b1e6daa2f2e049423a7c,scanned_pdf/vien-dao-tao-quoc-te-va-sau-dai-hoc/f36e0cc77f6c.pdf,false,2026-09-30T07:46:12+00:00,false,,
f36fc8d642cb,6.-De-cuong-on-tap-Co-so-tin-hoc.pdf,https://ipe.iuh.edu.vn/uploads/2020/06/6.-De-cuong-on-tap-Co-so-tin-hoc.pdf,https://ipe.iuh.edu.vn/vi/on-thi-va-hoc-bskt/de-cuong-on-thi-tuyen-sinh-dao-tao-trinh-do-thac-si-dot-1-nam-2020/,Viện Đào tạo Quốc tế và Sau đại học,HCM,VIEN_DTQT_SAU_DAI_HOC,false,3,auto,2,2739,ok,129867,f36fc8d642cb93302cf44e5b607ff63189609fcfaebade84d4053fbde8d1beb9,files/vien-dao-tao-quoc-te-va-sau-dai-hoc/f36fc8d642cb.pdf,false,2026-09-30T07:44:00+00:00,true,,
f8a064cd6509,202601071612.pdf,https://ipe.iuh.edu.vn/uploads/2026/01/202601071612.pdf,https://ipe.iuh.edu.vn/vi/thong-bao/thong-bao-tuyen-ky-su-di-lam-viec-tai-nhat-ban_ky-su-giam-sat-cong-trinh_phong-van-truc-tiep-hang-thang/,Viện Đào tạo Quốc tế và Sau đại học,HCM,VIEN_DTQT_SAU_DAI_HOC,true,,auto,1,0,scanned,693407,f8a064cd65095962b92ce1a8ac406e852fa9c4acd8ba7e06a35dcd5d1a3c26a9,scanned_pdf/vien-dao-tao-quoc-te-va-sau-dai-hoc/f8a064cd6509.pdf,false,2026-09-30T07:45:53+00:00,false,,
f97447915227,Huong-dan-vv-giao-nhan-de-cuong-luan-van-thac-si-dot-2-NH-2018-2019.pdf,https://ipe.iuh.edu.vn/uploads/2019/01/Huong-dan-vv-giao-nhan-de-cuong-luan-van-thac-si-dot-2-NH-2018-2019.pdf,https://ipe.iuh.edu.vn/vi/chuyen-muc-dao-tao/huong-dan-v-v-giao-nhan-de-cuong-luan-van-thac-si-dot-2-nam-hoc-2018-2019/,Viện Đào tạo Quốc tế và Sau đại học,HCM,VIEN_DTQT_SAU_DAI_HOC,true,,auto,1,2467,ok,206471,f974479152271188069263a40df13260a1522fdf1ab5b2662e2eb16f5c4bba7f,files/vien-dao-tao-quoc-te-va-sau-dai-hoc/f97447915227.pdf,false,2026-09-30T07:43:29+00:00,true,,
fab3cd47272f,TB-tuyen-dung-nha-hang-Tofu-Village-Leang-Ban-Jia-1.pdf,https://ipe.iuh.edu.vn/uploads/2026/02/TB-tuyen-dung-nha-hang-Tofu-Village-Leang-Ban-Jia-1.pdf,https://ipe.iuh.edu.vn/vi/thong-bao/thong-bao-tuyen-chon-sinh-vien-di-thuc-tap-co-huong-luong-tai-dai-loan_nv-nha-hang/,Viện Đào tạo Quốc tế và Sau đại học,HCM,VIEN_DTQT_SAU_DAI_HOC,true,,auto,2,0,scanned,1253745,fab3cd47272f3c87ca0af3656325fdfeb0f8d7de5eeb6e305536757098763c3e,scanned_pdf/vien-dao-tao-quoc-te-va-sau-dai-hoc/fab3cd47272f.pdf,false,2026-09-30T07:45:55+00:00,false,,
fc669b5fde9a,04.-Thạc-sĩ-Kỹ-thuật-hóa-học.pdf,https://ipe.iuh.edu.vn/uploads/2016/11/04.-Thạc-sĩ-Kỹ-thuật-hóa-học.pdf,https://ipe.iuh.edu.vn/vi/van-ban-tien-ich/ba-cong-khai/,Viện Đào tạo Quốc tế và Sau đại học,HCM,VIEN_DTQT_SAU_DAI_HOC,false,2,auto,2,2334,ok,306061,fc669b5fde9a1e830d582af74b572af4946450267a3177519e5df7b9e81d75b8,files/vien-dao-tao-quoc-te-va-sau-dai-hoc/fc669b5fde9a.pdf,false,2026-09-30T07:42:48+00:00,true,,
fca7c97985a3,202607101039.pdf,https://ipe.iuh.edu.vn/uploads/2026/07/202607101039.pdf,https://ipe.iuh.edu.vn/vi/thong-bao/thong-bao-tuyen-chon-sinh-vien-di-thuc-tap-co-huong-luong-tai-nhat-ban_phat-trien-san-pham-cua-cuon_phong-van-08-2026/,Viện Đào tạo Quốc tế và Sau đại học,HCM,VIEN_DTQT_SAU_DAI_HOC,true,,auto,1,0,scanned,664566,fca7c97985a31c110431129338777956225e7c82ff7104319965b5db9a8f54ea,scanned_pdf/vien-dao-tao-quoc-te-va-sau-dai-hoc/fca7c97985a3.pdf,false,2026-09-30T07:46:10+00:00,false,,
ffbda504ac24,202501121729.pdf,https://ipe.iuh.edu.vn/uploads/2025/01/202501121729.pdf,https://ipe.iuh.edu.vn/vi/thong-bao/thong-bao-v-v-tuyen-chon-sinh-vien-di-thuc-tap-co-huong-luong-tai-dai-loan-thang-06-nam-2025/,Viện Đào tạo Quốc tế và Sau đại học,HCM,VIEN_DTQT_SAU_DAI_HOC,false,2,auto,1,0,scanned,714453,ffbda504ac24fe37ef67c5fedb771e18c8328b5228c55d967b93273d6260d9e5,scanned_pdf/vien-dao-tao-quoc-te-va-sau-dai-hoc/ffbda504ac24.pdf,false,2026-09-30T07:45:27+00:00,false,,
