id,category,department_id,persona,expect_visible,question,expected_answer,evidence,evidence_found,source_file,source_url,review_note,reviewed,reviewer_comment
q0052,calculation,KHOA_CN_DIEN,guest,True,"Theo kế hoạch đào tạo của Khoa Công nghệ Điện (học kỳ 1 có Triết học Mác – Lênin, Nhập môn công tác kỹ sư...), tổng số tín chỉ của học kỳ 1 và học kỳ 2 cộng lại là bao nhiêu?",39 tín chỉ (học kỳ 1: 17 tín chỉ + học kỳ 2: 22 tín chỉ = 39).,Học kỳ 2 22 Học phần bắt buộc 19,True,Tiến dộ dao tạo(4).pdf,https://feet.iuh.edu.vn/upload/files/Ti%E1%BA%BFn%20d%E1%BB%99%20dao%20t%E1%BA%A1o(4).pdf,"Bằng chứng chỉ trích số HK2, số HK1 (17) không nằm trong đoạn trích dẫn",,
q0061,calculation,KHOA_QTKD,guest,True,Sinh viên Khoa Quản trị Kinh doanh muốn rút bớt học phần mới đăng ký thì làm đơn gửi ai và trong đơn cần kê khai những thông tin gì về các học phần xin hủy?,"Làm Đơn xin hủy bớt học phần mới đăng ký (dành cho sinh viên hệ tín chỉ) gửi Khoa Quản trị - Kinh doanh; trong đơn ghi rõ học kỳ, năm học và liệt kê mã học phần, tên học phần, số tín chỉ và lý do xin hủy của từng học phần.",Kính gửi: Khoa Quản trị - Kinh doanh,True,4_-Don-xin-huy-bot-hoc-phan-vua-dang-ky.pdf,https://fba.iuh.edu.vn/wp-content/uploads/2024/09/4_-Don-xin-huy-bot-hoc-phan-vua-dang-ky.pdf,"Ô tính toán nhưng tài liệu là biểu mẫu trống, đã đổi thành câu hỏi sự kiện",,
q0065,calculation,PHONG_DAO_TAO,guest,True,"Trên phiếu đăng ký ưu tiên xét tuyển đại học năm 2024 của IUH, thí sinh có chứng chỉ IELTS và thí sinh có TOEIC 4 kỹ năng ghi mã đối tượng ưu tiên xét tuyển là bao nhiêu?",Chứng chỉ IELTS ghi mã đối tượng 4; TOEIC 4 kỹ năng ghi mã đối tượng 5.,4 Chứng chỉ IELTS 8 TOEFL iBT 12 Giỏi Vật lý 16 Giỏi Địa lý 21 Trường THPT ký kết hợp tác IUH 25 Chứng chỉ CAE 5 TOEIC 4 Kỹ năng,True,IUH_PhieuDangKyXetTuyenUTX_2024_New.pdf,https://tuyensinh.iuh.edu.vn/HoSoTuyenSinh/IUH_PhieuDangKyXetTuyenUTX_2024_New.pdf,"Ô tính toán nhưng tài liệu là biểu mẫu, đã đổi thành câu hỏi sự kiện",,
q0072,calculation,KHOA_QTKD,guest,True,Học phần Triết học trong chương trình thạc sĩ Quản trị kinh doanh (đề cương 2019): phần đánh giá quá trình (bài tập/tiểu luận và thi giữa kỳ) chiếm tổng cộng bao nhiêu phần trăm?,"50% (bài tập, thảo luận, tiểu luận, thuyết trình 20% + thi giữa kỳ 30% = 50%); thi kết thúc học phần chiếm 50% còn lại.","- Bài tập, thảo luận, tiểu luận, thuyết trình: 20% - Thi giữa kỳ: 30% - Thi kết thúc học phần: 50%",True,de_cuong_chuong_trinh_dao_tao_thac_si_2019-1.pdf,https://fba.iuh.edu.vn/wp-content/uploads/2024/11/de_cuong_chuong_trinh_dao_tao_thac_si_2019-1.pdf,"Phép tính quá đơn giản (20% + 30%), cân nhắc viết lại",,
q0076,calculation,KHOA_CN_MAY_THOI_TRANG,guest,True,Báo cáo thực tập doanh nghiệp 2 (lớp công nghệ) của Khoa May Thời trang quy định lề trái và lề phải tổng cộng là bao nhiêu cm?,"5,5 cm (lề trái 3,5 cm + lề phải 2 cm = 5,5 cm).","lề trên 3cm; lề dưới 3cm; lề trái 3,5cm; lề phải 2cm",True,huong_dan_bao_cao_thuc_tap_dn_2-_lop_cong_nghe_12-2018-1.pdf,https://fgd.iuh.edu.vn/wp-content/uploads/2018/12/huong_dan_bao_cao_thuc_tap_dn_2-_lop_cong_nghe_12-2018-1.pdf,"Phép tính quá đơn giản (lề 3,5 + 2 cm), cân nhắc viết lại",,
q0077,calculation,VIEN_TAI_CHINH_KE_TOAN,same_department_exact_level,True,Chương trình Thạc sĩ Kế toán của IUH (bản mô tả CTĐT 2020–2021) có thời gian đào tạo bao lâu và yêu cầu đầu ra ngoại ngữ ở mức nào?,Thời gian đào tạo 2 năm; yêu cầu đầu ra ngoại ngữ tương đương bậc 4/6 khung năng lực ngoại ngữ Việt Nam.,Trình độ ngoại ngữ tương đương bậc 4/6 khung năng lực ngoại ngữ Việt Nam.,True,BẢN MO TẢ CHUONG TRINH DAO TẠO_2020-in.pdf,https://sfa.iuh.edu.vn/upload/files/2020/B%E1%BA%A2N%20MO%20T%E1%BA%A2%20CHUONG%20TRINH%20DAO%20T%E1%BA%A0O_2020-in.pdf,"Ô tính toán nhưng tài liệu chỉ có mục lục/giới thiệu, đã đổi thành câu hỏi sự kiện",,
q0081,normal,CO_SO_THANH_HOA,same_department_exact_level,True,Chương trình liên kết tuyển sinh cao đẳng năm 2025 giữa IUH Cơ sở Thanh Hóa và Trường Cao đẳng Công nghiệp và Xây dựng (CIC) hỗ trợ bao nhiêu phần trăm học phí và thời gian đào tạo kéo dài bao lâu?,"Hỗ trợ 70% học phí tùy theo ngành/nghề (riêng Điện tử công nghiệp theo quy định); thời gian đào tạo linh hoạt khoảng 2,5 năm, có cơ hội liên thông lên đại học tại IUH.",Hß trÿ 70% hßc phí tùy theo ngành/nghß,True,To-roi-tuyen-sinh-CD-2025.pdf,https://th.iuh.edu.vn/wp-content/uploads/2025/03/To-roi-tuyen-sinh-CD-2025.pdf,"Nguồn dùng font VNI cũ (text lỗi dạng 'Hß trÿ'); triage chưa bắt được, truy xuất có thể kém",,
q0082,normal,CO_SO_THANH_HOA,same_department_exact_level,True,"Khi điền phiếu đăng ký xét tuyển liên thông cao đẳng lên đại học của IUH, mục giới tính ghi như thế nào?","Nữ ghi 1, Nam ghi 0 (phiếu dành cho hệ liên thông Cao đẳng lên Đại học).",Giới (Nữ ghi 1; Nam ghi 0),True,02.-Phieu-dang-ky-xet-tuyen-so-2.pdf,https://th.iuh.edu.vn/wp-content/uploads/2026/03/02.-Phieu-dang-ky-xet-tuyen-so-2.pdf,Tài liệu là biểu mẫu; câu hỏi về trường cần điền/giấy tờ kèm theo,,
q0090,normal,KHOA_CNTT,guest,True,"Trong danh sách hội đồng poster khóa luận học kỳ 2 của Khoa Công nghệ Thông tin, đề tài về triển khai an ninh mạng của một doanh nghiệp do giảng viên nào hướng dẫn?","Đề tài ""Triển khai an ninh mạng của một doanh nghiệp"" do ThS. Nguyễn Xuân Lô hướng dẫn.",Triển Khai An Ninh Mạng Của Một Doanh Nghiệp ThS. Nguyễn Xuân Lô,True,HoidongPoster_HK2.pdf,https://fit.iuh.edu.vn/upload/01120023/files/HoidongPoster_HK2.pdf,Tài liệu chủ yếu là danh sách tên; câu hỏi về GV hướng dẫn một đề tài,,
q0112,normal,KHOA_CN_DIEN_TU,guest,True,Ngành Công nghệ kỹ thuật máy tính hệ đại học chính quy của IUH (chương trình đào tạo 2018) có mã ngành là gì?,Mã ngành 7480106.,NGÀNH: CÔNG NGHỆ KỸ THUẬT MÁY TÍNH MÃ NGÀNH: 7480106,True,Khung chuong trinh_cnktmt_2018(1).pdf,https://fet.iuh.edu.vn/upload/files/2021/02/Khung%20chuong%20trinh_cnktmt_2018(1).pdf,Tài liệu chỉ có mục lục; câu hỏi về mã ngành/ngày hoàn thành,,
q0132,normal,KHOA_CN_MAY_THOI_TRANG,same_department_exact_level,True,"Theo danh sách thông tin liên hệ trực tuyến các đơn vị của IUH, trưởng Phòng Quản lý KTX là ai và liên hệ qua số máy nhánh nào của tổng đài trường?","Trưởng phòng là ông Phạm Thanh Tùng; liên hệ tổng đài 028 38940390, máy nhánh (Ext) 211.",Phạm Thanh Tùng - Trưởng phòng 02838940390-(Ext: 211),True,Thong-tin-lien-he-truc-tuyen-update-06-09-20211.pdf,https://fgd.iuh.edu.vn/wp-content/uploads/2021/09/Thong-tin-lien-he-truc-tuyen-update-06-09-20211.pdf,Hỏi số máy lẻ của trưởng bộ môn: kiểm tra có phải dữ liệu cá nhân không,,
q0156,normal,KHOA_QTKD,same_department_exact_level,True,Tốt nghiệp đại học ngành Công nghệ chế tạo máy thì được xem là ngành phù hợp (nhóm 1) để dự tuyển tiến sĩ ngành nào tại IUH theo danh mục năm 2025?,"Ngành Kỹ thuật cơ khí (nhóm 1 gồm Kỹ thuật cơ khí, Công nghệ kỹ thuật cơ khí, Kỹ thuật cơ điện tử, Công nghệ kỹ thuật cơ điện tử, Công nghệ chế tạo máy).",Kỹ thuật cơ khí; Công nghệ kỹ thuật cơ khí; Kỹ thuật cơ điện tử; Công nghệ kỹ thuật cơ điện tử; Công nghệ chế tạo máy.,True,PL-3-tien-si-1.pdf,https://ipe.iuh.edu.vn/uploads/2025/02/PL-3-tien-si-1.pdf,"Chi tiết 'tiến sĩ' suy ra từ tên file, không có trong đoạn trích",,
q0165,normal,KHOA_THUONG_MAI_DU_LICH,guest,True,"Trong danh sách hội đồng đánh giá khóa luận tốt nghiệp chuyên ngành Kinh doanh quốc tế học kỳ 2 năm 2025-2026, các sinh viên do TS. Đinh Văn Hưởng hướng dẫn làm theo hướng nào và thuộc hội đồng nào?","Theo hướng Ứng dụng, thuộc hội đồng UD1.",TS. Đinh Văn Hưởng Ứng dụng UD1,True,Khoa luận tốt nghiệp KDQT HK 2 2025-296.pdf,https://fct.iuh.edu.vn/upload/files/Khoa%20lu%E1%BA%ADn%20t%E1%BB%91t%20nghi%E1%BB%87p%20KDQT%20HK%202%202025-296.pdf,Tài liệu chủ yếu là danh sách tên; câu hỏi về hướng/hội đồng,,
q0169,normal,PHAN_HIEU_QUANG_NGAI,guest,True,"Khi làm đơn xin thôi học tại Trường Đại học Công nghiệp TP.HCM, sinh viên cần nộp kèm những giấy tờ gì?","Kèm theo đơn: bản gốc bảng ghi kết quả học tập và bản sao giấy chứng minh nhân dân. Đơn gửi Ban Giám hiệu, Phòng Đào tạo và Khoa/Viện.",Bản gốc bảng ghi kết quả học tập;,True,06_Don xin thoi hoc.pdf,http://iuh.edu.vn/Resource/Upload2/files/documents/Bieumaudaotao/06_Don%20xin%20thoi%20hoc.pdf,Tài liệu là biểu mẫu; câu hỏi về trường cần điền/giấy tờ kèm theo,,
q0173,normal,PHONG_DAO_TAO,guest,True,Sinh viên IUH vắng thi muốn xin thi bổ sung thì hồ sơ gồm những gì và gửi cho ai?,"Hồ sơ gồm: đơn xin thi bổ sung, lịch thi của sinh viên và minh chứng; gửi Lãnh đạo Khoa/Viện/Trung tâm quản lý học phần.",1. Đơn xin thi bổ sung; 2. Lịch thi của sinh viên; 3. Minh chứng.,True,40cf1399-3d6a-4938-a7f9-fd58545a48ef_20. Don xin thi bo sung hoc phan.pdf,https://pdt.iuh.edu.vn/Uploads/40cf1399-3d6a-4938-a7f9-fd58545a48ef_20. Don xin thi bo sung hoc phan.pdf,Tài liệu là biểu mẫu; câu hỏi về trường cần điền/giấy tờ kèm theo,,
q0177,normal,PHONG_DAO_TAO,guest,True,"Những đối tượng nào được làm đơn đề nghị xét cấp học bổng tuyển sinh tại IUH, và việc xét cấp căn cứ theo quyết định nào?","Gồm: con của cán bộ, viên chức, người lao động của Trường (đã ký hợp đồng chính thức); con của giáo viên các trường THPT có ký kết hợp tác; con của cán bộ CCVC đang công tác tại Sở GD&ĐT các tỉnh/TP; có anh/chị/em ruột là sinh viên đại học chính quy đang học tại Trường. Căn cứ Quyết định số 2525/QĐ-ĐHCN.","theo Quyết định số 2525/QĐ-ĐHCN về việc xét, cấp học bổng cho sinh viên đại học chính quy",True,227fc761-b451-4fbe-8889-83a726bd49dd_03. Don DN xet cap HB TS (DT02).pdf,https://pdt.iuh.edu.vn/Uploads/227fc761-b451-4fbe-8889-83a726bd49dd_03. Don DN xet cap HB TS (DT02).pdf,Tài liệu là biểu mẫu; câu hỏi về trường cần điền/giấy tờ kèm theo,,
q0185,normal,PHONG_QLKH_HTQT,guest,True,"Trong hồ sơ đăng ký xét đạt tiêu chuẩn chức danh Phó giáo sư của TS. Trần Thanh Ngọc (Khoa Công nghệ Điện), các hướng nghiên cứu chủ yếu là gì?",Nghiên cứu nâng cao chất lượng hệ thống truyền tải HVDC và phát triển mô hình dự báo phụ tải; nghiên cứu các giải thuật tối ưu nhằm nâng cao độ tin cậy và độ chính xác mô hình dự báo phụ tải.,Nghiên cứu nâng cao chất lượng hệ thống truyền tải HVDC và phát triển mô hình dự báo phụ tải.,True,09_Mau_1_Tran_Thanh_Ngoc.pdf,https://smia.iuh.edu.vn/upload/files/2025HDGS_cs/2025UV_GS_PGS/09_Mau_1_Tran_Thanh_Ngoc.pdf,Hồ sơ PGS/GS; kiểm tra câu hỏi có hữu ích cho người dùng thật,,
q0189,normal,PHONG_QLKH_HTQT,guest,True,Hồ sơ đăng ký xét chức danh Giáo sư của PGS.TS Huỳnh Trung Hiếu (Phó Hiệu trưởng IUH) đăng ký tại Hội đồng Giáo sư ngành nào và hướng nghiên cứu chủ yếu là gì?,Đăng ký tại HĐGS ngành Công nghệ thông tin; hướng nghiên cứu chủ yếu là máy học và ứng dụng trong phân tích dữ liệu y sinh và an toàn người bệnh.,Máy học và ứng dụng trong phân tích dữ liệu y sinh và an toàn người bệnh.,True,01_Mau_1_Huynh_Trung_Hieu.pdf,https://smia.iuh.edu.vn/upload/files/2025HDGS_cs/2025UV_GS_PGS/01_Mau_1_Huynh_Trung_Hieu.pdf,Hồ sơ PGS/GS; kiểm tra câu hỏi có hữu ích cho người dùng thật,,
q0212,normal,VIEN_DTQT_SAU_DAI_HOC,guest,True,"Theo danh mục ngành phù hợp (Phụ lục 3 kèm thông báo tuyển sinh năm 2026 của IUH), người tốt nghiệp đại học ngành Dược học được xem là ngành phù hợp nhóm 1 để dự tuyển ngành nào?","Ngành Hóa phân tích (nhóm 1 gồm Hóa học, Sư phạm Hóa học, Hoá dược, Dược học, Đảm bảo chất lượng và an toàn thực phẩm, Kỹ thuật xét nghiệm y học).","Hóa học, Sư phạm Hóa học; Hoá dược; Dược học; Đảm bảo chất lượng và an toàn thực phẩm; Kỹ thuật xét nghiệm y học.",True,PL3-1.pdf,https://ipe.iuh.edu.vn/uploads/2026/03/PL3-1.pdf,Cùng phụ lục với nor-079 (bản 2025/2026): kiểm tra không trùng câu hỏi,,
q0219,normal,VIEN_TAI_CHINH_KE_TOAN,same_department_exact_level,True,Chương trình thạc sĩ ngành Tài chính – Ngân hàng của IUH có mã số là gì và bản mô tả chương trình phiên bản 2023 hoàn thành ngày nào?,Mã số 8340201; bản mô tả chương trình 2023 hoàn thành ngày 01/02/2023.,Bản mô tả chương trình được hoàn thành 01/02/2023 Mã số: 8340201,True,Ban mo ta CTDT cao hoc 2022.pdf,https://sfa.iuh.edu.vn/upload/files/ThS%20TCNH%202024/Ban%20mo%20ta%20CTDT%20cao%20hoc%202022.pdf,Tài liệu chỉ có mục lục; câu hỏi về mã ngành/ngày hoàn thành,,
q0227,normal,VIEN_TAI_CHINH_KE_TOAN,guest,True,Bản mô tả chương trình đào tạo thạc sĩ Tài chính – Ngân hàng phiên bản 2016 của Khoa Tài chính – Ngân hàng được hoàn thành vào ngày nào?,Hoàn thành ngày 01/05/2016 (mã số ngành 8340201).,Bản mô tả chương trình được hoàn thành 01/05/2016,True,Ban mo ta CTDT cao hoc 2016.pdf,https://sfa.iuh.edu.vn/upload/files/ThS%20TCNH%202024/Ban%20mo%20ta%20CTDT%20cao%20hoc%202016.pdf,Tài liệu chỉ có mục lục; câu hỏi về mã ngành/ngày hoàn thành,,
q0001,access,KHOA_LUAT_KHCT,same_department_exact_level,True,Quỹ Đồng hành sinh viên Luật IUH do ai điều hành và Ban điều hành quỹ họp định kỳ bao lâu một lần?,"Quỹ do Ban chấp hành Đoàn TNCS Hồ Chí Minh Khoa Luật (theo từng thời kỳ) điều hành; Ban điều hành họp định kỳ 03 tháng một lần, có thể họp bất thường theo yêu cầu của 2/3 số thành viên.","Ban điều hành Quỹ họp định kỳ 03 tháng một lần, có thể họp bất thường theo yêu cầu của 2/3 số thành viên.",True,Quy-Nguyet-1.pdf,https://flp.iuh.edu.vn/wp-content/uploads/2022/09/Quy-Nguyet-1.pdf,,,
q0002,access,KHOA_LUAT_KHCT,same_department_one_level_below,False,Quỹ Đồng hành sinh viên Luật IUH do ai điều hành và Ban điều hành quỹ họp định kỳ bao lâu một lần?,"Quỹ do Ban chấp hành Đoàn TNCS Hồ Chí Minh Khoa Luật (theo từng thời kỳ) điều hành; Ban điều hành họp định kỳ 03 tháng một lần, có thể họp bất thường theo yêu cầu của 2/3 số thành viên.","Ban điều hành Quỹ họp định kỳ 03 tháng một lần, có thể họp bất thường theo yêu cầu của 2/3 số thành viên.",True,Quy-Nguyet-1.pdf,https://flp.iuh.edu.vn/wp-content/uploads/2022/09/Quy-Nguyet-1.pdf,,,
q0003,access,KHOA_LUAT_KHCT,other_department_max_level,False,Quỹ Đồng hành sinh viên Luật IUH do ai điều hành và Ban điều hành quỹ họp định kỳ bao lâu một lần?,"Quỹ do Ban chấp hành Đoàn TNCS Hồ Chí Minh Khoa Luật (theo từng thời kỳ) điều hành; Ban điều hành họp định kỳ 03 tháng một lần, có thể họp bất thường theo yêu cầu của 2/3 số thành viên.","Ban điều hành Quỹ họp định kỳ 03 tháng một lần, có thể họp bất thường theo yêu cầu của 2/3 số thành viên.",True,Quy-Nguyet-1.pdf,https://flp.iuh.edu.vn/wp-content/uploads/2022/09/Quy-Nguyet-1.pdf,,,
q0004,access,KHOA_LUAT_KHCT,wildcard_max_level,True,Quỹ Đồng hành sinh viên Luật IUH do ai điều hành và Ban điều hành quỹ họp định kỳ bao lâu một lần?,"Quỹ do Ban chấp hành Đoàn TNCS Hồ Chí Minh Khoa Luật (theo từng thời kỳ) điều hành; Ban điều hành họp định kỳ 03 tháng một lần, có thể họp bất thường theo yêu cầu của 2/3 số thành viên.","Ban điều hành Quỹ họp định kỳ 03 tháng một lần, có thể họp bất thường theo yêu cầu của 2/3 số thành viên.",True,Quy-Nguyet-1.pdf,https://flp.iuh.edu.vn/wp-content/uploads/2022/09/Quy-Nguyet-1.pdf,,,
q0005,access,KHOA_CN_CO_KHI,same_department_exact_level,True,"Trong chương trình đào tạo ngành Công nghệ kỹ thuật cơ khí khóa 2016, học kỳ 2 sinh viên được chọn học phần tự chọn nào và phải chọn bao nhiêu học phần?","Học kỳ 2 có 2 tín chỉ tự chọn: sinh viên chọn 1 trong 3 học phần (mỗi học phần 2 tín chỉ): Tâm lý học đại cương (2110485), Hóa học đại cương (2104601), Xác suất thống kê (2113474, học trước Toán A2).","Tâm lý học đại cương (Fundamentals of psychology) 2110485 2(2,0,4)",True,cnktck_-_2016.pdf,https://fme.iuh.edu.vn/wp-content/uploads/2016/12/cnktck_-_2016.pdf,,,
q0006,access,KHOA_CN_CO_KHI,same_department_one_level_below,False,"Trong chương trình đào tạo ngành Công nghệ kỹ thuật cơ khí khóa 2016, học kỳ 2 sinh viên được chọn học phần tự chọn nào và phải chọn bao nhiêu học phần?","Học kỳ 2 có 2 tín chỉ tự chọn: sinh viên chọn 1 trong 3 học phần (mỗi học phần 2 tín chỉ): Tâm lý học đại cương (2110485), Hóa học đại cương (2104601), Xác suất thống kê (2113474, học trước Toán A2).","Tâm lý học đại cương (Fundamentals of psychology) 2110485 2(2,0,4)",True,cnktck_-_2016.pdf,https://fme.iuh.edu.vn/wp-content/uploads/2016/12/cnktck_-_2016.pdf,,,
q0007,access,KHOA_CN_CO_KHI,other_department_max_level,False,"Trong chương trình đào tạo ngành Công nghệ kỹ thuật cơ khí khóa 2016, học kỳ 2 sinh viên được chọn học phần tự chọn nào và phải chọn bao nhiêu học phần?","Học kỳ 2 có 2 tín chỉ tự chọn: sinh viên chọn 1 trong 3 học phần (mỗi học phần 2 tín chỉ): Tâm lý học đại cương (2110485), Hóa học đại cương (2104601), Xác suất thống kê (2113474, học trước Toán A2).","Tâm lý học đại cương (Fundamentals of psychology) 2110485 2(2,0,4)",True,cnktck_-_2016.pdf,https://fme.iuh.edu.vn/wp-content/uploads/2016/12/cnktck_-_2016.pdf,,,
q0008,access,KHOA_CN_CO_KHI,wildcard_max_level,True,"Trong chương trình đào tạo ngành Công nghệ kỹ thuật cơ khí khóa 2016, học kỳ 2 sinh viên được chọn học phần tự chọn nào và phải chọn bao nhiêu học phần?","Học kỳ 2 có 2 tín chỉ tự chọn: sinh viên chọn 1 trong 3 học phần (mỗi học phần 2 tín chỉ): Tâm lý học đại cương (2110485), Hóa học đại cương (2104601), Xác suất thống kê (2113474, học trước Toán A2).","Tâm lý học đại cương (Fundamentals of psychology) 2110485 2(2,0,4)",True,cnktck_-_2016.pdf,https://fme.iuh.edu.vn/wp-content/uploads/2016/12/cnktck_-_2016.pdf,,,
q0009,access,KHOA_CN_DIEN_TU,same_department_exact_level,True,"Trong kế hoạch đào tạo ngành Công nghệ kỹ thuật máy tính (chương trình chất lượng cao 2022), học phần Hệ thống máy tính có bao nhiêu tín chỉ và phải học trước môn nào?","Học phần Hệ thống máy tính (Computer Systems) có 4 tín chỉ (3 lý thuyết, 2 thực hành) và yêu cầu học trước học phần Nhập môn Lập trình (mã 2501622).","Hệ Thống Máy tính Computer Systems 4220003949 4(3,2,8) 2501622(a)",True,CNKTMA2022CLC_CTKhung.pdf,https://fet.iuh.edu.vn/upload/files/2021/02/CNKTMA2022CLC_CTKhung.pdf,,,
q0010,access,KHOA_CN_DIEN_TU,same_department_one_level_below,False,"Trong kế hoạch đào tạo ngành Công nghệ kỹ thuật máy tính (chương trình chất lượng cao 2022), học phần Hệ thống máy tính có bao nhiêu tín chỉ và phải học trước môn nào?","Học phần Hệ thống máy tính (Computer Systems) có 4 tín chỉ (3 lý thuyết, 2 thực hành) và yêu cầu học trước học phần Nhập môn Lập trình (mã 2501622).","Hệ Thống Máy tính Computer Systems 4220003949 4(3,2,8) 2501622(a)",True,CNKTMA2022CLC_CTKhung.pdf,https://fet.iuh.edu.vn/upload/files/2021/02/CNKTMA2022CLC_CTKhung.pdf,,,
q0011,access,KHOA_CN_DIEN_TU,other_department_max_level,False,"Trong kế hoạch đào tạo ngành Công nghệ kỹ thuật máy tính (chương trình chất lượng cao 2022), học phần Hệ thống máy tính có bao nhiêu tín chỉ và phải học trước môn nào?","Học phần Hệ thống máy tính (Computer Systems) có 4 tín chỉ (3 lý thuyết, 2 thực hành) và yêu cầu học trước học phần Nhập môn Lập trình (mã 2501622).","Hệ Thống Máy tính Computer Systems 4220003949 4(3,2,8) 2501622(a)",True,CNKTMA2022CLC_CTKhung.pdf,https://fet.iuh.edu.vn/upload/files/2021/02/CNKTMA2022CLC_CTKhung.pdf,,,
q0012,access,KHOA_CN_DIEN_TU,wildcard_max_level,True,"Trong kế hoạch đào tạo ngành Công nghệ kỹ thuật máy tính (chương trình chất lượng cao 2022), học phần Hệ thống máy tính có bao nhiêu tín chỉ và phải học trước môn nào?","Học phần Hệ thống máy tính (Computer Systems) có 4 tín chỉ (3 lý thuyết, 2 thực hành) và yêu cầu học trước học phần Nhập môn Lập trình (mã 2501622).","Hệ Thống Máy tính Computer Systems 4220003949 4(3,2,8) 2501622(a)",True,CNKTMA2022CLC_CTKhung.pdf,https://fet.iuh.edu.vn/upload/files/2021/02/CNKTMA2022CLC_CTKhung.pdf,,,
q0013,access,KHOA_CN_HOA_HOC,same_department_exact_level,True,Hạn chót gửi báo cáo tóm tắt cho Hội thảo quốc tế Hóa học và Ứng dụng 2020 của Khoa Công nghệ Hóa học là ngày nào và gửi qua đâu?,"Hạn cuối là ngày 30/06/2020, gửi báo cáo tóm tắt qua email fce.iuh.edu@gmail.com (tóm tắt không quá 200 từ).","Hạn cuối cùng ngày 30/06/2020, gửi báo cáo tóm tắt qua email: fce.iuh.edu@gmail.com",True,Thong_bao_02_06032020-1.pdf,https://fce.iuh.edu.vn/wp-content/uploads/2020/03/Thong_bao_02_06032020-1.pdf,,,
q0014,access,KHOA_CN_HOA_HOC,same_department_one_level_below,False,Hạn chót gửi báo cáo tóm tắt cho Hội thảo quốc tế Hóa học và Ứng dụng 2020 của Khoa Công nghệ Hóa học là ngày nào và gửi qua đâu?,"Hạn cuối là ngày 30/06/2020, gửi báo cáo tóm tắt qua email fce.iuh.edu@gmail.com (tóm tắt không quá 200 từ).","Hạn cuối cùng ngày 30/06/2020, gửi báo cáo tóm tắt qua email: fce.iuh.edu@gmail.com",True,Thong_bao_02_06032020-1.pdf,https://fce.iuh.edu.vn/wp-content/uploads/2020/03/Thong_bao_02_06032020-1.pdf,,,
q0015,access,KHOA_CN_HOA_HOC,other_department_max_level,False,Hạn chót gửi báo cáo tóm tắt cho Hội thảo quốc tế Hóa học và Ứng dụng 2020 của Khoa Công nghệ Hóa học là ngày nào và gửi qua đâu?,"Hạn cuối là ngày 30/06/2020, gửi báo cáo tóm tắt qua email fce.iuh.edu@gmail.com (tóm tắt không quá 200 từ).","Hạn cuối cùng ngày 30/06/2020, gửi báo cáo tóm tắt qua email: fce.iuh.edu@gmail.com",True,Thong_bao_02_06032020-1.pdf,https://fce.iuh.edu.vn/wp-content/uploads/2020/03/Thong_bao_02_06032020-1.pdf,,,
q0016,access,KHOA_CN_HOA_HOC,wildcard_max_level,True,Hạn chót gửi báo cáo tóm tắt cho Hội thảo quốc tế Hóa học và Ứng dụng 2020 của Khoa Công nghệ Hóa học là ngày nào và gửi qua đâu?,"Hạn cuối là ngày 30/06/2020, gửi báo cáo tóm tắt qua email fce.iuh.edu@gmail.com (tóm tắt không quá 200 từ).","Hạn cuối cùng ngày 30/06/2020, gửi báo cáo tóm tắt qua email: fce.iuh.edu@gmail.com",True,Thong_bao_02_06032020-1.pdf,https://fce.iuh.edu.vn/wp-content/uploads/2020/03/Thong_bao_02_06032020-1.pdf,,,
q0017,access,KHOA_KY_THUAT_XAY_DUNG,same_department_exact_level,True,"Chương trình tình nguyện ""Trăng vàng sẻ chia"" năm 2024 của Đoàn khoa - LCH Sinh viên Khoa Kỹ thuật Xây dựng diễn ra ngày nào, ở đâu và có bao nhiêu tình nguyện viên tham gia?","Chương trình diễn ra chính thức ngày 15–16/09/2024 tại xã An Nhơn, huyện Châu Thành, tỉnh Đồng Tháp, với 23 tình nguyện viên.",Thời gian thực hiện: chương trình diễn ra chính thức ngày 15 - 16/09/2024.,True,BAO CAO TRUNG THU 2024.pdf,https://ce.iuh.edu.vn/upload/files/BAO%20CAO%20TRUNG%20THU%202024.pdf,,,
q0018,access,KHOA_KY_THUAT_XAY_DUNG,same_department_one_level_below,False,"Chương trình tình nguyện ""Trăng vàng sẻ chia"" năm 2024 của Đoàn khoa - LCH Sinh viên Khoa Kỹ thuật Xây dựng diễn ra ngày nào, ở đâu và có bao nhiêu tình nguyện viên tham gia?","Chương trình diễn ra chính thức ngày 15–16/09/2024 tại xã An Nhơn, huyện Châu Thành, tỉnh Đồng Tháp, với 23 tình nguyện viên.",Thời gian thực hiện: chương trình diễn ra chính thức ngày 15 - 16/09/2024.,True,BAO CAO TRUNG THU 2024.pdf,https://ce.iuh.edu.vn/upload/files/BAO%20CAO%20TRUNG%20THU%202024.pdf,,,
q0019,access,KHOA_KY_THUAT_XAY_DUNG,other_department_max_level,False,"Chương trình tình nguyện ""Trăng vàng sẻ chia"" năm 2024 của Đoàn khoa - LCH Sinh viên Khoa Kỹ thuật Xây dựng diễn ra ngày nào, ở đâu và có bao nhiêu tình nguyện viên tham gia?","Chương trình diễn ra chính thức ngày 15–16/09/2024 tại xã An Nhơn, huyện Châu Thành, tỉnh Đồng Tháp, với 23 tình nguyện viên.",Thời gian thực hiện: chương trình diễn ra chính thức ngày 15 - 16/09/2024.,True,BAO CAO TRUNG THU 2024.pdf,https://ce.iuh.edu.vn/upload/files/BAO%20CAO%20TRUNG%20THU%202024.pdf,,,
q0020,access,KHOA_KY_THUAT_XAY_DUNG,wildcard_max_level,True,"Chương trình tình nguyện ""Trăng vàng sẻ chia"" năm 2024 của Đoàn khoa - LCH Sinh viên Khoa Kỹ thuật Xây dựng diễn ra ngày nào, ở đâu và có bao nhiêu tình nguyện viên tham gia?","Chương trình diễn ra chính thức ngày 15–16/09/2024 tại xã An Nhơn, huyện Châu Thành, tỉnh Đồng Tháp, với 23 tình nguyện viên.",Thời gian thực hiện: chương trình diễn ra chính thức ngày 15 - 16/09/2024.,True,BAO CAO TRUNG THU 2024.pdf,https://ce.iuh.edu.vn/upload/files/BAO%20CAO%20TRUNG%20THU%202024.pdf,,,
q0021,access,TT_QUAN_TRI_HE_THONG,same_department_exact_level,True,Giảng viên IUH khôi phục mật khẩu cổng thông tin giảng viên gv.iuh.edu.vn thì đường link khôi phục gửi qua email có hiệu lực bao lâu? Nếu hệ thống báo chưa có thông tin email thì phải liên hệ đơn vị nào?,"Liên kết khôi phục chỉ có giá trị trong 15 phút kể từ khi hệ thống gửi email. Nếu hệ thống báo chưa có thông tin email, giảng viên liên hệ Phòng Tổ chức – Hành chính để được cập nhật email vào thông tin nhân sự.",Liên kết chỉ có giá trị trong 15 phút kể từ khi hệ thống gửi email.,True,GV_Huongdangiangvienkhoiphucmatkhaucongthongtin020323.pdf,https://csm.iuh.edu.vn/upload/files/huongdan/GV_Huongdangiangvienkhoiphucmatkhaucongthongtin020323.pdf,,,
q0022,access,TT_QUAN_TRI_HE_THONG,same_department_one_level_below,False,Giảng viên IUH khôi phục mật khẩu cổng thông tin giảng viên gv.iuh.edu.vn thì đường link khôi phục gửi qua email có hiệu lực bao lâu? Nếu hệ thống báo chưa có thông tin email thì phải liên hệ đơn vị nào?,"Liên kết khôi phục chỉ có giá trị trong 15 phút kể từ khi hệ thống gửi email. Nếu hệ thống báo chưa có thông tin email, giảng viên liên hệ Phòng Tổ chức – Hành chính để được cập nhật email vào thông tin nhân sự.",Liên kết chỉ có giá trị trong 15 phút kể từ khi hệ thống gửi email.,True,GV_Huongdangiangvienkhoiphucmatkhaucongthongtin020323.pdf,https://csm.iuh.edu.vn/upload/files/huongdan/GV_Huongdangiangvienkhoiphucmatkhaucongthongtin020323.pdf,,,
q0023,access,TT_QUAN_TRI_HE_THONG,other_department_max_level,False,Giảng viên IUH khôi phục mật khẩu cổng thông tin giảng viên gv.iuh.edu.vn thì đường link khôi phục gửi qua email có hiệu lực bao lâu? Nếu hệ thống báo chưa có thông tin email thì phải liên hệ đơn vị nào?,"Liên kết khôi phục chỉ có giá trị trong 15 phút kể từ khi hệ thống gửi email. Nếu hệ thống báo chưa có thông tin email, giảng viên liên hệ Phòng Tổ chức – Hành chính để được cập nhật email vào thông tin nhân sự.",Liên kết chỉ có giá trị trong 15 phút kể từ khi hệ thống gửi email.,True,GV_Huongdangiangvienkhoiphucmatkhaucongthongtin020323.pdf,https://csm.iuh.edu.vn/upload/files/huongdan/GV_Huongdangiangvienkhoiphucmatkhaucongthongtin020323.pdf,,,
q0024,access,TT_QUAN_TRI_HE_THONG,wildcard_max_level,True,Giảng viên IUH khôi phục mật khẩu cổng thông tin giảng viên gv.iuh.edu.vn thì đường link khôi phục gửi qua email có hiệu lực bao lâu? Nếu hệ thống báo chưa có thông tin email thì phải liên hệ đơn vị nào?,"Liên kết khôi phục chỉ có giá trị trong 15 phút kể từ khi hệ thống gửi email. Nếu hệ thống báo chưa có thông tin email, giảng viên liên hệ Phòng Tổ chức – Hành chính để được cập nhật email vào thông tin nhân sự.",Liên kết chỉ có giá trị trong 15 phút kể từ khi hệ thống gửi email.,True,GV_Huongdangiangvienkhoiphucmatkhaucongthongtin020323.pdf,https://csm.iuh.edu.vn/upload/files/huongdan/GV_Huongdangiangvienkhoiphucmatkhaucongthongtin020323.pdf,,,
q0025,access,VIEN_TAI_CHINH_KE_TOAN,same_department_exact_level,True,"Theo sổ tay sinh viên 2024 của Viện Tài chính - Kế toán (School of Finance and Accounting), giá trị cốt lõi của Trường Đại học Công nghiệp TP.HCM là gì?",Giá trị cốt lõi của IUH là “Innovation – Unity – Humanity” (Đổi mới – Đoàn kết – Nhân văn).,The IUH core valuesare “Innovation – Unity – Humanity”.,True,handbook for student-compressed.pdf,https://sfa.iuh.edu.vn/upload/files/AUN%20KT%202024/handbook%20for%20student-compressed.pdf,,,
q0026,access,VIEN_TAI_CHINH_KE_TOAN,same_department_one_level_below,False,"Theo sổ tay sinh viên 2024 của Viện Tài chính - Kế toán (School of Finance and Accounting), giá trị cốt lõi của Trường Đại học Công nghiệp TP.HCM là gì?",Giá trị cốt lõi của IUH là “Innovation – Unity – Humanity” (Đổi mới – Đoàn kết – Nhân văn).,The IUH core valuesare “Innovation – Unity – Humanity”.,True,handbook for student-compressed.pdf,https://sfa.iuh.edu.vn/upload/files/AUN%20KT%202024/handbook%20for%20student-compressed.pdf,,,
q0027,access,VIEN_TAI_CHINH_KE_TOAN,other_department_max_level,False,"Theo sổ tay sinh viên 2024 của Viện Tài chính - Kế toán (School of Finance and Accounting), giá trị cốt lõi của Trường Đại học Công nghiệp TP.HCM là gì?",Giá trị cốt lõi của IUH là “Innovation – Unity – Humanity” (Đổi mới – Đoàn kết – Nhân văn).,The IUH core valuesare “Innovation – Unity – Humanity”.,True,handbook for student-compressed.pdf,https://sfa.iuh.edu.vn/upload/files/AUN%20KT%202024/handbook%20for%20student-compressed.pdf,,,
q0028,access,VIEN_TAI_CHINH_KE_TOAN,wildcard_max_level,True,"Theo sổ tay sinh viên 2024 của Viện Tài chính - Kế toán (School of Finance and Accounting), giá trị cốt lõi của Trường Đại học Công nghiệp TP.HCM là gì?",Giá trị cốt lõi của IUH là “Innovation – Unity – Humanity” (Đổi mới – Đoàn kết – Nhân văn).,The IUH core valuesare “Innovation – Unity – Humanity”.,True,handbook for student-compressed.pdf,https://sfa.iuh.edu.vn/upload/files/AUN%20KT%202024/handbook%20for%20student-compressed.pdf,,,
q0029,access,KHOA_CN_DIEN,same_department_exact_level,True,Học viên thạc sĩ ngành Kỹ thuật điện theo định hướng nghiên cứu (chuẩn đầu ra 2022) cần đạt trình độ ngoại ngữ nào để tốt nghiệp?,Phải đạt trình độ ngoại ngữ tương đương bậc 4/6 theo Khung năng lực ngoại ngữ Việt Nam.,Đạt được trình độ ngoại ngữ tương đương bậc 4/6 Khung năng lực ngoại ngữ Việt Nam,True,2022 NC CDR.pdf,https://feet.iuh.edu.vn/upload/files/2022%20NC%20CDR.pdf,,,
q0030,access,KHOA_CN_DIEN,same_department_one_level_below,False,Học viên thạc sĩ ngành Kỹ thuật điện theo định hướng nghiên cứu (chuẩn đầu ra 2022) cần đạt trình độ ngoại ngữ nào để tốt nghiệp?,Phải đạt trình độ ngoại ngữ tương đương bậc 4/6 theo Khung năng lực ngoại ngữ Việt Nam.,Đạt được trình độ ngoại ngữ tương đương bậc 4/6 Khung năng lực ngoại ngữ Việt Nam,True,2022 NC CDR.pdf,https://feet.iuh.edu.vn/upload/files/2022%20NC%20CDR.pdf,,,
q0031,access,KHOA_CN_DIEN,other_department_max_level,False,Học viên thạc sĩ ngành Kỹ thuật điện theo định hướng nghiên cứu (chuẩn đầu ra 2022) cần đạt trình độ ngoại ngữ nào để tốt nghiệp?,Phải đạt trình độ ngoại ngữ tương đương bậc 4/6 theo Khung năng lực ngoại ngữ Việt Nam.,Đạt được trình độ ngoại ngữ tương đương bậc 4/6 Khung năng lực ngoại ngữ Việt Nam,True,2022 NC CDR.pdf,https://feet.iuh.edu.vn/upload/files/2022%20NC%20CDR.pdf,,,
q0032,access,KHOA_CN_DIEN,wildcard_max_level,True,Học viên thạc sĩ ngành Kỹ thuật điện theo định hướng nghiên cứu (chuẩn đầu ra 2022) cần đạt trình độ ngoại ngữ nào để tốt nghiệp?,Phải đạt trình độ ngoại ngữ tương đương bậc 4/6 theo Khung năng lực ngoại ngữ Việt Nam.,Đạt được trình độ ngoại ngữ tương đương bậc 4/6 Khung năng lực ngoại ngữ Việt Nam,True,2022 NC CDR.pdf,https://feet.iuh.edu.vn/upload/files/2022%20NC%20CDR.pdf,,,
q0033,access,VIEN_DTQT_SAU_DAI_HOC,same_department_exact_level,True,"Theo chuẩn đầu ra ngành Thạc sĩ Quản trị kinh doanh của IUH, học viên phải đạt trình độ ngoại ngữ ở mức nào? Nếu dùng TOEIC hoặc IELTS thì cần tối thiểu bao nhiêu điểm?",Học viên phải đạt trình độ ngoại ngữ tương đương cấp độ B1 hoặc bậc 3/6 khung Châu Âu; nếu dùng chứng chỉ thì IELTS 4.5 trở lên hoặc TOEIC 450 (do ETS cấp).,tương đương cấp độ B1 hoặc bậc 3/6 của khung Châu Âu,True,10.-Thạc-sĩ-Quản-trị-kinh-doanh.pdf,https://ipe.iuh.edu.vn/uploads/2016/11/10.-Thạc-sĩ-Quản-trị-kinh-doanh.pdf,,,
q0034,access,VIEN_DTQT_SAU_DAI_HOC,same_department_one_level_below,False,"Theo chuẩn đầu ra ngành Thạc sĩ Quản trị kinh doanh của IUH, học viên phải đạt trình độ ngoại ngữ ở mức nào? Nếu dùng TOEIC hoặc IELTS thì cần tối thiểu bao nhiêu điểm?",Học viên phải đạt trình độ ngoại ngữ tương đương cấp độ B1 hoặc bậc 3/6 khung Châu Âu; nếu dùng chứng chỉ thì IELTS 4.5 trở lên hoặc TOEIC 450 (do ETS cấp).,tương đương cấp độ B1 hoặc bậc 3/6 của khung Châu Âu,True,10.-Thạc-sĩ-Quản-trị-kinh-doanh.pdf,https://ipe.iuh.edu.vn/uploads/2016/11/10.-Thạc-sĩ-Quản-trị-kinh-doanh.pdf,,,
q0035,access,VIEN_DTQT_SAU_DAI_HOC,other_department_max_level,False,"Theo chuẩn đầu ra ngành Thạc sĩ Quản trị kinh doanh của IUH, học viên phải đạt trình độ ngoại ngữ ở mức nào? Nếu dùng TOEIC hoặc IELTS thì cần tối thiểu bao nhiêu điểm?",Học viên phải đạt trình độ ngoại ngữ tương đương cấp độ B1 hoặc bậc 3/6 khung Châu Âu; nếu dùng chứng chỉ thì IELTS 4.5 trở lên hoặc TOEIC 450 (do ETS cấp).,tương đương cấp độ B1 hoặc bậc 3/6 của khung Châu Âu,True,10.-Thạc-sĩ-Quản-trị-kinh-doanh.pdf,https://ipe.iuh.edu.vn/uploads/2016/11/10.-Thạc-sĩ-Quản-trị-kinh-doanh.pdf,,,
q0036,access,VIEN_DTQT_SAU_DAI_HOC,wildcard_max_level,True,"Theo chuẩn đầu ra ngành Thạc sĩ Quản trị kinh doanh của IUH, học viên phải đạt trình độ ngoại ngữ ở mức nào? Nếu dùng TOEIC hoặc IELTS thì cần tối thiểu bao nhiêu điểm?",Học viên phải đạt trình độ ngoại ngữ tương đương cấp độ B1 hoặc bậc 3/6 khung Châu Âu; nếu dùng chứng chỉ thì IELTS 4.5 trở lên hoặc TOEIC 450 (do ETS cấp).,tương đương cấp độ B1 hoặc bậc 3/6 của khung Châu Âu,True,10.-Thạc-sĩ-Quản-trị-kinh-doanh.pdf,https://ipe.iuh.edu.vn/uploads/2016/11/10.-Thạc-sĩ-Quản-trị-kinh-doanh.pdf,,,
q0037,access,PHONG_QLKH_HTQT,same_department_exact_level,True,"Khi đăng ký đề tài NCKH cấp trường IUH trên phần mềm quản lý khoa học năm 2026, sau khi bấm ""Gửi thuyết minh"" thì còn sửa hồ sơ được không, và nếu quên bấm nút này thì sao?","Sau khi bấm ""Gửi thuyết minh"", hồ sơ bị khóa và không thể thay đổi thông tin. Nếu không bấm ""Gửi thuyết minh"" thì hồ sơ xem như chưa đăng ký và Phòng QLKH&HTQT không tiếp nhận được.","Sau khi bấm ""Gửi thuyết minh"", hồ sơ sẽ bị khóa và KHÔNG THỂ thay đổi thông tin.",True,HUỚNG DẪN DANG KY DỀ TAI NCKH CẤP TRUỜNG IUH - 2026.pdf,https://smia.iuh.edu.vn/upload/files/HU%E1%BB%9ANG%20D%E1%BA%AAN%20DANG%20KY%20D%E1%BB%80%20TAI%20NCKH%20C%E1%BA%A4P%20TRU%E1%BB%9CNG%20IUH%20-%202026.pdf,,,
q0038,access,PHONG_QLKH_HTQT,same_department_one_level_below,False,"Khi đăng ký đề tài NCKH cấp trường IUH trên phần mềm quản lý khoa học năm 2026, sau khi bấm ""Gửi thuyết minh"" thì còn sửa hồ sơ được không, và nếu quên bấm nút này thì sao?","Sau khi bấm ""Gửi thuyết minh"", hồ sơ bị khóa và không thể thay đổi thông tin. Nếu không bấm ""Gửi thuyết minh"" thì hồ sơ xem như chưa đăng ký và Phòng QLKH&HTQT không tiếp nhận được.","Sau khi bấm ""Gửi thuyết minh"", hồ sơ sẽ bị khóa và KHÔNG THỂ thay đổi thông tin.",True,HUỚNG DẪN DANG KY DỀ TAI NCKH CẤP TRUỜNG IUH - 2026.pdf,https://smia.iuh.edu.vn/upload/files/HU%E1%BB%9ANG%20D%E1%BA%AAN%20DANG%20KY%20D%E1%BB%80%20TAI%20NCKH%20C%E1%BA%A4P%20TRU%E1%BB%9CNG%20IUH%20-%202026.pdf,,,
q0039,access,PHONG_QLKH_HTQT,other_department_max_level,False,"Khi đăng ký đề tài NCKH cấp trường IUH trên phần mềm quản lý khoa học năm 2026, sau khi bấm ""Gửi thuyết minh"" thì còn sửa hồ sơ được không, và nếu quên bấm nút này thì sao?","Sau khi bấm ""Gửi thuyết minh"", hồ sơ bị khóa và không thể thay đổi thông tin. Nếu không bấm ""Gửi thuyết minh"" thì hồ sơ xem như chưa đăng ký và Phòng QLKH&HTQT không tiếp nhận được.","Sau khi bấm ""Gửi thuyết minh"", hồ sơ sẽ bị khóa và KHÔNG THỂ thay đổi thông tin.",True,HUỚNG DẪN DANG KY DỀ TAI NCKH CẤP TRUỜNG IUH - 2026.pdf,https://smia.iuh.edu.vn/upload/files/HU%E1%BB%9ANG%20D%E1%BA%AAN%20DANG%20KY%20D%E1%BB%80%20TAI%20NCKH%20C%E1%BA%A4P%20TRU%E1%BB%9CNG%20IUH%20-%202026.pdf,,,
q0040,access,PHONG_QLKH_HTQT,wildcard_max_level,True,"Khi đăng ký đề tài NCKH cấp trường IUH trên phần mềm quản lý khoa học năm 2026, sau khi bấm ""Gửi thuyết minh"" thì còn sửa hồ sơ được không, và nếu quên bấm nút này thì sao?","Sau khi bấm ""Gửi thuyết minh"", hồ sơ bị khóa và không thể thay đổi thông tin. Nếu không bấm ""Gửi thuyết minh"" thì hồ sơ xem như chưa đăng ký và Phòng QLKH&HTQT không tiếp nhận được.","Sau khi bấm ""Gửi thuyết minh"", hồ sơ sẽ bị khóa và KHÔNG THỂ thay đổi thông tin.",True,HUỚNG DẪN DANG KY DỀ TAI NCKH CẤP TRUỜNG IUH - 2026.pdf,https://smia.iuh.edu.vn/upload/files/HU%E1%BB%9ANG%20D%E1%BA%AAN%20DANG%20KY%20D%E1%BB%80%20TAI%20NCKH%20C%E1%BA%A4P%20TRU%E1%BB%9CNG%20IUH%20-%202026.pdf,,,
q0041,access,KHOA_CN_DONG_LUC,same_department_exact_level,True,"Khoa Công nghệ Động lực tổ chức bảo vệ đề cương khóa luận tốt nghiệp năm học 2024-2025 trong khoảng thời gian nào, và mỗi đề tài được trình bày tối đa bao lâu?",Bảo vệ đề cương KLTN 2024-2025 diễn ra từ ngày 26/05/2025 đến ngày 31/05/2025 (ngày cụ thể do từng Bộ môn quyết định); mỗi đề tài được trình bày tối đa 15 phút.,bắt đầu từ ngày 26/05/2025 đến ngày 31/05/2025,True,20250507-FAET-THONG BAO BẢO VỆ DỀ CUONG-DHOT17 (1).pdf,https://faet.iuh.edu.vn/upload/files/20250507-FAET-THONG%20BAO%20B%E1%BA%A2O%20V%E1%BB%86%20D%E1%BB%80%20CUONG-DHOT17%20(1).pdf,,,
q0042,access,KHOA_CN_DONG_LUC,same_department_one_level_below,False,"Khoa Công nghệ Động lực tổ chức bảo vệ đề cương khóa luận tốt nghiệp năm học 2024-2025 trong khoảng thời gian nào, và mỗi đề tài được trình bày tối đa bao lâu?",Bảo vệ đề cương KLTN 2024-2025 diễn ra từ ngày 26/05/2025 đến ngày 31/05/2025 (ngày cụ thể do từng Bộ môn quyết định); mỗi đề tài được trình bày tối đa 15 phút.,bắt đầu từ ngày 26/05/2025 đến ngày 31/05/2025,True,20250507-FAET-THONG BAO BẢO VỆ DỀ CUONG-DHOT17 (1).pdf,https://faet.iuh.edu.vn/upload/files/20250507-FAET-THONG%20BAO%20B%E1%BA%A2O%20V%E1%BB%86%20D%E1%BB%80%20CUONG-DHOT17%20(1).pdf,,,
q0043,access,KHOA_CN_DONG_LUC,other_department_max_level,False,"Khoa Công nghệ Động lực tổ chức bảo vệ đề cương khóa luận tốt nghiệp năm học 2024-2025 trong khoảng thời gian nào, và mỗi đề tài được trình bày tối đa bao lâu?",Bảo vệ đề cương KLTN 2024-2025 diễn ra từ ngày 26/05/2025 đến ngày 31/05/2025 (ngày cụ thể do từng Bộ môn quyết định); mỗi đề tài được trình bày tối đa 15 phút.,bắt đầu từ ngày 26/05/2025 đến ngày 31/05/2025,True,20250507-FAET-THONG BAO BẢO VỆ DỀ CUONG-DHOT17 (1).pdf,https://faet.iuh.edu.vn/upload/files/20250507-FAET-THONG%20BAO%20B%E1%BA%A2O%20V%E1%BB%86%20D%E1%BB%80%20CUONG-DHOT17%20(1).pdf,,,
q0044,access,KHOA_CN_DONG_LUC,wildcard_max_level,True,"Khoa Công nghệ Động lực tổ chức bảo vệ đề cương khóa luận tốt nghiệp năm học 2024-2025 trong khoảng thời gian nào, và mỗi đề tài được trình bày tối đa bao lâu?",Bảo vệ đề cương KLTN 2024-2025 diễn ra từ ngày 26/05/2025 đến ngày 31/05/2025 (ngày cụ thể do từng Bộ môn quyết định); mỗi đề tài được trình bày tối đa 15 phút.,bắt đầu từ ngày 26/05/2025 đến ngày 31/05/2025,True,20250507-FAET-THONG BAO BẢO VỆ DỀ CUONG-DHOT17 (1).pdf,https://faet.iuh.edu.vn/upload/files/20250507-FAET-THONG%20BAO%20B%E1%BA%A2O%20V%E1%BB%86%20D%E1%BB%80%20CUONG-DHOT17%20(1).pdf,,,
q0045,access,KHOA_CN_MAY_THOI_TRANG,same_department_exact_level,True,Ngành Công nghệ may (đặc tả chương trình 2020) yêu cầu chuẩn tiếng Anh bao nhiêu và thời gian học tối đa là mấy năm?,"Yêu cầu TOEIC 450; thời lượng học tối đa 6,5 năm (4,5 năm đúng hạn và 2 năm gia hạn), tích lũy 156 tín chỉ.","6,5 năm (4,5 năm đúng hạn và 2 năm gia hạn) Ngôn ngữ sử dụng Việt Nam Cấp độ tiếng Anh yêu cầu TOEIC 450",True,Đặc-tả-chương-trình-2020.pdf,https://fgd.iuh.edu.vn/wp-content/uploads/2021/09/Đặc-tả-chương-trình-2020.pdf,,,
q0046,access,KHOA_CN_MAY_THOI_TRANG,same_department_one_level_below,False,Ngành Công nghệ may (đặc tả chương trình 2020) yêu cầu chuẩn tiếng Anh bao nhiêu và thời gian học tối đa là mấy năm?,"Yêu cầu TOEIC 450; thời lượng học tối đa 6,5 năm (4,5 năm đúng hạn và 2 năm gia hạn), tích lũy 156 tín chỉ.","6,5 năm (4,5 năm đúng hạn và 2 năm gia hạn) Ngôn ngữ sử dụng Việt Nam Cấp độ tiếng Anh yêu cầu TOEIC 450",True,Đặc-tả-chương-trình-2020.pdf,https://fgd.iuh.edu.vn/wp-content/uploads/2021/09/Đặc-tả-chương-trình-2020.pdf,,,
q0047,access,KHOA_CN_MAY_THOI_TRANG,other_department_max_level,False,Ngành Công nghệ may (đặc tả chương trình 2020) yêu cầu chuẩn tiếng Anh bao nhiêu và thời gian học tối đa là mấy năm?,"Yêu cầu TOEIC 450; thời lượng học tối đa 6,5 năm (4,5 năm đúng hạn và 2 năm gia hạn), tích lũy 156 tín chỉ.","6,5 năm (4,5 năm đúng hạn và 2 năm gia hạn) Ngôn ngữ sử dụng Việt Nam Cấp độ tiếng Anh yêu cầu TOEIC 450",True,Đặc-tả-chương-trình-2020.pdf,https://fgd.iuh.edu.vn/wp-content/uploads/2021/09/Đặc-tả-chương-trình-2020.pdf,,,
q0048,access,KHOA_CN_MAY_THOI_TRANG,wildcard_max_level,True,Ngành Công nghệ may (đặc tả chương trình 2020) yêu cầu chuẩn tiếng Anh bao nhiêu và thời gian học tối đa là mấy năm?,"Yêu cầu TOEIC 450; thời lượng học tối đa 6,5 năm (4,5 năm đúng hạn và 2 năm gia hạn), tích lũy 156 tín chỉ.","6,5 năm (4,5 năm đúng hạn và 2 năm gia hạn) Ngôn ngữ sử dụng Việt Nam Cấp độ tiếng Anh yêu cầu TOEIC 450",True,Đặc-tả-chương-trình-2020.pdf,https://fgd.iuh.edu.vn/wp-content/uploads/2021/09/Đặc-tả-chương-trình-2020.pdf,,,
q0049,calculation,KHOA_CN_HOA_HOC,guest,True,"Em là sinh viên Khoa Công nghệ Hóa học, muốn đăng ký học trước các học phần thạc sĩ ngành Kỹ thuật hóa học gồm Hóa học hợp chất cơ kim loại chuyển tiếp, Tổng hợp Hoá dược và Xúc tác trong công nghiệp. Tổng cộng bao nhiêu tín chỉ và em còn được đăng ký học trước thêm tối đa bao nhiêu tín chỉ nữa?",Tổng 8 tín chỉ (3 + 3 + 2); vì số tín chỉ học trước không vượt quá 15 nên còn được đăng ký thêm tối đa 15 − 8 = 7 tín chỉ.,Số tín chỉ được đăng ký học trước không vượt quá 15 tín chỉ.,True,Thong-bao-che-do-uu-dai-cho-Sinh-vien-hoc-Cao-hoc.pdf,https://fce.iuh.edu.vn/wp-content/uploads/2025/05/Thong-bao-che-do-uu-dai-cho-Sinh-vien-hoc-Cao-hoc.pdf,,,
q0050,calculation,KHOA_CN_CO_KHI,guest,True,"Chương trình đào tạo 2024-2025 ngành Công nghệ kỹ thuật cơ khí hệ tăng cường tiếng Anh: tổng số tín chỉ của Anh văn 1 và Anh văn 2 là bao nhiêu, và Anh văn 2 có điều kiện gì?",7 tín chỉ (Anh văn 1: 3 TC + Anh văn 2: 4 TC = 7). Anh văn 2 có học phần tiên quyết là Anh văn 1 (015255).,"Anh văn 2 English 2 4297015256 4(4,0,8) 2511012 015255(b)",True,DHCK20_TCTA.pdf,https://fme.iuh.edu.vn/wp-content/uploads/2025/11/DHCK20_TCTA.pdf,,,
q0051,calculation,KHOA_CN_CO_KHI,same_department_exact_level,True,"Trong chương trình đào tạo 2024-2025 ngành Công nghệ kỹ thuật cơ khí, học phần Giáo dục Quốc phòng và An ninh có tổng cộng bao nhiêu tiết (lý thuyết cộng thực hành)?",150 tiết. Học phần GDQP&AN (8 tín chỉ) có 90 tiết lý thuyết + 60 tiết thực hành = 150 tiết.,"Giáo dục Quốc phòng và An Ninh National Defence Education and Security 4203016600 8(6,4,16) 2120503 90 60",True,DHCK20.pdf,https://fme.iuh.edu.vn/wp-content/uploads/2025/11/DHCK20.pdf,,,
q0053,calculation,KHOA_QTKD,guest,True,"Trong chương trình Logistics và Quản lý chuỗi cung ứng của Khoa Quản trị Kinh doanh, tổng số tín chỉ của 4 học phần Quản lý thông tin trong chuỗi cung ứng, Giao nhận vận tải và bảo hiểm trong kinh doanh quốc tế, Phân loại hàng hóa và xuất xứ hàng hóa, Thủ tục hải quan là bao nhiêu?",12 tín chỉ (3 + 4 + 2 + 3 = 12).,2110464 Giao nhận vận tải và bảo hiểm trong kinh doanh quốc tế 4,True,Khung-chuong-trinh-SCM.pdf,https://fba.iuh.edu.vn/wp-content/uploads/2024/09/Khung-chuong-trinh-SCM.pdf,,,
q0054,calculation,KHOA_CN_DIEN_TU,same_department_exact_level,True,Kế hoạch đào tạo chuyên ngành Điện tử công nghiệp năm 2022 có tổng 162 tín chỉ. Tổng số tín chỉ của 4 học kỳ đầu là bao nhiêu và sau học kỳ 4 còn lại bao nhiêu tín chỉ?,4 học kỳ đầu: 17 + 22 + 22 + 21 = 82 tín chỉ; còn lại 162 − 82 = 80 tín chỉ.,Tồng số tín chỉ của chương trình đào tạo 162,True,CTK-DTCN-2022-Web.pdf,https://fet.iuh.edu.vn/upload/files/2022/CTK-DTCN-2022-Web.pdf,,,
q0055,calculation,VIEN_DTQT_SAU_DAI_HOC,guest,True,"Theo hướng dẫn giao nhận đề cương luận văn thạc sĩ đợt 2 năm học 2018-2019, học viên có tổng cộng bao nhiêu ngày để nộp đề cương và đơn đăng ký xét duyệt đề cương (tính cả ngày đầu và ngày cuối)?",16 ngày. Thời gian nộp từ 01/04/2019 đến 16/04/2019: 16 − 1 + 1 = 16 ngày.,Học viên nộp đề cương đã thực hiện và đơn đăng ký xét duyệt đề cương 01/04/2019 – 16/04/2019,True,Huong-dan-vv-giao-nhan-de-cuong-luan-van-thac-si-dot-2-NH-2018-2019.pdf,https://ipe.iuh.edu.vn/uploads/2019/01/Huong-dan-vv-giao-nhan-de-cuong-luan-van-thac-si-dot-2-NH-2018-2019.pdf,,,
q0056,calculation,KHOA_QTKD,guest,True,Thí sinh ngành gần dự tuyển ngành Quản trị kinh doanh phải học bổ sung những học phần nào và tổng cộng bao nhiêu tín chỉ?,"4 học phần: Kinh tế vi mô, Kinh tế vĩ mô, Quản trị học, Marketing căn bản/Nguyên lý marketing; mỗi học phần 3 tín chỉ nên tổng là 4 × 3 = 12 tín chỉ.",- Kinh tế vi mô - Kinh tế vĩ mô - Quản trị học - Marketing căn bản/ Nguyên lý marketing 3 3 3 3,True,PL1-1.pdf,https://ipe.iuh.edu.vn/uploads/2026/08/PL1-1.pdf,,,
q0057,calculation,KHOA_CN_DIEN,guest,True,Chương trình thạc sĩ Kỹ thuật điện theo định hướng nghiên cứu (ban hành theo QĐ 683/QĐ-ĐHCN năm 2022) có tổng cộng bao nhiêu tín chỉ qua 4 học kỳ?,"60 tín chỉ: học kỳ 1 có 12, học kỳ 2 có 15, học kỳ 3 có 18, học kỳ 4 có 15 (luận văn thạc sĩ) → 12 + 15 + 18 + 15 = 60.","1 6014498 Luận văn thạc sĩ 15(0,30,30)",True,2022 NC KH DT.pdf,https://feet.iuh.edu.vn/upload/files/2022%20NC%20KH%20DT.pdf,,,
q0058,calculation,VIEN_CNSH_THUC_PHAM,guest,True,"Một đại biểu dự Hội nghị Sinh lý thực vật (SLTV) lần IV do Viện Công nghệ Sinh học và Thực phẩm IUH phối hợp tổ chức, có 1 bài được chấp nhận đăng Kỷ yếu và đăng ký tham quan núi Bà Đen thì phải đóng tổng cộng bao nhiêu tiền?","3.000.000 VNĐ = phí tham dự 1.000.000 + phí biên tập, xuất bản 1 bài 1.000.000 + phí tham quan núi Bà Đen 1.000.000.",Phí tham dự Hội nghị: 1.000.000 VNĐ/người (bao gồm buổi ăn trưa/tea break tại Hội nghị và tiệc Gala dinner).,True,THONG-BAO-SO-2.pdf,https://ibf.iuh.edu.vn/wp-content/uploads/2026/09/THONG-BAO-SO-2.pdf,,,
q0059,calculation,KHOA_THUONG_MAI_DU_LICH,same_department_exact_level,True,"Học phần Thực tập doanh nghiệp 2 (các ngành Quản trị dịch vụ du lịch & lữ hành, Quản trị khách sạn, Quản trị nhà hàng, HK2 2025-2026): nếu sinh viên được đơn vị thực tập chấm 6.0 và đơn vị đào tạo chấm 4.5 thì điểm tổng kết là bao nhiêu và có đạt không?","5.25 điểm – Đạt. Điểm tổng kết = 6.0 × 50% + 4.5 × 50% = 3.0 + 2.25 = 5.25 ≥ 5.0, và không có điểm thành phần nào dưới 4.0 nên đạt học phần (đồng thời phải gặp GVHD tối thiểu 80% số lần hẹn).","Đơn vị thực tập (50%), Đơn vị đào tạo (50%)",True,BMDLNHKS_Ke hoach TTDN2_QTDL_QTKS_QTNH_HK2 25-26.pdf,https://fct.iuh.edu.vn/upload/files/BMDLNHKS_Ke%20hoach%20TTDN2_QTDL_QTKS_QTNH_HK2%2025-26.pdf,,,
q0060,calculation,KHOA_CNTT,guest,True,"Trong bài tập Nhập môn lập trình C của Khoa CNTT, chương trình ở Bài 13 gán giá trị cho num1, num2 rồi tính total; giá trị total được in ra là bao nhiêu?","total = 60 (num1 = 25, num2 = 35; total = 25 + 35 = 60).",num1=25; num2=35; total=num1+num2;,True,BT NHAP MON LT C_2015.pdf,https://fit.iuh.edu.vn/upload/01120009/files/BT%20NHAP%20MON%20LT%20C_2015.pdf,,,
q0062,calculation,VIEN_TAI_CHINH_KE_TOAN,guest,True,"Sinh viên ngành Tài chính ngân hàng, chuyên ngành Ngân hàng hệ tăng cường tiếng Anh khóa K22 phải học tổng cộng bao nhiêu tín chỉ cho các học phần Anh văn 1 đến Anh văn 4?",14 tín chỉ = Anh văn 1 (3) + Anh văn 2 (4) + Anh văn 3 (4) + Anh văn 4 (3).,"2511014 Anh văn 4 English 4 3(3,0,6) 2511013(b)",True,NGAN HANG-TCTA.pdf,https://sfa.iuh.edu.vn/upload/files/2.CTDT%202026/NGAN%20HANG-TCTA.pdf,,,
q0063,calculation,VIEN_CNSH_THUC_PHAM,same_department_exact_level,True,Học phần Tính chất vật lý của thực phẩm (mã 2105618) của Viện Công nghệ Sinh học và Thực phẩm có tổng cộng bao nhiêu tín chỉ?,3 tín chỉ. Gồm 2 tín chỉ lý thuyết + 1 tín chỉ thực hành = 3 tín chỉ.,"Mã học phần: 2105618 Số tín chỉ: 2 LT, 1 TH",True,Chương-2.-hoạt-độ-nước-1-1.pdf,https://ibf.iuh.edu.vn/wp-content/uploads/2019/09/Chương-2.-hoạt-độ-nước-1-1.pdf,,,
q0064,calculation,KHOA_QTKD,same_department_exact_level,True,"Để đạt chuẩn ngoại ngữ đầu vào thạc sĩ (bậc 3/6) bằng TOEIC 4 kỹ năng, tổng điểm tối thiểu của hai kỹ năng Nghe và Đọc là bao nhiêu?",550 điểm (Nghe tối thiểu 275 + Đọc tối thiểu 275 = 550); ngoài ra Nói từ 120 và Viết từ 120.,Nghe: 275-399 Đọc: 275-384,True,PL2.pdf,https://ipe.iuh.edu.vn/uploads/2026/08/PL2.pdf,,,
q0066,calculation,KHOA_QTKD,guest,True,"Trong khung chương trình ngành Quản trị nguồn nhân lực (tổng 138 tín chỉ), học phần Thực tập doanh nghiệp và Khóa luận tốt nghiệp cộng lại bao nhiêu tín chỉ, và phần còn lại của chương trình là bao nhiêu tín chỉ?",Thực tập doanh nghiệp 5 + Khóa luận tốt nghiệp 5 = 10 tín chỉ; phần còn lại 138 − 10 = 128 tín chỉ.,2107478 Thực tập doanh nghiệp 5 2 2107479 Khoá luận tốt nghiệp 5,True,Khung-chuong-trinh-NNL.pdf,https://fba.iuh.edu.vn/wp-content/uploads/2024/09/Khung-chuong-trinh-NNL.pdf,,,
q0067,calculation,KHOA_KY_THUAT_XAY_DUNG,guest,True,"Trong chương trình đào tạo ngành Kỹ thuật xây dựng công trình giao thông khóa K20, tổng số tín chỉ của hai học phần Sức bền vật liệu 1 và Sức bền vật liệu 2 là bao nhiêu?","5 tín chỉ. Sức bền vật liệu 1 (3 tín chỉ, học kỳ 3) + Sức bền vật liệu 2 (2 tín chỉ, học kỳ 4) = 5 tín chỉ.","2130581 Sức bền vật liệu 1 Strength of Materials 1 3(3,0,6) 2130504(a)",True,CTkhung_XDCD_2024.pdf,https://ce.iuh.edu.vn/upload/files/CTkhung_XDCD_2024.pdf,,,
q0068,calculation,KHOA_CN_DIEN_TU,guest,True,"Trong chương trình liên thông CĐ lên ĐH vừa làm vừa học ngành Công nghệ kỹ thuật điện tử - viễn thông (2024-2025), học phần Xử lý tín hiệu số và Thí nghiệm xử lý số tín hiệu tổng cộng bao nhiêu tín chỉ?",5 tín chỉ (Xử lý tín hiệu số 3 tín chỉ + Thí nghiệm xử lý số tín hiệu 2 tín chỉ = 5); thí nghiệm yêu cầu học trước Xử lý tín hiệu số.,"Xử lý tín hiệu số Digital Signal Processing 4237014583 3(3,0,6)",True,CTK_lienthong_DTVT20AVL.pdf,https://fet.iuh.edu.vn/upload/files/2024/CTK_lienthong_DTVT20AVL.pdf,,,
q0069,calculation,KHOA_QTKD,guest,True,"Tôi có chứng chỉ IELTS được cấp ngày 15/3/2024 để làm chuẩn ngoại ngữ đầu vào tiến sĩ tại IUH. Tôi phải nộp hồ sơ dự tuyển chậm nhất ngày nào để chứng chỉ còn giá trị, và IELTS cần đạt mức nào để tương đương bậc 4?","Chứng chỉ có giá trị 02 năm tính từ ngày cấp đến ngày nộp hồ sơ, nên phải nộp chậm nhất ngày 15/3/2026 (15/3/2024 + 2 năm). IELTS cần đạt 5.5–6.5 để tương đương bậc 4.",Chứng chỉ ngoại ngữ có giá trị trong 02 năm tính từ ngày cấp đến ngày nộp hồ sơ đăng ký dự tuyển.,True,ts1.pdf,https://ipe.iuh.edu.vn/uploads/2026/08/ts1.pdf,,,
q0070,calculation,KHOA_CN_CO_KHI,guest,True,Chương trình đào tạo 2025-2026 ngành Công nghệ kỹ thuật cơ điện tử hệ chính quy: Tiếng Anh 1 và Tiếng Anh 2 tổng cộng bao nhiêu tín chỉ và bao nhiêu tiết lý thuyết? Tiếng Anh 2 có điều kiện gì?,6 tín chỉ (3 + 3) và 90 tiết lý thuyết (45 + 45). Tiếng Anh 2 có học phần tiên quyết là Tiếng Anh 1 (015253).,"Tiếng Anh 2 English 2 4203015254 3(3,0,6) 2111188 015253(b) 45",True,DHCDT21.pdf,https://fme.iuh.edu.vn/wp-content/uploads/2025/11/DHCDT21.pdf,,,
q0071,calculation,KHOA_CN_CO_KHI,same_department_exact_level,True,"Theo chương trình đào tạo 2018-2019 ngành Công nghệ kỹ thuật cơ điện tử (K14), sinh viên phải học tổng cộng bao nhiêu tín chỉ Giáo dục Quốc phòng và An ninh (gồm GDQP&AN 1 và 2)?","8 tín chỉ. GDQP&AN 1 (4 tín chỉ, học kỳ 1) + GDQP&AN 2 (4 tín chỉ, học kỳ 2) = 8 tín chỉ.","Giáo dục Quốc phòng và An ninh 2 4203003354 4(2, 4, 8)",True,K14-CTK-CNKTCDT.pdf,https://fme.iuh.edu.vn/wp-content/uploads/2019/04/K14-CTK-CNKTCDT.pdf,,,
q0073,calculation,KHOA_THUONG_MAI_DU_LICH,guest,True,"Theo kế hoạch khóa luận tốt nghiệp K18 các chuyên ngành Du lịch – Nhà hàng – Khách sạn (HK2 năm học 2025-2026), nếu giảng viên hướng dẫn hẹn gặp nhóm 15 lần thì sinh viên phải có mặt ít nhất bao nhiêu lần để không bị đánh giá ""Không đạt""?","Ít nhất 12 lần, vì sinh viên phải gặp GVHD tối thiểu 80% số lần hẹn: 15 × 80% = 12.",Sinh viên có trách nhiệm gặp Giảng viên hướng dẫn tối thiểu 80% số lần hẹn.,True,BMDLNHKS_KẾ HOẠCH KLTN_GVHD_QTDL -QTNH-QTKS_K18_HK2-2025-2026(1).pdf,https://fct.iuh.edu.vn/upload/files/BMDLNHKS_K%E1%BA%BE%20HO%E1%BA%A0CH%20KLTN_GVHD_QTDL%20-QTNH-QTKS_K18_HK2-2025-2026(1).pdf,,,
q0074,calculation,KHOA_CN_DIEN,guest,True,Chương trình học bổng nữ sinh kỹ thuật ACWES 2022 của AmCham dự kiến trao 70 suất tiền mặt; tổng giá trị tiền mặt của các suất này là bao nhiêu?,1.050.000.000 VND = 70 suất × 15.000.000 VND/suất.,"Năm nay chương trình dự kiến sẽ trao 70 suất học bổng tiền mặt trị giá 15,000,000 VND",True,THU NGỎ HỌC BỔNG NỮ SINH KỸ THUẬT.pdf,https://feet.iuh.edu.vn/upload/files/THU%20NG%E1%BB%8E%20H%E1%BB%8CC%20B%E1%BB%94NG%20N%E1%BB%AE%20SINH%20K%E1%BB%B8%20THU%E1%BA%ACT.pdf,,,
q0075,calculation,CO_SO_THANH_HOA,same_department_exact_level,True,Sinh viên cơ sở Thanh Hóa tham gia chương trình Startup cùng Viettinthapharma: nếu lập nhóm với số thành viên tối đa cho phép và mỗi người nhận mức thu nhập tối thiểu thì tổng thu nhập tối thiểu của cả nhóm là bao nhiêu?,30 triệu đồng. Nhóm tối đa 6 thành viên × thu nhập tối thiểu 5 triệu/người = 30 triệu đồng.,Có thu nhập ngay khi làm việc ( tối thiểu 5 triệu – 7 triệu),True,t12n16_starup_vietin_tha.pdf,https://th.iuh.edu.vn/wp-content/uploads/2017/12/t12n16_starup_vietin_tha.pdf,,,
q0078,calculation,VIEN_TAI_CHINH_KE_TOAN,guest,True,Chương trình đào tạo ngành Tài chính doanh nghiệp năm 2020 có 139 tín chỉ nhưng chưa tính tiếng Anh 1 và 2. Nếu sinh viên không được miễn tiếng Anh thì tổng số tín chỉ phải học là bao nhiêu? Cần bao nhiêu điểm TOEIC đầu vào để được miễn cả hai môn?,145 tín chỉ = 139 + 3 (Tiếng Anh 1) + 3 (Tiếng Anh 2). Đạt trên 350 điểm TOEIC đầu vào thì được miễn cả Tiếng Anh 1 và Tiếng Anh 2 (trên 250 điểm được miễn Tiếng Anh 1).,"Tổng số tín chỉ của chương trình đào tạo là 139 tín chỉ, không tính môn tiếng Anh 1 (3 TC) và tiếng Anh 2 (3 TC).",True,Chuong trinh khung-TCDN 2020.pdf,https://sfa.iuh.edu.vn/upload/files/CTDT%20TCDN%202024/Chuong%20trinh%20khung-TCDN%202020.pdf,,,
q0079,normal,BAN_QUAN_LY_KTX,same_department_exact_level,True,Tân sinh viên khóa 22 (năm học 2026-2027) đăng ký ở ký túc xá IUH từ ngày nào và ký túc xá có bao nhiêu chỗ?,Đăng ký và đóng phí nội trú trực tuyến từ ngày 12/08/2026 cho đến khi đủ chỉ tiêu 1.200 chỗ ở; sinh viên được xếp phòng sẽ đến nhận phòng từ ngày 31/8/2026.,Thời gian đăng ký và đóng phí nội trú từ ngày 12/08/2026 cho đến khi đủ chỉ tiêu là 1.200 chỗ ở.,True,Huớng dẫn dang ky nội tru nam học 2026-2027 (Danh cho sinh vien khoa mới nhập học).pdf,https://ktx.iuh.edu.vn/upload/files/Hu%E1%BB%9Bng%20d%E1%BA%ABn%20dang%20ky%20n%E1%BB%99i%20tru%20nam%20h%E1%BB%8Dc%202026-2027%20(Danh%20cho%20sinh%20vien%20khoa%20m%E1%BB%9Bi%20nh%E1%BA%ADp%20h%E1%BB%8Dc).pdf,,,
q0080,normal,BAN_QUAN_LY_KTX,guest,True,"Tân sinh viên 2025 đăng ký ký túc xá online trong thời gian nào, và hạn duyệt hồ sơ, đóng tiền KTX là khi nào?",Đăng ký từ ngày 22/8/2025 đến hết ngày 26/8/2025; duyệt hồ sơ và đóng tiền từ 22/8/2025 đến hết ngày 28/8/2025.,Thời hạn đăng ký KTX: Từ ngày 22/8/2025 đến hết ngày 26/8/2025.,True,HuongDanquytrinhdkktxonline _ Tan sinh vien 2025.pdf,https://ktx.iuh.edu.vn/upload/files/HuongDanquytrinhdkktxonline%20_%20Tan%20sinh%20vien%202025.pdf,,,
q0083,normal,CO_SO_THANH_HOA,guest,True,"Kỳ thi cuối kỳ môn Anh văn sơ cấp (6 tín chỉ) học kỳ 2 năm học 2016-2017 tại cơ sở Thanh Hóa được tổ chức vào ngày nào, tiết nào và ở phòng nào?","Thi vào tiết 7-8 ngày 12/04/2017, tại phòng J2.05.",Phòng thi: J2.05 Học kỳ : 2 Niên học : 2016 - 2017 Ngày thi: Tiết 7-8 ngày 12/04/2017,True,danh_sach_a1.pdf,https://th.iuh.edu.vn/wp-content/uploads/2017/12/danh_sach_a1.pdf,,,
q0084,normal,CO_SO_THANH_HOA,guest,True,"Lịch thi cuối kỳ học kỳ 1 năm học 2015-2016 của Khoa Khoa học Cơ bản cơ sở 3: môn Toán A1 (LT) thi ngày nào, tiết mấy?","Thi thứ 3, ngày 15/12/2015, tiết 3 -> 4, hình thức tự luận.",Toán A1 (LT) 3 15/12/2015 3 -> 4,True,k1_2015.pdf,https://th.iuh.edu.vn/wp-content/uploads/2017/12/k1_2015.pdf,,,
q0085,normal,KHOA_CNTT,guest,True,Kỳ pretest ngành Khoa học máy tính ngày 20/12/2024 (HK2/2024-2025) do giảng viên nào chấm và có bao nhiêu sinh viên bị FAIL?,Giảng viên chấm bài là thầy Hồ Đắc Quán; có 2 sinh viên FAIL (ngoài ra 5 sinh viên vắng).,"Tp. Hồ Chí Minh, ngày 21 tháng 12 năm 2024 Giảng viên chấm bài Hồ Đắc Quán",True,KetQua_Pretest_Thang12_2024_CS 2.pdf,https://fit.iuh.edu.vn/upload/01120022/files/KetQua_Pretest_Thang12_2024_CS%202.pdf,,,
q0086,normal,KHOA_CNTT,guest,True,"Ngành Công nghệ thông tin (khóa 16), học kỳ 3 sinh viên được chọn những học phần tự chọn nào và mỗi học phần bao nhiêu tín chỉ?","Sinh viên chọn 1 trong 3 học phần, mỗi học phần 4 tín chỉ: Lập trình trong CNTT với Python, Lập trình IoT với Python, Lập trình trong CNTT với Java.","2101717 Lập trình IoT với Python IoT Programming with Python 2101717 4(3,2,8)",True,CTDT nganh Cong nghe Thong tin_K16.pdf,https://fit.iuh.edu.vn/upload/files/CTDT%20nganh%20Cong%20nghe%20Thong%20tin_K16.pdf,,,
q0087,normal,KHOA_CNTT,guest,True,"Chuyến tham quan công ty Global CyberSoft ngày 29/03/2017 do Khoa CNTT tổ chức nhận bao nhiêu sinh viên, dành cho sinh viên năm mấy và đăng ký ở đâu?","Nhận 50-55 sinh viên năm 3 và năm 4; sinh viên đăng ký tại Khoa. Chương trình diễn ra 08:30-11:30 tại Tòa nhà Helios, Công viên Phần mềm Quang Trung, Q.12.","Số lượng: 50 - 55 sinh viên (Năm 3, 4) Cách thức đăng ký: Sinh viên đăng ký tại Khoa",True,GCS tour 29_03_2017.pdf,https://fit.iuh.edu.vn/upload/files/2017/GCS%20tour%2029_03_2017.pdf,,,
q0088,normal,KHOA_CNTT,guest,True,"Trong danh sách khóa luận tốt nghiệp HK2 năm 2025 của Khoa CNTT, đề tài hệ thống giám sát mạng mã nguồn mở ZABBIX triển khai cho doanh nghiệp do giảng viên nào hướng dẫn?",Do ThS. Hoàng Đình Hạnh hướng dẫn.,Hệ thống giám sát mạng mã nguồn mở ZABBIX và triển khai cho doanh nghiệp ThS. Hoàng Đình Hạnh,True,PB KLTNHK22025.pdf,https://fit.iuh.edu.vn/upload/01120023/files/PB%20KLTNHK22025.pdf,,,
q0089,normal,KHOA_CNTT,guest,True,"Trong kết quả pretest đợt 19/12/2023 của Khoa Công nghệ Thông tin, có bao nhiêu sinh viên vắng thi và điểm tổng cao nhất là bao nhiêu?",Có 4 sinh viên vắng thi; điểm tổng cao nhất là 7.5.,KẾT QUẢ PRETEST ĐỢT 19/12/2023,True,Diểm Pretest HK2_2023_2024 pdf.pdf,https://fit.iuh.edu.vn/upload/01120023/files/Di%E1%BB%83m%20Pretest%20HK2_2023_2024%20pdf.pdf,,,
q0091,normal,KHOA_CNTT,same_department_exact_level,True,Công ty NGS tuyển vị trí Fresher tư vấn triển khai ERP SAP Logistic với số lượng bao nhiêu và mức lương khởi điểm thế nào?,"Tuyển 10 người, làm toàn thời gian; lương khởi điểm lên đến 7 triệu đồng.",Lương khởi điểm lên đến 7 triệu đồng.,True,JOB DESCRIPTION_SAP Fresher LOGISTIC.pdf,https://fit.iuh.edu.vn/upload/01120009/files/JOB%20DESCRIPTION_SAP%20Fresher%20LOGISTIC.pdf,,,
q0092,normal,KHOA_CN_CO_KHI,guest,True,"Đề tài tốt nghiệp thiết kế cổng trục hai dầm (năm học 2016-2017, Bộ môn Cơ sở & Thiết kế, Khoa Cơ khí) có thông số gì và yêu cầu kiến thức nào?","Cổng trục hai dầm sức nâng 15 tấn, tầm rộng 14 mét, chiều cao nâng 6 mét; yêu cầu kiến thức Chi tiết máy và Kỹ thuật nâng chuyển (GVHD: PGS. TS Nguyễn Danh Sơn).","Thiết kế cổng trục hai dầm, Sức nâng 15 Tấn, Tầm rộng 14 mét, Chiều cao nâng 6 mét. Chi tiết máy, Kỹ thuật nâng chuyển",True,De-tai-Co-so-thiet-ke.pdf,https://fme.iuh.edu.vn/wp-content/uploads/2017/01/De-tai-Co-so-thiet-ke.pdf,,,
q0093,normal,KHOA_CN_CO_KHI,guest,True,"Trong chương trình đào tạo 2024-2025 ngành Công nghệ chế tạo máy hệ tăng cường tiếng Anh, học phần Anh văn 2 có bao nhiêu tín chỉ và phải qua học phần nào trước?","Anh văn 2 có 4 tín chỉ (4,0,8); học phần tiên quyết là Anh văn 1 (mã 015255).","Anh văn 2 English 2 4297015256 4(4,0,8) 2511012 015255(b)",True,DHCT20_TCTA.pdf,https://fme.iuh.edu.vn/wp-content/uploads/2025/11/DHCT20_TCTA.pdf,,,
q0094,normal,KHOA_CN_CO_KHI,same_department_exact_level,True,Công ty Vạn Nghĩa Miền Nam tuyển kỹ sư cơ khí năm 2025 cần bao nhiêu người và hạn nộp hồ sơ là khi nào?,"Cần tuyển 05 kỹ sư cơ khí (kinh nghiệm 1 năm, chưa có kinh nghiệm được đào tạo); hạn nộp hồ sơ là 15/07/2025.",Hạn nộp hồ sơ: 15/07/2025.,True,TUYEN-DUNG-KY-SU-2025-CTY-VAN-NGHIA-MIEN-NAM.pdf,https://fme.iuh.edu.vn/wp-content/uploads/2025/07/TUYEN-DUNG-KY-SU-2025-CTY-VAN-NGHIA-MIEN-NAM.pdf,,,
q0095,normal,KHOA_CN_CO_KHI,guest,True,"Trong chương trình đào tạo ngành Công nghệ kỹ thuật cơ điện tử năm 2016, môn Chi tiết máy bao nhiêu tín chỉ và cần học trước môn gì?","Chi tiết máy (mã 2103492) có 3 tín chỉ, học ở học kỳ 4, yêu cầu học trước môn Sức bền vật liệu (mã 2103437).","2103492 Chi tiết máy (Machine elements) 2103492 3(3,0,6) 2103437(a)",True,cncdt_-_2016.pdf,https://fme.iuh.edu.vn/wp-content/uploads/2016/12/cncdt_-_2016.pdf,,,
q0096,normal,KHOA_CN_CO_KHI,guest,True,"Trong phiếu khảo sát doanh nghiệp về năng lực sinh viên thực tập tốt nghiệp ngành Công nghệ chế tạo máy, mức đánh giá cao nhất cho kỹ năng tiện, phay trên máy CNC là gì?",Mức cao nhất là: sinh viên biết vận hành và lập trình tốt khi gia công trên máy.,Biết vận hành và lập trình tốt khi gia công trên máy.,True,Mau-danh-gia_dn_ve_sv_thuc_tap_CTM.pdf,https://fme.iuh.edu.vn/wp-content/uploads/2016/11/Mau-danh-gia_dn_ve_sv_thuc_tap_CTM.pdf,,,
q0097,normal,KHOA_CN_CO_KHI,guest,True,"Học bổng tiếng Anh Intel 2014 dành cho sinh viên nào của IUH, trị giá bao nhiêu và hạn chót nộp hồ sơ là khi nào?","Dành cho sinh viên năm cuối hệ cao đẳng và trung cấp (tốt nghiệp năm 2014) thuộc Khoa Điện, Điện tử, Cơ khí của IUH; học bổng là một suất học tiếng Anh 13 tuần do Axcela đào tạo trị giá 500 USD (không cấp tiền mặt); hạn chót nhận hồ sơ 12/9/2014.",Học bổng là một suất học tiếng Anh 13 tuần do công ty Axcela đào tạo trị giá 500 đô la Mỹ. (không cấp tiền mặt),True,tb-hb-intel.pdf,https://fme.iuh.edu.vn/wp-content/uploads/2014/10/tb-hb-intel.pdf,,,
q0098,normal,KHOA_CN_CO_KHI,guest,True,"Chương trình đào tạo 2023-2024 ngành Công nghệ kỹ thuật cơ điện tử hệ tiên tiến, nhóm tự chọn 2 của học kỳ 2 gồm những học phần nào?","Sinh viên chọn 1 trong 3 học phần (3 tín chỉ): Cơ lưu chất, Vật lý kỹ thuật, Nguyên lý động cơ đốt trong.",Nguyên lý động cơ đốt trong Principles of internal combustion engines,True,DHCDT19_TT.pdf,https://fme.iuh.edu.vn/wp-content/uploads/2025/11/DHCDT19_TT.pdf,,,
q0099,normal,KHOA_CN_CO_KHI,guest,True,Sinh viên ngành Công nghệ kỹ thuật cơ khí khóa 16 (CTĐT 2020-2021) muốn đăng ký Tiếng Anh 2 thì phải học trước môn nào? Môn này bao nhiêu tín chỉ?,Tiếng Anh 2 có 3 tín chỉ và yêu cầu học trước Tiếng Anh 1 (mã môn 003067).,"Tiếng Anh 2 English 2 4203002421 3(3, 0, 6) 2111300 003067(a)",True,ktck-k16.pdf,https://fme.iuh.edu.vn/wp-content/uploads/2021/06/ktck-k16.pdf,,,
q0100,normal,KHOA_CN_CO_KHI,same_department_exact_level,True,"Trong chương trình đào tạo hệ tiên tiến ngành Công nghệ chế tạo máy khóa 2022-2023, học phần Anh văn 2 có bao nhiêu tín chỉ và phải học trước học phần nào?","Anh văn 2 có 4 tín chỉ (4,0,8) và phải học trước học phần Anh văn 1 (mã 015255).","Anh văn 2 English 2 4220015256 4(4,0,8) 2511012 015255(a)",True,DHCT18_TT-1.pdf,https://fme.iuh.edu.vn/wp-content/uploads/2025/11/DHCT18_TT-1.pdf,,,
q0101,normal,KHOA_CN_CO_KHI,same_department_exact_level,True,"Trong danh sách đề tài tốt nghiệp của Bộ môn Chế tạo máy năm học 2016-2017, đề tài ""Thiết kế và chế tạo máy uốn thép 3 trục"" do ai hướng dẫn và cần bao nhiêu sinh viên thực hiện?","Do thầy Trần Ngọc Thoại hướng dẫn, số sinh viên thực hiện là 10 (kiến thức liên quan: chế tạo máy, phần mềm Inventor).","12 Thiết kế và chế tạo máy uốn thép 3 trục Chế tạo máy, phần mềm inventor 10 Trần Ngọc Thoại",True,De-tai-Che-tao-may.pdf,https://fme.iuh.edu.vn/wp-content/uploads/2017/01/De-tai-Che-tao-may.pdf,,,
q0102,normal,KHOA_CN_DIEN,same_department_exact_level,True,"Trong bài thực hành lập trình ứng dụng lệnh Counter (bộ môn Tự động hóa, Khoa Điện), với lệnh đếm lên/xuống S_CUD thì chân S và chân R có tác dụng gì?","Chân S dùng để thiết đặt giá trị đếm cho counter: khi S có xung cạnh lên, giá trị đếm bắt đầu bằng PV (ví dụ PV = 3 thì bắt đầu từ 3); nếu không có tín hiệu S thì đếm lên bắt đầu từ 0. Chân R dùng để reset counter về 0.",chân S có tín hiệu tích cực xung cạnh lên thì giá trịđếm bắt đầu bằng 3,True,Bai 4 Lap trinh ung dung lenh Counter_SV.pdf,https://feet.iuh.edu.vn/upload/01038027/files/Bai%204%20Lap%20trinh%20ung%20dung%20lenh%20Counter_SV.pdf,,,
q0103,normal,KHOA_CN_DIEN,guest,True,"Hội thảo ""Trau dồi Nhật ngữ - Thắp sáng tương lai"" dành cho sinh viên IUH diễn ra khi nào và ở đâu?","Từ 09h00 đến 11h30, thứ Sáu ngày 29/09/2023, tại Hội trường A7, Trường ĐH Công nghiệp TP.HCM (12 Nguyễn Văn Bảo, P.4, Q. Gò Vấp).","Thời gian: 09h00 - 11h30, Thứ Sáu, ngày 29 tháng 09 năm 2023.",True,bai-viet-hoi-thao-trau-doi-nhat-ngu-thap-sang-tuong-lai-20230925081056-e (1).pdf,https://feet.iuh.edu.vn/upload/files/bai-viet-hoi-thao-trau-doi-nhat-ngu-thap-sang-tuong-lai-20230925081056-e%20(1).pdf,,,
q0104,normal,KHOA_CN_DIEN,guest,True,"Trong danh sách khóa luận tốt nghiệp HK1 năm học 2026-2027 ngành Điều khiển tự động & Robot, những đề tài nào sử dụng robot ABB IRB1200?",Có 3 đề tài: thiết kế hệ thống cell đóng gói & dán nhãn hộp sản phẩm tự động kết hợp xử lý ảnh; hệ thống gắp bút bi trên băng tải và xếp khay 6 bút kết hợp thị giác máy tính; hệ thống phân loại & xếp khay linh kiện cơ khí nhỏ.,Thiết kế hệ thống phân loại & xếp khay linh kiện cơ khí nhỏ sử dụng robot abb irb1200,True,DANH SACH KHOA LUẬN TỐT NGHIỆP HK1 NAM HỌC 2026-207_DKTD & ROBOT.pdf,https://feet.iuh.edu.vn/upload/files/DANH%20SACH%20KHOA%20LU%E1%BA%ACN%20T%E1%BB%90T%20NGHI%E1%BB%86P%20HK1%20NAM%20H%E1%BB%8CC%202026-207_DKTD%20%26%20ROBOT.pdf,,,
q0105,normal,KHOA_CN_DIEN,guest,True,"Trong bài lập trình ứng dụng lệnh Timer PLC Mitsubishi (BM Tự động hóa), timer thường và timer tự giữ khác nhau thế nào khi ngõ vào xuống mức 0? Lệnh OUT T1 K50 tạo thời gian trễ bao lâu?","Với timer thường, khi ngõ vào xuống 0 timer ngừng và giá trị đếm hiện tại bị xóa về 0; với timer tự giữ (retentive), giá trị đếm hiện tại vẫn được lưu giữ. T1 K50 có độ phân giải 100 ms nên thời gian trễ là 50 × 100 ms = 5000 ms = 5 s.","Timer Out T1 K50 có độphân giải 100ms, thời gian trễ: t = 50x100 = 5000(ms) = 5s.",True,Bai 3 Lập trinh ứng dụng lệnh Timer_Mitsubishi.pdf,https://feet.iuh.edu.vn/upload/01038027/files/Bai%203%20L%E1%BA%ADp%20trinh%20%E1%BB%A9ng%20d%E1%BB%A5ng%20l%E1%BB%87nh%20Timer_Mitsubishi.pdf,,,
q0106,normal,KHOA_CN_DIEN,guest,True,"Chương trình thạc sĩ ngành Kỹ thuật điều khiển và tự động hóa theo định hướng nghiên cứu (kế hoạch ban hành năm 2025), luận văn thạc sĩ bao nhiêu tín chỉ và học vào học kỳ nào?","Luận văn thạc sĩ 15 tín chỉ, là học phần bắt buộc duy nhất của học kỳ 4.","Luận văn thạc sĩ (Master Thesis) 15(15,0,30)",True,2025 NC KH DT(1).pdf,https://feet.iuh.edu.vn/upload/files/2025%20NC%20KH%20DT(1).pdf,,,
q0107,normal,KHOA_CN_DIEN,guest,True,"Trong bài giảng lập trình lệnh Counter PLC Mitsubishi của Bộ môn Tự động hóa, dòng FX5U có bao nhiêu counter và muốn xóa giá trị đếm thì làm thế nào?",FX5U có 1024 counter 16 bit và 1024 counter 32 bit; tất cả đều là loại tự giữ (retentive) nên muốn xóa số đếm hiện thời phải dùng lệnh Reset.,"Đối với loại FX5U, có 1024 Counter loại 16 bit và 1024 Counter loại 32 bit.",True,Bai 4 Lap trinh ung dung lenh Counter_Mitsubishi.pdf,https://feet.iuh.edu.vn/upload/01038027/files/Bai%204%20Lap%20trinh%20ung%20dung%20lenh%20Counter_Mitsubishi.pdf,,,
q0108,normal,KHOA_CN_DIEN,guest,True,"Theo tiến độ đào tạo thạc sĩ chuyên ngành Kỹ thuật điện ban hành năm 2019, luận văn thạc sĩ có bao nhiêu tín chỉ và thực hiện ở học kỳ nào?","Luận văn thạc sĩ có 15 tín chỉ, là học phần bắt buộc ở học kỳ 4.","Luận văn Thạc sĩ Thesis 7003005090 15(0, 30, 15)",True,2019 KH DT.pdf,https://feet.iuh.edu.vn/upload/files/2019%20KH%20DT.pdf,,,
q0109,normal,KHOA_CN_DIEN,guest,True,Phần luận văn tốt nghiệp của chương trình thạc sĩ Kỹ thuật điện theo định hướng ứng dụng (QĐ 453/QĐ-ĐHCN năm 2025) gồm những học phần nào và bao nhiêu tín chỉ?,Gồm 15 tín chỉ: Thực tập (Master Internship) 6 tín chỉ và Đồ án tốt nghiệp (Master Project) 9 tín chỉ.,Thực tập (Master Internship) 6 0 6 2 7003016081 Đồ án tốt nghiệp (Master Project) 9,True,2025 UD CTK.pdf,https://feet.iuh.edu.vn/upload/files/2025%20UD%20CTK.pdf,,,
q0110,normal,KHOA_CN_DIEN_TU,guest,True,Chương trình thực tập quốc tế CCU/CoE 2026 của Đại học Quốc lập Trung Chính (Đài Loan) có hạn nộp hồ sơ khi nào và học bổng loại A hỗ trợ bao nhiêu?,"Hạn nộp hồ sơ là 22/3/2026. Học bổng loại A khoảng 12.000 NTD cho mỗi 30 ngày (bao gồm chỗ ở trong trường, sinh hoạt phí và một phần vé máy bay).","Application deadline: Mar. 22, 2026",True,2026 CoE_CCU International Internship Program-Research Topics_2nd round_20260204.pdf,https://fet.iuh.edu.vn/upload/files/2026/2026%20CoE_CCU%20International%20Internship%20Program-Research%20Topics_2nd%20round_20260204.pdf,,,
q0111,normal,KHOA_CN_DIEN_TU,guest,True,"Buổi đánh giá luận văn thạc sĩ, chuyên đề 1 và tiểu luận tổng quan luận án tiến sĩ ngày thứ 7 01/11/2025 (Khoa Công nghệ Điện tử) diễn ra ở phòng nào, theo lịch mấy giờ?","Diễn ra tại phòng Nghiên cứu 2: 13:30-14:30 đánh giá luận văn thạc sĩ, 14:30-15:30 đánh giá chuyên đề 1 LATS, 15:30-16:30 đánh giá tiểu luận tổng quan LATS.",THỜI GIAN: THỨ 7 (01/11/2025) 13:30 - 14:30 NGHIÊN CỨU 2 ĐÁNH GIÁ LUẬN VĂN THẠC SĨ,True,Ths_CD1_TLTQ_NC2.pdf,https://fet.iuh.edu.vn/upload/files/Ths_CD1_TLTQ_NC2.pdf,,,
q0113,normal,KHOA_CN_DIEN_TU,same_department_exact_level,True,"Đại biểu tham dự trực tiếp hội nghị ISDEA & MLCI 2026 tại IUH đăng ký và nhận tài liệu vào thời gian nào, ở đâu?","Ngày 18/4/2026 (thứ Bảy), từ 14:00 đến 17:00, tại Research Room 3, tầng trệt tòa nhà B.","Registration & Materials Collection 14:00-17:00 Research Room 3, Building B (GF)",True,ISDEA & MLCI 2026 Agenda Overview.pdf,https://fet.iuh.edu.vn/upload/files/2026/ISDEA%20%26%20MLCI%202026%20Agenda%20Overview.pdf,,,
q0114,normal,KHOA_CN_DIEN_TU,guest,True,"Trong danh mục hướng nghiên cứu nhận nghiên cứu sinh chuyên ngành Kỹ thuật điện tử năm 2025, TS. Nguyễn Tiến Tùng nhận hướng dẫn những hướng nào?","Hai hướng, mỗi hướng nhận 1 NCS: (1) Nghiên cứu các giải pháp nâng cao hiệu năng mạng vô tuyến trong môi trường can nhiễu; (2) Nghiên cứu ứng dụng AI trong mạng vô tuyến.",Nghiên cứu ứng dụng AI trong mạng vô tuyến TS. Nguyễn Tiến Tùng,True,06_ PL 4-huong-nghien-cuu-tien-si-2025-1-Dien tu(2).pdf,https://fet.iuh.edu.vn/upload/files/06_%20PL%204-huong-nghien-cuu-tien-si-2025-1-Dien%20tu(2).pdf,,,
q0115,normal,KHOA_CN_DONG_LUC,guest,True,"Đợt bảo vệ khóa luận tốt nghiệp đợt 1 năm học 2024-2025 của Khoa Công nghệ Động lực, sinh viên đang thực tập ở nước ngoài bảo vệ theo hình thức nào, và Bộ môn Động cơ bảo vệ ngày nào?","Sinh viên đang thực tập ở nước ngoài được bảo vệ trực tuyến (các sinh viên khác bảo vệ trực tiếp). Bộ môn Động cơ bảo vệ lúc 8 giờ 00, thứ 6 ngày 27/12/2024.",Trực tuyến: Đối với các sinh viên đang thực tập ở nước ngoài.,True,20241205-FAET-F2-THONG-BAO-BẢO-VỆ-KHOA-LUẬN-DHOT16.pdf,https://faet.iuh.edu.vn/upload/files/Khoa%20lu%E1%BA%ADn%20t%E1%BB%91t%20nghiep/20241205-FAET-F2-THONG-BAO-B%E1%BA%A2O-V%E1%BB%86-KHOA-LU%E1%BA%ACN-DHOT16.pdf,,,
q0116,normal,KHOA_CN_DONG_LUC,same_department_exact_level,True,Lịch học môn GDQP&AN học kỳ I năm học 2020-2021 cho sinh viên đại học khóa 16 bắt đầu và kết thúc vào ngày nào?,Bắt đầu từ ngày 19/10/2020 đến hết ngày 08/01/2021 (12 tuần).,Bắt đầu từ ngày 19 tháng 10 năm 2020 đến hết ngày 8 tháng 01 năm 2021,True,lich-hoc-gdqp-an-hk1-nam-hoc-2020-2021.pdf,http://faet.iuh.edu.vn/wp-content/uploads/2020/10/lich-hoc-gdqp-an-hk1-nam-hoc-2020-2021.pdf,,,
q0117,normal,KHOA_CN_DONG_LUC,same_department_exact_level,True,"Sinh viên DHOT17 Khoa Công nghệ Động lực bảo vệ khóa luận tốt nghiệp đợt 1 năm học 2025-2026 vào thời gian nào, và phải in bao nhiêu cuốn thuyết minh?","Bảo vệ từ ngày 29/12/2025 đến 31/12/2025. Cuốn thuyết minh in 03 cuốn (cho GVPB, GVHD, Hội đồng), in thường, 2 mặt, không đóng bìa nhựa hoặc bìa cứng.",Thời gian SV bảo vệ từ ngày 29/12/2025 đến ngày 31/12/2025.,True,Thong_bao_cập_nhật_dề_tai_lần_2_va_kế_hoạch_phản_biện_(DHOT17).pdf,https://faet.iuh.edu.vn/upload/files/T%E1%BB%91t%20nghi%E1%BB%87p/Thong_bao_c%E1%BA%ADp_nh%E1%BA%ADt_d%E1%BB%81_tai_l%E1%BA%A7n_2_va_k%E1%BA%BF_ho%E1%BA%A1ch_ph%E1%BA%A3n_bi%E1%BB%87n_(DHOT17).pdf,,,
q0118,normal,KHOA_CN_DONG_LUC,guest,True,"Khoa Công nghệ Động lực tổ chức bảo vệ khóa luận tốt nghiệp đợt 2 năm học 2025-2026 vào lúc nào, và mỗi đề tài được thuyết trình bao lâu?","Các hội đồng làm việc lúc 8 giờ 00 ngày 06/06/2026; mỗi đề tài thuyết trình 15 phút, sinh viên phải có mặt tại phòng bảo vệ trước 30 phút.","Thời gian làm việc các hội đồng: 8giờ 00, ngày 06/06/2026.",True,k17-vhvl-thong-bao-bao-ve-hd-kltn-dot-2-hk3-2025-2026.pdf,https://faet.iuh.edu.vn/upload/files/T%E1%BB%91t%20nghi%E1%BB%87p/k17-vhvl-thong-bao-bao-ve-hd-kltn-dot-2-hk3-2025-2026.pdf,,,
q0119,normal,KHOA_CN_HOA_HOC,guest,True,"Chuẩn đầu ra PLO3 của chương trình Kỹ thuật hóa học (Khoa Công nghệ Hóa học) yêu cầu gì và thuộc cấp độ Bloom, nhóm nào?","PLO3: vận hành thiết bị, hệ thống thiết bị, dây chuyền sản xuất trong lĩnh vực Kỹ thuật hóa học; cấp độ Complex Overt Response (lĩnh vực tâm vận động - Psychomotor), thuộc nhóm kỹ năng chuyên ngành (Specific skills).","Operate equipment, equipment systems, production lines in the field of Chemical Engineering Complex Overt Response - Psychomotor Specific skills",True,POSTER-ELO_CLO.pdf,https://fce.iuh.edu.vn/wp-content/uploads/2023/10/POSTER-ELO_CLO.pdf,,,
q0120,normal,KHOA_CN_HOA_HOC,same_department_exact_level,True,"Sinh viên Khoa Công nghệ Hóa học muốn bảo vệ khóa luận tốt nghiệp trước hạn trong HK1 2025-2026 cần đáp ứng điều kiện gì, và tỷ lệ đạo văn tối đa cho phép là bao nhiêu?","Phải không nợ môn, đã có điểm chứng chỉ tin học và ngoại ngữ, có đơn xin bảo vệ trước hạn được trưởng khoa duyệt trước ngày 20/8/2025; tỷ lệ kiểm tra đạo văn không lớn hơn 38%.","không nợ môn, đã lên điểm chứng chỉ tin học, ngoại ngữ) và có đơn xin bảo vệ trước hạn được trưởng khoa duyệt trước ngày 20/8/2025",True,tb_3_nop_khoa_luan_truoc_han.pdf,https://fce.iuh.edu.vn/wp-content/uploads/2025/08/tb_3_nop_khoa_luan_truoc_han.pdf,,,
q0121,normal,KHOA_CN_HOA_HOC,same_department_exact_level,True,"Hội thảo ""Ứng dụng điện hóa trong phân tích dược phẩm"" giữa Khoa Công nghệ Hóa học IUH và Khoa Hóa học ĐH Khoa học Huế diễn ra khi nào và ở phòng nào?","Ngày 22/05/2024, từ 13h00 đến 17h00, tại phòng E3.2.","Ngày : 22/05/2024: 13.00 ÷17.00, E.3.2",True,03.-Agneda_FCE_IUH_HUE_moi-thay-doi-.pdf,https://fce.iuh.edu.vn/wp-content/uploads/2024/05/03.-Agneda_FCE_IUH_HUE_moi-thay-doi-.pdf,,,
q0122,normal,KHOA_CN_HOA_HOC,guest,True,Đợt tuyển thực tập sinh Trung tâm Nghiên cứu Phát triển năm 2025 của Phân bón Dầu khí Cà Mau (PVCFC) tuyển bao nhiêu người và hạn nhận hồ sơ khi nào?,"Tuyển 30 thực tập sinh; nhận hồ sơ từ ngày đăng thông báo đến hết ngày 20/08/2025, gửi hồ sơ điện tử qua email ngangb@pvcfc.com.vn.",từ ngày đăng thông báo đến hết ngày 20/08/2025,True,Thong-bao-tuyen-thuc-tap-sinh-2025.pdf,https://fce.iuh.edu.vn/wp-content/uploads/2025/08/Thong-bao-tuyen-thuc-tap-sinh-2025.pdf,,,
q0123,normal,KHOA_CN_HOA_HOC,guest,True,"Tại hội nghị Chemistry and Application 2020 (24/7/2020) của Khoa Công nghệ Hóa học, tiểu ban kết nối doanh nghiệp có những công ty nào tham gia và tổ chức ở đâu?","Tiểu ban 03 ""Kết nối doanh nghiệp và Khoa Công nghệ Hóa học"" tổ chức tại Hội trường E.4 với Công ty Ajinomoto Việt Nam (13:30-15:00) và Công ty TNHH Beta Technology (15:00-16:30).",Doanh nghiệp 1: CÔNG TY AJINOMOTO VIỆT NAM,True,PROGRAM_INTERNATIONAL_2020.pdf,https://fce.iuh.edu.vn/wp-content/uploads/2020/07/PROGRAM_INTERNATIONAL_2020.pdf,,,
q0124,normal,KHOA_CN_HOA_HOC,same_department_exact_level,True,Công ty Huhtamaki Việt Nam tuyển nhân viên kiểm tra chất lượng yêu cầu trình độ và chuyên ngành gì?,Tốt nghiệp Cao đẳng hoặc Đại học ngành Hóa Polyme hoặc Công nghệ Thực phẩm; làm việc theo ca.,Tốt nghiệp Cao đẳng hoặc Đại học ngành Hóa Polyme / CN Thực phẩm.,True,tuyen_dung_-_huhtamaki.pdf,https://fce.iuh.edu.vn/wp-content/uploads/2018/05/tuyen_dung_-_huhtamaki.pdf,,,
q0125,normal,KHOA_CN_HOA_HOC,same_department_exact_level,True,"Trong danh sách poster FCE của Khoa Công nghệ Hóa học, đề tài ""Dry reforming of methane over Ce-promoted Co/Al2O3 syngas production"" do giảng viên nào làm examiner?","Examiner là ThS. Phạm Hoàng Ái Lệ (Pham Hoang Ai Le, MSc).","Dry reforming of methane over Ce-promoted Co/Al2O3 syngas production Pham Hoang Ai Le, Msc",True,CODE_C.pdf,https://fce.iuh.edu.vn/wp-content/uploads/2019/05/CODE_C.pdf,,,
q0126,normal,KHOA_CN_HOA_HOC,guest,True,"Theo mẫu poster khoa học khổ A1 của Khoa Công nghệ Hóa học, phần Tóm tắt (Abstract) cần dài bao nhiêu?",Phần Abstract (Tóm tắt) dài 800–1000 ký tự.,1. Abstract (Tóm tắt): 800-1000 characters.,True,POSTER_SAMPLE_A1.pdf,https://fce.iuh.edu.vn/wp-content/uploads/2019/05/POSTER_SAMPLE_A1.pdf,,,
q0127,normal,KHOA_CN_HOA_HOC,guest,True,"Công ty TNHH Môi trường Dương Huỳnh tuyển nhân viên quan trắc môi trường bao nhiêu người, mức lương bao nhiêu và nhận hồ sơ đến khi nào?","Tuyển 10 nhân viên quan trắc (nam), lương từ 6.000.000đ đến 15.000.000đ (thương lượng theo năng lực, kinh nghiệm); nhận hồ sơ đến hết ngày 15/09/2025.",Nhân viên quan trắc môi trường – Số lượng: 10 Nam Mức lương: Từ 6.000.000 đ – 15.000.000 đ.,True,21.10.25-Tuyen-dung-DH.pdf,https://fce.iuh.edu.vn/wp-content/uploads/2025/10/21.10.25-Tuyen-dung-DH.pdf,,,
q0128,normal,KHOA_CN_MAY_THOI_TRANG,same_department_exact_level,True,"Dự thảo ""Qui định ghi nhãn sản phẩm dệt may"" trong đề tài cấp bộ về ghi nhãn hàng dệt may gồm bao nhiêu điều, chia thành mấy phần?","Gồm 18 điều chia thành 4 phần: Những quy định chung; Nội dung nhãn sản phẩm dệt may; Cách thức ghi nhãn; Kiểm tra, thanh tra và xử lý vi phạm.","Dự thảo ""Qui định ghi nhãn sản phẩm dệt may"" gồm 18 điều chia thành 4 phần",True,2Detaicapbo-qui-dinh-ghi-nhan-sp-det-may.pdf,https://fgd.iuh.edu.vn/wp-content/uploads/2022/01/2Detaicapbo-qui-dinh-ghi-nhan-sp-det-may.pdf,,,
q0129,normal,KHOA_CN_MAY_THOI_TRANG,same_department_exact_level,True,"Trong nghiên cứu đánh giá tiềm năng của lá khóm trong kéo sợi – dệt vải (Khoa Công nghệ May – Thời trang), sợi pha xơ khóm/bông tỷ lệ 30/70 có độ bền kéo đứt bao nhiêu so với sợi bông 100%?","Sợi pha khóm/bông 30/70 đạt độ bền 14,5 cN/tex, cao hơn sợi bông 100% (khoảng 9,27 cN/tex).","tỷlệ30/70 cho độbền là 14,5 cN/tex cao hơn so với sợi bông 100 % là 9,27",True,2Xuân-Hoa-YSC2019-Poster.pdf,https://fgd.iuh.edu.vn/wp-content/uploads/2019/08/2Xuân-Hoa-YSC2019-Poster.pdf,,,
q0130,normal,KHOA_CN_MAY_THOI_TRANG,guest,True,"Triển lãm Texfuture Việt Nam Thu Đông 2023 được giới thiệu trên tạp chí Dệt May tháng 9/2023 diễn ra khi nào, ở đâu và với chủ đề gì?","Diễn ra từ ngày 20 đến 22/9/2023 tại trung tâm hội nghị Thisky Hall (TP. Hồ Chí Minh), chủ đề ""Cùng nhau tái chế - Cùng nhau tuần hoàn"".","Texfuture Việt Nam tổ chức từ ngày 20 đến 22/9/2023, với chủ đề ""Cùng nhau tái chế - Cùng nhau tuần hoàn"" tại trung tâm hội nghị Thisky Hall (TP Hồ Chí Minh)",True,TCDM_2023.09-1.pdf,https://fgd.iuh.edu.vn/wp-content/uploads/2023/09/TCDM_2023.09-1.pdf,,,
q0131,normal,KHOA_CN_MAY_THOI_TRANG,guest,True,Chương trình cử nhân Thiết kế thời trang của Khoa Công nghệ May - Thời trang học trong bao lâu và thời gian tối đa được phép hoàn thành là bao nhiêu năm?,"Thời gian đào tạo chuẩn là 4,5 năm (toàn thời gian), tối đa 6,5 năm; chương trình gồm 156 tín chỉ và yêu cầu TOEIC từ 450 trở lên.",4.5 years: normal full-time duration 6.5 years: maximum time to complete the programme,True,Programme-Specification-Fashion-Design.pdf,https://fgd.iuh.edu.vn/wp-content/uploads/2021/09/Programme-Specification-Fashion-Design.pdf,,,
q0133,normal,KHOA_CN_MAY_THOI_TRANG,guest,True,Portfolio sinh viên ngành Công nghệ May (Khoa Công nghệ May - Thời trang) được trình bày gồm những phần chính nào?,"Gồm 4 phần: I. Introduce (giới thiệu bản thân, thành tích nổi bật); II. Products in the university training program (sản phẩm các học kỳ 3–7); III. Extracurricular activities (hoạt động ngoại khóa); IV. Special Project For Fashion.",II. Products in the university training program,True,CHI-THANH-Student-PO-final.pdf,https://fgd.iuh.edu.vn/wp-content/uploads/2021/08/CHI-THANH-Student-PO-final.pdf,,,
q0134,normal,KHOA_CN_NHIET_LANH,guest,True,"Hội thảo khoa học ""Các nghiên cứu tiên tiến trong kỹ thuật nhiệt"" năm 2021 của Khoa Công nghệ Nhiệt Lạnh nhận bài toàn văn khi nào và bài báo được dài tối đa bao nhiêu trang?","Gửi toàn văn từ ngày 5 đến 9/5/2021; bài báo không quá 10 trang A4 (trình bày theo mẫu tạp chí IUH, tiếng Việt hoặc tiếng Anh).",Bài báo không quá 10 trang A4.,True,(1) Call for paper BMKTnhiet final.pdf,https://fhre.iuh.edu.vn/upload/files/(1)%20Call%20for%20paper%20BMKTnhiet%20final.pdf,,,
q0135,normal,KHOA_CN_NHIET_LANH,same_department_exact_level,True,"Hội thảo khoa học ""Các nghiên cứu tiên tiến trong khoa học nhiệt và lưu chất"" của Khoa Công nghệ Nhiệt Lạnh năm 2021 nhận bài toàn văn trong thời gian nào và bài báo được dài tối đa bao nhiêu trang?",Gửi toàn văn từ 15/7 đến 20/7/2021; bài báo không quá 10 trang A4 (hội thảo tổ chức ngày 31/7/2021).,- Gửi toàn văn: 15/7 - 20/7/2021,True,(4) Workshop of FHRE final.pdf,https://fhre.iuh.edu.vn/upload/files/(4)%20Workshop%20of%20FHRE%20final.pdf,,,
q0136,normal,KHOA_CN_NHIET_LANH,guest,True,"Khoa Công nghệ Nhiệt Lạnh lưu trữ hồ sơ đề tài NCKH dưới những hình thức nào, và hồ sơ đề tài NCKH cấp Trường, đề tài sinh viên được lưu bao lâu?",Hồ sơ được lưu bằng 02 hình thức: văn bản và file điện tử trong máy tính của Khoa (có đánh mã số); hồ sơ đề tài cấp Trường và đề tài sinh viên được lưu trong tủ hồ sơ 05 năm.,Hồ sơ đề tài NCKH được lưu giữ bằng 02 hình thức: lưu giữ bằng văn bản và bằng file điện tử trong máy tính của Khoa.,True,2_ 1Quanly_luutru-HS NCKH.pdf,https://fhre.iuh.edu.vn/upload/files/2_%201Quanly_luutru-HS%20NCKH.pdf,,,
q0137,normal,KHOA_KHOA_HOC_SUC_KHOE,guest,True,"Hội thảo khoa học quốc gia ""Hóa dược và phát triển thuốc mới"" năm 2026 tổ chức ngày nào, tại đâu và theo hình thức nào?","Tổ chức ngày 19–20/9/2026 tại Trường Đại học Công nghiệp TP.HCM, hình thức trực tiếp kết hợp trực tuyến (khai mạc và báo cáo toàn thể tại Hội trường E4).","Trực tiếp, kết hợp trực tuyến",True,Chuong_trinh_Hoi_thao_Hoa_duoc_2026.pdf,https://fhs.iuh.edu.vn/upload/files/Chuong_trinh_Hoi_thao_Hoa_duoc_2026.pdf,,,
q0138,normal,KHOA_KY_THUAT_XAY_DUNG,guest,True,Cuộc thi Vẽ kỹ thuật bằng phần mềm AutoCAD 2026 do Khoa Kỹ thuật Xây dựng tổ chức dành cho ai và nhằm mục đích gì?,"Dành cho sinh viên Khoa Kỹ thuật Xây dựng IUH; nhằm tạo sân chơi học thuật, nâng cao kỹ năng thiết kế và ứng dụng AutoCAD, phát hiện, bồi dưỡng sinh viên có năng lực thiết kế nổi bật và tạo cầu nối giữa nhà trường với doanh nghiệp.",nâng cao kỹ năng thiết kế và ứng dựng phần mềm AutoCAD cho các sinh viên Khoa Kỹ thuật Xây dựng,True,Hồ so mời tai trợ.pdf,https://ce.iuh.edu.vn/upload/files/H%E1%BB%93%20so%20m%E1%BB%9Di%20tai%20tr%E1%BB%A3.pdf,,,
q0139,normal,KHOA_KY_THUAT_XAY_DUNG,guest,True,Hội thi Kiến trúc Trẻ 2026 của Khoa Kỹ thuật Xây dựng nhận bài dự thi trong khoảng thời gian nào và chung kết diễn ra ngày nào?,Truyền thông và nhận bài từ 27/12/2025 đến 08/01/2026; chung kết và trao giải ngày 17/01/2026.,Từ ngày 27/12/2025 - 08/01/2026: Truyền thông và bắt đầu nhận bài,True,Hồ so tai trợ (1)-da gộp.pdf,https://ce.iuh.edu.vn/upload/files/H%E1%BB%93%20so%20tai%20tr%E1%BB%A3%20(1)-da%20g%E1%BB%99p.pdf,,,
q0140,normal,KHOA_KY_THUAT_XAY_DUNG,guest,True,Sinh viên đã quá thời hạn tốt nghiệp muốn được xét tốt nghiệp thì hồ sơ gồm những gì và nộp ở đâu?,Hồ sơ gồm: (1) Đơn đề nghị xét tốt nghiệp theo mẫu; (2) 02 ảnh 3x4; (3) Đơn trình bày lý do quá hạn tốt nghiệp (tự đánh máy) kèm minh chứng; (4) Phiếu xác nhận thông tin cư trú mẫu CT07 (có thể thay bằng giấy xác nhận của cơ quan/đơn vị làm việc). Nộp tại đơn vị đào tạo (Khoa/Viện chủ quản).,Bộ hồ sơ xét tốt nghiệp nộp tại ĐVĐT (Khoa/Viện chủ quản),True,2026_ PDT 17b_Don de nghi xet TN qua han (web_6_2026).pdf,https://ce.iuh.edu.vn/upload/files/2026_%20PDT%2017b_Don%20de%20nghi%20xet%20TN%20qua%20han%20(web_6_2026).pdf,,,
q0141,normal,KHOA_KY_THUAT_XAY_DUNG,guest,True,"Sinh viên đăng ký email IUH ở trang nào, và sau khi đăng ký thành công bao lâu thì dùng được email?","Đăng ký tại https://csm.iuh.edu.vn (đăng nhập bằng tài khoản Cổng thông tin sinh viên, chọn ĐĂNG KÝ EMAIL IUH). Hệ thống cần khoảng 15 phút để tạo hộp thư, nên sinh viên dùng được email sau 15 phút kể từ lúc đăng ký thành công.",sinh viên có thể sử dụng email sau 15 phút kể từ lúc đăng ký thành công,True,huongdansudungemail26082024.pdf,https://csm.iuh.edu.vn/upload/files/huongdan/huongdansudungemail26082024.pdf,,,
q0142,normal,KHOA_LUAT_KHCT,guest,True,"Sinh viên lớp DHLQT16A (Khoa Luật) thi xếp lớp tiếng Anh đợt 2 khóa 16 vào ngày nào, ca mấy, phòng nào?","Thi ngày 07/11/2020, ca 2 (9:15-12:30 buổi sáng), tại phòng B.107.",DHLQT16A Khoa Luật 07/11/2020 2 B.107 9:15-12:30 A.M,True,DS-SV-K16-thi-xep-lop-tieng-Anh-dot-2.pdf,https://flp.iuh.edu.vn/wp-content/uploads/2020/11/DS-SV-K16-thi-xep-lop-tieng-Anh-dot-2.pdf,,,
q0143,normal,KHOA_LUAT_KHCT,same_department_exact_level,True,Sinh viên khóa 12 Khoa Luật phải nộp khóa luận tốt nghiệp năm 2020 như thế nào và hạn chót là khi nào?,"Nộp về Khoa 4 quyển kèm CD, hạn chót đến hết 16h20 ngày 25/5/2020.","Sinh viên nộp Khóa luận về Khoa (4 quyển + CD), hạn chót: đến hết 16h20 ngày 25/5/2020.",True,Thoi-gian-nop-bao-cao-TTDN-va-KLTN.pdf,https://flp.iuh.edu.vn/wp-content/uploads/2020/03/Thoi-gian-nop-bao-cao-TTDN-va-KLTN.pdf,,,
q0144,normal,KHOA_LUAT_KHCT,guest,True,Hội nghị nghiên cứu khoa học cấp Khoa năm 2023 của Khoa Luật có chủ đề gì và hạn chót nộp bài báo là ngày nào?,"Chủ đề là ""Khung pháp lý về Thị trường chứng khoán Việt Nam""; hạn chót nộp bài báo là 30/9/2023.",30/9/2023: Hạn chót nộp bài báo,True,ke-hoach.docx-1.pdf,https://flp.iuh.edu.vn/wp-content/uploads/2023/09/ke-hoach.docx-1.pdf,,,
q0145,normal,KHOA_LUAT_KHCT,guest,True,"Công ty TNHH Bất động sản Hợp Phát (Hợp Phát Land) tuyển những vị trí nào, số lượng bao nhiêu và làm việc ở đâu?","Tuyển 1 Admin, 1 Kế toán và 50 nhân viên kinh doanh (sales). Địa điểm làm việc: Vincom Mega Mall Thảo Điền (161 Xa lộ Hà Nội, P. Thảo Điền, Quận 2) và S02.02 Vinhomes Grand Park (Nguyễn Xiển, Quận 9 cũ nay là TP. Thủ Đức).","- 50 nhân viên kinh doanh, sales.",True,CÔNG-TY-TNHH-BẤT-ĐỘNG-SẢN-HỢP-PHÁT-TUYỂN-DỤNG.pdf,https://flp.iuh.edu.vn/wp-content/uploads/2021/04/CÔNG-TY-TNHH-BẤT-ĐỘNG-SẢN-HỢP-PHÁT-TUYỂN-DỤNG.pdf,,,
q0146,normal,KHOA_LUAT_KHCT,same_department_exact_level,True,"Học kỳ 1 năm 2018-2019, lớp DHLKT14A học môn Pháp luật đại cương vào thứ mấy, tiết nào, phòng nào?","Học thứ 2, tiết 4-5, phòng V6.04, giảng viên Đinh Thị Hoa (Khoa Luật), từ 27/08/2018 đến 30/11/2018.",Pháp luật đại cương (30;0) 2 4 - 5 30 0 Đinh Thị Hoa Khoa Luật V6.04,True,Thoi-khoa-bieu-DHLKT14A-DHLQT14A-2.pdf,https://flp.iuh.edu.vn/wp-content/uploads/2018/08/Thoi-khoa-bieu-DHLKT14A-DHLQT14A-2.pdf,,,
q0147,normal,KHOA_NGOAI_NGU,guest,True,"Sinh viên môn Thực tập doanh nghiệp bộ môn Phương pháp giảng dạy (Khoa Ngoại ngữ) HK1 2025-2026 nộp hồ sơ giấy ở đâu, vào thời gian nào?","Nộp tại phòng A4.09 ngày 08/12/2025, từ 8g00 đến 9g00 (file PDF báo cáo nộp lên LMS từ 01/12 đến hết 06/12/2025); đến sau 9g00 hoặc thiếu giấy tờ sẽ không được nộp.",Ngày 08/12/25 sinh viên sẽ nộp các giấy tờ sau tại phòng A 4.09 từ 8g00 đến 9g00.,True,HUỚNG DẪN NỘP HỒ SO MON THỰC TẬP DOANH NGHIỆP HK1 25-26.pdf,https://ffl.iuh.edu.vn/upload/files/2025/11.2025/HU%E1%BB%9ANG%20D%E1%BA%AAN%20N%E1%BB%98P%20H%E1%BB%92%20SO%20MON%20TH%E1%BB%B0C%20T%E1%BA%ACP%20DOANH%20NGHI%E1%BB%86P%20HK1%2025-26.pdf,,,
q0148,normal,KHOA_NGOAI_NGU,guest,True,Học phần Interpretation 1 (mã 2111443) của Khoa Ngoại ngữ có bao nhiêu tín chỉ và cần học trước học phần nào?,"3 tín chỉ (1 lý thuyết, 2 thực hành); học phần tiên quyết là 2111452 - Theories of Translation and Interpretation.",c. Prerequisites: 2111452- Theories of Translation and Interpretation,True,16_ 2111443- interpretation 1 25-6-2019 checked.pdf,https://ffl.iuh.edu.vn/upload/01210023/files/16_%202111443-%20interpretation%201%2025-6-2019%20checked.pdf,,,
q0149,normal,KHOA_NGOAI_NGU,guest,True,Sinh viên muốn mua sách tiếng Anh trực tiếp tại văn phòng công ty CDIMEX (thông báo mua sách năm 2025) thì đến đâu và trong khung giờ nào?,"Đến 99A Nguyễn Văn Trỗi, Phường Phú Nhuận, TP.HCM, từ 8h00 đến 17h30, thứ 2 đến thứ 6 hàng tuần (giá bán bằng giá đã giảm, thanh toán tiền mặt hoặc chuyển khoản).",Thời gian mua sách: Từ 8h00 đến 17h30 từ thứ 2 đến thứ 6 hàng tuần,True,4_ THONG BAO MUA SACH- DH CONG NGHIEP TP HCM -4_2025- new.pdf,https://ffl.iuh.edu.vn/upload/files/2025/12.2025/4_%20THONG%20BAO%20MUA%20SACH-%20DH%20CONG%20NGHIEP%20TP%20HCM%20-4_2025-%20new.pdf,,,
q0150,normal,KHOA_NGOAI_NGU,guest,True,"Lịch thi bổ sung học kỳ 1 năm học 2025-2026 môn Anh văn 4 (Khoa Ngoại ngữ) là ngày nào, tiết nào, phòng nào?","Thi ngày 26/12/2025, tiết 7-9, phòng A4.11.",Anh văn 4 26/12/2025 7-9 A4.11,True,19_12 DANH SACH SV THI BỔ SUNG HK1.pdf,https://ffl.iuh.edu.vn/upload/files/2025/12.2025/19_12%20DANH%20SACH%20SV%20THI%20B%E1%BB%94%20SUNG%20HK1.pdf,,,
q0151,normal,KHOA_NGOAI_NGU,guest,True,Chương trình Cử nhân Ngôn ngữ Anh của Khoa Ngoại ngữ (bản đặc tả 2024) có tổng bao nhiêu tín chỉ và thời gian đào tạo bao lâu?,Tổng 139 tín chỉ; thời gian đào tạo từ 4 đến 6 năm (mã chương trình 7220202).,- Total of credits: 139 - Training duration: 4 to 6 years,True,PS 2024 version.pdf,https://ffl.iuh.edu.vn/upload/files/2024/PS%202024%20version.pdf,,,
q0152,normal,KHOA_NGOAI_NGU,guest,True,"Khi Khoa Ngoại ngữ xét miễn thi sát hạch tiếng Anh đầu vào cho sinh viên K21 năm học 2025-2026, những lý do nào khiến sinh viên không được miễn thi?","Không được miễn thi chủ yếu do thời gian chứng chỉ đã quá 2 năm, hoặc do chứng chỉ không nằm trong hệ thống kiểm định của trường.","Không miễn thi, do thời gian chứng chỉ đã quá 2 năm",True,THONG TIN CHỨNG CHỈ NGOẠI NGỮ MIỄN TIẾNG ANH DẦU VAO (Responses)(2).pdf,https://ffl.iuh.edu.vn/upload/files/2025/THONG%20TIN%20CH%E1%BB%A8NG%20CH%E1%BB%88%20NGO%E1%BA%A0I%20NG%E1%BB%AE%20MI%E1%BB%84N%20TI%E1%BA%BENG%20ANH%20D%E1%BA%A6U%20VAO%20(Responses)(2).pdf,,,
q0153,normal,KHOA_QTKD,same_department_exact_level,True,"Theo Quy chế tuyển sinh và đào tạo trình độ tiến sĩ của IUH năm 2017, khối lượng học tập tối thiểu của nghiên cứu sinh có bằng thạc sĩ và có bằng đại học là bao nhiêu?",Tối thiểu 90 tín chỉ đối với NCS có bằng thạc sĩ và tối thiểu 120 tín chỉ đối với NCS có bằng tốt nghiệp đại học.,Khối lượng học tập tối thiểu 90 tín chỉ đối với nghiên cứu sinh có bằng tốt nghiệp thạc sĩ và tối thiểu 120 tín chỉ,True,Quy-che-tien-si-IUH-2017-Final2-1.pdf,https://ipe.iuh.edu.vn/uploads/2016/03/Quy-che-tien-si-IUH-2017-Final2-1.pdf,,,
q0154,normal,KHOA_QTKD,guest,True,"Theo rubric KLTN-R3 chấm phản biện khóa luận tốt nghiệp tại hội đồng của Khoa Quản trị kinh doanh, các mức Khá và Giỏi tương ứng khoảng điểm nào?","Khá (B): 7.0 – 8.4 điểm; Giỏi (A): 8.5 – 10 điểm (Trung bình 5.0 – 6.9, Yếu dưới 5.0).",Khá (B) (7.0 – 8.4) Giỏi (A) (8.5– 10),True,Rubric_KLTN-R3.pdf,https://fba.iuh.edu.vn/wp-content/uploads/2024/09/Rubric_KLTN-R3.pdf,,,
q0155,normal,KHOA_QTKD,guest,True,Chương trình khung thạc sĩ Quản trị kinh doanh 2022 yêu cầu chọn bao nhiêu tín chỉ học phần tự chọn và luận văn chiếm bao nhiêu tín chỉ?,Chọn 15 tín chỉ học phần tự chọn; luận văn thạc sĩ 15 tín chỉ.,2.2 Các học phần tự chọn (chỉ chọn 15 tín chỉ),True,CHUONG-TRINH-KHUNG-THS-QTKD-2022.pdf,https://fba.iuh.edu.vn/wp-content/uploads/2024/09/CHUONG-TRINH-KHUNG-THS-QTKD-2022.pdf,,,
q0157,normal,KHOA_QTKD,guest,True,"Trong khung chương trình ngành Quản trị kinh doanh (140 tín chỉ), học kỳ 6 có những học phần bắt buộc nào?","Học kỳ 6 (18 tín chỉ) có 12 tín chỉ bắt buộc gồm 4 học phần 3 tín chỉ: Quản trị dự án đầu tư, Quản trị rủi ro, Quản trị chiến lược, Mô phỏng kinh doanh.",2107414 Quản trị dự án đầu tư 3,True,Khung-chuong-trinh-QTKD.pdf,https://fba.iuh.edu.vn/wp-content/uploads/2024/09/Khung-chuong-trinh-QTKD.pdf,,,
q0158,normal,KHOA_QTKD,same_department_exact_level,True,Sinh viên đã quá thời hạn học tập tối đa muốn xin xét tốt nghiệp thì nộp đơn ở đâu và cần kèm theo những gì?,"Nộp đơn xin xét tốt nghiệp (Mẫu 02) tại đơn vị đào tạo (ĐVĐT), kèm 02 ảnh 3x4, đơn trình bày lý do xin xét tốt nghiệp quá hạn và các minh chứng; đơn cần xác nhận của chính quyền địa phương về thời gian không thực học tại trường.",Sinh viên nộp đơn tại ĐVĐT (Kèm theo: 02 ảnh 3x4),True,MAU-02.-Don-xin-XTN_TH-qua-thoi-han-hoc-tap.pdf,https://fba.iuh.edu.vn/wp-content/uploads/2024/09/MAU-02.-Don-xin-XTN_TH-qua-thoi-han-hoc-tap.pdf,,,
q0159,normal,KHOA_QTKD,guest,True,"Theo quy chế tuyển sinh và đào tạo tiến sĩ năm 2023 của IUH, thời gian đào tạo chuẩn là bao lâu và tổng thời gian tối đa không được vượt quá bao nhiêu?",Thời gian chuẩn 03 năm (36 tháng) với người có bằng thạc sĩ và 04 năm (48 tháng) với người chưa có bằng thạc sĩ; tổng thời gian đào tạo không vượt quá 06 năm (72 tháng).,tổng thời gian đào tạo không vượt quá 06 năm (72 tháng),True,Quy-che-tuyen-sinh-va-dao-tao-Tien-si-2023.pdf,https://ipe.iuh.edu.vn/uploads/2023/10/Quy-che-tuyen-sinh-va-dao-tao-Tien-si-2023.pdf,,,
q0160,normal,KHOA_THUONG_MAI_DU_LICH,guest,True,"Trong chương trình đào tạo ngành Quản trị nhà hàng và dịch vụ ăn uống khóa K20, học phần Thực tập doanh nghiệp chuyên ngành 1 học ở học kỳ mấy và có bao nhiêu tín chỉ?","Học ở học kỳ 2, gồm 2 tín chỉ (0,4,4).","Internship for Restaurant and Catering management 1 2(0,4,4)",True,CTDT_QTNHDVAU_K20L3.pdf,https://fct.iuh.edu.vn/upload/files/2025/CTDT_QTNHDVAU_K20L3.pdf,,,
q0161,normal,KHOA_THUONG_MAI_DU_LICH,guest,True,"Theo kế hoạch khóa luận tốt nghiệp chuyên ngành Quản trị khách sạn học kỳ 2 năm 2024-2025 của Khoa Thương mại – Du lịch, sinh viên có phải tự tìm nơi thực tập không và đề tài làm cá nhân hay nhóm?","Có, sinh viên tự liên hệ địa điểm thực tập theo các dạng đề tài đã đăng ký trên drive. Đề tài là đề tài cá nhân hoặc nhóm, thuộc phạm vi kiến thức các học phần chuyên ngành đã học và quá trình thực tập.",Sinh viên tự liên hệ địa điểm thực tập (Theo các dạng đề tài đã đăng ký trên drive),True, KẾ HOẠCH PHÂN CÔNG KHOÁ LUẬN K17_QTKS_HK2(24-25).pdf,https://fct.iuh.edu.vn/upload/01140030/files/%20KE%CC%82%CC%81%20HOA%CC%A3CH%20PHA%CC%82N%20CO%CC%82NG%20KHOA%CC%81%20LUA%CC%A3%CC%82N%20K17_QTKS_HK2(24-25).pdf,,,
q0162,normal,KHOA_THUONG_MAI_DU_LICH,same_department_exact_level,True,"Trong chương trình đào tạo 2021-2022 ngành Thương mại điện tử, học phần Kinh tế vĩ mô có bao nhiêu tín chỉ và phải học trước môn nào?",Kinh tế vĩ mô có 3 tín chỉ và yêu cầu học trước Kinh tế vi mô (mã môn 001016).,"Kinh tế vĩ mô Macroeconomics 4203000953 3(3, 0, 6) 2107409 001016(a)",True,ctk17.pdf,https://fct.iuh.edu.vn/upload/files/2026/ctk17.pdf,,,
q0163,normal,KHOA_THUONG_MAI_DU_LICH,same_department_exact_level,True,Tour thực tập Miền Tây của sinh viên chuyên ngành Quản trị dịch vụ du lịch và lữ hành khóa 20 (HK2 2025-2026) dự kiến diễn ra khi nào và kéo dài bao lâu?,"Dự kiến đầu tháng 6/2026, khoảng từ 08/06/2026 đến 12/06/2026, kéo dài 5 ngày 4 đêm, đi bằng xe ô tô.",+ Thời gian dự kiến: 5 ngày 4 đêm. Dự kiến đầu tháng 6/2026 (khoảng từ 08/06/2026 - 12/06/2026).,True,Thong bao ve viec chao tour Mien Tay - KTMDL.pdf,https://fct.iuh.edu.vn/upload/files/Thong%20bao%20ve%20viec%20chao%20tour%20Mien%20Tay%20-%20KTMDL.pdf,,,
q0164,normal,KHOA_THUONG_MAI_DU_LICH,guest,True,Các bài báo được chọn trình bày tại hội thảo NCKH cấp khoa Thương mại - Du lịch 2024 phải gửi slide trước ngày nào và mỗi nhóm có bao nhiêu thời gian trình bày?,Gửi slide về Ban chương trình và thư ký trước hạn chót 16/05/2024; đại diện nhóm trình bày 15 phút và trả lời câu hỏi 5 phút.,"Đại diện nhóm sẽ trình bày trong 15 phút, trả lời trong 5 phút.",True,TB05_Thong bao BB xuat sac 15052024.pdf,https://fct.iuh.edu.vn/upload/files/2024/TB05_Thong%20bao%20BB%20xuat%20sac%2015052024.pdf,,,
q0166,normal,PHAN_HIEU_QUANG_NGAI,guest,True,Sinh viên IUH muốn xin chuyển xuống bậc đào tạo thấp hơn thì đơn gửi cho ai và phải nộp kèm giấy tờ gì?,"Đơn xin chuyển bậc đào tạo gửi Ban Giám hiệu, Phòng Đào tạo và Khoa/Viện; hồ sơ kèm theo là bản gốc bảng ghi kết quả học tập. Đơn cần ý kiến của Khoa/Viện, Phòng Đào tạo và Ban Giám hiệu duyệt.",Hồ sơ kèm theo gồm: - Bản gốc bảng ghi kết quả học tập.,True,07_Don xin chuyen co so.pdf,http://iuh.edu.vn/Resource/Upload2/files/documents/Bieumaudaotao/07_Don%20xin%20chuyen%20co%20so.pdf,,,
q0167,normal,PHAN_HIEU_QUANG_NGAI,same_department_exact_level,True,"Trong chương trình đào tạo đại học chính quy ngành Công nghệ kỹ thuật ô tô năm 2017, học phần Nguyên lý động cơ đốt trong học ở học kỳ mấy, bao nhiêu tín chỉ và cần học trước môn nào?","Học kỳ 5, 3 tín chỉ (lý thuyết), phải học trước học phần Động cơ đốt trong 1 (mã 2116401).","Nguyên lý động cơ đốt trong 5 3 3 0 v v Môn chính khóa 2116401 (a), (), ()",True,CTK.DHOTO13.pdf,https://qn.iuh.edu.vn/uploads/2017/05/CTK.DHOTO13.pdf,,,
q0168,normal,PHAN_HIEU_QUANG_NGAI,guest,True,Sinh viên muốn xin nghỉ học tạm thời vì nhu cầu cá nhân cần đáp ứng điều kiện gì và bao lâu thì nhận được quyết định?,"Phải học ít nhất 1 học kỳ ở trường, không thuộc trường hợp bị buộc thôi học (điều 16 quy chế) và có điểm TBCTL ≥ 2,0 (học chế tín chỉ) hoặc điểm TBC các học phần từ đầu khóa ≥ 5,0 (niên chế). Hồ sơ gồm đơn xin nghỉ học tạm thời và bản gốc bảng điểm; sau 01 tuần kể từ ngày nhận đơn sinh viên đến Phòng Đào tạo nhận quyết định.",sinh viên phải học ít nhất là 1 học kỳ ở trường,True,Huong-dan-thu-tuc-cho-sinh-vien-Print.pdf,https://qn.iuh.edu.vn/uploads/2016/03/Huong-dan-thu-tuc-cho-sinh-vien-Print.pdf,,,
q0170,normal,PHONG_CTSV,guest,True,Công ty TNHH Sàn GD-TMĐT 3SShopping tuyển bao nhiêu nhân viên/cộng tác viên kinh doanh và mức lương căn bản cho vị trí này là bao nhiêu?,Tuyển 40 NV kinh doanh/CTV kinh doanh; lương căn bản 5.000.000đ + thưởng.,Với vị trí: 1.1/ 1.2/ 1.3/ 1.4/ 1.7 ( Lương căn bản : 5.000.000đ + thưởng ),True,CONG TY TNHH SAN GD - TMDT 3SSHOPPING.pdf,https://htsv.iuh.edu.vn/upload/files/2017/DN%2010/CONG%20TY%20TNHH%20SAN%20GD%20-%20TMDT%203SSHOPPING.pdf,,,
q0171,normal,PHONG_CTSV,same_department_exact_level,True,Bảo hiểm sức khỏe sinh viên IUH (PVI Bến Thành) có phí bao nhiêu mỗi năm và sinh viên nộp hồ sơ yêu cầu trả tiền bảo hiểm ở đâu?,"Phí 200.000 VNĐ/sinh viên/năm; nộp hồ sơ tại Trạm Y tế, Phòng Công tác chính trị và Hỗ trợ sinh viên (tầng trệt nhà A).","Trạm Y tế, Phòng Công tác chính trị và Hỗ trợ sinh viên (tầng trệt nhà A)",True,0_ QUYỀN LỢI BẢO HIỂM SỨC KHỎE SINH VIEN(1).pdf,https://ctsv.iuh.edu.vn/upload/files/0_%20QUY%E1%BB%80N%20L%E1%BB%A2I%20B%E1%BA%A2O%20HI%E1%BB%82M%20S%E1%BB%A8C%20KH%E1%BB%8EE%20SINH%20VIEN(1).pdf,,,
q0172,normal,PHONG_DAO_TAO,guest,True,"Khi làm đơn xin phúc khảo bài thi ở IUH, sinh viên phải gửi đơn đến những đơn vị nào?","Gửi Khoa/Viện/Trung tâm quản lý môn học, Phòng Khảo thí và Đảm bảo chất lượng, Phòng Tài chính Kế toán và Phòng Đào tạo.",- Phòng Khảo thí và Đảm bảo chất lượng - Phòng Tài chính Kế toán - Phòng Đào tạo,True,8da952c4-c1e9-4365-85ac-e9e289452a68_DOn-phuc-khao.pdf,https://pdt.iuh.edu.vn/Uploads/8da952c4-c1e9-4365-85ac-e9e289452a68_DOn-phuc-khao.pdf,,,
q0174,normal,PHONG_DAO_TAO,guest,True,"Khi đăng ký nguyện vọng xét tuyển năm 2025 trên hệ thống của Bộ GD&ĐT, thí sinh gặp vướng mắc về thao tác thì liên hệ số nào?","Liên hệ Tổng đài 18008000, nhánh số 2.",người dùng thí sinh liên hệ đến Tổng đài 18008000 nhánh số 2,True,HDSD_Thisinh_DKXT_T72025_IUH.pdf,http://tuyensinh.iuh.edu.vn/QC/HDSD_Thisinh_DKXT_T72025_IUH.pdf,,,
q0175,normal,PHONG_DAO_TAO,guest,True,"Sinh viên là con cán bộ, viên chức của trường muốn xin học bổng tuyển sinh năm học 2024-2025 cần nộp kèm những giấy tờ gì?","Nộp đơn đề nghị xét, cấp học bổng tuyển sinh kèm 01 bản sao có công chứng Giấy khai sinh và 01 Giấy xác nhận CBVC của Trường ĐHCN TP.HCM.",- 01 Giấy xác nhận CBVC của Trường ĐHCN TP.HCM (*),True,50679da0-79ab-43c2-86d6-e8227a6d765f_14_Don-de-nghi-xet-HB.TS_.pdf,https://pdt.iuh.edu.vn/Uploads/50679da0-79ab-43c2-86d6-e8227a6d765f_14_Don-de-nghi-xet-HB.TS_.pdf,,,
q0176,normal,PHONG_DAO_TAO,same_department_exact_level,True,Giấy xác nhận dành cho giáo viên các trường THPT có ký kết hợp tác với IUH dùng để làm gì và có giá trị trong bao lâu?,Dùng để bổ sung hồ sơ xét học bổng tuyển sinh cho con của giáo viên đang học tại IUH; giấy có giá trị trong vòng 30 ngày kể từ ngày cấp.,Giấy chứng nhận này có giá trị trong vòng 30 ngày kể từ ngày cấp.,True,52f4a8c3-8b70-4c51-b69b-608c07601b67_04. Giay Xac Nhan GV cac Truong lien ket_moi.pdf,https://pdt.iuh.edu.vn/Uploads/52f4a8c3-8b70-4c51-b69b-608c07601b67_04. Giay Xac Nhan GV cac Truong lien ket_moi.pdf,,,
q0178,normal,PHONG_KHAO_THI_DBCL,guest,True,Kế hoạch nâng cao chất lượng chiến lược giai đoạn 2026–2031 của IUH được xây dựng dựa trên đợt đánh giá nào và kết quả ra sao?,Dựa trên đợt Đánh giá chất lượng quốc tế (IQR) do QAA (Anh) thực hiện tại IUH vào tháng 3/2026; trường được xác nhận đáp ứng cả 10 tiêu chuẩn ESG và được công nhận đạt chuẩn chất lượng quốc tế cho chu kỳ 5 năm (2026–2031).,"(IQR) conducted by the Quality Assurance Agency for Higher Education (QAA), United Kingdom, at the Industrial University of Ho Chi Minh City (IUH) in March 2026",True,IUH-Strategic-Quality-Enhancement-Plan-2026–2031.pdf,https://tqa.iuh.edu.vn/wp-content/uploads/2026/07/IUH-Strategic-Quality-Enhancement-Plan-2026–2031.pdf,,,
q0179,normal,PHONG_KHAO_THI_DBCL,guest,True,"Theo thống kê phúc khảo học kỳ I năm học 2020-2021, khoa nào có nhiều đơn phúc khảo bài tự luận nhất và có bao nhiêu trường hợp thay đổi điểm?","Khoa Lý luận Chính trị với 85 đơn phúc khảo tự luận, trong đó 11 trường hợp thay đổi điểm.",Khoa Lý luận Chính trị 0 85 0 11,True,thong_ke_tinh_hinh_phuc_khao_HK-I_20-21.pdf,https://tqa.iuh.edu.vn/wp-content/uploads/2021/05/thong_ke_tinh_hinh_phuc_khao_HK-I_20-21.pdf,,,
q0180,normal,PHONG_KHAO_THI_DBCL,guest,True,"Học kỳ III năm học 2024-2025, Phòng Khảo thí và ĐBCL nhận tổng cộng bao nhiêu đơn phúc khảo và có bao nhiêu trường hợp được thay đổi điểm?",Tổng cộng 43 đơn (6 đơn phúc khảo bài trắc nghiệm và 37 đơn bài tự luận); không có trường hợp nào thay đổi điểm.,18 Viện Tài chính - Kế toán 0 7 0 0 Tổng cộng 6 37 0 0,True,phuc-khao-HK3-2024-2025-dang-web.pdf,https://tqa.iuh.edu.vn/wp-content/uploads/2026/03/phuc-khao-HK3-2024-2025-dang-web.pdf,,,
q0181,normal,PHONG_KHAO_THI_DBCL,guest,True,"Học kỳ III năm học 2018-2019, Khoa Kế toán Kiểm toán có bao nhiêu đơn phúc khảo và bao nhiêu trường hợp được thay đổi điểm?",Khoa Kế toán Kiểm toán có 15 đơn phúc khảo bài thi tự luận (0 đơn trắc nghiệm) và 2 trường hợp thay đổi điểm (tự luận).,Khoa Kế toán Kiểm toán 0 15 0 2,True,bao_cao_tinh-hinh-phuc-khao-HK3-2018-2019.pdf,https://tqa.iuh.edu.vn/wp-content/uploads/2021/05/bao_cao_tinh-hinh-phuc-khao-HK3-2018-2019.pdf,,,
q0182,normal,PHONG_KHAO_THI_DBCL,guest,True,"Kế hoạch công tác phòng, chống khủng bố năm 2025 của IUH yêu cầu tuyên truyền, phổ biến những văn bản pháp luật nào?","Luật Phòng, chống khủng bố số 28/2013/QH13 ngày 12/6/2013; Nghị định 07/2014/NĐ-CP ngày 27/01/2014 về tổ chức, nhiệm vụ của Ban chỉ đạo phòng, chống khủng bố các cấp; và các văn bản về phòng, chống khủng bố của Bộ Công an, Bộ Quốc phòng.","Law on Counter-terrorism No. 28/2013/QH13 dated June 12, 2013, of the National Assembly",True,Anti-terrorism-work-of-Industrial-University-of-Ho-Chi-Minh-City-in-2025.pdf,https://tqa.iuh.edu.vn/wp-content/uploads/2026/05/Anti-terrorism-work-of-Industrial-University-of-Ho-Chi-Minh-City-in-2025.pdf,,,
q0183,normal,PHONG_KHAO_THI_DBCL,guest,True,"Học kỳ I năm học 2019-2020, toàn trường có tổng cộng bao nhiêu đơn phúc khảo và bao nhiêu trường hợp được thay đổi điểm?","17 đơn phúc khảo trắc nghiệm và 365 đơn phúc khảo tự luận; có 33 trường hợp thay đổi điểm (đều ở bài tự luận, trắc nghiệm không thay đổi).",Tổng cộng 17 365 0 33 2. Các vấn đề cần lưu ý: không có,True,bao_cao_tinh-hinh-phuc-khao-HK1-2019-2020.pdf,https://tqa.iuh.edu.vn/wp-content/uploads/2021/05/bao_cao_tinh-hinh-phuc-khao-HK1-2019-2020.pdf,,,
q0184,normal,PHONG_KHAO_THI_DBCL,same_department_exact_level,True,"Theo mẫu Kế hoạch tự đánh giá chương trình đào tạo kèm Công văn 2085/QLCL năm 2020, mục đích của tự đánh giá CTĐT là gì?",Nhằm bảo đảm và nâng cao chất lượng chương trình đào tạo và để đăng ký kiểm định chất lượng giáo dục (KĐCLGD).,Nhằm bảo đảm và nâng cao chất lượng CTĐT và để đăng ký KĐCLGD.,True,06b_-PHU-LUC-CV-2085.pdf,https://tqa.iuh.edu.vn/wp-content/uploads/2021/05/06b_-PHU-LUC-CV-2085.pdf,,,
q0186,normal,PHONG_QLKH_HTQT,same_department_exact_level,True,Giảng viên muốn đăng ký tổ chức hội thảo trên phần mềm quản lý khoa học của Phòng QLKH&HTQT thì truy cập ở đâu và đăng nhập bằng tài khoản nào?,"Truy cập https://smia.iuh.edu.vn/qlkhoahoc (hoặc smia.iuh.edu.vn chọn Quản lý khoa học, hoặc gv.iuh.edu.vn), chọn Giảng viên và đăng nhập bằng Mã nhân sự và Mật khẩu do Phòng Tổ chức - Hành chính cung cấp.",Quý giảng viên sử dụng Mã nhân sự và Mật khẩu theo thông tin tài khoản nhân sự do Phòng Tổ chức-Hành chính cung cấp,True,Huớng dẫn Dang ky tổ chức hộ thảo.pdf,https://smia.iuh.edu.vn/upload/files/vanban/Hu%E1%BB%9Bng%20d%E1%BA%ABn%20Dang%20ky%20t%E1%BB%95%20ch%E1%BB%A9c%20h%E1%BB%99%20th%E1%BA%A3o.pdf,,,
q0187,normal,PHONG_QLKH_HTQT,guest,True,"Chương trình học bổng KHCN du học thạc sĩ, tiến sĩ của Tập đoàn Vingroup năm 2020 cấp bao nhiêu suất và có suất dành riêng cho ngành nào?","Cấp tối đa 100 suất học bổng toàn phần, trong đó có 10 suất Thạc sĩ Toán Bảo mật và Tin Bảo mật tại Đại học Limoges (Pháp); chương trình do VinUniversity quản lý, vận hành.","Năm 2020, Chương trình sẽ cấp tối đa 100 suất Học bổng toàn phần bao gồm 10 suất Học bổng Thạc sĩ Toán Bảo mật và Tin Bảo mật tại Đại học Limoges (Pháp).",True,Thong-bao-nhan-ho-so_hoc-bong-khcn-du-hoc-cua-vingroup_2020-21-2021-22_vf.pdf,https://smia.iuh.edu.vn/upload/files/Thong-bao-nhan-ho-so_hoc-bong-khcn-du-hoc-cua-vingroup_2020-21-2021-22_vf.pdf,,,
q0188,normal,PHONG_QLKH_HTQT,guest,True,"Theo IUH Exchange Student Handbook 2019, IUH được nâng cấp thành Trường Đại học Công nghiệp TP.HCM vào thời điểm nào, theo quyết định nào, và tiền thân của trường là gì?",Tháng 12/2004 theo Quyết định 214/2004/QĐ-TTg của Thủ tướng Chính phủ; tiền thân là Trường Kỹ nghệ Gò Vấp (Go Vap Vocational School) do các linh mục Don Bosco thành lập ngày 11/11/1956.,in December 2004 the college was upgraded to become Industrial University of Ho Chi Minh City according to the Decision of 214/2004/QD - TTg by the Prime Minister,True,The IUH Exchange Student Handbook provide11111.pdf,https://smia.iuh.edu.vn/upload/files/The%20IUH%20Exchange%20Student%20Handbook%20provide11111.pdf,,,
q0190,normal,PHONG_TC_KT,guest,True,"Khi thanh toán học phí trực tuyến trên trang sinh viên, nếu muốn hóa đơn điện tử xuất theo tên một công ty/tổ chức khác thì phải chọn gì?","Ở bước 4, chọn “Thông tin khác (Đơn vị/Tổ chức/Cá nhân khác)” rồi nhập đầy đủ thông tin trong cửa sổ popup; hệ thống sẽ xuất hóa đơn theo thông tin đó và tiếp tục dùng cho các lần thanh toán sau cho đến khi thay đổi.",Thông tin khác (Đơn vị/Tổ chức/Cá nhân khác),True,HDSD Thanh toan va in hoa don HP.pdf,https://ptckt.iuh.edu.vn/upload/files/HDSD%20Thanh%20toan%20va%20in%20hoa%20don%20HP.pdf,,,
q0191,normal,PHONG_TO_CHUC_HANH_CHINH,guest,True,Tạp chí Khoa học và Công nghệ IUH số 29 (2017) có bài về mô hình HEDPERF đánh giá chất lượng đào tạo của trường; bài này của tác giả nào và ở trang mấy?,"Bài ""Mô hình nghiên cứu HEDPERF trong đánh giá chất lượng đào tạo - tình huống nghiên cứu: Trường ĐH Công nghiệp TP.HCM"" của Bùi Văn Quang và Bùi Văn Danh, trang 77-87.","Bùi Văn Quang, Bùi Văn Danh MÔ HÌNH NGHIÊN CỨU HEDPERF TRONG ĐÁNH GIÁ CHẤT LƯỢNG",True,_So 29 - Web.pdf,https://iuh.edu.vn/Resource/Upload2/files/Tap%20chi%20KHCN/_So%2029%20-%20Web.pdf,,,
q0192,normal,PHONG_TO_CHUC_HANH_CHINH,guest,True,Tạp chí Khoa học và Công nghệ của IUH số 24 năm 2016 có bài nghiên cứu về sự hài lòng trong công việc của giảng viên IUH; tác giả là ai và bài nằm ở trang nào?,"Tác giả Bùi Văn Danh và Hà Trọng Quang, bài ở trang 66–74.","Bùi Văn Danh, Hà Trọng Quang NGHIÊN CỨU SỰ HÀI LÒNG TRONG CÔNG VIỆC CỦA GIẢNG VIÊN TRƯỜNG",True,Tap chi KHCN - So 24.pdf,https://iuh.edu.vn/Resource/Upload2/files/Tap%20chi%20KHCN/Tap%20chi%20KHCN%20-%20So%2024.pdf,,,
q0193,normal,PHONG_TO_CHUC_HANH_CHINH,guest,True,"Trong Tạp chí Khoa học và Công nghệ IUH số 23 (năm 2016), bài tổng quan về hoạt động khoa học công nghệ của trường giai đoạn 2011-2015 do ai viết và nằm ở trang nào?","Bài của tác giả Nguyen Thien Tue, bắt đầu ở trang 3.",Nguyen Thien Tue - Overview of science – technology activities of Industrial University of Ho Chi Minh City in the 2011-2015 period,True,TapchiKHCN-Vol23.pdf,https://iuh.edu.vn/Resource/Upload2/files/documents/tapchiKHCN/TapchiKHCN-Vol23.pdf,,,
q0194,normal,TT_NGOAI_NGU,same_department_exact_level,True,"Để đạt kỳ thi chứng chỉ Ứng dụng CNTT cơ bản của Trung tâm Ngoại ngữ - Tin học (đợt thi 12/3/2022), thí sinh cần đạt điều kiện điểm như thế nào?","Điểm lý thuyết ≥ 5, tổng điểm thực hành ≥ 5 và mỗi bài thi thực hành (Word, Excel, PowerPoint) ≥ 3.","Điều kiện để có KQ Đạt : Lý thuyết >=5, Tổng thực hành >=5 các bài thi thực hành >=3",True,Ngay12-3-2022_Ca1.pdf,https://itc.iuh.edu.vn/upload/files/Ngay12-3-2022_Ca1.pdf,,,
q0195,normal,TT_NGOAI_NGU,guest,True,Sinh viên nộp chứng chỉ Ứng dụng CNTT do đơn vị ngoài trường cấp để xét tốt nghiệp thì làm bản cam kết gửi đơn vị nào và phải khai những thông tin gì về chứng chỉ?,"Gửi Trung tâm Ngoại ngữ Tin học; khai tên chứng chỉ, ngày cấp, kết quả lý thuyết và thực hành, tên đơn vị cấp, số hiệu và số vào sổ cấp chứng chỉ, đồng thời cam kết tính hợp pháp (nếu không hợp pháp sẽ bị xử lý kỷ luật).",Về việc nộp chứng chỉ Ứng dụng CNTT để được xét công nhận tốt nghiệp Kính gửi: Trung tâm Ngoại ngữ Tin học,True,03_ BanCamKetNopCCTH_NgoaiTruong.pdf,https://itc.iuh.edu.vn/upload/files/03_%20BanCamKetNopCCTH_NgoaiTruong.pdf,,,
q0196,normal,TT_NGOAI_NGU,guest,True,Để đạt chứng chỉ Ứng dụng CNTT cơ bản ở Trung tâm Ngoại ngữ - Tin học IUH cần điều kiện điểm thế nào? Trong đợt phúc khảo tháng 3/2022 (14–23/03/2022) có bao nhiêu thí sinh đạt?,"Điều kiện đạt: điểm lý thuyết ≥ 5, tổng thực hành ≥ 5 và mỗi bài thi thực hành ≥ 3. Đợt phúc khảo này có 3/11 thí sinh đạt.","Điều kiện để có KQ Đạt : Lý thuyết >=5, Tổng thực hành >=5 các bài thi thực hành >=3",True,KQ_PK_Ngay14den23-03-2022.pdf,https://itc.iuh.edu.vn/upload/files/KQ_PK_Ngay14den23-03-2022.pdf,,,
q0197,normal,TT_QUAN_TRI_HE_THONG,same_department_exact_level,True,Tân sinh viên khóa 22 đăng nhập hệ thống thi thử sát hạch tiếng Anh đầu vào bằng tài khoản gì và mật khẩu mặc định là gì?,"Đăng nhập tại https://exam.iuh.edu.vn/ với tên đăng nhập là mã số sinh viên, mật khẩu mặc định lần đầu là 1111; phải đổi mật khẩu sau lần đăng nhập đầu tiên và ghi nhớ để dùng cho ngày thi chính thức.",Mật khẩu mặc định lần đầu: 1111,True,huongdanK22thitructuyentienganhdauvao.pdf,https://csm.iuh.edu.vn/upload/files/huongdan/huongdanK22thitructuyentienganhdauvao.pdf,,,
q0198,normal,TT_QUAN_TRI_HE_THONG,guest,True,"Khi thi tiếng Anh đầu vào trực tuyến cho sinh viên K17, sinh viên dùng iPhone phải lưu ý gì về trình duyệt và nếu bị mất kết nối giữa chừng thì sao?","Phải cài thêm trình duyệt Google Chrome để thi, không dùng Safari. Nếu mất kết nối, cần nhanh chóng kết nối lại và làm tiếp; dữ liệu đã làm vẫn được lưu, nếu không kết nối lại được thì bài thi tự động nộp với phần đã làm.",cài thêm trình duyệt Google Chrome để thi (không dùng trình duyệt Safari),True,SV_MotSoLoiThuongGapKhiThiTrucTuyen091121.pdf,https://csm.iuh.edu.vn/upload/files/huongdan/SV_MotSoLoiThuongGapKhiThiTrucTuyen091121.pdf,,,
q0199,normal,TT_QUAN_TRI_HE_THONG,same_department_exact_level,True,"Khi giảng viên yêu cầu cấp Lý lịch khoa học ký số trên hệ thống SMIA, hồ sơ phải qua những bước ký nào và dùng chữ ký số theo chuẩn gì?",Dùng chữ ký số chuẩn Ban Cơ yếu Chính phủ (VGCA). Tiến trình: gửi yêu cầu (Phòng QLKH tạo file PDF) → người khai ký → đơn vị chủ quản ký → P.QLKH&HTQT ký → BGH ký → văn thư ký phát hành (đóng mộc IUH) → hoàn tất.,Chức năng này sử dụng chữ ký số theo chuẩn của Ban Cơ yếu Chính phủ (VGCA).,True,Huong_dan_ky_so_LLKH_SMIA_V1_1.pdf,https://csm.iuh.edu.vn/upload/files/huongdan/Huong_dan_ky_so_LLKH_SMIA_V1_1.pdf,,,
q0200,normal,TT_QUAN_TRI_HE_THONG,guest,True,"Tân sinh viên khóa 20 đăng nhập hệ thống thi thử sát hạch tiếng Anh đầu vào ở đâu, bằng tên đăng nhập và mật khẩu mặc định nào?","Đăng nhập tại https://exam.iuh.edu.vn/ với tên đăng nhập là mã số sinh viên, mật khẩu mặc định 1111; phải đổi mật khẩu sau lần đăng nhập đầu tiên và ghi nhớ để dùng cho ngày thi chính thức.",Tên đăng nhập: Mã số sinh viên Mật khẩu mặc định: 1111,True,HD_SVK20_ThisathachTA.pdf,https://csm.iuh.edu.vn/upload/files/huongdan/HD_SVK20_ThisathachTA.pdf,,,
q0201,normal,VIEN_CNSH_THUC_PHAM,guest,True,"Trong phiếu đánh giá báo cáo thực tập tốt nghiệp của giáo viên hướng dẫn (Viện Công nghệ Sinh học và Thực phẩm), tiêu chí ""Thông tin chung về nơi thực tập"" gồm những nội dung nào và chiếm trọng số bao nhiêu?","Gồm 4 nội dung: thông tin cơ bản của doanh nghiệp; lĩnh vực hoạt động và sản phẩm/dịch vụ; sơ đồ tổ chức, nhân sự; mặt bằng nhà máy. Trọng số 10%.","- Sơ đồ tổ chức, nhân sự - Mặt bằng nhà máy 10",True,3-phieu-danh-gia-cua-gvhd-2025.pdf,https://ibf.iuh.edu.vn/wp-content/uploads/2025/02/3-phieu-danh-gia-cua-gvhd-2025.pdf,,,
q0202,normal,VIEN_CNSH_THUC_PHAM,same_department_exact_level,True,"Theo số liệu FAO trong bài giới thiệu môn Công nghệ chế biến thủy sản - súc sản, sản lượng thịt heo thế giới năm 1984 và năm 2014 là bao nhiêu?",Năm 1984 là 55.8 và năm 2014 là 115.5 (qua các mốc 67.9 năm 1989 và 78.5 năm 1994).,Thịt heo 55.8 67.9 78.5 115.5,True,CNCBTP-CNCB-THUỶ-SẢN-SÚC-SẢN-GIOI-THIEU-CHUNG.pdf,https://ibf.iuh.edu.vn/wp-content/uploads/2018/11/CNCBTP-CNCB-THUỶ-SẢN-SÚC-SẢN-GIOI-THIEU-CHUNG.pdf,,,
q0203,normal,VIEN_CNSH_THUC_PHAM,guest,True,Sinh viên Khóa 18 ngành Công nghệ thực phẩm đi thực tập doanh nghiệp trong thời gian nào và khi nào nộp báo cáo thực tập?,"Thực tập 8 tuần, từ 03/11/2025 đến 28/12/2025; nộp báo cáo từ 29/12/2025 đến 04/01/2026.","1. Thời gian thực tập: 8 tuần, từ ngày 03/11/2025 đến ngày 28/12/2025.",True,Ke-hoach-TTDN-K18.pdf,https://ibf.iuh.edu.vn/wp-content/uploads/2025/08/Ke-hoach-TTDN-K18.pdf,,,
q0204,normal,VIEN_CNSH_THUC_PHAM,guest,True,"Trong kế hoạch đào tạo ngành Công nghệ sinh học (hướng nông nghiệp), học phần Hóa sinh trao đổi chất học ở học kỳ mấy, bao nhiêu tín chỉ và có học phần tiên quyết nào?","Học ở học kỳ 4, 3 tín chỉ (2,2,6); tiên quyết là Hóa sinh học (mã 2505840).","Hóa sinh trao đổi chất (Metabolic Biochemistry) 2505739 3(2, 2, 6) 2505840 (b)",True,CTDT-CNSH-nong-nghiep.pdf,https://ibf.iuh.edu.vn/wp-content/uploads/2022/11/CTDT-CNSH-nong-nghiep.pdf,,,
q0205,normal,VIEN_CNSH_THUC_PHAM,guest,True,"Chương trình Đảm bảo chất lượng và An toàn thực phẩm của Viện Công nghệ Sinh học và Thực phẩm có bao nhiêu mục tiêu đào tạo (PEO), và PEO 1 là gì?","Có 3 PEO. PEO 1: trở thành nguồn nhân lực chất lượng cao tại đơn vị (tổ trưởng, trưởng ca, trưởng bộ phận, trợ lý cấp cao…) có khả năng giải quyết các vấn đề thực tiễn liên quan đến quản lý chất lượng thực phẩm.",PEO 1: Become high quality workforce* at the work unit who are able to solve practical problems related to food quality management.,True,Alignment-between-PEOs-of-Food-safety-and-Quality-assurance-programme-and-the-vision-and-mission-of-IUH-and-IBF.pdf,https://ibf.iuh.edu.vn/wp-content/uploads/2023/03/Alignment-between-PEOs-of-Food-safety-and-Quality-assurance-programme-and-the-vision-and-mission-of-IUH-and-IBF.pdf,,,
q0206,normal,VIEN_CNSH_THUC_PHAM,guest,True,Hội nghị APPFC2025 (Asia-Pacific Probiotics and Future Foods Conference) do IUH đăng cai diễn ra vào ngày nào và hạn nộp tóm tắt là khi nào?,Hội nghị chính diễn ra ngày 11-12/9/2025 (các hoạt động từ 10-13/9/2025); hạn nộp tóm tắt là 15/7/2025.,"Abstract submission: Jul. 15, 2025",True,appfc2025-flyer-final-new-20250523040254-e.pdf,https://ibf.iuh.edu.vn/wp-content/uploads/2025/05/appfc2025-flyer-final-new-20250523040254-e.pdf,,,
q0207,normal,VIEN_CNSH_THUC_PHAM,guest,True,"Khóa luận tốt nghiệp K17 ngành Công nghệ thực phẩm theo hướng khảo sát, điều tra được tối đa bao nhiêu sinh viên một đề tài, và sinh viên đăng ký tên đề tài khi nào?",Tối đa 03 sinh viên/đề tài; đăng ký tên đề tài qua link từ 01/07/2025 đến 07/07/2025.,"2. Theo hướng khảo sát, điều tra. Tối đa 03 sinh viên/đề tài.",True,Ke-hoach-du-kien-KLTN-K17.pdf,https://ibf.iuh.edu.vn/wp-content/uploads/2025/06/Ke-hoach-du-kien-KLTN-K17.pdf,,,
q0208,normal,VIEN_DTQT_SAU_DAI_HOC,guest,True,Đề cương ôn tập môn Quản trị học cho kỳ thi tuyển sinh thạc sĩ của Khoa Quản trị Kinh doanh dùng giáo trình chính nào và ôn những chức năng quản trị nào?,"Giáo trình chính: Quản trị học của Nguyễn Minh Tuấn, Nguyễn Thị Bích Ngọc và Nguyễn Thị Hương (NXB ĐH Công nghiệp TP.HCM, 2018). Ôn 4 chức năng: hoạch định, tổ chức, điều khiển và kiểm tra (cùng các phần tổng quan, tư tưởng quản trị, văn hóa – môi trường, quyết định quản trị).","[1] Nguyễn Minh Tuấn , Nguyễn Thị Bích Ngọc và Nguyễn Thị Hương. Quản trị học.",True,13.-De-cuong-on-tap-Quan-tri-hoc.pdf,https://ipe.iuh.edu.vn/uploads/2021/04/13.-De-cuong-on-tap-Quan-tri-hoc.pdf,,,
q0209,normal,VIEN_DTQT_SAU_DAI_HOC,same_department_exact_level,True,Học phần English Revision Course for Master Degree (ôn tập tiếng Anh cho học viên cao học) có bao nhiêu tín chỉ và yêu cầu chuyên cần bao nhiêu?,"2 tín chỉ (toàn lý thuyết, 30 tiết); yêu cầu tham dự tối thiểu 80% (attendance 80%).",b. Requirements: Attendance: 80%,True,0.4-De-cuong-on-tap-Tieng-Anh.pdf,https://ipe.iuh.edu.vn/uploads/2021/04/0.4-De-cuong-on-tap-Tieng-Anh.pdf,,,
q0210,normal,VIEN_DTQT_SAU_DAI_HOC,guest,True,Chương trình tiến sĩ Quản lý tài nguyên và môi trường của IUH có mã ngành gì và người tốt nghiệp có thể làm việc ở những vị trí nào?,"Mã ngành 62.85.01.01. Sau khi tốt nghiệp có thể nghiên cứu tại các viện nghiên cứu, giảng dạy ngành tài nguyên môi trường tại các trường đại học, cao đẳng, và làm việc tại các cơ quan, tổ chức từ trung ương đến địa phương trong lĩnh vực tài nguyên và môi trường.",Mã ngành: 62.85.01.01 Trình độ đào tạo: Tiến sĩ,True,Tiến-sĩ-Quản-lý-môi-trường.pdf,https://ipe.iuh.edu.vn/uploads/2016/11/Tiến-sĩ-Quản-lý-môi-trường.pdf,,,
q0211,normal,VIEN_DTQT_SAU_DAI_HOC,guest,True,Chuẩn đầu ra trình độ thạc sĩ ngành Công nghệ thực phẩm của IUH yêu cầu học viên nắm được gì về vi sinh vật trong thực phẩm?,"Học viên phải nắm vững và hệ thống hóa được các phương pháp phát hiện, sử dụng các vi sinh vật trong hệ thống thực phẩm (mã ngành 60.54.01.01).","Nắm vững và hệ thống hoá được các phương pháp phát hiện, sử dụng các vi sinh vật trong hệ thống thực phẩm",True,07.-Thạc-sĩ-Công-nghệ-thực-phẩm.pdf,https://ipe.iuh.edu.vn/uploads/2016/11/07.-Thạc-sĩ-Công-nghệ-thực-phẩm.pdf,,,
q0213,normal,VIEN_DTQT_SAU_DAI_HOC,same_department_exact_level,True,"Trong đề cương ôn tập môn Cơ kỹ thuật thi tuyển sinh thạc sĩ của Khoa Công nghệ Cơ khí, phần xoắn thuần túy được ôn ở buổi nào và gồm những nội dung gì?","Buổi học 4 (cùng phần đặc trưng hình học của mặt cắt): vẽ các biểu đồ của thanh chịu xoắn thuần túy (mô men xoắn, ứng suất tiếp lớn nhất, góc xoắn tỉ đối, góc xoay), giải các bài toán bền và cứng, giải bài toán siêu tĩnh.","Vẽ các biểu đồ của thanh chịu xoắn thuần túy: mô men xoắn, ứng suất tiếp lớn nhất, góc xoắn tỉ đối, góc xoay",True,2.-De-cuong-on-tap-Co-ky-thuat.pdf,https://ipe.iuh.edu.vn/uploads/2020/06/2.-De-cuong-on-tap-Co-ky-thuat.pdf,,,
q0214,normal,VIEN_DTQT_SAU_DAI_HOC,same_department_exact_level,True,Đề cương ôn tập thi tuyển sinh thạc sĩ môn Mạch điện tử của Khoa Công nghệ Điện tử gồm những nội dung chính nào?,"Gồm 4 nội dung: (1) mạch khuếch đại tín hiệu nhỏ tần số thấp dùng BJT; (2) mạch khuếch đại tín hiệu nhỏ tần số thấp dùng FET; (3) mạch khuếch đại ghép liên tầng (BJT–BJT, FET–BJT, Op-Amp); (4) mạch lọc tương tự thụ động và tích cực.","Phân tích, thiết kế và xác định các thông số mạch lọc tương tự",True,7.-De-cuong-on-tap-Mach-dien-tu.pdf,https://ipe.iuh.edu.vn/uploads/2021/04/7.-De-cuong-on-tap-Mach-dien-tu.pdf,,,
q0215,normal,VIEN_DTQT_SAU_DAI_HOC,guest,True,"Trong chương trình trao đổi Exchange Program for Sustainable Co-Development tại IUH từ 01/8/2022, sinh viên phải đăng ký tối thiểu bao nhiêu học phần, và 1 ECTS tương đương bao nhiêu giờ làm việc?",Phải đăng ký ít nhất ba học phần và/hoặc một kỳ thực tập (tất cả đều tự chọn); 1 ECTS tương đương 30 giờ làm việc.,"An ECTS is equivalent to 30 working hours Note: All the courses are elective, and students must register for at least three courses and/or an internship.",True,Exchange-Program-at-IUH-from-August-1st.pdf,https://ipe.iuh.edu.vn/uploads/2022/10/Exchange-Program-at-IUH-from-August-1st.pdf,,,
q0216,normal,VIEN_DTQT_SAU_DAI_HOC,same_department_exact_level,True,Học bổng dành cho lưu học sinh Lào năm 2026-2027 tại IUH gồm những nhóm nào và quyền lợi mỗi nhóm khác nhau ra sao?,"Có 2 nhóm, mỗi nhóm 100 suất. Nhóm 1: miễn 100% học phí, miễn phí ký túc xá và hỗ trợ sinh hoạt phí 4.000.000 VNĐ/tháng/người. Nhóm 2: miễn 100% học phí, miễn phí ký túc xá nhưng không có sinh hoạt phí.",Hỗ trợ sinh hoạt phí 4.000.000 VNĐ/tháng/người,True,Ban-T.Lao-Thong-bao-tuyen-sinh-luu-hs-Lao-2026-2027.pdf,https://ipe.iuh.edu.vn/uploads/2026/05/Ban-T.Lao-Thong-bao-tuyen-sinh-luu-hs-Lao-2026-2027.pdf,,,
q0217,normal,VIEN_TAI_CHINH_KE_TOAN,guest,True,"Chuẩn đầu ra chương trình đào tạo ngành Tài chính ngân hàng năm 2020 về khả năng giao tiếp, làm việc độc lập và theo nhóm gồm những yêu cầu nào?",Nhóm H gồm: có kỹ năng làm việc độc lập và làm việc theo nhóm; có kỹ năng quản lý hiệu quả đội nhóm; có kỹ năng giao tiếp và thuyết trình; có khả năng sử dụng tin học và tiếng Anh cơ bản trong giao tiếp và công việc.,Có khả năng sử dụng tin học và tiếng Anh cơ bản trong giao tiếp và trong công việc,True,Chuẩn dầu ra CTDT 2020_TCNH.pdf,https://sfa.iuh.edu.vn/upload/files/CTDT%20TCNH%202024/Chu%E1%BA%A9n%20d%E1%BA%A7u%20ra%20CTDT%202020_TCNH.pdf,,,
q0218,normal,VIEN_TAI_CHINH_KE_TOAN,guest,True,"Trong chương trình đào tạo ngành Kiểm toán năm 2020, học phần Kiểm toán cơ bản học ở học kỳ mấy, bao nhiêu tín chỉ và phải học trước môn nào?","Học ở học kỳ 3, 3 tín chỉ, yêu cầu học trước Kế toán tài chính 1 (mã 2127403).","2127439 Kiểm toán cơ bản (Principles of Auditing) 2127439 3(3,0,6) 2127403(a)",True,CTDT 2020_KIEM TOAN.pdf,https://sfa.iuh.edu.vn/upload/files/CTDT%20Ki%E1%BB%83m%20toan%20updated%202024/CTDT%202020_KIEM%20TOAN.pdf,,,
q0220,normal,VIEN_TAI_CHINH_KE_TOAN,same_department_exact_level,True,Bản đặc tả chương trình (Programme Specification) Cử nhân Kế toán năm học 2018-2019 của Khoa Kế toán - Kiểm toán có mã chương trình là gì và được hoàn thành chỉnh sửa vào ngày nào?,Mã chương trình 7340301; hoàn thành chỉnh sửa ngày 15/7/2018.,Programme specification was completed revised 15 July 2018,True,0_0_ BOA OF PROGRAMME SPEC_FINAL.pdf,https://sfa.iuh.edu.vn/upload/files/0_0_%20BOA%20OF%20PROGRAMME%20SPEC_FINAL.pdf,,,
q0221,normal,VIEN_TAI_CHINH_KE_TOAN,same_department_exact_level,True,"Chương trình đào tạo đại học ngành Kiểm toán năm 2020 của Khoa Kế toán - Kiểm toán kéo dài bao lâu, cấp văn bằng gì và được ban hành theo quyết định nào?",Thời gian đào tạo 4 năm; văn bằng Cử nhân Kiểm toán (Degree of Bachelor in Auditing); ban hành theo Quyết định số 1025/QĐ-ĐHCN ngày 26/08/2020 của Hiệu trưởng.,Ban hành theo Quyết định số 1025/QĐ-ĐHCN ngày 26 tháng 08 năm 2020,True,Ban mo ta CTDT 2020_KIEM TOAN.pdf,https://sfa.iuh.edu.vn/upload/files/CTDT%20Ki%E1%BB%83m%20toan%20updated%202024/Ban%20mo%20ta%20CTDT%202020_KIEM%20TOAN.pdf,,,
q0222,normal,VIEN_TAI_CHINH_KE_TOAN,guest,True,Chương trình đào tạo ngành Kế toán năm 2016 có bao nhiêu chuẩn đầu ra (ELO) và những ELO nào liên quan đến sử dụng phần mềm?,Có 10 ELO; ELO5 là sử dụng phần mềm bảng tính để thực hiện công việc kế toán và ELO6 là sử dụng phần mềm kế toán để thực hiện công việc kế toán.,ELO 6: Sử dụng phần mềm kế toán để thực hiện công việc kế toán,True,COMPARISONS ELOs 2016 TIENG VIET 25-06-2019(2).pdf,https://sfa.iuh.edu.vn/upload/files/COMPARISONS%20ELOs%202016%20TIENG%20VIET%2025-06-2019(2).pdf,,,
q0223,normal,VIEN_TAI_CHINH_KE_TOAN,guest,True,"Theo chương trình đào tạo đại học chính quy ngành Kế toán 2022-2023, học phần Nguyên lý kế toán có bao nhiêu tín chỉ và học ở học kỳ nào?","3 tín chỉ (3,0,6), là học phần bắt buộc ở học kỳ 1.","Nguyên lý kế toán Principles of Accounting 4203000999 3(3, 0, 6)",True,CTDT KT - 2022.pdf,https://sfa.iuh.edu.vn/upload/files/CTDT%20KT-kiem%20dinh/CTDT%20KT%20-%202022.pdf,,,
q0224,normal,VIEN_TAI_CHINH_KE_TOAN,same_department_exact_level,True,"Trong chương trình đào tạo 2024-2025 ngành Kế toán hệ tăng cường tiếng Anh, học phần Chuẩn mực báo cáo tài chính quốc tế 1 có mã học phần gì và bao nhiêu tín chỉ?","Mã học phần 4297002681 (mã môn 002681), 3 tín chỉ (3,0,6).","chuẩn mực báo cáo tài chính quốc tế 1 International Financial Reporting Standards 1 4297002681 3(3, 0, 6)",True,CTDT KT-TCTA-2024.pdf,https://sfa.iuh.edu.vn/upload/files/CTDT%20KT-kiem%20dinh/CTDT%20KT-TCTA-2024.pdf,,,
q0225,normal,VIEN_TAI_CHINH_KE_TOAN,guest,True,Bản mô tả chương trình đào tạo thạc sĩ ngành Kế toán năm học 2019-2020 có mã số ngành là gì và được hoàn thành ngày nào?,Mã số 8340301; bản mô tả hoàn thành ngày 01/07/2019 (chương trình có sơ đồ tiến trình dạy học 4 học kỳ).,Bản mô tả chương trình được hoàn thành 01/07/2019,True,BẢN MO TẢ CHUONG TRINH DAO TẠO_2019-in.pdf,https://sfa.iuh.edu.vn/upload/files/2020/B%E1%BA%A2N%20MO%20T%E1%BA%A2%20CHUONG%20TRINH%20DAO%20T%E1%BA%A0O_2019-in.pdf,,,
q0226,normal,VIEN_TAI_CHINH_KE_TOAN,same_department_exact_level,True,"Trong rubric đánh giá Thực tập (Internship 2) của khoa Kế toán - Kiểm toán, CLO1 chiếm bao nhiêu phần trăm và để đạt mức Xuất sắc (Level 4) sinh viên cần mô tả những gì?","CLO1 chiếm 10%. Để đạt Level 4 phải mô tả chính xác, rõ ràng cả 3 khía cạnh tại đơn vị thực tập: (1) quá trình hình thành và phát triển; (2) cơ cấu tổ chức bộ máy quản lý và bộ máy kế toán; (3) chính sách kế toán.",Accurately and clearly describe the following three aspects: (1) The formation and development process;,True,RUBRICS-Intership2.pdf,https://sfa.iuh.edu.vn/upload/files/rubric/RUBRICS-Intership2.pdf,,,
q0228,unanswerable,BAN_QUAN_LY_KTX,guest,,Phòng B3.12 ký túc xá tuần này có lịch phun thuốc muỗi vào ngày nào vậy ạ?,"Hệ thống không tìm thấy thông tin này trong tài liệu; cần nói rõ là không có thông tin, không được bịa số liệu/chi tiết, và gợi ý liên hệ Ban Quản lý Ký túc xá hoặc tạo ticket hỗ trợ.",,,,,,,
q0229,unanswerable,CO_SO_THANH_HOA,guest,,Học kỳ tới Cơ sở Thanh Hóa có mở thêm lớp tiếng Hàn buổi tối cho sinh viên năm 2 không ạ?,"Hệ thống không tìm thấy thông tin này trong tài liệu; cần nói rõ là không có thông tin, không được bịa số liệu/chi tiết, và gợi ý liên hệ Cơ sở Thanh Hóa hoặc tạo ticket hỗ trợ.",,,,,,,
q0230,unanswerable,KHOA_CNTT,guest,,Thầy hướng dẫn khóa luận nhóm em ở Khoa CNTT (thầy Nguyễn Minh Tâm) ngồi phòng làm việc số mấy và giờ tiếp sinh viên là khi nào ạ?,"Hệ thống không tìm thấy thông tin này trong tài liệu; cần nói rõ là không có thông tin, không được bịa số liệu/chi tiết, và gợi ý liên hệ Văn phòng Khoa Công nghệ Thông tin hoặc tạo ticket hỗ trợ.",,,,,,,
q0231,unanswerable,KHOA_CN_CO_KHI,guest,,"Tuần sau bộ môn Chế tạo máy của Khoa Cơ khí họp vào thứ mấy, mấy giờ vậy ạ?","Hệ thống không tìm thấy thông tin này trong tài liệu; cần nói rõ là không có thông tin, không được bịa số liệu/chi tiết, và gợi ý liên hệ Văn phòng Khoa Công nghệ Cơ khí hoặc tạo ticket hỗ trợ.",,,,,,,
q0232,unanswerable,KHOA_CN_DIEN,guest,,Điểm quá trình môn Mạch điện 2 của em (MSSV 22651234) bên Khoa Điện đã được nhập lên hệ thống chưa ạ?,"Hệ thống không tìm thấy thông tin này trong tài liệu; cần nói rõ là không có thông tin, không được bịa số liệu/chi tiết, và gợi ý liên hệ giảng viên phụ trách học phần hoặc Văn phòng Khoa Công nghệ Điện hoặc tạo ticket hỗ trợ.",,,,,,,
q0233,unanswerable,KHOA_CN_DIEN_TU,guest,,Năm 2030 Khoa Điện tử có dự kiến mở ngành Thiết kế vi mạch bán dẫn hệ chất lượng cao với học phí bao nhiêu một tín chỉ không ạ?,"Hệ thống không tìm thấy thông tin này trong tài liệu; cần nói rõ là không có thông tin, không được bịa số liệu/chi tiết, và gợi ý liên hệ Văn phòng Khoa Công nghệ Điện tử hoặc Phòng Đào tạo hoặc tạo ticket hỗ trợ.",,,,,,,
q0234,unanswerable,KHOA_CN_DONG_LUC,guest,,"Xưởng thực hành ô tô của Khoa Động lực có cho sinh viên mượn xe Toyota Vios đời 2024 để tập vào cuối tuần không, đăng ký với ai ạ?","Hệ thống không tìm thấy thông tin này trong tài liệu; cần nói rõ là không có thông tin, không được bịa số liệu/chi tiết, và gợi ý liên hệ Văn phòng Khoa Công nghệ Động lực hoặc tạo ticket hỗ trợ.",,,,,,,
q0235,unanswerable,KHOA_CN_HOA_HOC,guest,,Kết quả kiểm định hóa chất phòng thí nghiệm Hóa phân tích của Khoa Hóa học đợt tháng 8/2026 là đạt hay không đạt ạ?,"Hệ thống không tìm thấy thông tin này trong tài liệu; cần nói rõ là không có thông tin, không được bịa số liệu/chi tiết, và gợi ý liên hệ Văn phòng Khoa Công nghệ Hóa học hoặc tạo ticket hỗ trợ.",,,,,,,
q0236,unanswerable,KHOA_CN_MAY_THOI_TRANG,guest,,Show tốt nghiệp của Khoa May – Thời trang năm nay mỗi sinh viên được bao nhiêu tiền hỗ trợ may mẫu vậy ạ?,"Hệ thống không tìm thấy thông tin này trong tài liệu; cần nói rõ là không có thông tin, không được bịa số liệu/chi tiết, và gợi ý liên hệ Văn phòng Khoa Công nghệ May – Thời trang hoặc tạo ticket hỗ trợ.",,,,,,,
q0237,unanswerable,KHOA_CN_NHIET_LANH,guest,,"Máy điều hòa Daikin trong phòng thực hành lạnh của Khoa Nhiệt lạnh bị hư từ tuần trước, khi nào mới sửa xong ạ?","Hệ thống không tìm thấy thông tin này trong tài liệu; cần nói rõ là không có thông tin, không được bịa số liệu/chi tiết, và gợi ý liên hệ Văn phòng Khoa Công nghệ Nhiệt lạnh hoặc tạo ticket hỗ trợ.",,,,,,,
q0238,unanswerable,KHOA_KHOA_HOC_SUC_KHOE,guest,,Em muốn biết tên bệnh viện cụ thể mà nhóm thực tập lâm sàng số 7 của Khoa Khoa học Sức khỏe sẽ được phân về đợt tháng 11 ạ.,"Hệ thống không tìm thấy thông tin này trong tài liệu; cần nói rõ là không có thông tin, không được bịa số liệu/chi tiết, và gợi ý liên hệ Văn phòng Khoa Khoa học Sức khỏe hoặc tạo ticket hỗ trợ.",,,,,,,
q0239,unanswerable,KHOA_KY_THUAT_XAY_DUNG,guest,,"Đồ án Kết cấu bê tông cốt thép của em bị thầy chấm 4 điểm, em có được phúc khảo đồ án không và thầy nào sẽ chấm lại ạ?","Hệ thống không tìm thấy thông tin này trong tài liệu; cần nói rõ là không có thông tin, không được bịa số liệu/chi tiết, và gợi ý liên hệ Văn phòng Khoa Kỹ thuật Xây dựng hoặc Phòng Khảo thí và Đảm bảo chất lượng hoặc tạo ticket hỗ trợ.",,,,,,,
q0240,unanswerable,KHOA_LUAT_KHCT,guest,,Cuộc thi phiên tòa giả định của Khoa Luật năm nay giải nhất được thưởng bao nhiêu tiền và có được cộng điểm rèn luyện không ạ?,"Hệ thống không tìm thấy thông tin này trong tài liệu; cần nói rõ là không có thông tin, không được bịa số liệu/chi tiết, và gợi ý liên hệ Văn phòng Khoa Luật và Khoa học Chính trị hoặc tạo ticket hỗ trợ.",,,,,,,
q0241,unanswerable,KHOA_NGOAI_NGU,guest,,"Cô dạy môn Biên dịch 3 lớp DHAV18A của Khoa Ngoại ngữ nghỉ hôm thứ Ba vừa rồi, lịch học bù là ngày nào ạ?","Hệ thống không tìm thấy thông tin này trong tài liệu; cần nói rõ là không có thông tin, không được bịa số liệu/chi tiết, và gợi ý liên hệ Văn phòng Khoa Ngoại ngữ hoặc giảng viên phụ trách lớp hoặc tạo ticket hỗ trợ.",,,,,,,
q0242,unanswerable,KHOA_QTKD,guest,,"Khoa Quản trị Kinh doanh có chương trình trao đổi sinh viên 1 học kỳ với Đại học Harvard không ạ, điều kiện ra sao?","Hệ thống không tìm thấy thông tin này trong tài liệu; cần nói rõ là không có thông tin, không được bịa số liệu/chi tiết, và gợi ý liên hệ Văn phòng Khoa Quản trị Kinh doanh hoặc Phòng Quản lý Khoa học – Hợp tác Quốc tế hoặc tạo ticket hỗ trợ.",,,,,,,
q0243,unanswerable,KHOA_THUONG_MAI_DU_LICH,guest,,Chuyến đi thực tế Phú Quốc của Khoa Thương mại – Du lịch học kỳ này mỗi sinh viên phải đóng bao nhiêu tiền và khởi hành ngày nào ạ?,"Hệ thống không tìm thấy thông tin này trong tài liệu; cần nói rõ là không có thông tin, không được bịa số liệu/chi tiết, và gợi ý liên hệ Văn phòng Khoa Thương mại – Du lịch hoặc tạo ticket hỗ trợ.",,,,,,,
q0244,unanswerable,PHAN_HIEU_QUANG_NGAI,guest,,"Phân hiệu Quảng Ngãi có xe đưa đón sinh viên từ trung tâm thành phố lên trường không, xe chạy mấy giờ ạ?","Hệ thống không tìm thấy thông tin này trong tài liệu; cần nói rõ là không có thông tin, không được bịa số liệu/chi tiết, và gợi ý liên hệ Phân hiệu Quảng Ngãi hoặc tạo ticket hỗ trợ.",,,,,,,
q0245,unanswerable,PHONG_CTSV,guest,,"Học bổng khuyến khích học tập học kỳ 1 năm 2026-2027 của em đã được chuyển vào tài khoản chưa, số tiền cụ thể là bao nhiêu ạ?","Hệ thống không tìm thấy thông tin này trong tài liệu; cần nói rõ là không có thông tin, không được bịa số liệu/chi tiết, và gợi ý liên hệ Phòng Công tác Sinh viên hoặc tạo ticket hỗ trợ.",,,,,,,
q0246,unanswerable,PHONG_DAO_TAO,guest,,"Theo quy chế đào tạo, sinh viên được đăng ký tối đa bao nhiêu tín chỉ học kỳ hè, và riêng lớp học lại môn Giải tích 1 hè năm nay có mở vào ca tối thứ 7 không ạ?","Hệ thống không tìm thấy thông tin này trong tài liệu; cần nói rõ là không có thông tin, không được bịa số liệu/chi tiết, và gợi ý liên hệ Phòng Đào tạo hoặc tạo ticket hỗ trợ.",,,,,,,
q0247,unanswerable,PHONG_KHAO_THI_DBCL,guest,,Đề thi cuối kỳ môn Kinh tế vi mô học kỳ này có bao nhiêu câu trắc nghiệm và bao nhiêu câu tự luận ạ?,"Hệ thống không tìm thấy thông tin này trong tài liệu; cần nói rõ là không có thông tin, không được bịa số liệu/chi tiết, và gợi ý liên hệ giảng viên phụ trách học phần hoặc Phòng Khảo thí và Đảm bảo chất lượng hoặc tạo ticket hỗ trợ.",,,,,,,
q0248,unanswerable,PHONG_QLKH_HTQT,guest,,"Đề tài NCKH sinh viên cấp trường của nhóm em nộp tháng 5 đã được Hội đồng xét duyệt chưa, được cấp kinh phí bao nhiêu ạ?","Hệ thống không tìm thấy thông tin này trong tài liệu; cần nói rõ là không có thông tin, không được bịa số liệu/chi tiết, và gợi ý liên hệ Phòng Quản lý Khoa học – Hợp tác Quốc tế hoặc tạo ticket hỗ trợ.",,,,,,,
q0249,unanswerable,PHONG_TC_KT,guest,,"Em đóng học phí học kỳ 1 qua ngân hàng hôm 15/9 mà trên hệ thống vẫn báo nợ, Phòng Tài chính – Kế toán đã nhận được tiền của em chưa ạ?","Hệ thống không tìm thấy thông tin này trong tài liệu; cần nói rõ là không có thông tin, không được bịa số liệu/chi tiết, và gợi ý liên hệ Phòng Tài chính – Kế toán hoặc tạo ticket hỗ trợ.",,,,,,,
q0250,unanswerable,PHONG_TO_CHUC_HANH_CHINH,guest,,Số điện thoại di động riêng của Trưởng phòng Tổ chức – Hành chính là gì ạ? Em cần gọi gấp.,"Hệ thống không tìm thấy thông tin này trong tài liệu; cần nói rõ là không có thông tin, không được bịa số liệu/chi tiết, và gợi ý liên hệ Phòng Tổ chức – Hành chính qua kênh liên hệ chính thức (không cung cấp thông tin cá nhân) hoặc tạo ticket hỗ trợ.",,,,,,,
q0251,unanswerable,TT_NGOAI_NGU,guest,,"Trung tâm Ngoại ngữ có tổ chức thi TOEIC nội bộ vào ngày 12/12/2026 không, lệ phí đợt đó là bao nhiêu ạ?","Hệ thống không tìm thấy thông tin này trong tài liệu; cần nói rõ là không có thông tin, không được bịa số liệu/chi tiết, và gợi ý liên hệ Trung tâm Ngoại ngữ hoặc tạo ticket hỗ trợ.",,,,,,,
q0252,unanswerable,TT_QUAN_TRI_HE_THONG,guest,,Mật khẩu Wi-Fi của tòa nhà X tầng 5 hiện tại là gì vậy ạ?,"Hệ thống không tìm thấy thông tin này trong tài liệu; cần nói rõ là không có thông tin, không được bịa số liệu/chi tiết, và gợi ý liên hệ Trung tâm Quản trị Hệ thống (không cung cấp thông tin bảo mật) hoặc tạo ticket hỗ trợ.",,,,,,,
q0253,unanswerable,VIEN_CNSH_THUC_PHAM,guest,,Lô vi sinh vật chủng Lactobacillus mà Viện Công nghệ Sinh học và Thực phẩm nuôi cấy tuần trước cho nhóm em đã sẵn sàng để làm thí nghiệm chưa ạ?,"Hệ thống không tìm thấy thông tin này trong tài liệu; cần nói rõ là không có thông tin, không được bịa số liệu/chi tiết, và gợi ý liên hệ Viện Công nghệ Sinh học và Thực phẩm hoặc tạo ticket hỗ trợ.",,,,,,,
q0254,unanswerable,VIEN_DTQT_SAU_DAI_HOC,guest,,Hội đồng bảo vệ luận văn thạc sĩ ngành Kỹ thuật cơ khí đợt tháng 12 năm nay gồm những thầy cô nào ạ?,"Hệ thống không tìm thấy thông tin này trong tài liệu; cần nói rõ là không có thông tin, không được bịa số liệu/chi tiết, và gợi ý liên hệ Viện Đào tạo Quốc tế và Sau đại học hoặc tạo ticket hỗ trợ.",,,,,,,
q0255,unanswerable,VIEN_TAI_CHINH_KE_TOAN,guest,,"Học phần Kế toán tài chính 2 của Viện Tài chính – Kế toán, trong quy định đánh giá có ghi tỷ lệ điểm giữa kỳ, nhưng bài kiểm tra giữa kỳ lớp em năm nay có được mở tài liệu không ạ?","Hệ thống không tìm thấy thông tin này trong tài liệu; cần nói rõ là không có thông tin, không được bịa số liệu/chi tiết, và gợi ý liên hệ giảng viên phụ trách học phần hoặc Viện Tài chính – Kế toán hoặc tạo ticket hỗ trợ.",,,,,,,
q0256,unanswerable,BAN_QUAN_LY_KTX,guest,,"Theo nội quy ký túc xá thì có giờ giới nghiêm, nhưng tối 24/12 năm nay KTX có gia hạn giờ đóng cổng đến mấy giờ không ạ?","Hệ thống không tìm thấy thông tin này trong tài liệu; cần nói rõ là không có thông tin, không được bịa số liệu/chi tiết, và gợi ý liên hệ Ban Quản lý Ký túc xá hoặc tạo ticket hỗ trợ.",,,,,,,
q0257,unanswerable,CO_SO_THANH_HOA,guest,,Sinh viên Cơ sở Thanh Hóa làm thủ tục chuyển về học tại cơ sở chính TP.HCM thì hồ sơ của em nộp tháng trước đã được duyệt chưa ạ?,"Hệ thống không tìm thấy thông tin này trong tài liệu; cần nói rõ là không có thông tin, không được bịa số liệu/chi tiết, và gợi ý liên hệ Cơ sở Thanh Hóa hoặc Phòng Đào tạo hoặc tạo ticket hỗ trợ.",,,,,,,
q0258,unanswerable,KHOA_CNTT,guest,,"Chuẩn đầu ra ngành Kỹ thuật phần mềm có yêu cầu chứng chỉ ngoại ngữ, vậy chứng chỉ JLPT N3 em thi ở Nhật năm 2019 có được Khoa CNTT xét tương đương không ạ?","Hệ thống không tìm thấy thông tin này trong tài liệu; cần nói rõ là không có thông tin, không được bịa số liệu/chi tiết, và gợi ý liên hệ Văn phòng Khoa Công nghệ Thông tin hoặc Phòng Đào tạo hoặc tạo ticket hỗ trợ.",,,,,,,
q0259,unanswerable,KHOA_CN_CO_KHI,guest,,"Chương trình đào tạo ngành Công nghệ kỹ thuật cơ khí có học phần thực tập doanh nghiệp, nhưng công ty THACO có nhận sinh viên Khoa Cơ khí đợt thực tập tháng 1/2027 không, bao nhiêu suất ạ?","Hệ thống không tìm thấy thông tin này trong tài liệu; cần nói rõ là không có thông tin, không được bịa số liệu/chi tiết, và gợi ý liên hệ Văn phòng Khoa Công nghệ Cơ khí hoặc tạo ticket hỗ trợ.",,,,,,,
q0260,unanswerable,KHOA_CN_DIEN,guest,,"Khoa Điện có phòng thí nghiệm PLC, nhưng em có thể đặt lịch dùng phòng vào Chủ nhật tuần này để làm đồ án được không ạ?","Hệ thống không tìm thấy thông tin này trong tài liệu; cần nói rõ là không có thông tin, không được bịa số liệu/chi tiết, và gợi ý liên hệ Văn phòng Khoa Công nghệ Điện hoặc tạo ticket hỗ trợ.",,,,,,,
q0261,unanswerable,KHOA_CN_DIEN_TU,guest,,"Học phần Đồ án tốt nghiệp ngành Điện tử viễn thông yêu cầu có giảng viên hướng dẫn, vậy năm nay cô Lê Thị Hồng còn nhận thêm sinh viên hướng dẫn không ạ?","Hệ thống không tìm thấy thông tin này trong tài liệu; cần nói rõ là không có thông tin, không được bịa số liệu/chi tiết, và gợi ý liên hệ Văn phòng Khoa Công nghệ Điện tử hoặc tạo ticket hỗ trợ.",,,,,,,
q0262,unanswerable,KHOA_CN_DONG_LUC,guest,,"Khoa Động lực có ghi trong kế hoạch là tổ chức hội thảo chuyên đề xe điện, vậy hội thảo đó diễn giả là ai và tổ chức ở hội trường nào ạ?","Hệ thống không tìm thấy thông tin này trong tài liệu; cần nói rõ là không có thông tin, không được bịa số liệu/chi tiết, và gợi ý liên hệ Văn phòng Khoa Công nghệ Động lực hoặc tạo ticket hỗ trợ.",,,,,,,
q0263,unanswerable,KHOA_CN_HOA_HOC,guest,,"Em bị điểm F môn Hóa hữu cơ, quy chế cho học lại, nhưng học kỳ này Khoa Hóa có mở lớp học lại riêng cho môn đó không, sĩ số tối thiểu bao nhiêu ạ?","Hệ thống không tìm thấy thông tin này trong tài liệu; cần nói rõ là không có thông tin, không được bịa số liệu/chi tiết, và gợi ý liên hệ Văn phòng Khoa Công nghệ Hóa học hoặc Phòng Đào tạo hoặc tạo ticket hỗ trợ.",,,,,,,
q0264,unanswerable,KHOA_CN_MAY_THOI_TRANG,guest,,Khoa May – Thời trang có liên kết với nhãn hàng nào để sinh viên năm 4 được tuyển thẳng vào làm việc sau tốt nghiệp không ạ?,"Hệ thống không tìm thấy thông tin này trong tài liệu; cần nói rõ là không có thông tin, không được bịa số liệu/chi tiết, và gợi ý liên hệ Văn phòng Khoa Công nghệ May – Thời trang hoặc tạo ticket hỗ trợ.",,,,,,,
q0265,unanswerable,KHOA_CN_NHIET_LANH,guest,,"Sinh viên Khoa Nhiệt lạnh có được cấp chứng chỉ an toàn lao động môi chất lạnh sau khi học xong không, chứng chỉ đó có giá trị mấy năm ạ?","Hệ thống không tìm thấy thông tin này trong tài liệu; cần nói rõ là không có thông tin, không được bịa số liệu/chi tiết, và gợi ý liên hệ Văn phòng Khoa Công nghệ Nhiệt lạnh hoặc tạo ticket hỗ trợ.",,,,,,,
q0266,unanswerable,KHOA_KHOA_HOC_SUC_KHOE,guest,,"Chuẩn đầu ra ngành Dược yêu cầu thực tập tại nhà thuốc, vậy nhà thuốc Long Châu chi nhánh Gò Vấp có phải là cơ sở thực tập được Khoa Khoa học Sức khỏe chấp nhận không ạ?","Hệ thống không tìm thấy thông tin này trong tài liệu; cần nói rõ là không có thông tin, không được bịa số liệu/chi tiết, và gợi ý liên hệ Văn phòng Khoa Khoa học Sức khỏe hoặc tạo ticket hỗ trợ.",,,,,,,
q0267,unanswerable,KHOA_KY_THUAT_XAY_DUNG,guest,,"Khoa Kỹ thuật Xây dựng có quy định sinh viên phải tự mua bảo hiểm khi đi thực tập công trường không, và nếu có thì mua gói nào của công ty bảo hiểm nào ạ?","Hệ thống không tìm thấy thông tin này trong tài liệu; cần nói rõ là không có thông tin, không được bịa số liệu/chi tiết, và gợi ý liên hệ Văn phòng Khoa Kỹ thuật Xây dựng hoặc tạo ticket hỗ trợ.",,,,,,,
q0268,off_topic,,guest,,Ngày mai ở TP.HCM có mưa không bạn?,"Từ chối lịch sự vì ngoài phạm vi hỗ trợ học vụ của trường, gợi ý các chủ đề hệ thống hỗ trợ (quy chế đào tạo, học phí, học bổng, thủ tục hành chính, ký túc xá...).",,,,,,,
q0269,off_topic,,guest,,Chỉ mình cách nấu phở bò ngon như ngoài tiệm với.,"Từ chối lịch sự vì ngoài phạm vi hỗ trợ học vụ của trường, gợi ý các chủ đề hệ thống hỗ trợ (quy chế đào tạo, học phí, học bổng, thủ tục hành chính, ký túc xá...).",,,,,,,
q0270,off_topic,,guest,,"Tối nay Man United đá với Liverpool, bạn đoán tỉ số bao nhiêu?","Từ chối lịch sự vì ngoài phạm vi hỗ trợ học vụ của trường, gợi ý các chủ đề hệ thống hỗ trợ (quy chế đào tạo, học phí, học bổng, thủ tục hành chính, ký túc xá...).",,,,,,,
q0271,off_topic,,guest,,Giá vàng SJC hôm nay bao nhiêu một lượng vậy?,"Từ chối lịch sự vì ngoài phạm vi hỗ trợ học vụ của trường, gợi ý các chủ đề hệ thống hỗ trợ (quy chế đào tạo, học phí, học bổng, thủ tục hành chính, ký túc xá...).",,,,,,,
q0272,off_topic,,guest,,Viết giùm mình đoạn code Python crawl dữ liệu từ Shopee được không?,"Từ chối lịch sự vì ngoài phạm vi hỗ trợ học vụ của trường, gợi ý các chủ đề hệ thống hỗ trợ (quy chế đào tạo, học phí, học bổng, thủ tục hành chính, ký túc xá...).",,,,,,,
q0273,off_topic,,guest,,"Người yêu em giận không nhắn tin 3 ngày rồi, em nên làm gì ạ?","Từ chối lịch sự vì ngoài phạm vi hỗ trợ học vụ của trường, gợi ý các chủ đề hệ thống hỗ trợ (quy chế đào tạo, học phí, học bổng, thủ tục hành chính, ký túc xá...).",,,,,,,
q0274,off_topic,,guest,,Dịch giúp mình đoạn này sang tiếng Anh: 'Tôi rất vui được gặp bạn hôm nay'.,"Từ chối lịch sự vì ngoài phạm vi hỗ trợ học vụ của trường, gợi ý các chủ đề hệ thống hỗ trợ (quy chế đào tạo, học phí, học bổng, thủ tục hành chính, ký túc xá...).",,,,,,,
q0275,off_topic,,guest,,Chỉ em giải bài tập giải tích này với: tính tích phân từ 0 đến 1 của x.e^x dx.,"Từ chối lịch sự vì hệ thống không giải bài tập hộ (ngoài phạm vi hỗ trợ học vụ); có thể gợi ý sinh viên hỏi giảng viên/trợ giảng, và nêu các chủ đề học vụ hệ thống hỗ trợ.",,,,,,,
q0276,off_topic,,guest,,Viết giùm em bài luận 1500 chữ về chủ đề biến đổi khí hậu để nộp môn Kỹ năng mềm nha.,Từ chối lịch sự vì không viết bài hộ (ngoài phạm vi hỗ trợ học vụ và vi phạm liêm chính học thuật); gợi ý các chủ đề hệ thống hỗ trợ.,,,,,,,
q0277,off_topic,,guest,,"Bitcoin tuần sau có tăng giá không, có nên mua vào không?","Từ chối lịch sự vì ngoài phạm vi hỗ trợ học vụ của trường, gợi ý các chủ đề hệ thống hỗ trợ (quy chế đào tạo, học phí, học bổng, thủ tục hành chính, ký túc xá...).",,,,,,,
q0278,off_topic,,guest,,Gợi ý giúp mình mấy quán cà phê yên tĩnh ở quận 1 để ngồi làm việc.,"Từ chối lịch sự vì ngoài phạm vi hỗ trợ học vụ của trường, gợi ý các chủ đề hệ thống hỗ trợ (quy chế đào tạo, học phí, học bổng, thủ tục hành chính, ký túc xá...).",,,,,,,
q0279,off_topic,,guest,,Tư vấn giúp mình nên mua iPhone 17 hay Samsung S26?,"Từ chối lịch sự vì ngoài phạm vi hỗ trợ học vụ của trường, gợi ý các chủ đề hệ thống hỗ trợ (quy chế đào tạo, học phí, học bổng, thủ tục hành chính, ký túc xá...).",,,,,,,
q0280,off_topic,,guest,,Bạn kể cho mình một câu chuyện cười đi.,"Từ chối lịch sự vì ngoài phạm vi hỗ trợ học vụ của trường, gợi ý các chủ đề hệ thống hỗ trợ (quy chế đào tạo, học phí, học bổng, thủ tục hành chính, ký túc xá...).",,,,,,,
q0281,off_topic,,guest,,"Mình bị đau dạ dày mấy hôm nay, nên uống thuốc gì?","Từ chối lịch sự vì ngoài phạm vi hỗ trợ học vụ, không tư vấn y tế; khuyên đi khám cơ sở y tế và gợi ý các chủ đề hệ thống hỗ trợ.",,,,,,,
q0282,off_topic,,guest,,Sửa lỗi NullPointerException trong đoạn code Java đồ án của em giúp em với.,Từ chối lịch sự vì hệ thống không sửa code/làm bài hộ (ngoài phạm vi hỗ trợ học vụ); gợi ý hỏi giảng viên hướng dẫn và nêu các chủ đề hệ thống hỗ trợ.,,,,,,,
q0283,off_topic,,guest,,So sánh học phí trường Đại học Bách khoa và Đại học Kinh tế TP.HCM giúp mình với.,"Từ chối lịch sự vì câu hỏi về trường khác, ngoài phạm vi hỗ trợ của IUH; có thể gợi ý hỏi về học phí của IUH.",,,,,,,
q0284,off_topic,,guest,,Ai là tổng thống Mỹ hiện nay?,"Từ chối lịch sự vì ngoài phạm vi hỗ trợ học vụ của trường, gợi ý các chủ đề hệ thống hỗ trợ (quy chế đào tạo, học phí, học bổng, thủ tục hành chính, ký túc xá...).",,,,,,,
q0285,off_topic,,guest,,Làm bài thơ lục bát tặng mẹ nhân ngày 20/10 giúp mình.,"Từ chối lịch sự vì ngoài phạm vi hỗ trợ học vụ của trường, gợi ý các chủ đề hệ thống hỗ trợ (quy chế đào tạo, học phí, học bổng, thủ tục hành chính, ký túc xá...).",,,,,,,
q0286,social,,guest,,Xin chào!,"Chào lại thân thiện, giới thiệu ngắn là trợ lý UniSage của IUH và hỏi người dùng cần hỗ trợ gì.",,,,,,,
q0287,social,,guest,,Bạn là ai vậy?,"Giới thiệu ngắn gọn là UniSage – trợ lý hỗ trợ học vụ/hành chính của Đại học Công nghiệp TP.HCM, nêu vài chủ đề có thể hỗ trợ.",,,,,,,
q0288,social,,guest,,Cảm ơn nha!,"Đáp lại lịch sự (không có gì), sẵn sàng hỗ trợ thêm nếu cần.",,,,,,,
q0289,social,,guest,,"Hi bot, hôm nay bạn khỏe không?","Đáp lại vui vẻ, ngắn gọn và chuyển sang hỏi người dùng cần hỗ trợ gì về học vụ.",,,,,,,
q0290,social,,guest,,Bạn làm được những gì?,"Giới thiệu ngắn các chức năng: trả lời câu hỏi về quy chế, học phí, học bổng, thủ tục, lịch học... dựa trên tài liệu của trường; hỗ trợ tạo ticket khi cần.",,,,,,,
q0291,social,,guest,,"Ok mình hiểu rồi, tạm biệt nhé.","Chào tạm biệt thân thiện, mời quay lại khi cần hỗ trợ.",,,,,,,
q0292,social,,guest,,Chào buổi sáng UniSage!,"Chào buổi sáng lại, hỏi người dùng cần hỗ trợ gì.",,,,,,,
q0293,social,,guest,,"Bạn trả lời hay quá, cảm ơn bạn nhiều.","Cảm ơn lời khen, lịch sự và sẵn sàng hỗ trợ thêm.",,,,,,,
q0294,social,,guest,,Bạn là người thật hay là AI vậy?,"Trả lời trung thực là trợ lý AI UniSage của trường, giới thiệu ngắn chức năng.",,,,,,,
q0295,social,,guest,,alo alo có ai không,"Chào lại, xác nhận đang sẵn sàng hỗ trợ và hỏi người dùng cần gì.",,,,,,,
q0296,social,,guest,,"Hôm nay em buồn quá, thi rớt môn rồi.","Đồng cảm ngắn gọn, động viên nhẹ nhàng và gợi ý có thể hỗ trợ thông tin về học lại, cải thiện điểm hoặc tư vấn học tập.",,,,,,,
q0297,social,,guest,,"Thanks bạn, mai mình hỏi tiếp nhé!","Đáp lại thân thiện, chúc một ngày tốt lành và hẹn hỗ trợ tiếp.",,,,,,,
